TIME,code,sigma,delta,range,ACP,sign,ScanNo
0:00:000,512,83,0,11586,3701,1,1
0:00:010,240,1506,694,11588,3705,1,1
0:00:014,64,1506,694,11591,3707,1,1
0:00:021,576,1029,444,11591,3710,1,1
0:00:024,240,1017,444,11587,3711,1,1
0:00:031,240,1488,620,11594,3714,1,1
0:00:035,593,1365,590,11590,3715,1,1
0:00:038,240,1438,590,11587,3717,1,1
0:00:042,593,1004,445,11590,3718,1,1
0:00:049,593,986,407,11590,3721,1,1
0:00:052,240,1514,635,11598,3722,1,1
0:00:056,593,972,407,11590,3724,1,1
0:00:059,240,988,392,11593,3725,1,1
0:00:066,240,1374,556,11587,3728,1,1
0:00:070,593,958,384,11590,3730,1,1
0:00:077,81,908,373,11589,3733,1,1
0:00:080,240,1402,581,11593,3734,1,1
0:00:091,593,867,369,11589,3738,1,1
0:00:094,240,1262,535,11592,3740,1,1
0:00:098,593,1233,530,11595,3741,1,1
0:00:101,240,861,354,11585,3743,1,1
0:00:105,593,861,354,11594,3744,1,1
0:00:111,513,1151,523,11587,3747,1,1
0:00:126,1253,115,0,142155,3752,1,1
0:00:129,3328,147,51,142165,3754,1,1
0:00:147,3813,132,0,142154,3761,1,1
0:00:150,3476,170,0,142156,3763,1,1
0:00:154,3813,130,0,142154,3764,1,1
0:00:157,3856,162,0,142155,3766,1,1
0:00:161,3813,153,0,142153,3767,1,1
0:00:168,3813,157,0,142152,3770,1,1
0:00:171,3988,168,0,142155,3771,1,1
0:00:171,3813,209,54,286176,3771,1,1
0:00:175,3813,161,0,142152,3773,1,1
0:00:178,3988,175,63,142155,3774,1,1
0:00:182,3813,146,0,142145,3775,1,1
0:00:182,3813,201,0,232305,3775,1,1
0:00:185,3988,177,0,142148,3777,1,1
0:00:189,3813,162,0,142145,3778,1,1
0:00:192,3988,162,0,142148,3780,1,1
0:00:196,3813,176,0,142144,3781,1,1
0:00:203,3813,212,0,142144,3784,1,1
0:00:206,3988,188,0,142140,3785,1,1
0:00:210,3813,190,0,142143,3787,1,1
0:00:213,3988,177,0,142146,3788,1,1
0:00:217,3813,177,0,142137,3790,1,1
0:00:220,3988,186,0,142140,3791,1,1
0:00:224,3813,179,0,142136,3793,1,1
0:00:227,3988,190,0,142139,3794,1,1
0:00:231,3813,186,0,142136,3796,1,1
0:00:234,3988,202,0,142139,3797,1,1
0:00:238,3813,170,0,142135,3798,1,1
0:00:241,3988,205,0,142131,3800,1,1
0:00:245,3813,173,0,142134,3801,1,1
0:00:248,3988,191,0,142137,3803,1,1
0:00:252,3813,186,0,142121,3804,1,1
0:00:255,3988,180,0,142130,3805,1,1
0:00:259,3813,191,15,142126,3807,1,1
0:00:262,3988,150,0,142129,3808,1,1
0:00:266,3813,186,0,142125,3810,1,1
0:00:269,3988,186,0,142134,3811,1,1
0:00:273,3813,177,0,142125,3813,1,1
0:00:276,3988,188,0,142133,3814,1,1
0:00:280,3813,176,0,142124,3815,1,1
0:00:283,3988,172,0,142132,3817,1,1
0:00:287,3813,197,0,142117,3818,1,1
0:00:297,3988,164,0,142119,3823,1,1
0:00:301,3813,159,0,142115,3824,1,1
0:00:304,3988,175,0,142125,3826,1,1
0:00:308,3813,150,0,142115,3827,1,1
0:00:311,3992,151,0,142129,3828,1,1
0:00:315,3813,176,0,142108,3830,1,1
0:00:318,3476,148,0,142116,3831,1,1
0:00:322,3813,150,0,142113,3833,1,1
0:00:329,3813,178,0,142112,3836,1,1
0:00:332,3988,145,0,142115,3837,1,1
0:00:336,2789,145,0,142111,3838,1,1
0:00:339,3988,163,39,142120,3840,1,1
0:00:343,2789,144,0,142098,3841,1,1
0:00:353,3813,127,0,142104,3844,1,1
0:00:353,3813,116,0,142107,3846,1,1
0:00:357,3813,151,0,142103,3847,1,1
0:00:360,3844,147,0,142106,3848,1,1
0:00:364,1221,145,0,142114,3850,1,1
0:00:374,3984,134,0,142104,3854,1,1
0:00:392,741,120,0,142093,3861,1,1
0:00:395,528,94,0,142095,3863,1,1
0:00:416,292,116,0,142110,3871,1,1
0:00:476,128,483,168,135676,3896,1,1
0:00:476,8,474,161,142276,3896,1,1
0:00:476,2,513,165,145504,3896,1,1
0:00:476,256,65535,65535,145572,3896,1,1
0:00:476,4,478,175,148798,3896,1,1
0:00:546,149,391,84,95595,3924,1,1
0:00:622,1537,61,0,90265,3956,1,1
0:00:622,1504,78,0,180450,3956,1,1
0:00:668,2760,78,0,180450,3974,1,1
0:00:672,1248,69,0,180451,3976,1,1
0:00:679,1521,61,0,180456,3979,1,1
0:00:700,1556,586,175,149373,3987,1,1
0:00:700,128,602,201,152582,3987,1,1
0:00:724,2760,103,0,180457,3997,1,1
0:00:752,2760,78,0,180469,4009,1,1
0:00:773,2752,105,0,180478,4017,1,1
0:00:784,1024,61,0,142883,4022,1,1
0:00:787,2760,118,0,180475,4023,1,1
0:00:798,1461,85,0,180488,4028,1,1
0:00:801,2760,107,0,180478,4029,1,1
0:00:805,1509,107,0,180492,4030,1,1
0:00:808,2760,116,0,180482,4032,1,1
0:00:812,1525,99,0,180491,4033,1,1
0:00:812,18,99,0,265989,4033,1,1
0:00:812,16,55,0,326655,4033,1,1
0:00:819,1525,100,0,180495,4036,1,1
0:00:822,2760,96,0,180492,4037,1,1
0:00:826,469,116,0,180488,4039,1,1
0:00:829,2760,94,0,180503,4040,1,1
0:00:833,1525,106,0,180487,4042,1,1
0:00:836,2760,89,0,180495,4043,1,1
0:00:840,1157,86,0,180486,4045,1,1
0:00:843,2760,97,0,180500,4046,1,1
0:00:847,1525,71,0,180502,4048,1,1
0:00:854,1397,67,0,180489,4050,1,1
0:00:857,2760,67,0,180492,4052,1,1
0:00:861,469,74,0,180506,4053,1,1
0:00:864,2760,68,0,180503,4055,1,1
0:00:868,484,85,0,180499,4056,1,1
0:00:871,712,79,0,180501,4058,1,1
0:00:875,1525,57,0,180498,4059,1,1
0:00:878,960,697,257,96868,4060,1,1
0:00:882,149,721,279,96870,4062,1,1
0:00:882,1221,721,279,180503,4062,1,1
0:00:885,976,715,279,96873,4063,1,1
0:00:885,2632,100,0,180494,4063,1,1
0:00:888,149,741,277,96875,4065,1,1
0:00:888,1265,741,277,180508,4065,1,1
0:00:892,976,737,299,96871,4066,1,1
0:00:896,149,732,317,96874,4068,1,1
0:00:896,1268,732,317,180501,4068,1,1
0:00:899,976,741,293,96877,4069,1,1
0:00:899,2760,741,293,180515,4069,1,1
0:00:903,149,767,307,96873,4070,1,1
0:00:906,976,762,293,96875,4072,1,1
0:00:906,2248,762,293,180514,4072,1,1
0:00:910,149,771,298,96878,4073,1,1
0:00:913,784,789,294,96874,4075,1,1
0:00:913,1484,102,0,261524,4075,1,1
0:00:913,293,70,0,268604,4075,1,1
0:00:913,32,65535,65535,268655,4075,1,1
0:00:917,149,771,308,96877,4076,1,1
0:00:920,976,821,313,96879,4078,1,1
0:00:924,149,820,302,96882,4079,1,1
0:00:927,976,818,310,96884,4080,1,1
0:00:927,33,818,310,482845,4080,1,1
0:00:927,2,79,0,485989,4080,1,1
0:00:927,2,65535,65535,486041,4080,1,1
0:00:927,776,79,0,492667,4080,1,1
0:00:931,149,816,310,96880,4082,1,1
0:00:934,976,842,300,96877,4083,1,1
0:00:938,149,840,312,96885,4085,1,1
0:00:941,976,844,289,96882,4086,1,1
0:00:941,226,844,289,326461,4086,1,1
0:00:941,3,103,0,333007,4086,1,1
0:00:945,149,857,308,96884,4088,1,1
0:00:948,976,867,287,96886,4089,1,1
0:00:952,149,841,293,96883,4090,1,1
0:00:955,976,893,283,96885,4092,1,1
0:00:959,149,885,302,96887,4093,1,1
0:00:962,976,891,272,96890,4095,1,1
0:00:966,149,902,285,96892,4096,1,1
0:00:969,976,888,295,96895,2,1,2
0:00:972,149,911,289,96885,3,1,2
0:00:976,976,914,267,96894,4,1,2
0:00:980,149,936,282,96890,6,1,2
0:00:983,976,926,258,96892,7,1,2
0:00:987,149,927,257,96895,9,1,2
0:00:990,976,954,262,96891,10,1,2
0:00:994,149,935,263,96893,12,1,2
0:00:997,976,930,251,96896,13,1,2
0:01:001,149,936,259,96899,15,1,2
0:01:004,976,950,248,96895,16,1,2
0:01:008,149,951,240,96903,17,1,2
0:01:011,976,985,257,96893,19,1,2
0:01:011,128,382,124,222819,19,1,2
0:01:011,2933,65535,65535,222969,19,1,2
0:01:015,149,963,0,96896,20,1,2
0:01:018,976,981,251,96898,22,1,2
0:01:022,149,964,247,96900,23,1,2
0:01:025,976,983,253,96902,25,1,2
0:01:028,149,970,248,96905,26,1,2
0:01:032,976,997,240,96901,27,1,2
0:01:036,149,991,257,96904,29,1,2
0:01:039,976,980,225,96906,30,1,2
0:01:043,149,992,238,96909,32,1,2
0:01:046,976,1004,245,96905,33,1,2
0:01:049,149,1003,215,96901,35,1,2
0:01:053,976,991,236,96903,36,1,2
0:01:057,149,992,237,96906,37,1,2
0:01:060,976,1001,231,96908,39,1,2
0:01:064,149,979,220,96911,40,1,2
0:01:067,976,991,239,96913,42,1,2
0:01:071,149,977,197,96909,43,1,2
0:01:074,976,970,234,96912,45,1,2
0:01:077,149,976,233,96914,46,1,2
0:01:081,976,972,240,96910,48,1,2
0:01:085,149,955,221,96906,49,1,2
0:01:088,976,983,238,96909,50,1,2
0:01:091,149,951,232,96911,52,1,2
0:01:095,0,0,0,2147483648,1454,1,2
0:01:095,0,0,0,0,1454,1,2
0:01:095,0,0,0,0,1454,1,2
0:01:095,0,0,0,0,1454,1,2
0:01:095,0,0,0,0,1454,1,2
0:01:095,0,0,0,0,1454,1,2
0:01:095,0,0,0,0,1454,1,2
0:01:095,0,0,0,0,1454,1,2
0:01:095,0,0,0,0,1454,1,2
0:01:095,0,0,0,0,1454,1,2
0:01:095,0,0,0,0,1454,1,2
0:01:095,0,0,0,0,1454,1,2
0:01:095,0,0,0,0,1454,1,2
0:01:095,0,0,0,0,1454,1,2
0:01:095,0,0,0,0,1454,1,2
0:01:095,0,0,0,0,1454,1,2
0:01:095,0,0,0,0,1454,1,2
0:01:095,0,0,0,0,1454,1,2
0:01:095,0,0,0,0,1454,1,2
0:01:095,0,0,0,0,1454,1,2
0:01:095,0,0,0,0,1454,1,2
0:01:095,0,0,0,0,1454,1,2
0:01:095,0,0,0,0,1454,1,2
0:01:095,0,0,0,0,1454,1,2
0:01:095,0,0,0,0,1454,1,2
0:01:095,0,0,0,0,1454,1,2
0:01:095,0,0,0,0,1454,1,2
0:01:095,0,0,0,0,1454,1,2
0:01:095,0,0,0,0,1454,1,2
0:01:095,976,973,229,96914,53,1,3
0:01:098,149,991,236,96915,55,1,3
0:01:102,976,950,261,96918,56,1,3
0:01:106,149,941,221,96915,57,1,3
0:01:109,976,946,263,96916,59,1,3
0:01:112,149,938,221,96919,60,1,3
0:01:116,976,922,245,96921,62,1,3
0:01:120,149,923,237,96924,63,1,3
0:01:123,976,914,255,96926,65,1,3
0:01:126,149,920,248,96916,66,1,3
0:01:130,976,905,265,96919,68,1,3
0:01:134,149,876,276,96921,69,1,3
0:01:137,976,882,255,96924,71,1,3
0:01:140,149,869,257,96926,72,1,3
0:01:144,976,872,259,96922,73,1,3
0:01:148,149,854,268,96925,75,1,3
0:01:151,976,842,290,96927,76,1,3
0:01:155,149,839,272,96930,78,1,3
0:01:158,976,802,276,96931,79,1,3
0:01:161,149,798,261,96922,80,1,3
0:01:165,976,793,275,96925,82,1,3
0:01:169,148,779,284,96928,83,1,3
0:01:172,976,748,284,96930,85,1,3
0:01:175,149,742,283,96932,86,1,3
0:01:179,976,738,309,96935,88,1,3
0:01:179,20,738,309,272126,88,1,3
0:01:183,149,734,281,96931,89,1,3
0:01:183,385,734,281,272134,89,1,3
0:01:186,976,690,282,96928,90,1,3
0:01:189,149,690,283,96930,92,1,3
0:01:189,464,690,283,272121,92,1,3
0:01:193,976,670,304,96933,93,1,3
0:01:193,2692,670,304,272124,93,1,3
0:01:200,912,646,301,96932,96,1,3
0:01:214,2580,215,74,272116,102,1,3
0:01:218,981,243,84,272113,103,1,3
0:01:221,2708,230,78,272121,105,1,3
0:01:224,981,258,56,272118,106,1,3
0:01:228,2708,244,74,272115,108,1,3
0:01:232,981,262,60,272117,109,1,3
0:01:235,2708,252,0,272115,111,1,3
0:01:238,981,264,60,272117,112,1,3
0:01:242,2708,264,60,272108,113,1,3
0:01:246,981,313,107,272104,115,1,3
0:01:249,2708,313,107,272114,116,1,3
0:01:252,981,313,107,272110,118,1,3
0:01:256,2708,301,0,272107,119,1,3
0:01:260,981,301,0,272109,121,1,3
0:01:263,2708,305,81,272112,122,1,3
0:01:267,981,320,85,272109,123,1,3
0:01:270,512,286,60,127286,125,1,3
0:01:270,8,275,74,130515,125,1,3
0:01:273,916,310,50,272109,126,1,3
0:01:277,2708,318,62,272105,128,1,3
0:01:281,981,342,35,272108,129,1,3
0:01:284,2708,342,35,272105,131,1,3
0:01:288,981,350,68,272101,132,1,3
0:01:288,2933,65535,65535,356340,132,1,3
0:01:288,516,415,139,359712,132,1,3
0:01:288,384,393,112,366234,132,1,3
0:01:291,2708,334,73,272104,134,1,3
0:01:295,981,297,57,272101,135,1,3
0:01:298,2708,371,86,272104,136,1,3
0:01:302,981,342,67,272100,138,1,3
0:01:305,2708,360,0,272098,139,1,3
0:01:309,981,371,67,272100,141,1,3
0:01:312,2708,361,62,272103,142,1,3
0:01:315,981,361,70,272100,144,1,3
0:01:319,2708,338,61,272097,145,1,3
0:01:322,981,372,66,272100,146,1,3
0:01:326,2708,385,69,272101,148,1,3
0:01:330,981,364,0,272093,149,1,3
0:01:333,2708,396,37,272095,151,1,3
0:01:336,981,382,72,272098,152,1,3
0:01:340,2708,376,0,272088,154,1,3
0:01:344,981,418,89,272091,155,1,3
0:01:347,2708,400,71,272094,156,1,3
0:01:350,981,393,57,272090,158,1,3
0:01:354,2708,411,85,272093,159,1,3
0:01:354,80,411,85,290255,159,1,3
0:01:361,2708,378,0,272086,162,1,3
0:01:364,981,417,69,272089,164,1,3
0:01:368,2708,415,39,272086,165,1,3
0:01:368,576,448,89,419138,165,1,3
0:01:368,2932,65535,65535,514608,165,1,3
0:01:368,516,449,88,517986,165,1,3
0:01:372,65535,65535,65535,0,167,1,3
0:01:372,981,375,70,272089,167,1,3
0:01:389,2708,423,49,272085,174,1,3
0:01:390,0,0,0,3221225472,1454,1,3
0:01:390,0,0,0,0,1454,1,3
0:01:390,0,0,0,0,1454,1,3
0:01:390,0,0,0,0,1454,1,3
0:01:390,0,0,0,0,1454,1,3
0:01:390,0,0,0,0,1454,1,3
0:01:390,0,0,0,0,1454,1,3
0:01:390,0,0,0,0,1454,1,3
0:01:390,0,0,0,0,1454,1,3
0:01:390,0,0,0,0,1454,1,3
0:01:390,0,0,0,0,1454,1,3
0:01:390,0,0,0,0,1454,1,3
0:01:390,0,0,0,0,1454,1,3
0:01:390,0,0,0,0,1454,1,3
0:01:390,0,0,0,0,1454,1,3
0:01:390,0,0,0,0,1454,1,3
0:01:390,0,0,0,0,1454,1,3
0:01:390,0,0,0,0,1454,1,3
0:01:390,0,0,0,0,1454,1,3
0:01:390,0,0,0,0,1454,1,3
0:01:390,0,0,0,0,1454,1,3
0:01:390,0,0,0,0,1454,1,3
0:01:390,0,0,0,0,1454,1,3
0:01:390,0,0,0,0,1454,1,3
0:01:390,0,0,0,0,1454,1,3
0:01:390,0,0,0,0,1454,1,3
0:01:390,0,0,0,0,1454,1,3
0:01:390,0,0,0,0,1454,1,3
0:01:390,0,0,0,0,1454,1,3
0:01:392,981,410,0,272087,175,1,4
0:01:396,2708,356,0,272085,176,1,4
0:01:399,981,369,65,272081,178,1,4
0:01:403,2708,383,0,272084,179,1,4
0:01:406,981,372,51,272081,181,1,4
0:01:410,2708,380,59,272084,182,1,4
0:01:413,981,395,0,272086,184,1,4
0:01:417,2708,378,57,272077,185,1,4
0:01:420,981,382,63,272080,187,1,4
0:01:424,2708,401,4,272077,188,1,4
0:01:427,981,374,0,272080,190,1,4
0:01:431,2708,356,70,272076,191,1,4
0:01:434,981,387,84,272073,192,1,4
0:01:438,2708,349,63,272076,194,1,4
0:01:441,981,355,56,272073,195,1,4
0:01:445,2708,339,61,272076,197,1,4
0:01:448,981,357,69,272073,198,1,4
0:01:452,2708,345,70,272070,199,1,4
0:01:456,981,332,71,272073,201,1,4
0:01:459,2708,365,66,272070,202,1,4
0:01:462,981,354,0,272072,204,1,4
0:01:466,2708,354,0,272064,205,1,4
0:01:469,981,338,69,272072,207,1,4
0:01:473,176,338,69,11955,208,1,4
0:01:473,2708,317,71,272070,208,1,4
0:01:476,981,294,61,272066,210,1,4
0:01:487,2708,289,35,272069,214,1,4
0:01:491,981,298,70,272065,215,1,4
0:01:494,2708,316,72,272062,217,1,4
0:01:497,981,292,52,272065,218,1,4
0:01:505,981,272,0,272064,221,1,4
0:01:508,2708,274,0,272060,222,1,4
0:01:522,80,72,0,11964,228,1,4
0:01:522,2708,226,34,272059,228,1,4
0:01:529,2708,226,34,272052,231,1,4
0:01:539,577,70,0,11958,235,1,4
0:01:539,981,70,0,272048,235,1,4
0:01:550,2580,70,0,272049,240,1,4
0:01:557,644,184,73,272054,243,1,4
0:01:560,2048,187,83,249467,244,1,4
0:01:568,593,77,0,11966,247,1,4
0:01:568,533,166,68,272050,247,1,4
0:01:571,80,64,0,11963,248,1,4
0:01:574,576,67,0,11959,250,1,4
0:01:578,240,69,0,11962,251,1,4
0:01:585,16,65,0,11960,254,1,4
0:01:620,240,87,0,11961,268,1,4
0:01:627,48,87,0,11966,271,1,4
0:01:630,513,76,0,11956,273,1,4
0:01:634,240,81,0,11965,274,1,4
0:01:641,240,71,0,11952,277,1,4
0:01:645,512,63,0,12188,278,1,4
0:01:648,112,63,0,11962,280,1,4
0:01:651,577,81,0,11959,281,1,4
0:01:658,593,72,0,12186,284,1,4
0:01:662,240,86,0,11955,286,1,4
0:01:665,512,72,0,11963,287,1,4
0:01:669,240,79,0,11965,288,1,4
0:01:672,576,79,0,12189,290,1,4
0:01:676,240,79,0,11867,291,1,4
0:01:679,64,82,0,12188,293,1,4
0:01:767,128,81,0,343048,328,1,4
0:01:792,130,3587,1300,182460,339,1,4
0:01:792,2930,65535,65535,182610,339,1,4
0:01:792,10,3691,1325,196032,339,1,4
0:01:798,512,361,149,99925,341,1,4
0:01:805,512,376,164,99935,344,1,4
0:01:812,512,388,164,99934,347,1,4
0:01:816,3680,406,149,99936,349,1,4
0:01:819,512,416,153,99933,350,1,4
0:01:823,3680,427,147,99935,351,1,4
0:01:827,512,434,137,99938,353,1,4
0:01:830,3680,449,145,99940,354,1,4
0:01:833,512,470,136,99936,356,1,4
0:01:837,3680,457,149,99939,357,1,4
0:01:841,512,496,153,99935,359,1,4
0:01:851,3680,522,149,99936,363,1,4
0:01:855,512,559,136,99939,364,1,4
0:01:858,3680,564,157,99941,366,1,4
0:01:861,512,573,137,99944,367,1,4
0:01:865,3680,587,154,99945,369,1,4
0:01:872,3680,617,142,99945,372,1,4
0:01:875,512,622,138,99941,373,1,4
0:01:879,3680,631,123,99944,374,1,4
0:01:879,2772,206,70,335799,374,1,4
0:01:882,512,639,134,99945,376,1,4
0:01:882,1418,639,134,335820,376,1,4
0:01:886,3680,660,173,99948,377,1,4
0:01:886,2080,5044,1097,158460,377,1,4
0:01:886,3012,185,74,335810,377,1,4
0:01:889,512,656,140,99945,379,1,4
0:01:893,3680,694,134,99953,380,1,4
0:01:893,3012,165,0,335820,380,1,4
0:01:896,512,695,132,99949,382,1,4
0:01:896,490,168,62,335817,382,1,4
0:01:900,3680,722,153,99952,383,1,4
0:01:900,3028,201,75,335813,383,1,4
0:01:912,512,733,165,99953,387,1,4
0:01:912,1514,215,0,335815,387,1,4
0:01:914,3680,768,134,99955,389,1,4
0:01:914,3028,227,0,335822,389,1,4
0:01:914,386,5635,1081,486144,389,1,4
0:01:914,258,5616,1013,489366,389,1,4
0:01:914,260,65535,65535,489434,389,1,4
0:01:914,256,65535,65535,489441,389,1,4
0:01:914,3087,65535,65535,496416,389,1,4
0:01:914,1536,5833,987,500466,389,1,4
0:01:925,520,202,85,417158,393,1,4
0:01:925,516,65535,65535,417225,393,1,4
0:01:925,512,65535,65535,417234,393,1,4
0:01:925,16,238,73,420542,393,1,4
0:01:932,4,211,0,326727,396,1,4
0:01:932,3321,65535,65535,330177,396,1,4
0:01:935,1024,220,82,246853,397,1,4
0:01:935,3981,65535,65535,247003,397,1,4
0:01:935,260,236,51,253530,397,1,4
0:01:935,3829,65535,65535,253680,397,1,4
0:01:935,1304,230,60,256980,397,1,4
0:01:935,1048,65535,65535,253598,397,1,4
0:01:935,1048,65535,65535,253612,397,1,4
0:01:939,2101,230,60,44305,399,1,4
0:01:939,512,833,151,99960,399,1,4
0:01:939,1514,228,0,335821,399,1,4
0:01:942,2080,228,0,44301,400,1,4
0:01:942,3680,839,125,99956,400,1,4
0:01:942,3028,252,65,335823,400,1,4
0:01:945,53,2011,914,44303,402,1,4
0:01:945,512,839,103,99959,402,1,4
0:01:945,1514,256,66,335820,402,1,4
0:01:953,53,1987,907,44308,405,1,4
0:01:953,512,863,108,99957,405,1,4
0:01:953,1514,253,0,335819,405,1,4
0:01:956,2080,1981,842,44304,406,1,4
0:01:956,3680,859,121,99960,406,1,4
0:01:956,3028,259,0,335827,406,1,4
0:01:959,2101,259,0,44300,407,1,4
0:01:959,512,880,100,99961,407,1,4
0:01:959,1514,227,0,335829,407,1,4
0:01:963,2080,1956,830,44309,409,1,4
0:01:963,3680,860,100,99964,409,1,4
0:01:963,3028,251,0,335832,409,1,4
0:01:967,2101,251,0,44306,410,1,4
0:01:967,512,862,97,99960,410,1,4
0:01:967,1514,237,60,335834,410,1,4
0:01:970,2080,1922,843,44308,412,1,4
0:01:970,3680,879,96,99962,412,1,4
0:01:973,2101,1935,845,44304,413,1,4
0:01:973,512,887,103,99965,413,1,4
0:01:973,1514,235,40,335827,413,1,4
0:01:991,3680,894,104,99965,420,1,4
0:01:991,3028,268,56,335838,420,1,4
0:01:994,256,65535,65535,306743,422,1,4
0:01:998,3680,903,96,99970,423,1,4
0:01:998,128,183,0,163208,423,1,4
0:01:998,2644,65535,65535,163358,423,1,4
0:02:005,3680,886,77,99968,426,1,4
0:02:005,3028,272,0,335835,426,1,4
0:02:008,512,885,98,99971,428,1,4
0:02:008,1514,261,0,335838,428,1,4
0:02:012,3680,869,87,99973,429,1,4
0:02:016,512,865,100,99969,430,1,4
0:02:019,3680,867,96,99972,432,1,4
0:02:019,3028,236,0,335845,432,1,4
0:02:023,512,852,80,99974,433,1,4
0:02:023,1514,277,15,335841,433,1,4
0:02:026,3680,868,79,99976,435,1,4
0:02:030,512,864,111,99973,436,1,4
0:02:030,132,183,0,272409,436,1,4
0:02:030,4,184,0,279231,436,1,4
0:02:030,3577,65535,65535,279381,436,1,4
0:02:030,512,188,0,282681,436,1,4
0:02:030,1,171,0,285981,436,1,4
0:02:033,3680,835,86,99975,437,1,4
0:02:033,3028,253,0,335842,437,1,4
0:02:037,512,844,111,99971,439,1,4
0:02:037,3028,249,0,163090,439,1,4
0:02:037,1514,247,12,335850,439,1,4
0:02:040,3680,823,104,99979,440,1,4
0:02:040,1,823,104,288742,440,1,4
0:02:044,512,842,93,99975,442,1,4
0:02:044,1514,247,0,335850,442,1,4
0:02:047,3028,163,0,97074,443,1,4
0:02:051,512,809,130,99980,445,1,4
0:02:051,1514,257,0,325738,445,1,4
0:02:051,1514,245,12,335853,445,1,4
0:02:054,3680,806,127,99976,446,1,4
0:02:054,3028,238,0,335850,446,1,4
0:02:061,3680,773,127,99975,449,1,4
0:02:061,1514,237,0,264636,449,1,4
0:02:061,3028,253,0,335849,449,1,4
0:02:065,512,756,136,99983,451,1,4
0:02:065,1514,256,39,335845,451,1,4
0:02:065,3028,243,64,492976,451,1,4
0:02:068,3680,782,136,99979,452,1,4
0:02:068,3028,244,0,335853,452,1,4
0:02:072,512,734,117,99982,453,1,4
0:02:072,1514,261,0,195926,453,1,4
0:02:072,1514,232,0,335856,453,1,4
0:02:075,3680,747,148,99984,455,1,4
0:02:075,3028,226,0,335852,455,1,4
0:02:075,3028,235,0,427314,455,1,4
0:02:079,512,745,147,99981,456,1,4
0:02:079,1514,241,62,313793,456,1,4
0:02:079,1514,257,65,335854,456,1,4
0:02:082,3680,718,145,99983,458,1,4
0:02:082,1514,227,0,138959,458,1,4
0:02:082,3028,229,0,335850,458,1,4
0:02:086,512,716,151,99985,459,1,4
0:02:086,1514,210,0,335853,459,1,4
0:02:086,3028,233,0,376455,459,1,4
0:02:089,3680,697,157,99988,460,1,4
0:02:089,3028,239,0,335855,460,1,4
0:02:093,512,678,167,99984,462,1,4
0:02:093,1514,208,60,335858,462,1,4
0:02:096,3680,687,157,99987,463,1,4
0:02:096,3028,222,50,335866,463,1,4
0:02:100,512,663,176,99989,465,1,4
0:02:100,1514,198,0,335856,465,1,4
0:02:103,3680,631,173,99985,466,1,4
0:02:103,3028,216,0,335859,466,1,4
0:02:107,512,638,165,99988,467,1,4
0:02:110,3680,607,170,99990,469,1,4
0:02:110,3028,195,0,335864,469,1,4
0:02:114,512,604,158,99992,470,1,4
0:02:114,1514,200,61,335860,470,1,4
0:02:117,3680,590,171,99989,472,1,4
0:02:117,3028,178,0,335856,472,1,4
0:02:121,512,604,181,99990,473,1,4
0:02:121,1514,202,0,335865,473,1,4
0:02:124,3680,560,166,99993,475,1,4
0:02:124,3028,193,13,335861,475,1,4
0:02:128,512,559,187,99995,476,1,4
0:02:128,1514,174,0,335869,476,1,4
0:02:131,3680,534,196,99991,478,1,4
0:02:131,3028,179,0,335859,478,1,4
0:02:135,512,532,195,99994,479,1,4
0:02:135,1514,190,62,335862,479,1,4
0:02:138,3680,499,177,99990,480,1,4
0:02:138,3028,141,0,335870,480,1,4
0:02:142,512,499,172,99992,482,1,4
0:02:142,1514,173,0,335872,482,1,4
0:02:142,1,473,0,422547,482,1,4
0:02:145,3680,484,200,99995,483,1,4
0:02:145,3028,168,0,335868,483,1,4
0:02:149,512,463,194,99997,485,1,4
0:02:149,362,163,0,335877,485,1,4
0:02:152,3680,440,177,100000,486,1,4
0:02:208,84,74,0,149182,509,1,4
0:02:229,2752,412,160,153726,518,1,4
0:02:233,512,402,187,153722,519,1,4
0:02:233,2128,474,183,420441,519,1,4
0:02:233,80,65535,65535,420457,519,1,4
0:02:236,1744,415,198,153724,521,1,4
0:02:240,512,415,198,153727,522,1,4
0:02:243,3792,438,183,153729,523,1,4
0:02:247,512,433,170,153725,525,1,4
0:02:250,1033,395,0,104942,526,1,4
0:02:257,2312,395,0,442951,529,1,4
0:02:261,512,471,180,153717,531,1,4
0:02:264,3792,494,188,153720,532,1,4
0:02:268,512,506,190,153721,534,1,4
0:02:268,2901,581,111,277127,534,1,4
0:02:268,593,65535,65535,277155,534,1,4
0:02:271,3792,499,183,153718,535,1,4
0:02:275,512,520,189,153720,536,1,4
0:02:285,600,523,0,477349,541,1,4
0:02:285,512,65535,65535,0,541,1,4
0:02:288,512,547,175,153718,542,1,4
0:02:288,2304,547,175,521151,542,1,4
0:02:292,3792,545,157,153714,544,1,4
0:02:296,512,575,166,153716,545,1,4
0:02:299,3792,548,149,153712,547,1,4
0:02:303,512,567,160,153709,548,1,4
0:02:306,1032,300,60,52769,549,1,4
0:02:306,1024,65535,65535,52836,549,1,4
0:02:306,1024,65535,65535,52857,549,1,4
0:02:306,4,619,155,454761,549,1,4
0:02:306,3329,605,173,458061,549,1,4
0:02:306,765,65535,65535,458145,549,1,4
0:02:310,512,573,137,153713,551,1,4
0:02:313,3792,614,150,153710,552,1,4
0:02:317,512,597,158,153712,554,1,4
0:02:320,3792,604,157,153708,555,1,4
0:02:320,1184,362,87,298420,555,1,4
0:02:324,512,598,149,153711,557,1,4
0:02:327,3792,618,117,153707,558,1,4
0:02:327,2219,345,18,183424,558,1,4
0:02:338,512,629,125,153702,562,1,4
0:02:341,3792,647,132,153705,564,1,4
0:02:341,48,647,132,408885,564,1,4
0:02:345,512,643,139,153706,565,1,4
0:02:345,16,643,139,341911,565,1,4
0:02:348,3792,632,119,153703,567,1,4
0:02:352,512,648,142,153705,568,1,4
0:02:362,3792,640,134,153701,572,1,4
0:02:362,32,640,134,420300,572,1,4
0:02:366,512,620,117,153697,574,1,4
0:02:366,8,669,145,438614,574,1,4
0:02:366,3584,641,122,441914,574,1,4
0:02:366,3072,65535,65535,441981,574,1,4
0:02:366,3072,65535,65535,442001,574,1,4
0:02:369,3792,640,130,153699,575,1,4
0:02:373,512,652,107,153702,577,1,4
0:02:376,3792,625,110,153698,578,1,4
0:02:380,512,644,103,153700,580,1,4
0:02:383,3792,646,175,153696,581,1,4
0:02:387,512,633,134,153699,582,1,4
0:02:390,3792,633,90,153695,584,1,4
0:02:394,512,608,115,153698,585,1,4
0:02:397,3792,620,100,153694,587,1,4
0:02:401,512,619,121,153690,588,1,4
0:02:404,3792,604,125,153692,589,1,4
0:02:408,512,639,133,153689,591,1,4
0:02:411,3792,608,96,153691,592,1,4
0:02:411,132,608,155,486133,592,1,4
0:02:411,2932,65535,65535,486283,592,1,4
0:02:411,1536,677,106,492955,592,1,4
0:02:411,1536,65535,65535,493022,592,1,4
0:02:411,1536,65535,65535,493043,592,1,4
0:02:411,1366,667,100,499705,592,1,4
0:02:415,512,595,81,153693,594,1,4
0:02:418,3792,608,110,153690,595,1,4
0:02:422,512,611,110,153692,597,1,4
0:02:422,4,611,110,466407,597,1,4
0:02:425,3792,597,107,153689,598,1,4
0:02:429,512,572,98,153690,600,1,4
0:02:432,3792,563,103,153688,601,1,4
0:02:436,512,565,136,153690,602,1,4
0:02:439,3792,556,96,153686,604,1,4
0:02:443,512,556,145,153682,605,1,4
0:02:446,3792,556,145,153685,607,1,4
0:02:450,512,542,100,153687,608,1,4
0:02:453,3792,531,105,153683,610,1,4
0:02:457,512,537,119,153686,611,1,4
0:02:464,512,488,113,153685,614,1,4
0:02:467,3792,500,98,153681,615,1,4
0:02:471,512,500,126,153677,617,1,4
0:02:474,3792,465,100,153679,618,1,4
0:02:478,512,471,121,153675,619,1,4
0:02:481,3792,429,110,153678,621,1,4
0:02:485,512,452,113,153680,622,1,4
0:02:488,3792,446,134,153676,624,1,4
0:02:492,512,430,111,153679,625,1,4
0:02:495,3792,440,97,153675,627,1,4
0:02:499,512,405,131,153677,628,1,4
0:02:499,0,37,1808,0,0,1,5
0:02:502,3792,425,125,153675,630,1,5
0:02:506,512,407,128,153676,631,1,5
0:02:509,3792,386,104,153678,632,1,5
0:02:513,3060,65535,65535,460671,634,1,5
0:02:513,516,368,144,464049,634,1,5
0:02:516,3792,356,137,153672,635,1,5
0:02:520,512,359,124,153674,637,1,5
0:02:520,512,359,124,237654,637,1,5
0:02:523,3792,378,143,153670,638,1,5
0:02:523,2644,147,0,237650,638,1,5
0:02:527,512,359,134,153666,639,1,5
0:02:527,512,196,17,237659,639,1,5
0:02:530,3792,196,17,153669,641,1,5
0:02:534,512,335,149,153672,642,1,5
0:02:534,512,335,149,237658,642,1,5
0:02:537,3792,306,126,153668,644,1,5
0:02:537,2644,170,64,237660,644,1,5
0:02:541,512,308,131,153670,645,1,5
0:02:541,512,201,0,237662,645,1,5
0:02:544,720,315,137,153667,647,1,5
0:02:544,2644,195,0,237660,647,1,5
0:02:548,512,236,60,237661,648,1,5
0:02:551,2048,236,60,153665,650,1,5
0:02:551,2644,216,0,237664,650,1,5
0:02:558,64,216,0,153664,652,1,5
0:02:558,2644,195,36,237663,652,1,5
0:02:562,512,235,0,237672,654,1,5
0:02:565,2644,213,65,237668,655,1,5
0:02:569,512,246,13,237671,657,1,5
0:02:576,512,237,76,237675,660,1,5
0:02:579,2644,243,0,237673,661,1,5
0:02:583,512,260,0,237681,662,1,5
0:02:586,2644,261,0,237672,664,1,5
0:02:590,512,271,37,237668,665,1,5
0:02:593,2644,268,0,237671,667,1,5
0:02:597,512,302,55,237674,668,1,5
0:02:600,2644,272,0,237675,670,1,5
0:02:604,512,290,61,237678,671,1,5
0:02:607,2644,287,0,237675,672,1,5
0:02:611,512,303,0,237677,674,1,5
0:02:614,2644,291,14,237680,675,1,5
0:02:618,512,299,0,237676,677,1,5
0:02:621,2644,314,0,237679,678,1,5
0:02:625,512,291,0,237681,680,1,5
0:02:628,2644,278,0,237684,681,1,5
0:02:632,512,315,0,237680,683,1,5
0:02:635,2644,289,0,237683,684,1,5
0:02:639,512,329,0,237685,685,1,5
0:02:642,2644,301,0,237682,687,1,5
0:02:646,512,307,0,237684,688,1,5
0:02:649,2644,320,0,237687,690,1,5
0:02:653,512,313,0,237683,691,1,5
0:02:656,2644,322,0,237686,692,1,5
0:02:660,512,346,0,237689,694,1,5
0:02:663,2644,322,0,237690,695,1,5
0:02:667,512,336,0,237693,697,1,5
0:02:670,2644,314,0,237690,698,1,5
0:02:674,512,336,0,237686,700,1,5
0:02:677,2644,305,0,237689,701,1,5
0:02:681,512,334,0,237697,702,1,5
0:02:684,2644,325,0,237700,704,1,5
0:02:688,512,318,0,237696,705,1,5
0:02:691,2644,339,0,237692,707,1,5
0:02:695,512,343,0,237695,708,1,5
0:02:698,2644,320,0,237698,710,1,5
0:02:705,2644,315,0,237697,713,1,5
0:02:709,512,340,0,237700,714,1,5
0:02:712,2644,301,0,237703,715,1,5
0:02:719,2644,315,0,237696,718,1,5
0:02:723,512,295,0,237705,720,1,5
0:02:726,2644,297,0,237707,721,1,5
0:02:730,512,320,0,237704,723,1,5
0:02:733,2644,286,0,237706,724,1,5
0:02:737,512,308,0,237704,726,1,5
0:02:740,2644,299,0,237706,727,1,5
0:02:744,512,300,0,237709,728,1,5
0:02:747,2644,283,16,237712,730,1,5
0:02:750,512,297,63,237708,731,1,5
0:02:754,2644,287,61,237711,733,1,5
0:02:758,512,275,63,237714,734,1,5
0:02:761,2644,273,65,237705,735,1,5
0:02:765,512,281,58,237708,737,1,5
0:02:768,2644,245,77,237711,738,1,5
0:02:771,512,268,0,237714,740,1,5
0:02:779,512,248,35,237720,743,1,5
0:02:782,2644,248,82,237717,744,1,5
0:02:786,512,228,61,237720,746,1,5
0:02:789,192,228,61,165784,747,1,5
0:02:789,516,77,0,172168,747,1,5
0:02:792,512,237,70,237720,749,1,5
0:02:796,2644,208,67,237717,750,1,5
0:02:800,512,217,97,237720,751,1,5
0:02:803,2644,205,76,237717,753,1,5
0:02:807,512,205,76,237720,754,1,5
0:02:810,2644,205,76,237723,756,1,5
0:02:814,512,229,91,237726,757,1,5
0:02:817,2644,202,87,237729,758,1,5
0:02:824,2052,190,76,237717,761,1,5
0:02:831,512,190,76,237729,764,1,5
0:03:062,642,190,76,124012,859,1,5
0:03:062,144,190,76,161001,859,1,5
0:03:097,0,0,0,2147483648,1454,1,5
0:03:097,0,0,0,0,1454,1,5
0:03:097,0,0,0,0,1454,1,5
0:03:097,0,0,0,0,1454,1,5
0:03:097,0,0,0,0,1454,1,5
0:03:097,0,0,0,0,1454,1,5
0:03:097,0,0,0,0,1454,1,5
0:03:097,0,0,0,0,1454,1,5
0:03:097,0,0,0,0,1454,1,5
0:03:097,0,0,0,0,1454,1,5
0:03:097,0,0,0,0,1454,1,5
0:03:097,0,0,0,0,1454,1,5
0:03:097,0,0,0,0,1454,1,5
0:03:097,0,0,0,0,1454,1,5
0:03:097,0,0,0,0,1454,1,5
0:03:097,0,0,0,0,1454,1,5
0:03:097,0,0,0,0,1454,1,5
0:03:097,0,0,0,0,1454,1,5
0:03:097,0,0,0,0,1454,1,5
0:03:097,0,0,0,0,1454,1,5
0:03:097,0,0,0,0,1454,1,5
0:03:097,0,0,0,0,1454,1,5
0:03:097,0,0,0,0,1454,1,5
0:03:097,0,0,0,0,1454,1,5
0:03:097,0,0,0,0,1454,1,5
0:03:097,0,0,0,0,1454,1,5
0:03:097,0,0,0,0,1454,1,5
0:03:097,0,0,0,0,1454,1,5
0:03:097,0,0,0,0,1454,1,5
0:03:392,0,0,0,3221225472,1454,1,5
0:03:392,0,0,0,0,1454,1,5
0:03:392,0,0,0,0,1454,1,5
0:03:392,0,0,0,0,1454,1,5
0:03:392,0,0,0,0,1454,1,5
0:03:392,0,0,0,0,1454,1,5
0:03:392,0,0,0,0,1454,1,5
0:03:392,0,0,0,0,1454,1,5
0:03:392,0,0,0,0,1454,1,5
0:03:392,0,0,0,0,1454,1,5
0:03:392,0,0,0,0,1454,1,5
0:03:392,0,0,0,0,1454,1,5
0:03:392,0,0,0,0,1454,1,5
0:03:392,0,0,0,0,1454,1,5
0:03:392,0,0,0,0,1454,1,5
0:03:392,0,0,0,0,1454,1,5
0:03:392,0,0,0,0,1454,1,5
0:03:392,0,0,0,0,1454,1,5
0:03:392,0,0,0,0,1454,1,5
0:03:392,0,0,0,0,1454,1,5
0:03:392,0,0,0,0,1454,1,5
0:03:392,0,0,0,0,1454,1,5
0:03:392,0,0,0,0,1454,1,5
0:03:392,0,0,0,0,1454,1,5
0:03:392,0,0,0,0,1454,1,5
0:03:392,0,0,0,0,1454,1,5
0:03:392,0,0,0,0,1454,1,5
0:03:392,0,0,0,0,1454,1,5
0:03:392,0,0,0,0,1454,1,5
0:03:430,512,190,76,418917,1010,1,6
0:03:566,17,192,0,385320,1065,1,6
0:03:566,25,65535,65535,385378,1065,1,6
0:03:948,1512,488,202,227010,1222,1,6
0:03:955,1256,421,175,227010,1225,1,6
0:03:965,3872,441,159,227018,1229,1,6
0:03:969,1512,394,158,227009,1230,1,6
0:03:972,3872,417,161,227011,1232,1,6
0:03:976,1512,465,154,227008,1233,1,6
0:03:979,3872,433,158,227005,1235,1,6
0:03:983,1512,579,211,227013,1236,1,6
0:03:986,3872,480,169,227004,1238,1,6
0:03:990,1512,433,148,227007,1239,1,6
0:03:997,1512,433,148,227011,1242,1,6
0:03:997,132,574,186,520065,1242,1,6
0:04:000,2048,60,0,510725,1243,1,6
0:04:004,1512,680,204,227017,1245,1,6
0:04:007,3872,536,167,227013,1246,1,6
0:04:011,1512,548,180,227016,1248,1,6
0:04:014,3872,709,178,227019,1249,1,6
0:04:018,1512,516,169,227010,1251,1,6
0:04:021,3872,592,146,227006,1252,1,6
0:04:025,1512,555,157,227009,1253,1,6
0:04:025,3872,574,164,380119,1253,1,6
0:04:028,3872,533,151,227010,1255,1,6
0:04:028,2900,65535,65535,332045,1255,1,6
0:04:032,1512,607,148,227008,1256,1,6
0:04:032,1512,556,165,239463,1256,1,6
0:04:035,3872,700,178,162451,1258,1,6
0:04:035,3872,554,135,227010,1258,1,6
0:04:039,1512,561,154,227012,1259,1,6
0:04:042,3872,621,127,227015,1260,1,6
0:04:042,3872,677,163,473563,1260,1,6
0:04:045,1512,582,154,227012,1262,1,6
0:04:049,3872,778,158,227015,1263,1,6
0:04:049,1512,753,165,346125,1263,1,6
0:04:053,1512,615,143,227017,1265,1,6
0:04:053,3872,615,143,293694,1265,1,6
0:04:060,1512,733,144,146102,1268,1,6
0:04:060,1512,621,131,227010,1268,1,6
0:04:063,3872,426,147,67825,1269,1,6
0:04:063,3872,638,122,227013,1269,1,6
0:04:067,1512,697,137,227016,1270,1,6
0:04:067,1512,791,133,425709,1270,1,6
0:04:070,3872,812,160,227008,1272,1,6
0:04:070,3872,816,171,366649,1272,1,6
0:04:074,1512,633,120,227010,1273,1,6
0:04:074,128,707,131,310553,1273,1,6
0:04:077,3872,683,123,227013,1275,1,6
0:04:077,1512,679,137,236391,1275,1,6
0:04:081,1512,871,166,227016,1276,1,6
0:04:084,3872,871,166,227012,1278,1,6
0:04:088,1512,686,92,227015,1279,1,6
0:04:091,3872,645,85,227019,1281,1,6
0:04:095,1512,612,85,227015,1282,1,6
0:04:098,3872,670,91,227007,1283,1,6
0:04:102,1512,637,79,227021,1285,1,6
0:04:105,3872,606,109,227012,1286,1,6
0:04:109,1512,665,110,227015,1288,1,6
0:04:112,3872,634,92,227011,1289,1,6
0:04:116,1512,834,121,227015,1290,1,6
0:04:119,3872,659,102,227017,1292,1,6
0:04:123,1512,630,66,227014,1293,1,6
0:04:126,3872,815,98,227017,1295,1,6
0:04:130,1512,615,86,227020,1296,1,6
0:04:133,3872,627,70,227016,1298,1,6
0:04:137,1512,825,94,227019,1299,1,6
0:04:137,132,631,73,516178,1299,1,6
0:04:137,2901,65535,65535,516328,1299,1,6
0:04:144,1512,654,78,227012,1302,1,6
0:04:147,3872,805,89,227015,1303,1,6
0:04:151,1512,576,37,227018,1305,1,6
0:04:154,3872,650,60,227014,1306,1,6
0:04:158,1512,543,65,227011,1308,1,6
0:04:161,3872,543,55,227013,1309,1,6
0:04:165,1512,598,85,227016,1311,1,6
0:04:168,3872,519,12,227019,1312,1,6
0:04:172,1512,702,92,227022,1313,1,6
0:04:175,3872,565,77,227018,1315,1,6
0:04:179,1512,496,61,227021,1316,1,6
0:04:182,3872,688,105,227024,1318,1,6
0:04:186,1512,510,52,227014,1319,1,6
0:04:189,3872,619,84,227016,1320,1,6
0:04:193,1512,650,107,227019,1322,1,6
0:04:196,3872,493,67,227016,1323,1,6
0:04:200,1512,498,85,227012,1325,1,6
0:04:203,3872,619,138,227022,1326,1,6
0:04:207,1512,453,74,227025,1328,1,6
0:04:210,3872,469,100,227021,1329,1,6
0:04:214,1512,578,137,227018,1331,1,6
0:04:217,3872,392,94,227021,1332,1,6
0:04:221,1512,431,96,227017,1333,1,6
0:04:224,3872,410,68,227014,1335,1,6
0:04:228,1512,398,109,227017,1336,1,6
0:04:231,488,391,71,146477,1338,1,6
0:04:231,3872,419,115,227014,1338,1,6
0:04:231,3872,391,108,506477,1338,1,6
0:04:235,1512,368,94,227010,1339,1,6
0:04:238,1512,340,92,176501,1341,1,6
0:04:238,3872,502,146,227020,1341,1,6
0:04:242,1512,376,97,227016,1342,1,6
0:04:245,1512,352,85,206524,1343,1,6
0:04:245,3872,345,99,227020,1343,1,6
0:04:245,3872,390,108,499025,1343,1,6
0:04:256,1512,361,130,227023,1348,1,6
0:04:259,3872,445,126,227025,1349,1,6
0:04:263,1512,306,114,227034,1350,1,6
0:04:270,1512,385,176,227022,1353,1,6
0:04:273,3072,279,103,227019,1355,1,6
0:04:277,296,291,93,227016,1356,1,6
0:04:417,1,291,93,280329,1414,1,6
0:04:420,144,291,93,280338,1415,1,6
0:04:427,2436,238,87,280333,1418,1,6
0:04:431,211,243,108,280329,1420,1,6
0:04:434,3728,268,109,280333,1421,1,6
0:04:437,727,271,97,280329,1422,1,6
0:04:444,199,238,87,280329,1425,1,6
0:04:448,3988,282,109,280326,1427,1,6
0:04:451,215,274,84,280329,1428,1,6
0:04:455,3988,252,85,280326,1430,1,6
0:04:458,711,293,89,280329,1431,1,6
0:04:458,3088,255,94,462437,1431,1,6
0:04:458,3072,65535,65535,462505,1431,1,6
0:04:458,3072,65535,65535,462507,1431,1,6
0:04:462,3988,316,94,280325,1433,1,6
0:04:465,727,318,92,280329,1434,1,6
0:04:469,3988,317,76,280325,1435,1,6
0:04:473,727,341,102,280322,1437,1,6
0:04:479,727,339,98,280322,1440,1,6
0:04:483,3988,361,107,280313,1441,1,6
0:04:486,727,356,77,280322,1442,1,6
0:04:490,3988,358,105,280313,1444,1,6
0:04:494,727,353,114,280316,1445,1,6
0:04:497,3988,365,90,280320,1447,1,6
0:04:500,727,378,92,280310,1448,1,6
0:04:500,1028,378,92,350287,1448,1,6
0:04:504,3988,380,106,280320,1450,1,6
0:04:511,3988,385,88,280313,1453,1,6
0:04:515,727,396,98,280310,1454,1,6
0:04:518,3988,416,98,280313,1456,1,6
0:04:522,727,392,87,280310,1457,1,6
0:04:522,132,315,59,385224,1457,1,6
0:04:522,2932,65535,65535,385374,1457,1,6
0:04:522,512,306,50,388896,1457,1,6
0:04:522,2801,65535,65535,395796,1457,1,6
0:04:522,2,304,59,398952,1457,1,6
0:04:525,3988,397,72,280313,1458,1,6
0:04:529,727,405,89,280305,1460,1,6
0:04:535,727,443,71,280304,1463,1,6
0:04:539,3988,460,80,280307,1464,1,6
0:04:542,727,449,104,280298,1465,1,6
0:04:549,727,447,92,280298,1468,1,6
0:04:553,3988,442,88,280306,1470,1,6
0:04:556,727,462,89,280297,1471,1,6
0:04:560,132,350,76,231695,1473,1,6
0:04:560,2645,347,58,238517,1473,1,6
0:04:560,2165,65535,65535,238585,1473,1,6
0:04:560,2391,65535,65535,238592,1473,1,6
0:04:560,3584,348,75,245567,1473,1,6
0:04:560,3104,65535,65535,245635,1473,1,6
0:04:560,3072,65535,65535,245642,1473,1,6
0:04:563,727,467,70,280297,1474,1,6
0:04:567,3988,465,92,280294,1476,1,6
0:04:571,727,463,0,280290,1477,1,6
0:04:574,3988,456,84,280293,1478,1,6
0:04:578,727,456,0,280290,1480,1,6
0:04:581,3988,467,66,280292,1481,1,6
0:04:585,727,474,59,280290,1483,1,6
0:04:588,3988,472,60,280291,1484,1,6
0:04:591,727,492,76,280289,1486,1,6
0:04:595,3988,463,53,280291,1487,1,6
0:04:598,727,461,71,280281,1489,1,6
0:04:602,3988,477,0,280284,1490,1,6
0:04:606,727,501,0,280292,1491,1,6
0:04:609,3988,453,0,280290,1493,1,6
0:04:613,727,477,66,280286,1494,1,6
0:04:616,3988,479,73,280282,1496,1,6
0:04:620,727,486,0,280279,1497,1,6
0:04:623,3988,451,70,280275,1498,1,6
0:04:627,727,479,72,280284,1500,1,6
0:04:630,3988,468,69,280280,1501,1,6
0:04:633,727,438,0,280283,1503,1,6
0:04:637,3988,461,56,280274,1504,1,6
0:04:640,727,446,66,280275,1506,1,6
0:04:644,3988,433,54,280273,1507,1,6
0:04:647,727,454,38,280275,1508,1,6
0:04:651,3988,424,55,280272,1510,1,6
0:04:655,727,419,38,280274,1511,1,6
0:04:658,3988,424,58,280270,1513,1,6
0:04:662,727,442,0,280273,1514,1,6
0:04:665,3988,401,56,280269,1516,1,6
0:04:669,727,414,65,280272,1517,1,6
0:04:672,136,377,150,169725,1519,1,6
0:04:672,3988,425,13,280268,1519,1,6
0:04:676,727,405,53,280264,1520,1,6
0:04:679,3988,388,0,280267,1521,1,6
0:04:683,727,397,70,280269,1523,1,6
0:04:686,3600,435,184,169724,1524,1,6
0:04:690,130,448,164,169726,1526,1,6
0:04:693,2704,438,179,169735,1527,1,6
0:04:697,2,438,179,267211,1528,1,6
0:04:700,3608,482,180,169727,1530,1,6
0:04:700,768,482,180,267213,1530,1,6
0:04:700,3988,348,103,280263,1530,1,6
0:04:704,130,489,186,169729,1531,1,6
0:04:707,3736,513,177,169732,1533,1,6
0:04:711,130,530,185,169728,1534,1,6
0:04:711,530,295,109,267221,1534,1,6
0:04:711,727,332,98,280259,1534,1,6
0:04:714,3736,525,194,169725,1536,1,6
0:04:718,130,537,200,169727,1537,1,6
0:04:718,566,306,130,267220,1537,1,6
0:04:718,727,342,76,280263,1537,1,6
0:04:721,3736,552,199,169729,1539,1,6
0:04:721,788,299,102,267222,1539,1,6
0:04:721,3988,318,65,280254,1539,1,6
0:04:725,130,566,192,169725,1540,1,6
0:04:725,558,566,192,267225,1540,1,6
0:04:725,727,314,84,280256,1540,1,6
0:04:728,3736,596,203,169734,1541,1,6
0:04:728,776,312,102,267226,1541,1,6
0:04:728,3988,328,85,280252,1541,1,6
0:04:732,130,609,199,169737,1543,1,6
0:04:732,574,361,116,267223,1543,1,6
0:04:732,727,300,95,280248,1543,1,6
0:04:735,3736,617,221,169733,1544,1,6
0:04:739,130,613,190,169729,1546,1,6
0:04:739,574,341,122,267234,1546,1,6
0:04:739,727,311,94,280247,1546,1,6
0:04:746,2,77,0,28850,1549,1,6
0:04:746,3829,65535,65535,29000,1549,1,6
0:04:746,70,77,0,155670,1549,1,6
0:04:746,130,670,203,169734,1549,1,6
0:04:746,558,378,99,267239,1549,1,6
0:04:746,727,276,100,280252,1549,1,6
0:04:753,2254,609,272,155675,1551,1,6
0:04:753,130,676,236,169733,1551,1,6
0:04:753,574,385,93,267237,1551,1,6
0:04:753,727,276,87,280245,1551,1,6
0:04:756,852,623,280,155671,1553,1,6
0:04:756,3736,671,209,169729,1553,1,6
0:04:756,796,397,129,267233,1553,1,6
0:04:756,3988,246,101,280247,1553,1,6
0:04:760,2254,641,293,155673,1554,1,6
0:04:760,130,696,218,169731,1554,1,6
0:04:760,574,397,145,267236,1554,1,6
0:04:760,215,397,145,280244,1554,1,6
0:04:763,852,264,92,155676,1556,1,6
0:04:767,2510,674,281,155672,1557,1,6
0:04:767,130,718,221,169730,1557,1,6
0:04:767,558,436,142,267234,1557,1,6
0:04:767,727,231,89,280242,1557,1,6
0:04:770,852,678,278,155675,1558,1,6
0:04:770,3736,733,201,169732,1558,1,6
0:04:770,796,405,110,267237,1558,1,6
0:04:774,2510,670,254,155677,1560,1,6
0:04:774,130,747,194,169735,1560,1,6
0:04:774,570,747,194,267239,1560,1,6
0:04:774,210,222,96,280241,1560,1,6
0:04:777,852,694,273,155673,1561,1,6
0:04:777,3736,763,204,169731,1561,1,6
0:04:777,796,424,100,267241,1561,1,6
0:04:781,2510,719,288,155670,1563,1,6
0:04:781,130,750,207,169734,1563,1,6
0:04:781,574,431,122,267238,1563,1,6
0:04:781,724,431,122,280233,1563,1,6
0:04:784,852,719,280,155672,1564,1,6
0:04:784,3736,770,209,169736,1564,1,6
0:04:784,796,770,209,267240,1564,1,6
0:04:784,256,453,119,383752,1564,1,6
0:04:788,2510,732,274,155674,1566,1,6
0:04:788,130,806,209,169732,1566,1,6
0:04:788,574,806,209,267237,1566,1,6
0:04:791,852,755,276,155677,1567,1,6
0:04:791,3736,798,206,169735,1567,1,6
0:04:791,796,461,126,267245,1567,1,6
0:04:795,3522,99,0,25217,1569,1,6
0:04:795,2510,749,282,155673,1569,1,6
0:04:795,130,802,200,169737,1569,1,6
0:04:795,131,484,146,184251,1569,1,6
0:04:795,130,65535,65535,184319,1569,1,6
0:04:795,386,65535,65535,184333,1569,1,6
0:04:795,384,497,133,187551,1569,1,6
0:04:795,384,65535,65535,187619,1569,1,6
0:04:795,384,65535,65535,187633,1569,1,6
0:04:795,128,472,127,194300,1569,1,6
0:04:795,2,493,122,197679,1569,1,6
0:04:798,852,797,275,155675,1570,1,6
0:04:798,3736,806,205,169733,1570,1,6
0:04:798,792,472,124,267243,1570,1,6
0:04:802,2510,799,269,155672,1571,1,6
0:04:802,130,814,203,169736,1571,1,6
0:04:802,574,468,144,267246,1571,1,6
0:04:805,852,808,284,155674,1573,1,6
0:04:805,3736,824,191,169738,1573,1,6
0:04:805,796,498,94,267248,1573,1,6
0:04:809,2510,852,262,155677,1574,1,6
0:04:809,130,824,209,169735,1574,1,6
0:04:809,574,497,126,267244,1574,1,6
0:04:812,852,497,126,155673,1576,1,6
0:04:816,2510,497,126,155675,1577,1,6
0:04:819,852,852,235,155671,1579,1,6
0:04:819,3736,845,180,169736,1579,1,6
0:04:819,796,497,110,267246,1579,1,6
0:04:823,2510,911,282,155674,1580,1,6
0:04:823,130,871,185,169732,1580,1,6
0:04:823,574,495,125,267248,1580,1,6
0:04:826,852,909,250,155676,1581,1,6
0:04:826,3736,834,189,169734,1581,1,6
0:04:826,780,834,189,267251,1581,1,6
0:04:830,2510,895,219,155673,1583,1,6
0:04:830,130,877,188,169737,1583,1,6
0:04:830,574,515,112,267253,1583,1,6
0:04:833,852,896,230,155675,1584,1,6
0:04:833,3736,862,204,169739,1584,1,6
0:04:833,796,495,124,267249,1584,1,6
0:04:837,2510,894,238,155677,1585,1,6
0:04:837,130,897,187,169735,1585,1,6
0:04:837,574,481,111,267252,1585,1,6
0:04:840,852,934,228,155674,1587,1,6
0:04:840,3736,889,202,169738,1587,1,6
0:04:840,792,506,119,267260,1587,1,6
0:04:844,2510,966,222,155676,1588,1,6
0:04:844,130,866,172,169740,1588,1,6
0:04:844,574,522,93,267250,1588,1,6
0:04:847,852,940,239,155672,1590,1,6
0:04:847,3736,911,192,169737,1590,1,6
0:04:847,792,486,111,267258,1590,1,6
0:04:850,2510,957,237,155675,1591,1,6
0:04:850,130,883,197,169739,1591,1,6
0:04:850,574,522,129,267261,1591,1,6
0:04:854,852,965,210,155671,1593,1,6
0:04:854,3736,901,179,169735,1593,1,6
0:04:854,796,519,104,267257,1593,1,6
0:04:861,852,984,200,155676,1596,1,6
0:04:861,3736,904,167,169740,1596,1,6
0:04:861,796,535,102,267262,1596,1,6
0:04:868,3736,906,196,169739,1599,1,6
0:04:868,796,522,99,267260,1599,1,6
0:04:872,2510,985,203,155670,1600,1,6
0:04:872,130,910,188,169740,1600,1,6
0:04:872,574,512,82,267263,1600,1,6
0:04:875,852,1015,180,155673,1601,1,6
0:04:875,3736,908,162,169743,1601,1,6
0:04:875,796,515,86,267259,1601,1,6
0:04:879,2510,1017,176,155675,1603,1,6
0:04:879,130,912,160,169740,1603,1,6
0:04:879,574,527,114,267261,1603,1,6
0:04:882,3736,893,174,169736,1604,1,6
0:04:882,796,489,83,267264,1604,1,6
0:04:889,852,1014,171,155676,1607,1,6
0:04:889,3736,906,162,169740,1607,1,6
0:04:889,796,498,94,267262,1607,1,6
0:04:893,2510,994,171,155672,1609,1,6
0:04:893,130,884,154,169742,1609,1,6
0:04:893,574,497,90,267265,1609,1,6
0:04:896,852,1003,170,155675,1610,1,6
0:04:896,3736,876,157,169745,1610,1,6
0:04:896,796,503,86,267267,1610,1,6
0:04:900,2510,1022,178,155671,1611,1,6
0:04:900,130,889,161,169741,1611,1,6
0:04:900,574,489,46,267270,1611,1,6
0:04:903,852,1001,171,155673,1613,1,6
0:04:903,3736,874,154,169743,1613,1,6
0:04:903,796,491,91,267271,1613,1,6
0:04:907,2510,1015,174,155676,1614,1,6
0:04:907,130,886,148,169740,1614,1,6
0:04:907,574,886,148,267274,1614,1,6
0:04:910,852,1012,161,155672,1616,1,6
0:04:910,3736,871,144,169742,1616,1,6
0:04:910,780,477,82,267270,1616,1,6
0:04:917,852,998,154,155670,1619,1,6
0:04:917,3736,863,152,169740,1619,1,6
0:04:917,796,448,68,267275,1619,1,6
0:04:924,852,985,166,155675,1621,1,6
0:04:924,3736,813,131,169740,1621,1,6
0:04:924,796,467,69,267273,1621,1,6
0:04:931,852,467,69,155674,1624,1,6
0:04:938,852,949,160,155672,1627,1,6
0:04:938,3736,821,153,169742,1627,1,6
0:04:938,796,423,70,267277,1627,1,6
0:04:942,2510,1002,129,155675,1629,1,6
0:04:942,130,817,150,169745,1629,1,6
0:04:942,574,427,74,267279,1629,1,6
0:04:945,852,427,74,155671,1630,1,6
0:04:956,2510,947,149,155672,1634,1,6
0:04:956,130,767,158,169742,1634,1,6
0:04:956,574,400,91,267282,1634,1,6
0:04:959,852,949,155,155674,1636,1,6
0:04:959,3736,762,147,169744,1636,1,6
0:04:959,796,371,77,267285,1636,1,6
0:04:963,2510,371,77,155670,1637,1,6
0:04:970,2510,899,129,155675,1640,1,6
0:04:970,130,741,140,169745,1640,1,6
0:04:970,574,360,81,267279,1640,1,6
0:04:973,852,881,141,155671,1642,1,6
0:04:973,3736,711,149,169747,1642,1,6
0:04:973,792,363,64,267294,1642,1,6
0:04:980,852,878,132,155670,1644,1,6
0:04:980,3736,693,170,169746,1644,1,6
0:04:980,796,320,47,267292,1644,1,6
0:04:980,2510,937,183,281296,1644,1,6
0:04:984,2510,868,147,155672,1646,1,6
0:04:984,130,696,142,169748,1646,1,6
0:04:984,574,343,73,267288,1646,1,6
0:04:987,852,849,127,155675,1647,1,6
0:04:987,3736,675,145,169745,1647,1,6
0:04:987,796,308,74,267291,1647,1,6
0:04:991,130,664,171,169747,1649,1,6
0:04:991,574,324,70,267293,1649,1,6
0:04:994,3736,630,155,169749,1650,1,6
0:04:994,796,308,78,267296,1650,1,6
0:05:001,852,787,169,155672,1653,1,6
0:05:001,3736,626,154,169748,1653,1,6
0:05:001,796,626,154,267294,1653,1,6
0:05:005,2510,796,143,155674,1655,1,6
0:05:005,130,616,168,169744,1655,1,6
0:05:005,574,287,84,267297,1655,1,6
0:05:008,852,780,187,155677,1656,1,6
0:05:008,3736,585,171,169747,1656,1,6
0:05:008,796,275,89,267293,1656,1,6
0:05:012,2510,752,160,155673,1658,1,6
0:05:012,130,567,156,169749,1658,1,6
0:05:012,566,254,78,267295,1658,1,6
0:05:015,129,209,0,89977,1659,1,6
0:05:015,128,65535,65535,90045,1659,1,6
0:05:015,128,65535,65535,90052,1659,1,6
0:05:015,2,178,55,103705,1659,1,6
0:05:019,2510,729,195,155671,1660,1,6
0:05:019,130,543,164,169748,1660,1,6
0:05:019,574,257,80,267294,1660,1,6
0:05:019,1536,765,193,428997,1660,1,6
0:05:019,1024,65535,65535,429064,1660,1,6
0:05:019,1024,65535,65535,429078,1660,1,6
0:05:022,852,715,162,155674,1662,1,6
0:05:022,3736,366,99,169744,1662,1,6
0:05:022,796,251,0,267302,1662,1,6
0:05:026,2510,251,0,155670,1663,1,6
0:05:029,852,251,0,155672,1665,1,6
0:05:029,256,525,124,205850,1665,1,6
0:05:029,4,65535,65535,205918,1665,1,6
0:05:033,2510,653,172,155670,1666,1,6
0:05:033,130,486,182,169745,1666,1,6
0:05:033,556,231,78,267297,1666,1,6
0:05:036,852,662,197,155677,1668,1,6
0:05:036,3736,466,173,169747,1668,1,6
0:05:040,2510,645,171,155673,1669,1,6
0:05:040,130,463,202,169750,1669,1,6
0:05:043,852,613,176,155676,1670,1,6
0:05:043,3736,441,170,169752,1670,1,6
0:05:047,2508,441,170,155672,1672,1,6
0:05:050,852,580,181,155674,1673,1,6
0:05:050,3736,407,167,169751,1673,1,6
0:05:054,2510,572,177,155677,1675,1,6
0:05:057,852,570,203,155673,1676,1,6
0:05:057,3592,570,203,169749,1676,1,6
0:05:061,2510,550,196,155675,1677,1,6
0:05:064,852,507,197,155672,1679,1,6
0:05:064,2192,389,179,169754,1679,1,6
0:05:068,2510,507,216,155674,1680,1,6
0:05:071,852,503,173,155670,1682,1,6
0:05:071,1,503,173,209124,1682,1,6
0:05:071,514,173,59,215880,1682,1,6
0:05:071,514,65535,65535,215907,1682,1,6
0:05:075,2510,485,187,155673,1683,1,6
0:05:078,852,475,210,155681,1685,1,6
0:05:082,2510,443,173,155671,1686,1,6
0:05:085,276,458,203,155674,1688,1,6
0:05:099,0,0,0,2147483648,1454,1,7
0:05:099,0,0,0,0,1454,1,7
0:05:099,0,0,0,0,1454,1,7
0:05:099,0,0,0,0,1454,1,7
0:05:099,0,0,0,0,1454,1,7
0:05:099,0,0,0,0,1454,1,7
0:05:099,0,0,0,0,1454,1,7
0:05:099,0,0,0,0,1454,1,7
0:05:099,0,0,0,0,1454,1,7
0:05:099,0,0,0,0,1454,1,7
0:05:099,0,0,0,0,1454,1,7
0:05:099,0,0,0,0,1454,1,7
0:05:099,0,0,0,0,1454,1,7
0:05:099,0,0,0,0,1454,1,7
0:05:099,0,0,0,0,1454,1,7
0:05:099,0,0,0,0,1454,1,7
0:05:099,0,0,0,0,1454,1,7
0:05:099,0,0,0,0,1454,1,7
0:05:099,0,0,0,0,1454,1,7
0:05:099,0,0,0,0,1454,1,7
0:05:099,0,0,0,0,1454,1,7
0:05:099,0,0,0,0,1454,1,7
0:05:099,0,0,0,0,1454,1,7
0:05:099,0,0,0,0,1454,1,7
0:05:099,0,0,0,0,1454,1,7
0:05:099,0,0,0,0,1454,1,7
0:05:099,0,0,0,0,1454,1,7
0:05:099,0,0,0,0,1454,1,7
0:05:099,0,0,0,0,1454,1,7
0:05:180,16,62,0,98786,1726,1,7
0:05:218,384,62,0,98799,1742,1,7
0:05:232,528,53,0,98796,1748,1,7
0:05:239,256,67,0,98795,1751,1,7
0:05:394,0,0,0,3221225472,1454,1,8
0:05:394,0,0,0,0,1454,1,8
0:05:394,0,0,0,0,1454,1,8
0:05:394,0,0,0,0,1454,1,8
0:05:394,0,0,0,0,1454,1,8
0:05:394,0,0,0,0,1454,1,8
0:05:394,0,0,0,0,1454,1,8
0:05:394,0,0,0,0,1454,1,8
0:05:394,0,0,0,0,1454,1,8
0:05:394,0,0,0,0,1454,1,8
0:05:394,0,0,0,0,1454,1,8
0:05:394,0,0,0,0,1454,1,8
0:05:394,0,0,0,0,1454,1,8
0:05:394,0,0,0,0,1454,1,8
0:05:394,0,0,0,0,1454,1,8
0:05:394,0,0,0,0,1454,1,8
0:05:394,0,0,0,0,1454,1,8
0:05:394,0,0,0,0,1454,1,8
0:05:394,0,0,0,0,1454,1,8
0:05:394,0,0,0,0,1454,1,8
0:05:394,0,0,0,0,1454,1,8
0:05:394,0,0,0,0,1454,1,8
0:05:394,0,0,0,0,1454,1,8
0:05:394,0,0,0,0,1454,1,8
0:05:394,0,0,0,0,1454,1,8
0:05:394,0,0,0,0,1454,1,8
0:05:394,0,0,0,0,1454,1,8
0:05:394,0,0,0,0,1454,1,8
0:05:394,0,0,0,0,1454,1,8
0:05:414,44,67,0,485670,1822,1,8
0:05:425,34,67,0,306844,1826,1,8
0:05:428,128,67,0,278174,1828,1,8
0:05:435,384,67,0,164756,1831,1,8
0:05:452,256,74,0,100552,1838,1,8
0:05:470,2,74,0,375617,1845,1,8
0:05:922,3620,417,191,140878,2030,1,8
0:05:925,1664,417,191,140880,2031,1,8
0:05:932,3988,433,197,140885,2034,1,8
0:05:939,3988,437,177,140878,2037,1,8
0:05:943,3813,458,188,140874,2038,1,8
0:05:946,3988,447,182,140877,2040,1,8
0:05:950,3813,480,186,140873,2041,1,8
0:05:953,3988,472,176,140876,2043,1,8
0:05:957,3813,483,173,140872,2044,1,8
0:05:957,6,589,210,510963,2044,1,8
0:05:957,6,65535,65535,511031,2044,1,8
0:05:957,6,65535,65535,511045,2044,1,8
0:05:960,3988,481,175,140875,2046,1,8
0:05:964,3813,485,196,140871,2047,1,8
0:05:967,3988,496,182,140874,2048,1,8
0:05:971,3813,484,165,140870,2050,1,8
0:05:974,3988,507,179,140873,2051,1,8
0:05:974,3988,559,189,299576,2051,1,8
0:05:978,3813,517,162,140869,2053,1,8
0:05:978,6,586,200,300539,2053,1,8
0:05:978,6,65535,65535,300606,2053,1,8
0:05:978,6,65535,65535,300614,2053,1,8
0:05:985,3813,567,159,140868,2056,1,8
0:05:985,3988,614,175,196554,2056,1,8
0:05:988,3988,555,146,140871,2057,1,8
0:05:992,3813,554,153,125202,2058,1,8
0:05:992,3812,524,150,140868,2058,1,8
0:05:995,2960,405,185,78112,2060,1,8
0:05:995,3988,550,154,140870,2060,1,8
0:05:999,3813,571,153,140861,2061,1,8
0:06:002,3988,574,144,140870,2063,1,8
0:06:002,3988,691,184,506084,2063,1,8
0:06:006,3813,573,164,140861,2064,1,8
0:06:009,3988,559,145,140863,2066,1,8
0:06:009,3813,618,162,450157,2066,1,8
0:06:013,3813,569,152,140860,2067,1,8
0:06:013,3988,644,174,405593,2067,1,8
0:06:016,3988,571,169,140862,2068,1,8
0:06:016,3813,640,147,352430,2068,1,8
0:06:020,3813,589,154,140859,2070,1,8
0:06:020,3813,635,159,322577,2070,1,8
0:06:020,3813,625,134,501968,2070,1,8
0:06:023,3988,625,134,140861,2071,1,8
0:06:023,3988,627,180,281475,2071,1,8
0:06:030,3813,526,161,124649,2074,1,8
0:06:030,3988,592,135,140860,2074,1,8
0:06:030,3813,659,175,236577,2074,1,8
0:06:034,3301,601,142,140868,2076,1,8
0:06:034,3988,592,135,194550,2076,1,8
0:06:034,3988,642,153,201774,2076,1,8
0:06:037,3988,581,141,140859,2077,1,8
0:06:037,3813,620,136,265519,2077,1,8
0:06:041,3813,480,113,102060,2079,1,8
0:06:041,3813,589,154,140856,2079,1,8
0:06:041,3988,606,145,340190,2079,1,8
0:06:048,3813,593,130,140854,2081,1,8
0:06:048,3988,703,143,499960,2081,1,8
0:06:051,3988,575,117,140857,2083,1,8
0:06:055,3813,171,63,31014,2084,1,8
0:06:055,3813,590,135,140853,2084,1,8
0:06:058,3988,476,78,93390,2086,1,8
0:06:058,3988,596,116,140856,2086,1,8
0:06:062,3813,598,107,140852,2087,1,8
0:06:062,3813,559,126,146672,2087,1,8
0:06:065,3988,610,130,140855,2089,1,8
0:06:065,3988,597,135,220198,2089,1,8
0:06:069,3813,584,136,140851,2090,1,8
0:06:072,3988,601,118,140853,2091,1,8
0:06:076,3813,564,118,140850,2093,1,8
0:06:079,3988,580,112,140852,2094,1,8
0:06:083,3813,587,121,140849,2096,1,8
0:06:086,3988,559,112,140851,2097,1,8
0:06:090,3813,578,109,140842,2099,1,8
0:06:093,3988,568,106,140850,2100,1,8
0:06:097,3813,567,125,140847,2101,1,8
0:06:100,3988,565,116,140849,2103,1,8
0:06:104,3813,548,103,140845,2104,1,8
0:06:107,3988,549,89,140848,2106,1,8
0:06:110,3813,546,106,140844,2107,1,8
0:06:114,3988,556,115,140846,2109,1,8
0:06:117,3813,536,121,140842,2110,1,8
0:06:121,3988,527,106,140845,2111,1,8
0:06:125,3813,514,113,140835,2113,1,8
0:06:128,3988,517,125,140844,2114,1,8
0:06:132,3813,514,109,140834,2116,1,8
0:06:135,3988,504,129,140842,2117,1,8
0:06:139,3813,482,104,140833,2118,1,8
0:06:142,3988,466,89,140841,2120,1,8
0:06:146,3813,486,97,140832,2121,1,8
0:06:149,3988,476,106,140840,2123,1,8
0:06:153,3813,463,103,140830,2124,1,8
0:06:156,3988,430,108,140833,2126,1,8
0:06:160,3813,444,115,140829,2127,1,8
0:06:163,3988,458,110,140831,2129,1,8
0:06:163,593,458,110,237771,2129,1,8
0:06:167,3813,427,108,140827,2130,1,8
0:06:170,3988,435,110,140835,2132,1,8
0:06:174,593,79,0,34892,2133,1,8
0:06:174,3813,411,108,140826,2133,1,8
0:06:177,3988,382,106,140828,2134,1,8
0:06:181,3813,366,103,140825,2136,1,8
0:06:184,3988,402,117,140827,2137,1,8
0:06:188,3813,373,111,140823,2139,1,8
0:06:191,3988,360,143,140826,2140,1,8
0:06:191,4,372,0,267160,2140,1,8
0:06:191,6,382,135,307737,2140,1,8
0:06:191,704,387,129,314937,2140,1,8
0:06:191,3264,65535,65535,315004,2140,1,8
0:06:191,192,65535,65535,315018,2140,1,8
0:06:191,128,371,107,318309,2140,1,8
0:06:191,258,65535,65535,318390,2140,1,8
0:06:195,3749,375,107,140822,2141,1,8
0:06:198,3988,366,124,140824,2143,1,8
0:06:205,3988,335,120,140823,2146,1,8
0:06:209,3813,326,105,140820,2147,1,8
0:06:212,3988,314,101,140821,2149,1,8
0:06:216,229,309,107,140818,2150,1,8
0:06:219,3988,305,98,140820,2152,1,8
0:06:223,3813,299,111,140817,2153,1,8
0:06:226,3988,284,100,140825,2155,1,8
0:06:233,132,257,111,140823,2157,1,8
0:06:258,593,304,0,213763,2167,1,8
0:06:282,2112,304,0,291591,2177,1,8
0:06:289,17,90,0,207939,2180,1,8
0:06:293,32,216,0,147780,2182,1,8
0:06:545,2176,216,0,368918,2285,1,8
0:06:545,576,100,0,372181,2285,1,8
0:06:887,1025,100,0,321574,2425,1,8
0:06:898,528,52,0,150902,2429,1,8
0:06:898,128,52,0,381934,2429,1,8
0:07:100,0,0,0,2147483648,1454,1,9
0:07:100,0,0,0,0,1454,1,9
0:07:100,0,0,0,0,1454,1,9
0:07:100,0,0,0,0,1454,1,9
0:07:100,0,0,0,0,1454,1,9
0:07:100,0,0,0,0,1454,1,9
0:07:100,0,0,0,0,1454,1,9
0:07:100,0,0,0,0,1454,1,9
0:07:100,0,0,0,0,1454,1,9
0:07:100,0,0,0,0,1454,1,9
0:07:100,0,0,0,0,1454,1,9
0:07:100,0,0,0,0,1454,1,9
0:07:100,0,0,0,0,1454,1,9
0:07:100,0,0,0,0,1454,1,9
0:07:100,0,0,0,0,1454,1,9
0:07:100,0,0,0,0,1454,1,9
0:07:100,0,0,0,0,1454,1,9
0:07:100,0,0,0,0,1454,1,9
0:07:100,0,0,0,0,1454,1,9
0:07:100,0,0,0,0,1454,1,9
0:07:100,0,0,0,0,1454,1,9
0:07:100,0,0,0,0,1454,1,9
0:07:100,0,0,0,0,1454,1,9
0:07:100,0,0,0,0,1454,1,9
0:07:100,0,0,0,0,1454,1,9
0:07:100,0,0,0,0,1454,1,9
0:07:100,0,0,0,0,1454,1,9
0:07:100,0,0,0,0,1454,1,9
0:07:100,0,0,0,0,1454,1,9
0:07:119,512,52,0,410955,2519,1,9
0:07:129,160,149,0,157941,2524,1,9
0:07:322,513,270,63,327953,2603,1,9
0:07:396,0,0,0,3221225472,1454,1,10
0:07:396,0,0,0,0,1454,1,10
0:07:396,0,0,0,0,1454,1,10
0:07:396,0,0,0,0,1454,1,10
0:07:396,0,0,0,0,1454,1,10
0:07:396,0,0,0,0,1454,1,10
0:07:396,0,0,0,0,1454,1,10
0:07:396,0,0,0,0,1454,1,10
0:07:396,0,0,0,0,1454,1,10
0:07:396,0,0,0,0,1454,1,10
0:07:396,0,0,0,0,1454,1,10
0:07:396,0,0,0,0,1454,1,10
0:07:396,0,0,0,0,1454,1,10
0:07:396,0,0,0,0,1454,1,10
0:07:396,0,0,0,0,1454,1,10
0:07:396,0,0,0,0,1454,1,10
0:07:396,0,0,0,0,1454,1,10
0:07:396,0,0,0,0,1454,1,10
0:07:396,0,0,0,0,1454,1,10
0:07:396,0,0,0,0,1454,1,10
0:07:396,0,0,0,0,1454,1,10
0:07:396,0,0,0,0,1454,1,10
0:07:396,0,0,0,0,1454,1,10
0:07:396,0,0,0,0,1454,1,10
0:07:396,0,0,0,0,1454,1,10
0:07:396,0,0,0,0,1454,1,10
0:07:396,0,0,0,0,1454,1,10
0:07:396,0,0,0,0,1454,1,10
0:07:396,0,0,0,0,1454,1,10
0:07:434,52,270,63,233221,2648,1,10
0:07:511,514,151,0,277772,2680,1,10
0:07:511,12,151,0,281071,2680,1,10
0:07:563,2080,371,172,44737,2701,1,10
0:07:574,4,389,161,44715,2705,1,10
0:07:581,4,389,161,44721,2708,1,10
0:07:605,32,389,161,44718,2718,1,10
0:07:686,2101,108,0,124080,2751,1,10
0:07:703,408,103,0,6545,2758,1,10
0:07:707,128,95,0,6542,2760,1,10
0:07:710,272,95,0,6545,2761,1,10
0:07:714,2176,86,0,6536,2763,1,10
0:07:717,136,108,0,6540,2764,1,10
0:07:721,2176,80,0,6542,2766,1,10
0:07:742,2176,80,0,6542,2774,1,10
0:07:763,128,80,0,7119,2783,1,10
0:07:770,2176,80,0,6543,2786,1,10
0:07:773,408,118,0,6534,2787,1,10
0:07:777,2176,100,0,6549,2789,1,10
0:07:794,408,129,0,6535,2796,1,10
0:07:797,2048,74,0,7125,2797,1,10
0:07:801,264,74,0,7123,2799,1,10
0:07:808,408,144,0,6546,2802,1,10
0:07:815,408,114,0,6540,2804,1,10
0:07:819,128,64,0,7119,2806,1,10
0:07:822,408,60,0,7110,2807,1,10
0:07:850,408,117,0,6540,2819,1,10
0:07:854,2176,124,0,6541,2820,1,10
0:08:102,2176,124,0,467875,2922,1,10
0:08:141,16,124,0,355163,2937,1,10
0:08:382,320,124,0,345069,3036,1,10
0:08:456,1024,124,0,481643,3066,1,10
0:08:477,2405,92,0,240014,3075,1,10
0:08:491,3445,107,0,240000,3081,1,10
0:08:501,3408,100,0,239998,3085,1,10
0:08:508,3408,83,0,239997,3088,1,10
0:08:512,3445,99,0,239994,3089,1,10
0:08:519,3413,99,0,240012,3092,1,10
0:08:529,3408,76,0,240008,3097,1,10
0:08:533,373,74,0,239999,3098,1,10
0:08:536,3344,93,0,239996,3099,1,10
0:08:540,3445,96,0,240011,3101,1,10
0:08:547,3445,89,0,240004,3104,1,10
0:08:550,3408,82,0,239995,3105,1,10
0:08:557,3408,103,0,240006,3108,1,10
0:09:102,0,0,0,2147483648,1454,1,11
0:09:102,0,0,0,0,1454,1,11
0:09:102,0,0,0,0,1454,1,11
0:09:102,0,0,0,0,1454,1,11
0:09:102,0,0,0,0,1454,1,11
0:09:102,0,0,0,0,1454,1,11
0:09:102,0,0,0,0,1454,1,11
0:09:102,0,0,0,0,1454,1,11
0:09:102,0,0,0,0,1454,1,11
0:09:102,0,0,0,0,1454,1,11
0:09:102,0,0,0,0,1454,1,11
0:09:102,0,0,0,0,1454,1,11
0:09:102,0,0,0,0,1454,1,11
0:09:102,0,0,0,0,1454,1,11
0:09:102,0,0,0,0,1454,1,11
0:09:102,0,0,0,0,1454,1,11
0:09:102,0,0,0,0,1454,1,11
0:09:102,0,0,0,0,1454,1,11
0:09:102,0,0,0,0,1454,1,11
0:09:102,0,0,0,0,1454,1,11
0:09:102,0,0,0,0,1454,1,11
0:09:102,0,0,0,0,1454,1,11
0:09:102,0,0,0,0,1454,1,11
0:09:102,0,0,0,0,1454,1,11
0:09:102,0,0,0,0,1454,1,11
0:09:102,0,0,0,0,1454,1,11
0:09:102,0,0,0,0,1454,1,11
0:09:102,0,0,0,0,1454,1,11
0:09:102,0,0,0,0,1454,1,11
0:09:103,1024,103,0,398357,3331,1,11
0:09:142,1511,94,0,237006,3347,1,11
0:09:145,1552,75,0,237015,3349,1,11
0:09:148,1511,100,0,237000,3350,1,11
0:09:152,1552,94,0,237010,3351,1,11
0:09:159,1552,89,0,237010,3354,1,11
0:09:163,1510,111,0,236995,3356,1,11
0:09:166,1552,101,0,237010,3357,1,11
0:09:170,1383,109,0,237007,3359,1,11
0:09:173,1552,103,0,236999,3360,1,11
0:09:177,1511,94,0,237001,3361,1,11
0:09:180,1552,107,0,237004,3363,1,11
0:09:184,1511,107,0,237001,3364,1,11
0:09:187,1552,109,0,237005,3366,1,11
0:09:191,1511,113,0,237008,3367,1,11
0:09:198,1511,91,0,237014,3370,1,11
0:09:201,1552,113,0,237005,3371,1,11
0:09:201,264,81,0,328323,3371,1,11
0:09:205,1511,102,0,237002,3373,1,11
0:09:208,1040,104,0,237000,3374,1,11
0:09:212,1511,98,0,237008,3376,1,11
0:09:215,1552,98,0,236994,3377,1,11
0:09:219,1479,97,0,237002,3379,1,11
0:09:222,1552,112,0,237000,3380,1,11
0:09:226,1511,115,0,237002,3381,1,11
0:09:229,1552,81,0,236987,3383,1,11
0:09:233,1511,113,0,236997,3384,1,11
0:09:236,1552,117,0,236994,3386,1,11
0:09:240,1510,101,0,236997,3387,1,11
0:09:243,1552,118,0,236994,3389,1,11
0:09:247,1511,123,0,237003,3390,1,11
0:09:250,1552,123,0,236995,3391,1,11
0:09:250,128,106,0,468117,3391,1,11
0:09:250,272,116,0,474567,3391,1,11
0:09:254,1511,95,0,236991,3393,1,11
0:09:257,1552,104,0,236988,3394,1,11
0:09:260,1511,105,0,237003,3396,1,11
0:09:264,1552,96,0,237000,3397,1,11
0:09:268,1511,106,0,236992,3399,1,11
0:09:271,1552,109,0,236995,3400,1,11
0:09:275,1511,93,0,236980,3401,1,11
0:09:278,1552,107,0,236995,3403,1,11
0:09:278,66,107,0,275293,3403,1,11
0:09:282,1511,112,0,236986,3404,1,11
0:09:282,16,75,0,243724,3404,1,11
0:09:285,1552,117,0,236995,3406,1,11
0:09:288,1511,82,0,236992,3407,1,11
0:09:292,1552,82,0,236984,3409,1,11
0:09:299,1552,89,0,236989,3412,1,11
0:09:303,128,68,0,93307,3413,1,11
0:09:303,320,64,0,99720,3413,1,11
0:09:306,1552,79,0,236989,3415,1,11
0:09:310,1479,103,0,236993,3416,1,11
0:09:313,512,103,0,95044,3417,1,11
0:09:313,18,103,0,98488,3417,1,11
0:09:313,1024,103,0,108915,3417,1,11
0:09:317,1511,101,0,236999,3419,1,11
0:09:327,1552,87,0,236989,3423,1,11
0:09:398,0,0,0,3221225472,1454,1,12
0:09:398,0,0,0,0,1454,1,12
0:09:398,0,0,0,0,1454,1,12
0:09:398,0,0,0,0,1454,1,12
0:09:398,0,0,0,0,1454,1,12
0:09:398,0,0,0,0,1454,1,12
0:09:398,0,0,0,0,1454,1,12
0:09:398,0,0,0,0,1454,1,12
0:09:398,0,0,0,0,1454,1,12
0:09:398,0,0,0,0,1454,1,12
0:09:398,0,0,0,0,1454,1,12
0:09:398,0,0,0,0,1454,1,12
0:09:398,0,0,0,0,1454,1,12
0:09:398,0,0,0,0,1454,1,12
0:09:398,0,0,0,0,1454,1,12
0:09:398,0,0,0,0,1454,1,12
0:09:398,0,0,0,0,1454,1,12
0:09:398,0,0,0,0,1454,1,12
0:09:398,0,0,0,0,1454,1,12
0:09:398,0,0,0,0,1454,1,12
0:09:398,0,0,0,0,1454,1,12
0:09:398,0,0,0,0,1454,1,12
0:09:398,0,0,0,0,1454,1,12
0:09:398,0,0,0,0,1454,1,12
0:09:398,0,0,0,0,1454,1,12
0:09:398,0,0,0,0,1454,1,12
0:09:398,0,0,0,0,1454,1,12
0:09:398,0,0,0,0,1454,1,12
0:09:398,0,0,0,0,1454,1,12
0:09:408,1024,74,0,159193,3456,1,12
0:09:509,1556,107,0,452012,3497,1,12
0:09:537,2101,116,0,109215,3509,1,12
0:09:540,3812,92,0,452017,3510,1,12
0:09:551,1604,101,0,452009,3514,1,12
0:09:558,1620,106,0,452021,3517,1,12
0:09:649,512,106,0,499549,3555,1,12
0:09:667,2101,106,0,100314,3562,1,12
0:09:810,192,101,0,11759,3621,1,12
0:09:814,512,101,0,11756,3622,1,12
0:09:817,208,952,431,11760,3624,1,12
0:09:821,593,995,431,11762,3625,1,12
0:09:824,208,1101,473,11754,3626,1,12
0:09:828,593,1151,492,11757,3628,1,12
0:09:831,208,1063,461,11760,3629,1,12
0:09:835,593,1054,458,11758,3631,1,12
0:09:838,208,1098,465,11760,3632,1,12
0:09:842,593,1093,462,11758,3633,1,12
0:09:845,208,1041,420,11760,3635,1,12
0:09:848,593,1100,443,11764,3636,1,12
0:09:852,208,1160,460,11755,3638,1,12
0:09:856,593,1150,466,11759,3639,1,12
0:09:859,208,1137,453,11761,3641,1,12
0:09:866,208,1100,435,11761,3644,1,12
0:09:870,593,1151,440,11759,3645,1,12
0:09:873,208,1064,413,11756,3646,1,12
0:09:877,593,1069,420,11760,3648,1,12
0:09:880,208,1206,470,11757,3649,1,12
0:09:884,593,1170,442,11760,3651,1,12
0:09:887,208,1137,422,11757,3652,1,12
0:09:890,593,1157,442,11760,3654,1,12
0:09:894,208,1179,452,11763,3655,1,12
0:09:898,593,1126,413,11754,3656,1,12
0:09:901,208,1012,378,11758,3658,1,12
0:09:905,593,1071,395,11760,3659,1,12
0:09:908,208,1177,422,11758,3661,1,12
0:09:912,593,1114,416,11760,3662,1,12
0:09:915,208,1112,407,11764,3664,1,12
0:09:919,593,1134,418,11761,3665,1,12
0:09:922,208,1099,386,11764,3666,1,12
0:09:926,593,1059,382,11756,3668,1,12
0:09:929,208,962,361,11759,3669,1,12
0:09:933,593,993,378,11756,3671,1,12
0:09:936,208,1073,397,11759,3672,1,12
0:09:940,593,1036,392,11762,3674,1,12
0:09:943,208,1030,388,11760,3675,1,12
0:09:947,593,1060,391,11762,3677,1,12
0:09:950,208,1007,385,11766,3678,1,12
0:09:950,17,1007,385,351510,3678,1,12
0:09:954,593,986,386,11757,3679,1,12
0:09:957,208,866,356,11760,3681,1,12
0:09:961,593,912,356,11758,3682,1,12
0:09:964,208,941,374,11760,3684,1,12
0:09:968,593,873,357,11763,3685,1,12
0:09:971,208,867,368,11760,3686,1,12
0:09:975,593,939,396,11758,3688,1,12
0:09:978,208,875,367,11761,3689,1,12
0:09:982,593,846,367,11759,3691,1,12
0:09:985,208,789,356,11761,3692,1,12
0:09:989,577,842,370,11759,3694,1,12
0:10:111,512,160,15,140190,3744,1,12
0:10:118,148,160,15,140190,3747,1,12
0:10:132,1796,160,15,140173,3752,1,12
0:10:136,1253,167,59,140182,3754,1,12
0:10:139,2320,161,0,140197,3755,1,12
0:10:143,3813,193,76,140182,3757,1,12
0:10:146,2964,193,76,140179,3758,1,12
0:10:150,3813,190,0,140171,3760,1,12
0:10:150,8,190,0,415764,3760,1,12
0:10:150,26,190,0,419214,3760,1,12
0:10:153,2964,200,56,140179,3761,1,12
0:10:157,3813,190,34,140177,3763,1,12
0:10:160,3732,195,75,140175,3764,1,12
0:10:164,1765,203,58,140172,3765,1,12
0:10:167,3988,210,0,140180,3767,1,12
0:10:171,3813,204,75,140172,3768,1,12
0:10:174,3988,215,37,140175,3770,1,12
0:10:178,3813,213,0,140166,3771,1,12
0:10:181,3988,208,0,140169,3773,1,12
0:10:185,3813,204,36,140166,3774,1,12
0:10:188,3988,218,0,140170,3775,1,12
0:10:192,3813,231,60,140160,3777,1,12
0:10:192,1,231,60,274786,3777,1,12
0:10:195,3988,213,71,140170,3778,1,12
0:10:199,3813,251,0,140161,3780,1,12
0:10:202,3988,216,56,140164,3781,1,12
0:10:206,3813,222,0,140161,3783,1,12
0:10:209,3988,229,0,140159,3784,1,12
0:10:213,3813,213,72,140162,3786,1,12
0:10:216,3988,231,0,140165,3787,1,12
0:10:220,3813,208,64,140157,3788,1,12
0:10:223,3988,228,0,140160,3790,1,12
0:10:227,3813,227,0,140151,3791,1,12
0:10:230,3988,220,0,140154,3793,1,12
0:10:234,3813,222,55,140151,3794,1,12
0:10:237,3988,232,0,140155,3796,1,12
0:10:241,3813,233,0,140152,3797,1,12
0:10:244,3988,230,0,140155,3798,1,12
0:10:248,3813,234,41,140152,3800,1,12
0:10:251,3988,238,0,140155,3801,1,12
0:10:255,3813,205,0,140146,3803,1,12
0:10:258,3988,224,0,140155,3804,1,12
0:10:262,3813,241,0,140146,3806,1,12
0:10:265,3988,211,36,140149,3807,1,12
0:10:269,3813,223,0,140146,3808,1,12
0:10:272,18,147,0,121892,3810,1,12
0:10:272,15,184,0,128636,3810,1,12
0:10:272,528,147,0,131942,3810,1,12
0:10:272,528,65535,65535,132010,3810,1,12
0:10:272,528,65535,65535,132017,3810,1,12
0:10:272,262,190,0,165164,3810,1,12
0:10:272,24,169,58,168386,3810,1,12
0:10:272,24,65535,65535,165231,3810,1,12
0:10:272,24,65535,65535,165251,3810,1,12
0:10:272,2,188,0,172214,3810,1,12
0:10:276,3813,224,0,140146,3811,1,12
0:10:279,3988,232,0,140150,3813,1,12
0:10:283,3813,195,0,140141,3814,1,12
0:10:286,3988,203,0,140145,3816,1,12
0:10:290,3813,210,63,140141,3817,1,12
0:10:293,3988,201,0,140145,3818,1,12
0:10:293,512,103,0,356141,3818,1,12
0:10:293,16,107,0,359351,3818,1,12
0:10:293,1,107,0,362584,3818,1,12
0:10:297,3813,233,0,140142,3820,1,12
0:10:300,3988,208,55,140145,3821,1,12
0:10:304,3813,221,0,140142,3823,1,12
0:10:307,3988,206,0,140145,3824,1,12
0:10:314,3988,197,0,140139,3827,1,12
0:10:318,3813,192,0,140136,3829,1,12
0:10:321,3988,210,0,140139,3830,1,12
0:10:325,3813,210,0,140136,3831,1,12
0:10:328,3988,199,0,140139,3833,1,12
0:10:332,3813,215,0,140136,3834,1,12
0:10:335,3988,188,0,140133,3836,1,12
0:10:339,3813,192,0,140136,3837,1,12
0:10:342,3988,186,0,140133,3839,1,12
0:10:346,3813,166,0,140130,3840,1,12
0:10:349,3988,197,0,140133,3841,1,12
0:10:353,3781,174,60,140130,3843,1,12
0:10:356,3988,193,0,140128,3844,1,12
0:10:360,3813,172,60,140124,3846,1,12
0:10:363,3972,153,0,140133,3847,1,12
0:10:367,3813,166,17,140124,3849,1,12
0:10:370,3984,165,0,140127,3850,1,12
0:10:374,3813,162,58,140124,3852,1,12
0:10:377,3988,174,39,140127,3853,1,12
0:10:384,3988,144,39,140127,3856,1,12
0:10:388,3685,161,0,140130,3857,1,12
0:10:391,3988,164,0,140127,3859,1,12
0:10:395,3813,156,33,140124,3860,1,12
0:10:395,14,59,0,254271,3860,1,12
0:10:398,3984,143,0,140115,3861,1,12
0:10:402,1765,143,0,140117,3863,1,12
0:10:405,2944,128,0,140109,3864,1,12
0:10:412,2960,145,55,140115,3867,1,12
0:10:416,1733,138,0,140117,3869,1,12
0:10:416,512,138,0,230206,3869,1,12
0:10:423,3205,138,0,140112,3871,1,12
0:10:430,1028,138,0,140112,3874,1,12
0:10:437,1061,138,0,140100,3877,1,12
0:10:524,7,219,0,337250,3913,1,12
0:10:577,144,208,78,98815,3935,1,12
0:10:584,145,211,65,98821,3938,1,12
0:10:591,145,241,80,98815,3940,1,12
0:10:594,976,235,72,98824,3942,1,12
0:10:598,145,235,70,98820,3943,1,12
0:10:601,976,251,79,98818,3945,1,12
0:10:601,16,78,0,222146,3945,1,12
0:10:601,792,82,0,297715,3945,1,12
0:10:601,280,65535,65535,287890,3945,1,12
0:10:601,512,86,0,357162,3945,1,12
0:10:605,145,233,73,98827,3946,1,12
0:10:608,144,111,0,87952,3947,1,12
0:10:608,976,260,63,98824,3947,1,12
0:10:612,17,255,105,98821,3949,1,12
0:10:615,976,248,71,98824,3950,1,12
0:10:615,3024,101,0,411659,3950,1,12
0:10:619,1525,108,0,182676,3952,1,12
0:10:626,145,271,113,98827,3954,1,12
0:10:626,1525,75,0,182676,3954,1,12
0:10:626,3024,94,0,205332,3954,1,12
0:10:629,16,84,0,172893,3956,1,12
0:10:633,149,84,0,25352,3957,1,12
0:10:633,145,310,83,98827,3957,1,12
0:10:633,1460,54,0,110659,3957,1,12
0:10:633,501,108,0,182670,3957,1,12
0:10:633,976,407,96,488467,3957,1,12
0:10:636,3024,407,96,182673,3959,1,12
0:10:636,16,436,136,453166,3959,1,12
0:10:640,1525,116,0,182676,3960,1,12
0:10:640,149,116,0,367341,3960,1,12
0:10:643,976,309,99,98836,3962,1,12
0:10:643,3024,104,0,182673,3962,1,12
0:10:643,976,427,184,315847,3962,1,12
0:10:647,145,309,122,98834,3963,1,12
0:10:650,3024,132,0,182673,3965,1,12
0:10:650,149,460,158,191253,3965,1,12
0:10:654,145,349,113,98840,3966,1,12
0:10:657,976,309,114,98831,3968,1,12
0:10:657,8,409,164,137501,3968,1,12
0:10:661,145,330,124,98835,3969,1,12
0:10:661,1525,107,0,182677,3969,1,12
0:10:661,976,461,177,466616,3969,1,12
0:10:664,3024,89,0,182680,3970,1,12
0:10:664,2900,65535,65535,439013,3970,1,12
0:10:668,1525,110,0,182677,3972,1,12
0:10:668,149,463,194,356824,3972,1,12
0:10:671,976,321,149,98837,3973,1,12
0:10:671,3024,114,0,182674,3973,1,12
0:10:671,592,114,0,284858,3973,1,12
0:10:675,1525,101,0,182671,3975,1,12
0:10:675,16,492,194,226795,3975,1,12
0:10:675,3927,65535,65535,226945,3975,1,12
0:10:678,148,435,176,144826,3976,1,12
0:10:682,145,334,152,98841,3978,1,12
0:10:682,1525,106,0,182677,3978,1,12
0:10:685,3024,94,0,182680,3979,1,12
0:10:689,1237,97,0,182677,3980,1,12
0:10:689,976,97,0,398770,3980,1,12
0:10:692,3024,97,0,182681,3982,1,12
0:10:696,1524,106,0,182677,3983,1,12
0:10:699,3024,100,0,182686,3985,1,12
0:10:703,1521,77,0,182677,3986,1,12
0:10:706,976,101,0,182681,3987,1,12
0:10:710,1525,120,0,182684,3989,1,12
0:10:713,3024,108,0,182681,3990,1,12
0:10:717,1525,126,0,182677,3992,1,12
0:10:720,2704,137,0,182681,3993,1,12
0:10:724,1525,116,0,182684,3995,1,12
0:10:727,3024,112,0,182686,3996,1,12
0:10:731,1525,112,0,182689,3998,1,12
0:10:734,3024,114,0,182686,3999,1,12
0:10:738,1525,104,0,182684,4001,1,12
0:10:741,3024,108,0,182686,4002,1,12
0:10:748,3024,108,0,182687,4005,1,12
0:10:752,1525,129,0,182696,4006,1,12
0:10:755,3024,88,0,182693,4008,1,12
0:10:759,1525,91,0,182690,4009,1,12
0:10:766,149,91,0,98853,4012,1,12
0:10:766,1493,115,0,182696,4012,1,12
0:10:769,912,420,176,98856,4013,1,12
0:10:769,3024,127,0,182693,4013,1,12
0:10:773,149,431,187,98859,4015,1,12
0:10:773,1525,133,0,182696,4015,1,12
0:10:776,976,438,180,98856,4016,1,12
0:10:776,2896,105,0,182693,4016,1,12
0:10:780,149,446,186,98859,4018,1,12
0:10:780,1525,108,0,182701,4018,1,12
0:10:783,976,465,192,98856,4019,1,12
0:10:783,3024,115,0,182692,4019,1,12
0:10:787,149,471,188,98859,4021,1,12
0:10:787,1525,117,0,182701,4021,1,12
0:10:790,976,465,194,98855,4022,1,12
0:10:790,3024,101,0,182704,4022,1,12
0:10:794,149,477,186,98859,4024,1,12
0:10:794,1525,87,0,182695,4024,1,12
0:10:797,976,493,205,98855,4025,1,12
0:10:797,3024,99,0,182692,4025,1,12
0:10:801,149,510,213,98858,4026,1,12
0:10:801,1525,134,0,182700,4026,1,12
0:10:804,976,498,190,98861,4028,1,12
0:10:804,3024,101,0,182703,4028,1,12
0:10:808,149,528,196,98865,4029,1,12
0:10:808,1525,113,0,182707,4029,1,12
0:10:811,976,522,207,98861,4031,1,12
0:10:811,3024,100,0,182703,4031,1,12
0:10:815,149,521,208,98858,4032,1,12
0:10:815,1525,109,0,182707,4032,1,12
0:10:818,976,525,216,98861,4033,1,12
0:10:818,3024,133,0,182703,4033,1,12
0:10:822,21,534,180,98865,4035,1,12
0:10:822,1525,98,0,182707,4035,1,12
0:10:825,976,559,214,98867,4036,1,12
0:10:825,3024,112,0,182715,4036,1,12
0:10:829,149,572,222,98865,4038,1,12
0:10:829,1525,108,0,182707,4038,1,12
0:10:832,976,573,229,98873,4039,1,12
0:10:836,149,583,218,98876,4041,1,12
0:10:836,1525,138,0,182700,4041,1,12
0:10:843,149,607,224,98870,4043,1,12
0:10:843,1525,96,0,182713,4043,1,12
0:10:846,976,605,212,98867,4045,1,12
0:10:846,3024,605,212,182710,4045,1,12
0:10:850,149,625,241,98870,4046,1,12
0:10:853,976,628,246,98867,4048,1,12
0:10:853,3024,98,0,182716,4048,1,12
0:10:857,149,647,244,98871,4049,1,12
0:10:860,976,632,249,98874,4051,1,12
0:10:860,3024,89,0,182716,4051,1,12
0:10:864,149,645,242,98871,4052,1,12
0:10:864,1525,106,0,182714,4052,1,12
0:10:867,976,673,252,98874,4054,1,12
0:10:867,2960,99,0,182716,4054,1,12
0:10:871,149,659,247,98878,4055,1,12
0:10:874,976,675,259,98880,4056,1,12
0:10:878,149,680,251,98871,4058,1,12
0:10:878,1525,680,251,182720,4058,1,12
0:10:881,976,669,251,98875,4059,1,12
0:10:881,3024,79,0,182717,4059,1,12
0:10:885,149,690,268,98878,4061,1,12
0:10:885,1525,86,0,182720,4061,1,12
0:10:888,976,670,275,98880,4062,1,12
0:10:888,2384,104,0,182730,4062,1,12
0:10:891,149,702,276,98872,4063,1,12
0:10:891,1460,79,0,182720,4063,1,12
0:10:895,976,696,258,98875,4065,1,12
0:10:899,149,701,272,98879,4066,1,12
0:10:899,1265,72,0,182721,4066,1,12
0:10:902,976,714,271,98881,4068,1,12
0:10:902,2768,73,0,182730,4068,1,12
0:10:906,149,718,261,98884,4069,1,12
0:10:909,976,745,277,98888,4071,1,12
0:10:913,149,740,274,98879,4072,1,12
0:10:913,1140,77,0,182740,4072,1,12
0:10:916,976,710,276,98882,4073,1,12
0:10:916,136,271,95,295223,4073,1,12
0:10:920,149,758,298,98885,4075,1,12
0:10:920,1365,758,298,182728,4075,1,12
0:10:923,976,748,262,98882,4076,1,12
0:10:927,149,754,277,98885,4078,1,12
0:10:930,976,753,267,98882,4079,1,12
0:10:934,149,767,285,98885,4081,1,12
0:10:934,420,54,0,182729,4081,1,12
0:10:937,976,765,278,98889,4082,1,12
0:10:941,149,770,274,98886,4084,1,12
0:10:944,976,794,288,98889,4085,1,12
0:10:948,21,790,255,98892,4086,1,12
0:10:951,976,815,274,98889,4088,1,12
0:10:955,149,817,284,98892,4089,1,12
0:10:958,976,814,282,98895,4091,1,12
0:10:962,149,837,261,98897,4092,1,12
0:10:965,976,821,262,98895,4094,1,12
0:10:969,149,848,262,98892,4095,1,12
0:10:972,976,848,260,98895,4096,1,12
0:10:976,149,844,264,98892,2,1,13
0:10:979,976,833,259,98895,3,1,13
0:10:983,149,846,261,98898,5,1,13
0:10:986,976,863,264,98901,6,1,13
0:10:990,149,859,242,98893,7,1,13
0:10:993,976,881,229,98895,9,1,13
0:10:997,149,861,249,98898,10,1,13
0:11:000,976,884,232,98902,12,1,13
0:11:004,149,890,251,98905,13,1,13
0:11:007,976,880,241,98896,15,1,13
0:11:010,149,881,221,98899,16,1,13
0:11:014,976,888,229,98902,18,1,13
0:11:018,768,66,0,7593,19,1,13
0:11:018,149,897,217,98906,19,1,13
0:11:018,3063,65535,65535,393885,19,1,13
0:11:021,976,911,232,98909,21,1,13
0:11:025,149,832,295,71636,22,1,13
0:11:025,149,903,213,98911,22,1,13
0:11:025,3063,65535,65535,470534,22,1,13
0:11:025,768,1291,316,477134,22,1,13
0:11:025,768,65535,65535,470451,22,1,13
0:11:025,768,65535,65535,470465,22,1,13
0:11:025,264,1256,316,480434,22,1,13
0:11:025,264,65535,65535,470451,22,1,13
0:11:025,264,65535,65535,470465,22,1,13
0:11:028,976,934,228,98903,23,1,13
0:11:032,149,902,216,98906,25,1,13
0:11:032,976,1111,248,148279,25,1,13
0:11:035,976,924,204,98910,26,1,13
0:11:039,149,909,204,98906,28,1,13
0:11:039,149,1290,306,218616,28,1,13
0:11:042,3063,65535,65535,95663,29,1,13
0:11:042,2555,65535,65535,99335,29,1,13
0:11:042,3592,1052,286,109535,29,1,13
0:11:042,3600,65535,65535,109603,29,1,13
0:11:042,3584,65535,65535,109617,29,1,13
0:11:046,149,900,205,98912,30,1,13
0:11:049,976,926,216,98910,32,1,13
0:11:053,149,926,208,98912,33,1,13
0:11:056,976,923,217,98910,35,1,13
0:11:060,149,905,206,98913,36,1,13
0:11:060,132,1282,301,365981,36,1,13
0:11:060,2932,65535,65535,366131,36,1,13
0:11:060,516,1291,305,369502,36,1,13
0:11:060,128,1285,308,376331,36,1,13
0:11:060,128,65535,65535,376398,36,1,13
0:11:060,128,65535,65535,376412,36,1,13
0:11:063,976,923,206,98916,38,1,13
0:11:066,149,925,191,98913,39,1,13
0:11:070,976,910,192,98910,41,1,13
0:11:077,976,907,209,98917,43,1,13
0:11:081,149,903,217,98920,45,1,13
0:11:084,976,876,194,98911,46,1,13
0:11:087,149,887,236,98914,48,1,13
0:11:091,976,908,217,98918,49,1,13
0:11:095,149,892,211,98921,51,1,13
0:11:098,976,873,236,98924,52,1,13
0:11:101,149,872,221,98915,53,1,13
0:11:104,0,0,0,2147483648,1454,1,13
0:11:104,0,0,0,0,1454,1,13
0:11:104,0,0,0,0,1454,1,13
0:11:104,0,0,0,0,1454,1,13
0:11:104,0,0,0,0,1454,1,13
0:11:104,0,0,0,0,1454,1,13
0:11:104,0,0,0,0,1454,1,13
0:11:104,0,0,0,0,1454,1,13
0:11:104,0,0,0,0,1454,1,13
0:11:104,0,0,0,0,1454,1,13
0:11:104,0,0,0,0,1454,1,13
0:11:104,0,0,0,0,1454,1,13
0:11:104,0,0,0,0,1454,1,13
0:11:104,0,0,0,0,1454,1,13
0:11:104,0,0,0,0,1454,1,13
0:11:104,0,0,0,0,1454,1,13
0:11:104,0,0,0,0,1454,1,13
0:11:104,0,0,0,0,1454,1,13
0:11:104,0,0,0,0,1454,1,13
0:11:104,0,0,0,0,1454,1,13
0:11:104,0,0,0,0,1454,1,13
0:11:104,0,0,0,0,1454,1,13
0:11:104,0,0,0,0,1454,1,13
0:11:104,0,0,0,0,1454,1,13
0:11:104,0,0,0,0,1454,1,13
0:11:104,0,0,0,0,1454,1,13
0:11:104,0,0,0,0,1454,1,13
0:11:104,0,0,0,0,1454,1,13
0:11:104,0,0,0,0,1454,1,13
0:11:105,976,876,218,98918,55,1,14
0:11:109,149,839,221,98922,56,1,14
0:11:112,976,840,240,98925,58,1,14
0:11:115,149,829,205,98922,59,1,14
0:11:119,976,810,235,98925,60,1,14
0:11:123,149,803,228,98922,62,1,14
0:11:126,976,780,230,98925,63,1,14
0:11:129,149,790,224,98923,65,1,14
0:11:133,976,775,245,98925,66,1,14
0:11:137,149,762,248,98929,68,1,14
0:11:140,976,769,252,98926,69,1,14
0:11:144,149,754,249,98924,71,1,14
0:11:147,976,726,239,98926,72,1,14
0:11:150,149,740,253,98930,73,1,14
0:11:154,976,719,219,98933,75,1,14
0:11:158,149,689,273,98937,76,1,14
0:11:161,976,725,252,98927,78,1,14
0:11:165,149,692,245,98931,79,1,14
0:11:168,976,681,234,98934,81,1,14
0:11:172,149,643,260,98931,82,1,14
0:11:175,976,662,273,98935,83,1,14
0:11:178,149,635,273,98932,85,1,14
0:11:182,976,620,278,98935,86,1,14
0:11:185,149,619,269,98932,88,1,14
0:11:189,976,597,254,98936,89,1,14
0:11:196,912,572,260,98941,92,1,14
0:11:203,576,572,260,98936,95,1,14
0:11:221,8,557,251,278098,102,1,14
0:11:238,2708,293,126,270176,109,1,14
0:11:241,4,315,137,392781,111,1,14
0:11:241,516,318,136,396075,111,1,14
0:11:241,512,328,134,399290,111,1,14
0:11:241,768,65535,65535,392849,111,1,14
0:11:241,256,65535,65535,392856,111,1,14
0:11:245,2580,347,148,270170,112,1,14
0:11:248,981,333,129,270180,113,1,14
0:11:252,2708,320,115,270177,115,1,14
0:11:259,2708,320,115,270171,118,1,14
0:11:263,981,325,89,270168,119,1,14
0:11:266,2708,350,121,270165,121,1,14
0:11:270,981,363,121,270168,122,1,14
0:11:270,2692,377,151,384461,122,1,14
0:11:273,3063,65535,65535,248609,124,1,14
0:11:273,4,388,131,252136,124,1,14
0:11:273,256,372,168,255436,124,1,14
0:11:276,981,383,141,451354,125,1,14
0:11:280,2708,351,122,270166,126,1,14
0:11:280,3063,65535,65535,321801,126,1,14
0:11:280,536,395,136,331708,126,1,14
0:11:280,24,65535,65535,321719,126,1,14
0:11:280,24,65535,65535,321721,126,1,14
0:11:280,4,392,142,335001,126,1,14
0:11:284,981,410,123,270164,128,1,14
0:11:287,512,429,133,390867,129,1,14
0:11:287,1534,65535,65535,391017,129,1,14
0:11:287,256,423,139,394239,129,1,14
0:11:287,130,413,138,399189,129,1,14
0:11:287,2,65535,65535,399256,129,1,14
0:11:287,258,65535,65535,399264,129,1,14
0:11:291,981,386,125,270164,131,1,14
0:11:301,2708,382,137,139621,135,1,14
0:11:301,2708,445,129,270162,135,1,14
0:11:305,981,412,120,270165,137,1,14
0:11:308,853,490,156,209659,138,1,14
0:11:308,2708,431,135,270162,138,1,14
0:11:312,981,407,124,270165,139,1,14
0:11:315,2708,407,124,289146,141,1,14
0:11:318,981,479,112,270159,142,1,14
0:11:322,2708,461,123,270156,144,1,14
0:11:325,981,429,118,270159,145,1,14
0:11:329,2708,462,105,270156,147,1,14
0:11:333,981,481,112,270159,148,1,14
0:11:336,2708,476,143,270156,149,1,14
0:11:340,981,500,102,270159,151,1,14
0:11:343,2708,501,114,270156,152,1,14
0:11:347,981,506,116,270153,154,1,14
0:11:350,2708,480,84,270156,155,1,14
0:11:354,981,524,111,270153,157,1,14
0:11:357,2708,498,106,270150,158,1,14
0:11:360,981,493,129,270147,160,1,14
0:11:364,2708,487,111,270150,161,1,14
0:11:368,981,519,78,268953,162,1,14
0:11:371,2708,494,107,270144,164,1,14
0:11:374,981,499,106,270152,165,1,14
0:11:378,2708,513,101,270150,167,1,14
0:11:382,981,492,103,270140,168,1,14
0:11:385,2708,480,79,270150,170,1,14
0:11:388,981,516,104,270147,171,1,14
0:11:392,2708,505,91,270150,172,1,14
0:11:395,981,529,99,270140,174,1,14
0:11:399,2708,497,78,270144,175,1,14
0:11:400,0,0,0,3221225472,1454,1,14
0:11:400,0,0,0,0,1454,1,14
0:11:400,0,0,0,0,1454,1,14
0:11:400,0,0,0,0,1454,1,14
0:11:400,0,0,0,0,1454,1,14
0:11:400,0,0,0,0,1454,1,14
0:11:400,0,0,0,0,1454,1,14
0:11:400,0,0,0,0,1454,1,14
0:11:400,0,0,0,0,1454,1,14
0:11:400,0,0,0,0,1454,1,14
0:11:400,0,0,0,0,1454,1,14
0:11:400,0,0,0,0,1454,1,14
0:11:400,0,0,0,0,1454,1,14
0:11:400,0,0,0,0,1454,1,14
0:11:400,0,0,0,0,1454,1,14
0:11:400,0,0,0,0,1454,1,14
0:11:400,0,0,0,0,1454,1,14
0:11:400,0,0,0,0,1454,1,14
0:11:400,0,0,0,0,1454,1,14
0:11:400,0,0,0,0,1454,1,14
0:11:400,0,0,0,0,1454,1,14
0:11:400,0,0,0,0,1454,1,14
0:11:400,0,0,0,0,1454,1,14
0:11:400,0,0,0,0,1454,1,14
0:11:400,0,0,0,0,1454,1,14
0:11:400,0,0,0,0,1454,1,14
0:11:400,0,0,0,0,1454,1,14
0:11:400,0,0,0,0,1454,1,14
0:11:400,0,0,0,0,1454,1,14
0:11:402,24,530,119,295346,177,1,15
0:11:409,981,493,83,270147,180,1,15
0:11:413,3063,65535,65535,143126,181,1,15
0:11:413,8,518,112,212323,181,1,15
0:11:417,981,491,95,270140,182,1,15
0:11:420,2708,490,96,270137,184,1,15
0:11:424,3031,65535,65535,61824,185,1,15
0:11:424,6,288,104,65502,185,1,15
0:11:424,2,546,106,494003,185,1,15
0:11:424,561,546,106,497303,185,1,15
0:11:427,2708,478,82,270144,187,1,15
0:11:431,981,497,72,270135,188,1,15
0:11:431,2708,487,95,439067,188,1,15
0:11:434,2708,482,68,270137,190,1,15
0:11:437,981,500,75,270141,191,1,15
0:11:441,2900,65535,65535,209580,193,1,15
0:11:444,981,454,92,270135,194,1,15
0:11:448,2708,495,117,270138,195,1,15
0:11:455,2708,472,84,270126,198,1,15
0:11:462,2708,453,95,270133,201,1,15
0:11:469,2708,432,92,270133,204,1,15
0:11:480,981,390,101,270130,208,1,15
0:11:483,2708,400,74,270127,210,1,15
0:11:490,2708,392,92,270128,213,1,15
0:11:494,981,397,78,270131,214,1,15
0:11:497,2708,390,86,270128,216,1,15
0:11:500,981,363,89,270125,217,1,15
0:11:504,2708,378,82,270122,218,1,15
0:11:508,981,370,110,270125,220,1,15
0:11:511,2708,331,92,270122,221,1,15
0:11:514,981,371,97,270120,223,1,15
0:11:518,2708,336,125,270123,224,1,15
0:11:521,981,326,86,270120,226,1,15
0:11:525,2708,309,78,270118,227,1,15
0:11:529,917,298,85,270120,228,1,15
0:11:532,2704,304,109,270118,230,1,15
0:11:536,981,304,109,270115,231,1,15
0:11:539,2708,303,114,270118,233,1,15
0:11:543,853,277,109,270121,234,1,15
0:11:546,2580,345,74,270112,235,1,15
0:11:553,512,345,74,270113,238,1,15
0:11:557,336,257,83,270116,240,1,15
0:11:560,2576,257,83,270113,241,1,15
0:11:613,2048,213,82,49059,263,1,15
0:11:613,32,213,82,54159,263,1,15
0:11:816,2101,1815,819,320332,346,1,15
0:11:854,132,778,156,298498,362,1,15
0:11:854,32,778,156,301870,362,1,15
0:11:858,517,59,0,181215,363,1,15
0:11:858,258,77,0,187971,363,1,15
0:11:858,2,65535,65535,188039,363,1,15
0:11:858,260,2302,739,378930,363,1,15
0:11:875,1024,2594,807,346301,370,1,15
0:11:875,32,65535,65535,346368,370,1,15
0:11:875,2048,65535,65535,346382,370,1,15
0:11:875,2048,2516,819,349906,370,1,15
0:11:875,512,2530,778,353164,370,1,15
0:11:875,4078,65535,65535,353242,370,1,15
0:11:893,132,453,144,240262,377,1,15
0:11:893,4,455,114,254134,377,1,15
0:11:896,2900,146,0,338112,379,1,15
0:11:899,512,762,110,101869,380,1,15
0:11:899,1514,114,0,338127,380,1,15
0:11:899,1250,105,0,513433,380,1,15
0:11:903,3696,776,111,101872,382,1,15
0:11:903,2500,117,0,338113,382,1,15
0:11:907,512,808,128,101876,383,1,15
0:11:907,1514,96,0,147589,383,1,15
0:11:907,2096,2858,711,190092,383,1,15
0:11:910,3696,806,141,101873,385,1,15
0:11:914,2101,1929,752,74007,386,1,15
0:11:914,512,851,157,101876,386,1,15
0:11:917,3696,842,135,101880,387,1,15
0:11:917,3028,155,0,338114,387,1,15
0:11:921,512,874,138,101877,389,1,15
0:11:921,1514,874,138,115160,389,1,15
0:11:924,3696,860,133,101874,390,1,15
0:11:928,512,887,127,101877,392,1,15
0:11:928,1514,142,0,338116,392,1,15
0:11:928,1514,127,0,444537,392,1,15
0:11:931,3696,894,143,101880,393,1,15
0:11:931,3028,169,0,338120,393,1,15
0:11:935,1352,89,0,79228,395,1,15
0:11:935,512,919,139,101878,395,1,15
0:11:935,1450,143,0,338117,395,1,15
0:11:938,3696,912,133,101880,396,1,15
0:11:942,1514,170,37,338112,398,1,15
0:11:942,1514,138,0,402166,398,1,15
0:11:952,2096,1145,497,44558,402,1,15
0:11:952,3696,971,144,101881,402,1,15
0:11:952,3028,144,0,205205,402,1,15
0:11:952,3028,179,0,338128,402,1,15
0:11:955,2101,1150,506,44555,403,1,15
0:11:955,512,1010,139,101884,403,1,15
0:11:955,1514,179,0,338130,403,1,15
0:11:955,1514,119,0,369810,403,1,15
0:11:959,2096,1174,450,44559,405,1,15
0:11:959,3696,996,125,101881,405,1,15
0:11:959,3028,171,0,338122,405,1,15
0:11:963,2101,1185,487,44562,406,1,15
0:11:963,512,1006,158,101885,406,1,15
0:11:963,1514,178,0,338131,406,1,15
0:11:966,2096,1164,426,44559,408,1,15
0:11:966,3696,1002,123,101888,408,1,15
0:11:966,3028,1002,123,167611,408,1,15
0:11:966,168,2123,311,208596,408,1,15
0:11:966,168,65535,65535,208664,408,1,15
0:11:966,168,65535,65535,208678,408,1,15
0:11:970,2101,1172,431,44556,409,1,15
0:11:970,512,1022,154,101885,409,1,15
0:11:970,1514,136,0,326408,409,1,15
0:11:970,1514,191,0,338126,409,1,15
0:11:973,2096,1179,378,44553,410,1,15
0:11:973,3696,1025,151,101889,410,1,15
0:11:973,3028,173,0,338129,410,1,15
0:11:977,2101,1174,399,44563,412,1,15
0:11:977,512,1047,160,101892,412,1,15
0:11:977,1514,168,0,338120,412,1,15
0:11:980,2096,1140,347,44560,413,1,15
0:11:980,3696,1035,136,101889,413,1,15
0:11:980,3028,118,0,129609,413,1,15
0:11:980,3028,187,0,338135,413,1,15
0:11:984,2101,1168,337,44557,415,1,15
0:11:984,512,1065,137,101886,415,1,15
0:11:984,1386,142,0,290488,415,1,15
0:11:984,1514,170,0,338127,415,1,15
0:11:987,2096,1169,350,44561,416,1,15
0:11:987,3696,1017,142,101890,416,1,15
0:11:987,3028,183,0,338130,416,1,15
0:11:991,2101,1180,305,44558,418,1,15
0:11:991,512,1064,150,101893,418,1,15
0:11:991,1514,196,65,338133,418,1,15
0:11:994,2096,1161,332,44561,419,1,15
0:11:994,3696,1046,140,101890,419,1,15
0:11:994,3028,204,0,338136,419,1,15
0:11:997,2101,1148,278,44558,420,1,15
0:11:997,1514,204,50,338133,420,1,15
0:12:001,2096,1176,297,44562,422,1,15
0:12:001,3696,1042,128,101896,422,1,15
0:12:001,3028,171,0,338137,422,1,15
0:12:005,2101,1176,293,44559,423,1,15
0:12:005,512,1072,156,101894,423,1,15
0:12:005,1514,191,0,338134,423,1,15
0:12:008,2096,1127,267,44556,425,1,15
0:12:008,3696,1059,146,101891,425,1,15
0:12:008,3028,197,0,338137,425,1,15
0:12:011,2101,1151,272,44565,426,1,15
0:12:011,512,1068,151,101895,426,1,15
0:12:011,1514,191,0,338140,426,1,15
0:12:015,2096,1149,321,44563,428,1,15
0:12:015,3696,1064,172,101897,428,1,15
0:12:015,3028,191,0,338137,428,1,15
0:12:019,2101,1135,301,44560,429,1,15
0:12:019,1514,202,0,338141,429,1,15
0:12:022,2096,1126,279,44557,430,1,15
0:12:022,3696,1042,149,101898,430,1,15
0:12:022,3028,191,0,338138,430,1,15
0:12:026,2101,1118,272,44560,432,1,15
0:12:026,512,1053,174,101901,432,1,15
0:12:026,1514,179,0,338147,432,1,15
0:12:029,2096,1104,324,44564,433,1,15
0:12:029,3696,1058,184,101898,433,1,15
0:12:029,3028,162,0,338138,433,1,15
0:12:033,2101,1116,332,44561,435,1,15
0:12:033,1514,168,0,338147,435,1,15
0:12:036,2096,1078,305,44558,436,1,15
0:12:036,3696,1044,176,101899,436,1,15
0:12:036,3028,182,0,338145,436,1,15
0:12:040,2101,1084,328,44561,438,1,15
0:12:040,512,1059,174,101902,438,1,15
0:12:040,1514,184,0,338148,438,1,15
0:12:043,2096,1066,330,44558,439,1,15
0:12:043,3028,183,0,338151,439,1,15
0:12:047,2101,1055,333,44562,440,1,15
0:12:047,512,1045,175,101903,440,1,15
0:12:047,1514,183,0,338148,440,1,15
0:12:050,2096,1036,346,44559,442,1,15
0:12:050,3696,1031,195,101906,442,1,15
0:12:050,3028,144,0,139267,442,1,15
0:12:050,3028,186,59,338145,442,1,15
0:12:054,2101,1028,343,44562,443,1,15
0:12:054,512,1041,202,101903,443,1,15
0:12:054,1514,204,0,338149,443,1,15
0:12:057,2096,1027,387,44559,445,1,15
0:12:057,3696,1002,194,101907,445,1,15
0:12:057,3028,182,0,338146,445,1,15
0:12:061,2100,991,365,44563,446,1,15
0:12:061,512,1029,204,101904,446,1,15
0:12:061,1514,140,0,204784,446,1,15
0:12:061,1514,191,0,338149,446,1,15
0:12:064,2064,971,380,44565,448,1,15
0:12:064,3028,176,0,338153,448,1,15
0:12:068,2101,974,412,44563,449,1,15
0:12:068,512,1012,226,101904,449,1,15
0:12:068,3028,140,0,298515,449,1,15
0:12:068,1514,157,0,338150,449,1,15
0:12:071,2096,945,398,44560,451,1,15
0:12:071,3696,1006,233,101908,451,1,15
0:12:071,3028,146,0,338153,451,1,15
0:12:075,512,982,208,101910,452,1,15
0:12:075,1514,155,0,338151,452,1,15
0:12:085,32,80,0,45035,456,1,15
0:12:085,3696,956,257,101909,456,1,15
0:12:085,3028,143,0,338160,456,1,15
0:12:085,3028,112,0,449074,456,1,15
0:12:089,512,957,242,101911,458,1,15
0:12:092,3696,927,250,101909,459,1,15
0:12:092,3028,161,0,338155,459,1,15
0:12:099,3028,159,0,338161,462,1,15
0:12:103,33,62,0,45028,463,1,15
0:12:103,512,880,260,101912,463,1,15
0:12:117,512,844,245,101913,469,1,15
0:12:117,234,122,48,244544,469,1,15
0:12:117,1514,139,0,338160,469,1,15
0:12:124,1514,156,0,338160,472,1,15
0:12:127,3696,769,293,101917,473,1,15
0:12:127,980,134,0,338169,473,1,15
0:12:131,490,119,0,338173,475,1,15
0:12:134,3696,757,314,101918,476,1,15
0:12:134,2516,119,0,338164,476,1,15
0:12:134,1514,113,0,491389,476,1,15
0:12:145,490,121,0,338167,481,1,15
0:12:162,32,121,0,45034,488,1,15
0:12:166,264,72,0,247012,489,1,15
0:12:166,256,65535,65535,0,489,1,15
0:12:166,264,65535,65535,0,489,1,15
0:12:166,512,74,0,253695,489,1,15
0:12:229,512,88,0,234329,515,1,15
0:12:232,3784,325,139,151791,516,1,15
0:12:236,512,309,130,151794,518,1,15
0:12:239,1736,332,126,151791,519,1,15
0:12:246,3784,334,132,151791,522,1,15
0:12:250,512,352,144,151787,523,1,15
0:12:253,3272,374,151,151790,525,1,15
0:12:257,512,374,151,151787,526,1,15
0:12:260,3784,368,153,151785,528,1,15
0:12:264,512,391,126,151787,529,1,15
0:12:267,3784,405,157,151785,531,1,15
0:12:271,512,401,117,151787,532,1,15
0:12:274,3784,391,145,151784,534,1,15
0:12:278,512,422,140,151781,535,1,15
0:12:281,3784,417,113,151784,536,1,15
0:12:285,512,426,148,151781,538,1,15
0:12:288,3784,435,135,151784,539,1,15
0:12:292,512,430,87,151781,541,1,15
0:12:295,3784,435,126,151784,542,1,15
0:12:299,512,443,152,151781,544,1,15
0:12:302,3656,451,133,151778,545,1,15
0:12:306,512,437,113,151781,546,1,15
0:12:309,3784,491,126,151778,548,1,15
0:12:313,512,500,134,151775,549,1,15
0:12:316,3784,477,112,151778,551,1,15
0:12:320,512,482,104,151775,552,1,15
0:12:323,3784,509,127,151778,554,1,15
0:12:327,512,484,116,151775,555,1,15
0:12:330,3784,484,116,151772,557,1,15
0:12:334,512,498,123,151775,558,1,15
0:12:337,3784,519,123,151772,559,1,15
0:12:341,512,503,119,151770,561,1,15
0:12:344,3784,524,137,151773,562,1,15
0:12:344,132,540,101,250094,562,1,15
0:12:344,2900,65535,65535,250244,562,1,15
0:12:348,512,523,93,151770,564,1,15
0:12:351,3784,530,100,151768,565,1,15
0:12:355,512,515,104,151765,567,1,15
0:12:358,3784,511,121,151768,568,1,15
0:12:362,512,542,112,151770,569,1,15
0:12:365,3784,518,101,151768,571,1,15
0:12:369,512,549,112,151765,572,1,15
0:12:372,3784,518,82,151762,574,1,15
0:12:376,512,518,107,151766,575,1,15
0:12:379,3784,521,88,151763,577,1,15
0:12:383,512,523,101,151766,578,1,15
0:12:386,3784,529,92,151763,580,1,15
0:12:390,512,528,86,151760,581,1,15
0:12:393,3784,528,92,151764,582,1,15
0:12:397,512,532,107,151761,584,1,15
0:12:400,3784,539,81,151764,585,1,15
0:12:404,512,506,90,151761,587,1,15
0:12:407,3784,505,103,151758,588,1,15
0:12:411,512,512,86,151755,590,1,15
0:12:414,3784,512,85,151758,591,1,15
0:12:418,512,518,86,151756,592,1,15
0:12:421,3784,499,92,151754,594,1,15
0:12:425,512,505,77,151756,595,1,15
0:12:428,3784,485,97,151754,597,1,15
0:12:432,512,472,85,151751,598,1,15
0:12:435,3784,495,87,151755,600,1,15
0:12:439,512,482,90,151752,601,1,15
0:12:442,3784,481,94,151749,602,1,15
0:12:446,512,453,87,151752,604,1,15
0:12:446,3968,466,84,255075,604,1,15
0:12:446,3968,65535,65535,255143,604,1,15
0:12:446,3968,65535,65535,255157,604,1,15
0:12:446,1728,456,77,258375,604,1,15
0:12:449,3784,440,84,151749,605,1,15
0:12:453,512,429,89,151752,607,1,15
0:12:456,3784,436,83,151749,608,1,15
0:12:460,512,434,91,151746,610,1,15
0:12:463,3784,439,98,151750,611,1,15
0:12:467,512,440,94,151747,612,1,15
0:12:470,3784,419,81,151750,614,1,15
0:12:474,512,414,118,151747,615,1,15
0:12:477,3784,387,97,151744,617,1,15
0:12:481,512,399,91,151742,618,1,15
0:12:484,3784,391,78,151740,620,1,15
0:12:488,512,393,92,151742,621,1,15
0:12:491,3784,377,106,151740,622,1,15
0:12:495,512,346,115,151737,624,1,15
0:12:498,2644,203,73,146850,625,1,15
0:12:498,3784,346,95,151740,625,1,15
0:12:502,50,170,76,144081,627,1,15
0:12:502,0,37,1808,0,0,1,16
0:12:505,3784,338,88,151740,628,1,16
0:12:505,2644,244,76,448088,628,1,16
0:12:509,512,323,96,151738,630,1,16
0:12:512,3784,309,107,151735,631,1,16
0:12:516,512,304,100,151739,633,1,16
0:12:516,2644,230,18,222201,633,1,16
0:12:516,512,253,14,239931,633,1,16
0:12:523,512,283,99,151739,635,1,16
0:12:523,512,240,37,239931,635,1,16
0:12:523,2644,243,75,468587,635,1,16
0:12:526,3784,285,98,151736,637,1,16
0:12:526,2644,268,74,239928,637,1,16
0:12:533,4,260,99,29134,640,1,16
0:12:533,1072,55,0,32369,640,1,16
0:12:540,2644,298,75,239936,643,1,16
0:12:540,2644,296,65,456754,643,1,16
0:12:547,1224,296,65,151731,645,1,16
0:12:547,2644,315,52,239936,645,1,16
0:12:558,512,333,52,239940,650,1,16
0:12:561,2644,318,15,239943,651,1,16
0:12:565,512,367,54,239940,653,1,16
0:12:568,2644,335,83,239943,654,1,16
0:12:572,512,348,0,239940,656,1,16
0:12:575,2644,374,0,239938,657,1,16
0:12:579,512,364,71,239947,658,1,16
0:12:582,2644,368,32,239951,660,1,16
0:12:586,512,382,55,239948,661,1,16
0:12:589,2644,371,0,239945,663,1,16
0:12:593,512,391,53,239948,664,1,16
0:12:596,2644,393,48,239952,665,1,16
0:12:600,512,417,40,239949,667,1,16
0:12:603,2644,395,57,239952,668,1,16
0:12:607,512,430,14,239949,670,1,16
0:12:610,2644,408,0,239952,671,1,16
0:12:613,512,427,0,239950,673,1,16
0:12:617,2644,428,33,239953,674,1,16
0:12:620,512,441,0,239955,676,1,16
0:12:624,2644,426,0,239959,677,1,16
0:12:627,512,431,70,239956,678,1,16
0:12:631,2644,420,0,239959,680,1,16
0:12:634,512,441,0,239956,681,1,16
0:12:638,2644,460,78,239959,683,1,16
0:12:641,512,459,34,239956,684,1,16
0:12:648,512,447,0,239963,687,1,16
0:12:652,2644,435,60,239960,688,1,16
0:12:656,2932,65535,65535,176016,690,1,16
0:12:656,516,369,0,179394,690,1,16
0:12:656,3584,406,0,185844,690,1,16
0:12:659,2644,451,0,239967,691,1,16
0:12:663,512,458,0,239964,693,1,16
0:12:666,2644,464,0,239967,694,1,16
0:12:670,512,467,0,239964,696,1,16
0:12:673,2644,437,0,239967,697,1,16
0:12:677,512,476,0,239964,698,1,16
0:12:680,2644,454,52,239967,700,1,16
0:12:684,512,450,0,239970,701,1,16
0:12:687,2644,440,0,239968,703,1,16
0:12:691,512,479,0,239970,704,1,16
0:12:694,2644,451,54,239968,706,1,16
0:12:698,512,462,0,239970,707,1,16
0:12:701,2644,444,0,239968,708,1,16
0:12:705,512,467,56,239977,710,1,16
0:12:708,2644,445,12,239974,711,1,16
0:12:712,512,448,0,239971,713,1,16
0:12:715,2644,447,19,239974,714,1,16
0:12:719,512,447,19,239978,716,1,16
0:12:722,2644,421,69,239974,717,1,16
0:12:726,512,438,18,239978,719,1,16
0:12:729,2644,415,0,239974,720,1,16
0:12:733,512,429,67,239978,721,1,16
0:12:736,2644,415,77,239974,723,1,16
0:12:740,512,418,0,239984,724,1,16
0:12:743,2644,417,55,239981,726,1,16
0:12:747,512,391,67,239984,727,1,16
0:12:750,2644,392,73,239986,729,1,16
0:12:757,2644,382,91,239985,731,1,16
0:12:761,512,390,69,239988,733,1,16
0:12:764,2644,374,84,239985,734,1,16
0:12:768,512,373,93,239988,736,1,16
0:12:771,2644,382,104,239985,737,1,16
0:12:775,512,352,86,239987,739,1,16
0:12:778,2644,335,99,239985,740,1,16
0:12:782,512,362,103,239993,741,1,16
0:12:785,2644,315,69,239989,743,1,16
0:12:789,512,347,107,239992,744,1,16
0:12:792,2644,312,83,239995,746,1,16
0:12:796,512,315,113,239998,747,1,16
0:12:799,2644,281,78,239994,749,1,16
0:12:803,512,318,125,239991,750,1,16
0:12:806,2644,262,104,240000,752,1,16
0:12:810,512,291,103,239996,753,1,16
0:12:813,2644,274,93,239999,754,1,16
0:12:820,2644,274,93,239998,757,1,16
0:12:824,512,274,93,240000,759,1,16
0:12:841,2116,235,89,240007,766,1,16
0:13:106,0,0,0,2147483648,1454,1,16
0:13:106,0,0,0,0,1454,1,16
0:13:106,0,0,0,0,1454,1,16
0:13:106,0,0,0,0,1454,1,16
0:13:106,0,0,0,0,1454,1,16
0:13:106,0,0,0,0,1454,1,16
0:13:106,0,0,0,0,1454,1,16
0:13:106,0,0,0,0,1454,1,16
0:13:106,0,0,0,0,1454,1,16
0:13:106,0,0,0,0,1454,1,16
0:13:106,0,0,0,0,1454,1,16
0:13:106,0,0,0,0,1454,1,16
0:13:106,0,0,0,0,1454,1,16
0:13:106,0,0,0,0,1454,1,16
0:13:106,0,0,0,0,1454,1,16
0:13:106,0,0,0,0,1454,1,16
0:13:106,0,0,0,0,1454,1,16
0:13:106,0,0,0,0,1454,1,16
0:13:106,0,0,0,0,1454,1,16
0:13:106,0,0,0,0,1454,1,16
0:13:106,0,0,0,0,1454,1,16
0:13:106,0,0,0,0,1454,1,16
0:13:106,0,0,0,0,1454,1,16
0:13:106,0,0,0,0,1454,1,16
0:13:106,0,0,0,0,1454,1,16
0:13:106,0,0,0,0,1454,1,16
0:13:106,0,0,0,0,1454,1,16
0:13:106,0,0,0,0,1454,1,16
0:13:106,0,0,0,0,1454,1,16
0:13:121,1152,235,89,267043,881,1,17
0:13:121,2048,235,89,273624,881,1,17
0:13:121,1025,235,89,308166,881,1,17
0:13:321,512,235,89,275399,962,1,17
0:13:402,0,0,0,3221225472,1454,1,17
0:13:402,0,0,0,0,1454,1,17
0:13:402,0,0,0,0,1454,1,17
0:13:402,0,0,0,0,1454,1,17
0:13:402,0,0,0,0,1454,1,17
0:13:402,0,0,0,0,1454,1,17
0:13:402,0,0,0,0,1454,1,17
0:13:402,0,0,0,0,1454,1,17
0:13:402,0,0,0,0,1454,1,17
0:13:402,0,0,0,0,1454,1,17
0:13:402,0,0,0,0,1454,1,17
0:13:402,0,0,0,0,1454,1,17
0:13:402,0,0,0,0,1454,1,17
0:13:402,0,0,0,0,1454,1,17
0:13:402,0,0,0,0,1454,1,17
0:13:402,0,0,0,0,1454,1,17
0:13:402,0,0,0,0,1454,1,17
0:13:402,0,0,0,0,1454,1,17
0:13:402,0,0,0,0,1454,1,17
0:13:402,0,0,0,0,1454,1,17
0:13:402,0,0,0,0,1454,1,17
0:13:402,0,0,0,0,1454,1,17
0:13:402,0,0,0,0,1454,1,17
0:13:402,0,0,0,0,1454,1,17
0:13:402,0,0,0,0,1454,1,17
0:13:402,0,0,0,0,1454,1,17
0:13:402,0,0,0,0,1454,1,17
0:13:402,0,0,0,0,1454,1,17
0:13:402,0,0,0,0,1454,1,17
0:13:454,16,235,89,436016,1017,1,18
0:13:485,2176,235,89,321848,1030,1,18
0:13:503,18,235,89,510962,1037,1,18
0:13:944,1024,235,89,214430,1218,1,18
0:13:958,1384,362,160,227337,1223,1,18
0:13:958,3344,370,157,453814,1223,1,18
0:13:961,3888,487,196,227334,1225,1,18
0:13:961,1512,487,196,507409,1225,1,18
0:13:965,1440,378,170,227337,1226,1,18
0:13:968,32,162,69,56451,1228,1,18
0:13:968,3600,473,206,227340,1228,1,18
0:13:972,1512,507,183,227337,1229,1,18
0:13:975,272,415,174,183823,1230,1,18
0:13:975,3888,402,134,227334,1230,1,18
0:13:979,1512,492,165,227343,1232,1,18
0:13:979,1512,406,143,250629,1232,1,18
0:13:982,3888,543,178,227340,1233,1,18
0:13:982,3888,420,151,321035,1233,1,18
0:13:986,1512,425,142,227344,1235,1,18
0:13:986,1512,445,144,401670,1235,1,18
0:13:989,3888,439,153,227341,1236,1,18
0:13:989,3888,439,153,477932,1236,1,18
0:13:993,1512,617,215,227339,1238,1,18
0:13:996,3888,555,152,227335,1239,1,18
0:14:000,1512,494,148,227344,1240,1,18
0:14:003,3888,638,203,227341,1242,1,18
0:14:007,1512,610,174,227339,1243,1,18
0:14:010,3888,489,128,227336,1245,1,18
0:14:014,1512,645,185,227340,1246,1,18
0:14:017,3888,636,176,227337,1248,1,18
0:14:021,1512,514,155,227345,1249,1,18
0:14:024,3888,672,173,227342,1251,1,18
0:14:028,1512,660,180,227346,1252,1,18
0:14:031,3888,525,149,227337,1253,1,18
0:14:035,1512,688,203,227340,1255,1,18
0:14:038,3888,664,175,227338,1256,1,18
0:14:042,1512,521,143,227335,1258,1,18
0:14:045,3888,591,166,227338,1259,1,18
0:14:049,2932,65535,65535,229830,1261,1,18
0:14:049,6,528,129,233203,1261,1,18
0:14:049,532,514,112,236508,1261,1,18
0:14:049,2363,65535,65535,236658,1261,1,18
0:14:049,8,530,128,243558,1261,1,18
0:14:049,8,65535,65535,243626,1261,1,18
0:14:049,8,65535,65535,243634,1261,1,18
0:14:052,3888,626,153,227344,1262,1,18
0:14:056,1512,625,94,227341,1263,1,18
0:14:059,3888,764,160,227344,1265,1,18
0:14:063,1512,709,167,227347,1266,1,18
0:14:066,3888,552,135,227344,1268,1,18
0:14:070,1512,775,149,227341,1269,1,18
0:14:073,3888,724,138,227339,1271,1,18
0:14:077,1512,559,111,227336,1272,1,18
0:14:080,3888,781,143,227340,1273,1,18
0:14:084,1512,689,134,227337,1275,1,18
0:14:087,3888,598,117,227340,1276,1,18
0:14:091,1512,749,126,227343,1278,1,18
0:14:094,3888,725,152,227340,1279,1,18
0:14:098,1512,567,99,227343,1281,1,18
0:14:101,3888,718,114,227346,1282,1,18
0:14:105,1512,771,118,227350,1284,1,18
0:14:108,3888,626,101,227353,1285,1,18
0:14:112,1512,618,106,227344,1286,1,18
0:14:115,3888,766,123,227341,1288,1,18
0:14:119,1512,682,105,227344,1289,1,18
0:14:122,3888,626,83,227336,1291,1,18
0:14:126,1512,781,105,227344,1292,1,18
0:14:129,3888,781,105,227341,1293,1,18
0:14:133,1512,551,64,227339,1295,1,18
0:14:136,3888,760,127,227342,1296,1,18
0:14:140,1512,677,101,227345,1298,1,18
0:14:143,3888,547,72,227349,1299,1,18
0:14:147,1512,728,102,227345,1301,1,18
0:14:150,3888,686,86,227349,1302,1,18
0:14:154,1512,534,89,227346,1304,1,18
0:14:157,3888,678,91,227349,1305,1,18
0:14:161,1512,700,85,227340,1306,1,18
0:14:164,3888,506,83,227338,1308,1,18
0:14:168,1512,632,86,227346,1309,1,18
0:14:171,3888,668,82,227343,1311,1,18
0:14:175,1512,499,36,227340,1312,1,18
0:14:178,3888,460,0,227343,1314,1,18
0:14:182,1512,668,96,227346,1315,1,18
0:14:185,3888,566,65,227343,1317,1,18
0:14:189,1512,493,77,227347,1318,1,18
0:14:192,3888,643,99,227350,1319,1,18
0:14:196,1512,573,105,227353,1321,1,18
0:14:199,3888,461,34,227344,1322,1,18
0:14:203,1512,585,80,227341,1323,1,18
0:14:206,3888,544,115,227344,1325,1,18
0:14:210,132,285,112,76528,1326,1,18
0:14:210,2932,65535,65535,76678,1326,1,18
0:14:210,516,276,105,80050,1326,1,18
0:14:210,512,299,61,86878,1326,1,18
0:14:210,536,306,60,90028,1326,1,18
0:14:210,24,65535,65535,83417,1326,1,18
0:14:210,24,65535,65535,83431,1326,1,18
0:14:213,3888,548,92,227344,1328,1,18
0:14:217,1512,533,102,227347,1329,1,18
0:14:220,3888,394,102,227344,1331,1,18
0:14:224,1512,483,112,227354,1332,1,18
0:14:227,3888,500,104,227351,1334,1,18
0:14:231,1512,380,76,227347,1335,1,18
0:14:234,3888,418,86,227351,1337,1,18
0:14:238,1512,467,158,227354,1338,1,18
0:14:241,3888,347,79,227351,1339,1,18
0:14:245,1512,390,115,227348,1341,1,18
0:14:248,3888,443,163,227351,1342,1,18
0:14:252,1512,383,123,227348,1344,1,18
0:14:255,3888,344,113,227344,1345,1,18
0:14:259,1512,415,128,227348,1347,1,18
0:14:262,3888,377,132,227351,1348,1,18
0:14:269,3888,399,146,227357,1351,1,18
0:14:273,1480,399,146,227355,1352,1,18
0:14:276,2608,399,146,227357,1354,1,18
0:14:280,424,363,133,227355,1355,1,18
0:14:283,3872,338,139,227345,1356,1,18
0:14:287,288,247,109,227342,1358,1,18
0:14:420,1557,247,109,388517,1412,1,18
0:14:441,16,247,109,476165,1421,1,18
0:14:444,3344,226,90,277674,1422,1,18
0:14:448,149,250,107,277665,1424,1,18
0:14:451,3984,241,89,277663,1425,1,18
0:14:462,215,257,104,277665,1430,1,18
0:14:465,3988,275,87,277657,1431,1,18
0:14:469,727,272,106,277654,1432,1,18
0:14:472,3984,277,104,277657,1434,1,18
0:14:479,3988,293,124,277657,1437,1,18
0:14:486,3988,298,80,277651,1440,1,18
0:14:490,727,320,107,277655,1441,1,18
0:14:493,3988,313,90,277652,1442,1,18
0:14:497,727,340,69,277655,1444,1,18
0:14:500,3988,348,96,277647,1445,1,18
0:14:504,727,355,90,277650,1447,1,18
0:14:507,3988,367,91,277652,1448,1,18
0:14:511,727,345,105,277650,1450,1,18
0:14:514,3988,360,86,277641,1451,1,18
0:14:518,727,351,91,277650,1453,1,18
0:14:521,3988,366,81,277653,1454,1,18
0:14:525,727,362,66,277645,1455,1,18
0:14:528,3988,380,69,277642,1457,1,18
0:14:535,3988,375,66,277636,1460,1,18
0:14:539,727,386,71,277639,1461,1,18
0:14:542,3988,404,88,277636,1463,1,18
0:14:546,727,400,83,277646,1464,1,18
0:14:553,727,388,68,277635,1467,1,18
0:14:556,3988,394,49,277631,1468,1,18
0:14:560,727,394,65,277635,1470,1,18
0:14:563,3988,406,82,277637,1471,1,18
0:14:567,727,435,55,277629,1473,1,18
0:14:570,3988,423,70,277626,1474,1,18
0:14:574,727,429,0,277635,1475,1,18
0:14:577,3988,419,59,277633,1477,1,18
0:14:581,727,440,0,277630,1478,1,18
0:14:584,3988,386,0,277633,1480,1,18
0:14:588,727,423,55,277635,1481,1,18
0:14:591,3988,424,59,277627,1483,1,18
0:14:595,727,406,63,277630,1484,1,18
0:14:598,3988,429,56,277627,1486,1,18
0:14:602,727,410,81,277624,1487,1,18
0:14:605,3988,415,61,277628,1488,1,18
0:14:609,727,421,64,277631,1490,1,18
0:14:612,3988,407,0,277622,1491,1,18
0:14:615,727,412,73,277620,1493,1,18
0:14:619,3988,431,56,277617,1494,1,18
0:14:622,727,410,12,277614,1495,1,18
0:14:626,3988,408,49,277617,1497,1,18
0:14:629,727,402,0,277614,1498,1,18
0:14:633,3988,400,55,277618,1500,1,18
0:14:637,727,392,52,277608,1501,1,18
0:14:640,3988,415,78,277612,1503,1,18
0:14:643,727,379,55,277609,1504,1,18
0:14:651,727,381,0,277615,1507,1,18
0:14:654,8,381,0,232793,1508,1,18
0:14:654,3988,390,0,277613,1508,1,18
0:14:658,727,358,59,277610,1510,1,18
0:14:661,3988,363,0,277607,1511,1,18
0:14:672,727,353,60,277598,1516,1,18
0:14:675,3988,378,12,277602,1517,1,18
0:14:679,727,349,50,277605,1518,1,18
0:14:682,3988,331,60,277596,1520,1,18
0:14:686,727,335,0,277599,1521,1,18
0:14:693,727,337,0,277600,1524,1,18
0:14:696,3988,307,70,277590,1526,1,18
0:14:707,514,307,70,269704,1530,1,18
0:14:707,727,314,67,277594,1530,1,18
0:14:710,16,314,67,269701,1531,1,18
0:14:710,3988,306,57,277591,1531,1,18
0:14:714,514,306,57,269711,1533,1,18
0:14:714,727,294,69,277594,1533,1,18
0:14:714,2,423,189,377535,1533,1,18
0:14:717,4,280,90,269707,1534,1,18
0:14:721,534,280,90,269704,1536,1,18
0:14:721,727,275,73,277589,1536,1,18
0:14:724,536,283,105,269714,1537,1,18
0:14:724,3988,294,81,277604,1537,1,18
0:14:724,640,427,180,316500,1537,1,18
0:14:728,554,303,108,269710,1539,1,18
0:14:728,727,273,60,277589,1539,1,18
0:14:731,2560,273,60,170313,1540,1,18
0:14:731,536,294,135,269701,1540,1,18
0:14:731,3988,277,71,277585,1540,1,18
0:14:735,2304,262,77,322791,1541,1,18
0:14:735,2135,243,88,329463,1541,1,18
0:14:735,3175,65535,65535,329531,1541,1,18
0:14:735,2119,65535,65535,329545,1541,1,18
0:14:738,528,506,235,170313,1543,1,18
0:14:738,528,331,98,269707,1543,1,18
0:14:738,3988,264,74,277579,1543,1,18
0:14:742,130,546,233,170316,1544,1,18
0:14:742,574,308,111,269716,1544,1,18
0:14:745,3744,545,210,170313,1546,1,18
0:14:745,512,551,208,185811,1546,1,18
0:14:749,130,533,241,170316,1547,1,18
0:14:749,30,533,241,269711,1547,1,18
0:14:749,727,236,78,277589,1547,1,18
0:14:752,3760,554,215,170313,1549,1,18
0:14:752,540,355,118,269714,1549,1,18
0:14:752,3988,355,118,277585,1549,1,18
0:14:756,130,581,225,170316,1550,1,18
0:14:756,574,348,122,269711,1550,1,18
0:14:756,597,166,33,277594,1550,1,18
0:14:759,3760,567,213,170313,1551,1,18
0:14:759,540,346,110,269714,1551,1,18
0:14:759,2052,229,83,277586,1551,1,18
0:14:766,540,351,104,269719,1554,1,18
0:14:770,574,361,106,269716,1556,1,18
0:14:770,593,361,106,277576,1556,1,18
0:14:780,784,516,227,155662,1560,1,18
0:14:780,3760,663,229,170313,1560,1,18
0:14:780,540,367,98,269720,1560,1,18
0:14:784,2382,367,98,155665,1561,1,18
0:14:784,130,666,226,170317,1561,1,18
0:14:784,574,388,109,269723,1561,1,18
0:14:787,852,569,230,155662,1563,1,18
0:14:787,3760,685,233,170314,1563,1,18
0:14:791,2510,581,232,155665,1564,1,18
0:14:791,130,697,226,170317,1564,1,18
0:14:791,574,407,124,269723,1564,1,18
0:14:794,2048,407,124,72582,1566,1,18
0:14:798,2510,597,256,155666,1567,1,18
0:14:798,130,741,222,170317,1567,1,18
0:14:798,574,425,106,269724,1567,1,18
0:14:801,852,609,226,155663,1569,1,18
0:14:801,3760,757,231,170321,1569,1,18
0:14:801,540,400,108,269721,1569,1,18
0:14:805,2510,635,259,155666,1570,1,18
0:14:805,130,775,231,170318,1570,1,18
0:14:805,574,418,114,269724,1570,1,18
0:14:808,852,677,240,155669,1572,1,18
0:14:808,3760,749,205,170315,1572,1,18
0:14:808,540,431,127,269727,1572,1,18
0:14:808,2,445,112,294662,1572,1,18
0:14:808,260,418,95,297962,1572,1,18
0:14:808,2,434,110,301269,1572,1,18
0:14:812,2508,673,260,155666,1573,1,18
0:14:812,130,774,226,170318,1573,1,18
0:14:812,574,429,98,269730,1573,1,18
0:14:815,852,679,275,155663,1574,1,18
0:14:815,3760,784,240,170321,1574,1,18
0:14:815,536,784,240,269728,1574,1,18
0:14:819,2510,706,232,155660,1576,1,18
0:14:819,130,803,211,170318,1576,1,18
0:14:819,574,425,116,269736,1576,1,18
0:14:822,852,425,116,155664,1577,1,18
0:14:822,540,429,111,269728,1577,1,18
0:14:826,2510,747,255,155660,1579,1,18
0:14:826,130,819,217,170318,1579,1,18
0:14:826,574,393,95,269730,1579,1,18
0:14:829,852,745,237,155664,1580,1,18
0:14:829,3760,822,202,170322,1580,1,18
0:14:829,540,428,122,269734,1580,1,18
0:14:833,2510,774,245,155661,1581,1,18
0:14:833,130,823,202,170319,1581,1,18
0:14:833,574,432,111,269737,1581,1,18
0:14:836,724,884,329,155664,1583,1,18
0:14:836,3760,838,190,170316,1583,1,18
0:14:836,540,434,117,269734,1583,1,18
0:14:840,2510,822,283,155661,1584,1,18
0:14:840,130,840,205,170319,1584,1,18
0:14:840,558,438,103,269737,1584,1,18
0:14:843,852,837,269,155664,1586,1,18
0:14:843,3760,861,185,170322,1586,1,18
0:14:843,540,445,82,269741,1586,1,18
0:14:847,2510,870,247,155668,1587,1,18
0:14:847,130,872,214,170319,1587,1,18
0:14:847,574,460,102,269738,1587,1,18
0:14:850,852,863,247,155665,1589,1,18
0:14:850,3760,883,185,170316,1589,1,18
0:14:850,540,453,92,269741,1589,1,18
0:14:854,2510,850,254,155668,1590,1,18
0:14:854,130,873,199,170320,1590,1,18
0:14:854,574,453,83,269732,1590,1,18
0:14:857,852,882,264,155665,1591,1,18
0:14:857,3760,857,70,170317,1591,1,18
0:14:857,540,427,96,269735,1591,1,18
0:14:861,2510,897,237,155662,1593,1,18
0:14:861,130,912,199,170320,1593,1,18
0:14:861,574,465,77,269738,1593,1,18
0:14:864,852,931,245,155666,1594,1,18
0:14:864,3760,891,169,170324,1594,1,18
0:14:864,540,448,96,269747,1594,1,18
0:14:868,2510,914,247,155663,1596,1,18
0:14:868,130,908,198,170321,1596,1,18
0:14:868,574,444,61,269745,1596,1,18
0:14:871,852,932,238,155666,1597,1,18
0:14:871,3760,916,162,170324,1597,1,18
0:14:871,540,451,87,269742,1597,1,18
0:14:875,2510,956,238,155663,1599,1,18
0:14:875,130,916,159,170321,1599,1,18
0:14:875,574,916,159,269745,1599,1,18
0:14:878,852,928,248,155666,1600,1,18
0:14:878,3760,901,177,170318,1600,1,18
0:14:878,540,429,79,269743,1600,1,18
0:14:882,2510,955,238,155663,1602,1,18
0:14:882,130,945,140,170321,1602,1,18
0:14:882,574,439,67,269745,1602,1,18
0:14:885,852,989,264,155660,1603,1,18
0:14:885,3760,930,161,170318,1603,1,18
0:14:885,540,440,114,269748,1603,1,18
0:14:888,2510,995,238,155664,1604,1,18
0:14:888,130,918,172,170322,1604,1,18
0:14:888,574,452,83,269752,1604,1,18
0:14:892,852,979,240,155667,1606,1,18
0:14:892,3760,949,160,170325,1606,1,18
0:14:892,540,450,108,269749,1606,1,18
0:14:896,2510,989,277,155664,1607,1,18
0:14:896,130,948,146,170322,1607,1,18
0:14:896,574,441,80,269752,1607,1,18
0:14:899,852,998,233,155667,1609,1,18
0:14:899,3760,942,157,170325,1609,1,18
0:14:899,540,425,50,269755,1609,1,18
0:14:903,2510,1000,224,155664,1610,1,18
0:14:903,130,936,168,170322,1610,1,18
0:14:903,574,453,55,269752,1610,1,18
0:14:906,852,1010,217,155668,1612,1,18
0:14:906,3760,931,165,170319,1612,1,18
0:14:906,540,389,64,269749,1612,1,18
0:14:910,2510,1014,219,155665,1613,1,18
0:14:910,130,942,171,170323,1613,1,18
0:14:910,574,405,36,269746,1613,1,18
0:14:913,852,1009,223,155668,1614,1,18
0:14:913,3760,934,173,170325,1614,1,18
0:14:913,540,396,73,269750,1614,1,18
0:14:917,2510,1033,251,155665,1616,1,18
0:14:917,130,942,165,170323,1616,1,18
0:14:917,1024,188,0,219486,1616,1,18
0:14:920,852,1021,212,155662,1617,1,18
0:14:920,3760,945,169,170326,1617,1,18
0:14:920,540,945,169,269757,1617,1,18
0:14:924,2510,1032,207,155666,1619,1,18
0:14:924,130,921,169,170324,1619,1,18
0:14:924,574,430,68,269754,1619,1,18
0:14:927,852,1031,233,155663,1620,1,18
0:14:927,3760,941,205,170326,1620,1,18
0:14:927,524,381,64,269757,1620,1,18
0:14:931,2510,1050,219,155666,1622,1,18
0:14:931,130,915,161,170324,1622,1,18
0:14:931,574,400,63,269760,1622,1,18
0:14:934,852,1028,243,155663,1623,1,18
0:14:934,3760,908,174,170321,1623,1,18
0:14:934,540,397,38,269757,1623,1,18
0:14:938,2510,1051,189,155666,1625,1,18
0:14:938,130,909,160,170324,1625,1,18
0:14:938,574,367,0,269760,1625,1,18
0:14:941,852,1051,215,155663,1626,1,18
0:14:941,3760,892,171,170321,1626,1,18
0:14:941,524,378,66,269763,1626,1,18
0:14:945,2510,1033,202,155667,1627,1,18
0:14:945,130,909,179,170325,1627,1,18
0:14:945,574,377,54,269760,1627,1,18
0:14:948,135,520,153,60127,1629,1,18
0:14:948,388,65535,65535,60195,1629,1,18
0:14:948,132,65535,65535,60209,1629,1,18
0:14:948,258,503,164,70027,1629,1,18
0:14:948,260,65535,65535,70095,1629,1,18
0:14:948,256,65535,65535,70109,1629,1,18
0:14:948,540,374,60,269758,1629,1,18
0:14:952,2510,1051,231,155667,1630,1,18
0:14:952,130,866,176,170325,1630,1,18
0:14:952,574,371,37,269767,1630,1,18
0:14:955,852,1074,237,155664,1632,1,18
0:14:955,3760,886,205,170328,1632,1,18
0:14:955,540,361,65,269764,1632,1,18
0:14:959,2510,1041,193,155668,1633,1,18
0:14:959,130,881,189,170325,1633,1,18
0:14:959,130,103,0,252661,1633,1,18
0:14:959,130,65535,65535,252729,1633,1,18
0:14:959,130,65535,65535,252737,1633,1,18
0:14:959,6,103,0,259334,1633,1,18
0:14:959,134,116,0,262568,1633,1,18
0:14:959,3699,65535,65535,262706,1633,1,18
0:14:962,852,1038,192,155665,1635,1,18
0:14:962,3760,858,177,170328,1635,1,18
0:14:962,540,355,62,269764,1635,1,18
0:14:966,2510,1038,220,155668,1636,1,18
0:14:966,130,851,160,170325,1636,1,18
0:14:966,574,851,160,269761,1636,1,18
0:14:969,131,270,81,122587,1638,1,18
0:14:969,130,65535,65535,122655,1638,1,18
0:14:969,386,65535,65535,122662,1638,1,18
0:14:969,4034,288,57,136309,1638,1,18
0:14:969,540,316,40,269765,1638,1,18
0:14:973,2510,1009,187,155662,1639,1,18
0:14:973,130,824,194,170325,1639,1,18
0:14:973,574,321,69,269768,1639,1,18
0:14:976,852,1038,211,155666,1640,1,18
0:14:976,3760,815,199,170329,1640,1,18
0:14:976,540,307,61,269772,1640,1,18
0:14:980,2510,1028,194,155663,1642,1,18
0:14:980,130,800,183,170326,1642,1,18
0:14:980,574,800,183,269769,1642,1,18
0:14:983,268,118,0,449739,1643,1,18
0:14:987,2,118,0,127097,1645,1,18
0:14:990,852,1013,195,155660,1646,1,18
0:14:990,3760,774,208,170324,1646,1,18
0:14:990,540,286,71,269773,1646,1,18
0:14:994,2510,991,215,155663,1647,1,18
0:14:994,130,769,205,170327,1647,1,18
0:14:994,574,260,56,269775,1647,1,18
0:14:997,852,980,196,155660,1649,1,18
0:14:997,3760,746,241,170330,1649,1,18
0:14:997,132,768,232,303366,1649,1,18
0:14:997,2932,65535,65535,303516,1649,1,18
0:14:997,516,805,220,306888,1649,1,18
0:14:997,2,770,255,313488,1649,1,18
0:14:997,6,776,241,316788,1649,1,18
0:14:997,262,65535,65535,316856,1649,1,18
0:14:997,6,65535,65535,316864,1649,1,18
0:14:997,1032,776,241,342804,1649,1,18
0:15:001,2510,951,213,155664,1650,1,18
0:15:001,130,712,227,170327,1650,1,18
0:15:004,852,970,229,155667,1652,1,18
0:15:004,3760,711,211,170331,1652,1,18
0:15:008,2510,927,202,155664,1653,1,18
0:15:008,130,712,238,170328,1653,1,18
0:15:008,8,712,238,202830,1653,1,18
0:15:008,2048,75,0,209832,1653,1,18
0:15:008,574,242,76,269776,1653,1,18
0:15:008,128,242,76,322953,1653,1,18
0:15:011,2101,102,0,142672,1655,1,18
0:15:011,852,935,219,155668,1655,1,18
0:15:011,3760,669,242,170331,1655,1,18
0:15:011,540,259,85,269779,1655,1,18
0:15:018,540,259,85,269780,1658,1,18
0:15:022,2510,898,230,155665,1659,1,18
0:15:022,130,616,264,170329,1659,1,18
0:15:025,852,910,238,155669,1661,1,18
0:15:025,3760,614,245,170332,1661,1,18
0:15:025,135,757,191,225621,1661,1,18
0:15:025,388,65535,65535,225689,1661,1,18
0:15:025,132,65535,65535,225703,1661,1,18
0:15:025,16,752,173,235671,1661,1,18
0:15:025,3584,762,164,238899,1661,1,18
0:15:029,2510,762,164,155666,1662,1,18
0:15:029,54,224,80,269777,1662,1,18
0:15:032,852,839,215,155663,1663,1,18
0:15:032,2736,601,261,170332,1663,1,18
0:15:032,2096,117,0,213898,1663,1,18
0:15:036,2510,844,236,155666,1665,1,18
0:15:039,2097,844,236,101280,1666,1,18
0:15:039,852,817,221,155663,1666,1,18
0:15:039,2224,817,221,170333,1666,1,18
0:15:043,2510,819,236,155660,1668,1,18
0:15:046,852,804,246,155664,1669,1,18
0:15:050,2510,788,216,155661,1670,1,18
0:15:053,852,775,242,155664,1672,1,18
0:15:053,16,206,45,269782,1672,1,18
0:15:057,2510,751,223,155661,1673,1,18
0:15:060,788,747,210,155665,1675,1,18
0:15:064,2096,81,0,151822,1676,1,18
0:15:064,2510,717,238,155668,1676,1,18
0:15:067,852,712,235,155665,1678,1,18
0:15:071,2510,678,236,155662,1679,1,18
0:15:074,852,668,251,155666,1680,1,18
0:15:078,2510,668,251,155663,1682,1,18
0:15:081,852,650,222,155671,1683,1,18
0:15:085,2510,619,239,155670,1685,1,18
0:15:088,852,592,204,155660,1686,1,18
0:15:092,2510,601,260,155664,1688,1,18
0:15:095,852,579,249,155667,1689,1,18
0:15:099,2254,550,219,155664,1691,1,18
0:15:102,788,547,219,155668,1692,1,18
0:15:106,2510,517,238,155665,1693,1,18
0:15:108,0,0,0,2147483648,1454,1,19
0:15:108,0,0,0,0,1454,1,19
0:15:108,0,0,0,0,1454,1,19
0:15:108,0,0,0,0,1454,1,19
0:15:108,0,0,0,0,1454,1,19
0:15:108,0,0,0,0,1454,1,19
0:15:108,0,0,0,0,1454,1,19
0:15:108,0,0,0,0,1454,1,19
0:15:108,0,0,0,0,1454,1,19
0:15:108,0,0,0,0,1454,1,19
0:15:108,0,0,0,0,1454,1,19
0:15:108,0,0,0,0,1454,1,19
0:15:108,0,0,0,0,1454,1,19
0:15:108,0,0,0,0,1454,1,19
0:15:108,0,0,0,0,1454,1,19
0:15:108,0,0,0,0,1454,1,19
0:15:108,0,0,0,0,1454,1,19
0:15:108,0,0,0,0,1454,1,19
0:15:108,0,0,0,0,1454,1,19
0:15:108,0,0,0,0,1454,1,19
0:15:108,0,0,0,0,1454,1,19
0:15:108,0,0,0,0,1454,1,19
0:15:108,0,0,0,0,1454,1,19
0:15:108,0,0,0,0,1454,1,19
0:15:108,0,0,0,0,1454,1,19
0:15:108,0,0,0,0,1454,1,19
0:15:108,0,0,0,0,1454,1,19
0:15:108,0,0,0,0,1454,1,19
0:15:108,0,0,0,0,1454,1,19
0:15:109,272,517,238,155668,1695,1,19
0:15:218,148,77,0,100790,1739,1,19
0:15:221,976,85,0,100806,1741,1,19
0:15:228,912,85,0,100806,1743,1,19
0:15:242,720,85,0,100807,1749,1,19
0:15:242,976,119,0,403658,1749,1,19
0:15:249,528,82,0,100807,1752,1,19
0:15:253,149,80,0,100804,1754,1,19
0:15:267,149,71,0,100805,1759,1,19
0:15:270,976,86,0,100815,1761,1,19
0:15:284,960,86,0,100810,1766,1,19
0:15:284,1,82,0,395914,1766,1,19
0:15:291,464,76,0,100815,1769,1,19
0:15:295,976,101,0,165828,1771,1,19
0:15:298,448,82,0,100799,1772,1,19
0:15:298,133,90,0,320670,1772,1,19
0:15:340,149,66,0,329013,1789,1,19
0:15:361,33,66,0,336772,1798,1,19
0:15:365,256,66,0,317648,1799,1,19
0:15:404,0,0,0,3221225472,1454,1,20
0:15:404,0,0,0,0,1454,1,20
0:15:404,0,0,0,0,1454,1,20
0:15:404,0,0,0,0,1454,1,20
0:15:404,0,0,0,0,1454,1,20
0:15:404,0,0,0,0,1454,1,20
0:15:404,0,0,0,0,1454,1,20
0:15:404,0,0,0,0,1454,1,20
0:15:404,0,0,0,0,1454,1,20
0:15:404,0,0,0,0,1454,1,20
0:15:404,0,0,0,0,1454,1,20
0:15:404,0,0,0,0,1454,1,20
0:15:404,0,0,0,0,1454,1,20
0:15:404,0,0,0,0,1454,1,20
0:15:404,0,0,0,0,1454,1,20
0:15:404,0,0,0,0,1454,1,20
0:15:404,0,0,0,0,1454,1,20
0:15:404,0,0,0,0,1454,1,20
0:15:404,0,0,0,0,1454,1,20
0:15:404,0,0,0,0,1454,1,20
0:15:404,0,0,0,0,1454,1,20
0:15:404,0,0,0,0,1454,1,20
0:15:404,0,0,0,0,1454,1,20
0:15:404,0,0,0,0,1454,1,20
0:15:404,0,0,0,0,1454,1,20
0:15:404,0,0,0,0,1454,1,20
0:15:404,0,0,0,0,1454,1,20
0:15:404,0,0,0,0,1454,1,20
0:15:404,0,0,0,0,1454,1,20
0:15:953,2176,515,243,138907,2040,1,20
0:15:956,3968,515,243,138911,2041,1,20
0:15:960,2660,528,231,138914,2043,1,20
0:15:960,2101,104,0,294497,2043,1,20
0:15:963,3984,538,255,138905,2044,1,20
0:15:967,3813,505,238,138902,2046,1,20
0:15:970,1940,505,238,138905,2047,1,20
0:15:974,3813,545,223,138909,2049,1,20
0:15:977,3972,590,229,138906,2050,1,20
0:15:981,3813,603,238,138897,2052,1,20
0:15:984,3988,578,216,138900,2053,1,20
0:15:988,3813,642,242,138903,2054,1,20
0:15:991,3988,590,227,138900,2056,1,20
0:15:995,16,137,0,110939,2057,1,20
0:15:995,3813,632,234,138904,2057,1,20
0:15:998,3988,641,230,138901,2059,1,20
0:16:005,3988,641,230,138901,2061,1,20
0:16:005,53,101,0,381478,2061,1,20
0:16:019,3988,685,211,138897,2067,1,20
0:16:026,3988,690,203,138897,2070,1,20
0:16:030,3813,749,204,138900,2072,1,20
0:16:033,3988,744,222,138891,2073,1,20
0:16:040,3988,798,212,138892,2076,1,20
0:16:044,3813,744,207,138895,2077,1,20
0:16:058,3813,822,189,138896,2083,1,20
0:16:065,3813,835,199,138890,2086,1,20
0:16:068,48,835,199,44816,2087,1,20
0:16:068,3988,790,177,138888,2087,1,20
0:16:075,3988,849,188,138888,2090,1,20
0:16:079,3813,777,164,138885,2091,1,20
0:16:082,3988,855,184,138883,2093,1,20
0:16:093,3813,832,182,138886,2097,1,20
0:16:100,3813,849,172,138886,2100,1,20
0:16:103,3988,818,174,138878,2102,1,20
0:16:110,3988,837,171,138878,2104,1,20
0:16:114,3813,777,154,138882,2106,1,20
0:16:117,3988,820,165,138879,2107,1,20
0:16:121,3813,805,143,138882,2109,1,20
0:16:124,3988,759,146,138873,2110,1,20
0:16:135,3813,784,171,138877,2114,1,20
0:16:138,3988,780,165,138874,2116,1,20
0:16:142,3813,737,156,138871,2117,1,20
0:16:145,3988,784,156,138869,2119,1,20
0:16:149,3813,721,148,138872,2120,1,20
0:16:152,3988,780,172,138870,2121,1,20
0:16:156,3813,743,164,138872,2123,1,20
0:16:156,3813,776,185,163275,2123,1,20
0:16:156,192,102,0,492729,2123,1,20
0:16:156,192,65535,65535,492757,2123,1,20
0:16:159,3988,730,147,138870,2124,1,20
0:16:163,3813,740,177,138873,2126,1,20
0:16:166,3988,685,151,138864,2127,1,20
0:16:170,3813,715,162,138868,2129,1,20
0:16:173,3988,694,171,138865,2130,1,20
0:16:173,3813,746,191,465254,2130,1,20
0:16:177,3813,671,168,138868,2132,1,20
0:16:180,3988,706,154,138865,2133,1,20
0:16:184,3813,648,179,138869,2134,1,20
0:16:187,3988,677,152,138866,2136,1,20
0:16:191,3813,650,152,138869,2137,1,20
0:16:194,3988,621,160,138860,2139,1,20
0:16:198,3813,618,148,138863,2140,1,20
0:16:201,256,568,158,263358,2141,1,20
0:16:201,6,561,151,266736,2141,1,20
0:16:201,6,65535,65535,266804,2141,1,20
0:16:201,6,65535,65535,266818,2141,1,20
0:16:205,3813,584,133,138864,2143,1,20
0:16:208,3988,596,163,138861,2144,1,20
0:16:212,3813,570,160,138864,2146,1,20
0:16:212,129,510,174,188801,2146,1,20
0:16:212,384,65535,65535,188868,2146,1,20
0:16:212,128,65535,65535,188882,2146,1,20
0:16:212,264,508,178,192107,2146,1,20
0:16:212,264,65535,65535,188868,2146,1,20
0:16:212,264,65535,65535,188882,2146,1,20
0:16:212,516,530,152,198779,2146,1,20
0:16:212,262,511,183,230062,2146,1,20
0:16:212,6,65535,65535,230130,2146,1,20
0:16:212,6,65535,65535,230144,2146,1,20
0:16:212,4,507,158,233506,2146,1,20
0:16:215,3988,573,166,138855,2147,1,20
0:16:219,3813,533,174,138858,2149,1,20
0:16:226,3809,532,165,138859,2152,1,20
0:16:229,3988,506,157,138850,2153,1,20
0:16:233,3813,510,162,138859,2155,1,20
0:16:236,2964,465,176,138851,2156,1,20
0:16:240,3813,459,168,138860,2157,1,20
0:16:243,3988,460,186,138851,2159,1,20
0:16:247,3813,422,167,138855,2160,1,20
0:16:250,3972,441,164,138852,2162,1,20
0:16:254,1764,441,164,138855,2163,1,20
0:16:257,2708,441,164,138852,2165,1,20
0:16:261,2624,441,164,138849,2166,1,20
0:16:516,2065,441,164,455877,2271,1,20
0:16:530,16,84,0,193308,2277,1,20
0:16:572,16,84,0,419702,2294,1,20
0:16:576,16,65,0,357163,2295,1,20
0:17:080,65,158,0,87480,2501,1,20
0:17:110,0,0,0,2147483648,1454,1,21
0:17:110,0,0,0,0,1454,1,21
0:17:110,0,0,0,0,1454,1,21
0:17:110,0,0,0,0,1454,1,21
0:17:110,0,0,0,0,1454,1,21
0:17:110,0,0,0,0,1454,1,21
0:17:110,0,0,0,0,1454,1,21
0:17:110,0,0,0,0,1454,1,21
0:17:110,0,0,0,0,1454,1,21
0:17:110,0,0,0,0,1454,1,21
0:17:110,0,0,0,0,1454,1,21
0:17:110,0,0,0,0,1454,1,21
0:17:110,0,0,0,0,1454,1,21
0:17:110,0,0,0,0,1454,1,21
0:17:110,0,0,0,0,1454,1,21
0:17:110,0,0,0,0,1454,1,21
0:17:110,0,0,0,0,1454,1,21
0:17:110,0,0,0,0,1454,1,21
0:17:110,0,0,0,0,1454,1,21
0:17:110,0,0,0,0,1454,1,21
0:17:110,0,0,0,0,1454,1,21
0:17:110,0,0,0,0,1454,1,21
0:17:110,0,0,0,0,1454,1,21
0:17:110,0,0,0,0,1454,1,21
0:17:110,0,0,0,0,1454,1,21
0:17:110,0,0,0,0,1454,1,21
0:17:110,0,0,0,0,1454,1,21
0:17:110,0,0,0,0,1454,1,21
0:17:110,0,0,0,0,1454,1,21
0:17:167,128,116,0,454642,2537,1,21
0:17:167,1032,116,0,461241,2537,1,21
0:17:167,68,100,0,464373,2537,1,21
0:17:178,64,161,0,386246,2541,1,21
0:17:178,2466,147,0,392792,2541,1,21
0:17:181,3856,163,0,227630,2543,1,21
0:17:192,1512,190,0,227633,2547,1,21
0:17:206,1512,165,0,227634,2553,1,21
0:17:213,1512,169,0,227634,2556,1,21
0:17:216,3856,176,0,227643,2557,1,21
0:17:220,1512,145,0,227635,2558,1,21
0:17:220,8,133,0,432027,2558,1,21
0:17:223,3856,183,0,227638,2560,1,21
0:17:227,1512,189,0,227628,2561,1,21
0:17:234,1512,152,0,227635,2564,1,21
0:17:237,3856,147,0,227639,2566,1,21
0:17:241,1512,143,0,227636,2567,1,21
0:17:244,3856,168,0,227639,2569,1,21
0:17:248,1512,206,0,227636,2570,1,21
0:17:251,1808,185,0,227639,2572,1,21
0:17:255,1504,152,0,227642,2573,1,21
0:17:258,3856,203,0,227633,2574,1,21
0:17:262,1512,173,0,227642,2576,1,21
0:17:265,3856,118,0,227634,2577,1,21
0:17:269,1512,173,0,227625,2579,1,21
0:17:272,3856,179,0,227640,2580,1,21
0:17:276,1512,131,0,227638,2581,1,21
0:17:279,3856,167,0,227635,2583,1,21
0:17:283,1512,196,0,227638,2584,1,21
0:17:286,3856,160,0,227635,2586,1,21
0:17:290,1512,184,0,227639,2587,1,21
0:17:293,3856,165,0,227641,2588,1,21
0:17:297,1512,151,0,227633,2590,1,21
0:17:300,3856,153,0,227641,2591,1,21
0:17:304,1512,193,0,227639,2593,1,21
0:17:307,3856,134,0,227630,2594,1,21
0:17:311,1512,126,0,227640,2596,1,21
0:17:314,3856,172,0,227631,2597,1,21
0:17:325,1512,151,0,227634,2601,1,21
0:17:328,3856,141,0,227638,2603,1,21
0:17:335,3856,142,0,227650,2606,1,21
0:17:339,1512,116,0,227635,2607,1,21
0:17:346,1512,154,0,227641,2610,1,21
0:17:349,3856,129,0,227633,2611,1,21
0:17:353,1512,113,0,227630,2613,1,21
0:17:356,3856,123,0,227640,2614,1,21
0:17:360,1512,138,0,227642,2616,1,21
0:17:363,3856,111,0,227640,2617,1,21
0:17:367,1512,104,0,227637,2619,1,21
0:17:370,3856,134,0,227640,2620,1,21
0:17:374,488,102,0,227643,2621,1,21
0:17:377,3856,97,0,227640,2623,1,21
0:17:381,1512,122,0,227626,2624,1,21
0:17:384,3856,96,0,227641,2626,1,21
0:17:388,1448,74,0,227632,2627,1,21
0:17:391,3856,105,0,227636,2629,1,21
0:17:402,1512,92,0,227645,2633,1,21
0:17:405,3856,73,0,227642,2634,1,21
0:17:406,0,0,0,3221225472,1454,1,22
0:17:406,0,0,0,0,1454,1,22
0:17:406,0,0,0,0,1454,1,22
0:17:406,0,0,0,0,1454,1,22
0:17:406,0,0,0,0,1454,1,22
0:17:406,0,0,0,0,1454,1,22
0:17:406,0,0,0,0,1454,1,22
0:17:406,0,0,0,0,1454,1,22
0:17:406,0,0,0,0,1454,1,22
0:17:406,0,0,0,0,1454,1,22
0:17:406,0,0,0,0,1454,1,22
0:17:406,0,0,0,0,1454,1,22
0:17:406,0,0,0,0,1454,1,22
0:17:406,0,0,0,0,1454,1,22
0:17:406,0,0,0,0,1454,1,22
0:17:406,0,0,0,0,1454,1,22
0:17:406,0,0,0,0,1454,1,22
0:17:406,0,0,0,0,1454,1,22
0:17:406,0,0,0,0,1454,1,22
0:17:406,0,0,0,0,1454,1,22
0:17:406,0,0,0,0,1454,1,22
0:17:406,0,0,0,0,1454,1,22
0:17:406,0,0,0,0,1454,1,22
0:17:406,0,0,0,0,1454,1,22
0:17:406,0,0,0,0,1454,1,22
0:17:406,0,0,0,0,1454,1,22
0:17:406,0,0,0,0,1454,1,22
0:17:406,0,0,0,0,1454,1,22
0:17:406,0,0,0,0,1454,1,22
0:17:409,1512,64,0,227634,2636,1,22
0:17:412,3856,61,0,227649,2637,1,22
0:17:416,1504,71,0,227640,2639,1,22
0:17:423,1512,69,0,227653,2641,1,22
0:17:426,3856,69,0,227644,2643,1,22
0:17:437,392,77,0,227648,2647,1,22
0:17:496,81,428,0,389010,2671,1,22
0:17:500,24,428,0,310738,2673,1,22
0:17:503,272,451,0,267296,2674,1,22
0:17:507,128,451,0,122353,2676,1,22
0:17:570,2048,411,16,140881,2701,1,22
0:18:466,64,111,0,332511,3068,1,22
0:18:473,577,170,0,225870,3071,1,22
0:18:476,72,112,0,176895,3072,1,22
0:18:483,216,175,0,501551,3075,1,22
0:18:490,81,174,0,351446,3078,1,22
0:18:494,88,165,0,295224,3079,1,22
0:18:980,2128,112,0,357155,3278,1,22
0:18:980,3584,63,0,360413,3278,1,22
0:19:047,2065,137,0,201651,3306,1,22
0:19:050,48,125,0,132824,3307,1,22
0:19:054,2048,105,0,73302,3308,1,22
0:19:064,2080,105,0,324702,3313,1,22
0:19:075,2097,105,0,141385,3317,1,22
0:19:078,2096,113,0,99322,3318,1,22
0:19:085,2096,199,0,441300,3321,1,22
0:19:092,2101,217,0,283635,3324,1,22
0:19:096,16,223,0,203785,3326,1,22
0:19:103,2053,155,0,91491,3328,1,22
0:19:110,1510,106,0,235669,3331,1,22
0:19:112,0,0,0,2147483648,1454,1,23
0:19:112,0,0,0,0,1454,1,23
0:19:112,0,0,0,0,1454,1,23
0:19:112,0,0,0,0,1454,1,23
0:19:112,0,0,0,0,1454,1,23
0:19:112,0,0,0,0,1454,1,23
0:19:112,0,0,0,0,1454,1,23
0:19:112,0,0,0,0,1454,1,23
0:19:112,0,0,0,0,1454,1,23
0:19:112,0,0,0,0,1454,1,23
0:19:112,0,0,0,0,1454,1,23
0:19:112,0,0,0,0,1454,1,23
0:19:112,0,0,0,0,1454,1,23
0:19:112,0,0,0,0,1454,1,23
0:19:112,0,0,0,0,1454,1,23
0:19:112,0,0,0,0,1454,1,23
0:19:112,0,0,0,0,1454,1,23
0:19:112,0,0,0,0,1454,1,23
0:19:112,0,0,0,0,1454,1,23
0:19:112,0,0,0,0,1454,1,23
0:19:112,0,0,0,0,1454,1,23
0:19:112,0,0,0,0,1454,1,23
0:19:112,0,0,0,0,1454,1,23
0:19:112,0,0,0,0,1454,1,23
0:19:112,0,0,0,0,1454,1,23
0:19:112,0,0,0,0,1454,1,23
0:19:112,0,0,0,0,1454,1,23
0:19:112,0,0,0,0,1454,1,23
0:19:112,0,0,0,0,1454,1,23
0:19:120,1552,89,0,235673,3336,1,23
0:19:124,1511,85,0,235665,3337,1,23
0:19:127,1536,104,0,235667,3338,1,23
0:19:131,163,105,0,235665,3340,1,23
0:19:134,1552,117,0,235674,3341,1,23
0:19:141,1552,95,0,235656,3344,1,23
0:19:145,1511,121,0,235665,3346,1,23
0:19:145,2096,245,0,405445,3346,1,23
0:19:148,1552,115,0,235657,3347,1,23
0:19:152,1506,106,0,235660,3349,1,23
0:19:155,1552,116,0,235664,3350,1,23
0:19:159,1511,121,0,235661,3352,1,23
0:19:162,1040,126,0,235651,3353,1,23
0:19:165,1479,122,0,235649,3354,1,23
0:19:169,1552,130,0,235658,3356,1,23
0:19:173,1511,129,0,235655,3357,1,23
0:19:176,1552,131,0,235665,3359,1,23
0:19:180,1511,134,0,235662,3360,1,23
0:19:183,1552,122,0,235653,3361,1,23
0:19:187,1255,148,51,235663,3363,1,23
0:19:190,1536,133,0,235660,3364,1,23
0:19:194,1511,144,17,235650,3366,1,23
0:19:197,1552,155,0,235660,3367,1,23
0:19:201,1511,158,0,235663,3369,1,23
0:19:204,1552,137,0,235649,3370,1,23
0:19:208,1511,151,0,235658,3371,1,23
0:19:211,1552,148,0,235649,3373,1,23
0:19:211,2805,65535,65535,330603,3373,1,23
0:19:211,2048,76,0,337047,3373,1,23
0:19:215,1511,135,0,235652,3374,1,23
0:19:222,2176,58,0,202557,3377,1,23
0:19:222,2048,159,0,205737,3377,1,23
0:19:229,1511,159,0,235647,3380,1,23
0:19:232,16,144,0,113714,3381,1,23
0:19:232,260,147,0,189577,3381,1,23
0:19:232,2803,65535,65535,189727,3381,1,23
0:19:232,24,167,0,192948,3381,1,23
0:19:232,16,65535,65535,189645,3381,1,23
0:19:232,16,65535,65535,189659,3381,1,23
0:19:232,2113,141,50,197407,3381,1,23
0:19:232,65,65535,65535,197475,3381,1,23
0:19:232,65,65535,65535,197483,3381,1,23
0:19:236,1511,137,0,235653,3383,1,23
0:19:239,1552,169,0,235650,3384,1,23
0:19:243,1511,143,57,235641,3386,1,23
0:19:246,1552,137,0,235650,3387,1,23
0:19:246,8,72,0,314970,3387,1,23
0:19:250,1511,149,0,235654,3389,1,23
0:19:260,2805,65535,65535,480723,3393,1,23
0:19:260,1536,161,0,483945,3393,1,23
0:19:260,48,174,0,487173,3393,1,23
0:19:264,1509,168,0,235643,3394,1,23
0:19:267,1552,143,0,235646,3396,1,23
0:19:267,2101,231,13,366197,3396,1,23
0:19:271,1511,142,0,235649,3397,1,23
0:19:274,1552,162,0,235646,3399,1,23
0:19:278,1511,145,0,235643,3400,1,23
0:19:281,1552,144,0,235647,3402,1,23
0:19:285,1511,169,44,235650,3403,1,23
0:19:288,1552,124,0,235641,3404,1,23
0:19:292,1511,124,0,235638,3406,1,23
0:19:295,1552,161,0,235641,3407,1,23
0:19:299,1511,134,0,235638,3409,1,23
0:19:302,1552,165,0,235648,3410,1,23
0:19:306,1511,151,0,235645,3412,1,23
0:19:309,1552,119,0,235642,3413,1,23
0:19:313,1383,148,0,235639,3415,1,23
0:19:316,1552,143,0,235643,3416,1,23
0:19:320,1511,132,0,235640,3417,1,23
0:19:323,1536,132,0,235643,3419,1,23
0:19:327,1255,154,0,235640,3420,1,23
0:19:330,1552,127,0,235637,3422,1,23
0:19:334,1510,105,0,235641,3423,1,23
0:19:337,528,89,0,235638,3425,1,23
0:19:341,1511,140,0,235641,3426,1,23
0:19:344,1552,101,0,235638,3427,1,23
0:19:351,1040,101,0,235627,3430,1,23
0:19:358,528,108,0,235640,3433,1,23
0:19:408,0,0,0,3221225472,1454,1,24
0:19:408,0,0,0,0,1454,1,24
0:19:408,0,0,0,0,1454,1,24
0:19:408,0,0,0,0,1454,1,24
0:19:408,0,0,0,0,1454,1,24
0:19:408,0,0,0,0,1454,1,24
0:19:408,0,0,0,0,1454,1,24
0:19:408,0,0,0,0,1454,1,24
0:19:408,0,0,0,0,1454,1,24
0:19:408,0,0,0,0,1454,1,24
0:19:408,0,0,0,0,1454,1,24
0:19:408,0,0,0,0,1454,1,24
0:19:408,0,0,0,0,1454,1,24
0:19:408,0,0,0,0,1454,1,24
0:19:408,0,0,0,0,1454,1,24
0:19:408,0,0,0,0,1454,1,24
0:19:408,0,0,0,0,1454,1,24
0:19:408,0,0,0,0,1454,1,24
0:19:408,0,0,0,0,1454,1,24
0:19:408,0,0,0,0,1454,1,24
0:19:408,0,0,0,0,1454,1,24
0:19:408,0,0,0,0,1454,1,24
0:19:408,0,0,0,0,1454,1,24
0:19:408,0,0,0,0,1454,1,24
0:19:408,0,0,0,0,1454,1,24
0:19:408,0,0,0,0,1454,1,24
0:19:408,0,0,0,0,1454,1,24
0:19:408,0,0,0,0,1454,1,24
0:19:408,0,0,0,0,1454,1,24
0:19:726,782,111,0,257133,3583,1,24
0:20:093,128,59,0,442333,3734,1,24
0:20:093,152,59,0,494177,3734,1,24
0:20:111,2208,101,0,235040,3741,1,24
0:20:114,1,101,0,202230,3742,1,24
0:20:118,130,54,0,131542,3744,1,24
0:20:121,2752,54,0,102728,3745,1,24
0:20:128,32,86,0,155011,3748,1,24
0:20:170,256,86,0,426496,3765,1,24
0:20:191,2196,152,0,138208,3774,1,24
0:20:191,2,133,0,344100,3774,1,24
0:20:212,2448,133,0,138207,3782,1,24
0:20:216,65,133,0,138210,3784,1,24
0:20:223,3685,133,0,138198,3787,1,24
0:20:226,3476,187,16,138201,3788,1,24
0:20:230,3813,187,16,138210,3790,1,24
0:20:230,3809,207,63,460914,3790,1,24
0:20:233,3988,164,0,138201,3791,1,24
0:20:237,3749,172,56,138198,3793,1,24
0:20:240,3988,172,56,138201,3794,1,24
0:20:244,673,154,0,138192,3796,1,24
0:20:247,3988,177,50,138201,3797,1,24
0:20:251,3685,170,20,138198,3798,1,24
0:20:254,3860,178,66,138189,3800,1,24
0:20:258,3777,178,66,138198,3801,1,24
0:20:265,3813,164,37,138198,3804,1,24
0:20:268,3988,154,36,138195,3805,1,24
0:20:272,2789,158,51,138198,3807,1,24
0:20:286,3813,170,33,138187,3813,1,24
0:20:289,3988,159,39,138196,3814,1,24
0:20:293,3301,159,39,138199,3816,1,24
0:20:296,3988,171,0,138184,3817,1,24
0:20:300,3812,174,41,138188,3818,1,24
0:20:303,3988,174,0,138179,3820,1,24
0:20:307,3300,169,58,138188,3821,1,24
0:20:310,3988,193,39,138191,3823,1,24
0:20:314,3813,187,0,138177,3824,1,24
0:20:317,3988,197,0,138185,3826,1,24
0:20:321,3813,170,15,138177,3827,1,24
0:20:321,384,169,71,335723,3827,1,24
0:20:321,128,65535,65535,0,3827,1,24
0:20:321,128,65535,65535,0,3827,1,24
0:20:321,10,169,71,349667,3827,1,24
0:20:324,3988,164,13,138180,3829,1,24
0:20:328,3813,178,0,138177,3830,1,24
0:20:328,3813,185,71,213806,3830,1,24
0:20:331,3988,189,0,138174,3831,1,24
0:20:335,3813,189,0,138183,3833,1,24
0:20:338,3988,182,32,138180,3834,1,24
0:20:342,3813,171,65,138178,3836,1,24
0:20:345,3988,176,52,138175,3837,1,24
0:20:349,3265,171,18,138166,3838,1,24
0:20:352,3860,177,0,138175,3840,1,24
0:20:356,3813,177,0,138179,3841,1,24
0:20:359,3220,169,0,138164,3843,1,24
0:20:359,64,169,0,497479,3843,1,24
0:20:359,4095,65535,65535,497624,3843,1,24
0:20:363,3301,160,0,138166,3844,1,24
0:20:366,3988,177,59,138170,3846,1,24
0:20:370,3301,180,0,138167,3847,1,24
0:20:373,3988,183,0,138170,3849,1,24
0:20:377,3813,165,67,138155,3850,1,24
0:20:380,3988,160,0,138165,3851,1,24
0:20:384,3813,146,0,138162,3853,1,24
0:20:387,3476,161,72,138165,3854,1,24
0:20:391,3301,157,66,138163,3856,1,24
0:20:394,3712,157,66,138165,3857,1,24
0:20:398,3685,141,0,138163,3859,1,24
0:20:401,3972,138,0,138166,3860,1,24
0:20:412,3173,154,61,138164,3864,1,24
0:20:415,3716,152,56,138167,3866,1,24
0:20:419,2785,140,0,138165,3867,1,24
0:20:422,512,140,0,376051,3869,1,24
0:20:541,512,140,0,386505,3917,1,24
0:20:657,1461,93,0,184912,3965,1,24
0:20:660,3040,93,0,184903,3966,1,24
0:20:664,1396,93,0,184900,3968,1,24
0:20:667,2976,89,0,184909,3969,1,24
0:20:671,1525,61,0,184901,3970,1,24
0:20:674,3040,94,0,184910,3972,1,24
0:20:681,3040,114,0,184910,3975,1,24
0:20:685,1521,68,0,184902,3976,1,24
0:20:688,3008,103,0,184905,3978,1,24
0:20:692,1521,103,0,184908,3979,1,24
0:20:699,485,99,0,184903,3982,1,24
0:20:702,3040,81,0,184905,3983,1,24
0:20:709,2144,81,0,184912,3986,1,24
0:20:713,501,81,0,184897,3987,1,24
0:20:720,1269,109,0,184904,3990,1,24
0:20:723,2528,97,0,184906,3992,1,24
0:20:734,1524,97,0,184917,3996,1,24
0:20:748,1525,107,0,184918,4002,1,24
0:20:751,992,122,0,184908,4003,1,24
0:20:755,1233,112,0,184905,4005,1,24
0:20:762,1525,108,0,184912,4008,1,24
0:20:765,3040,95,0,184916,4009,1,24
0:20:769,1489,116,0,184906,4010,1,24
0:20:772,2976,103,0,184922,4012,1,24
0:20:776,1525,76,0,184920,4013,1,24
0:20:779,3040,104,0,184922,4015,1,24
0:20:783,1525,112,0,184914,4016,1,24
0:20:786,352,100,0,184917,4018,1,24
0:20:790,1525,69,0,184914,4019,1,24
0:20:793,3040,116,0,184923,4021,1,24
0:20:797,1525,96,0,184920,4022,1,24
0:20:800,3040,92,0,184924,4023,1,24
0:20:804,1265,72,0,184915,4025,1,24
0:20:807,3040,87,0,184924,4026,1,24
0:20:811,1525,99,0,184928,4028,1,24
0:20:814,2528,102,0,184936,4029,1,24
0:20:818,1525,114,0,184922,4031,1,24
0:20:821,3040,105,0,184937,4032,1,24
0:20:825,1525,108,0,184935,4033,1,24
0:20:828,3040,108,0,184925,4035,1,24
0:20:832,1525,85,0,184922,4036,1,24
0:20:835,3040,99,0,184932,4038,1,24
0:20:839,501,99,0,184929,4039,1,24
0:20:842,3040,96,0,184926,4040,1,24
0:20:853,1525,90,0,184936,4045,1,24
0:20:856,3040,91,0,184939,4046,1,24
0:20:860,1265,84,0,184942,4048,1,24
0:20:863,992,94,0,184939,4049,1,24
0:20:867,1413,82,0,184936,4051,1,24
0:20:870,3008,67,0,184940,4052,1,24
0:20:874,240,93,0,184950,4054,1,24
0:20:877,3040,93,0,184952,4055,1,24
0:20:877,512,82,0,461740,4055,1,24
0:20:877,8,69,0,468418,4055,1,24
0:20:881,1525,69,0,184937,4056,1,24
0:20:887,1381,86,0,184956,4059,1,24
0:20:895,149,854,200,100880,4062,1,24
0:20:898,976,856,230,100883,4063,1,24
0:20:902,149,865,211,100880,4065,1,24
0:20:902,776,343,106,295115,4065,1,24
0:20:902,520,65535,65535,284977,4065,1,24
0:20:902,520,65535,65535,284991,4065,1,24
0:20:905,976,871,228,100877,4066,1,24
0:20:909,149,889,216,100881,4068,1,24
0:20:909,2,332,112,438405,4068,1,24
0:20:909,262,65535,65535,438473,4068,1,24
0:20:909,2,65535,65535,438487,4068,1,24
0:20:909,512,351,91,441861,4068,1,24
0:20:909,4,322,105,445155,4068,1,24
0:20:912,976,886,216,100884,4069,1,24
0:20:912,2304,76,0,184954,4069,1,24
0:20:919,976,906,227,100890,4072,1,24
0:20:923,149,915,241,100882,4074,1,24
0:20:926,976,922,235,100885,4075,1,24
0:20:930,149,952,226,100888,4076,1,24
0:20:933,976,952,237,100886,4078,1,24
0:20:937,149,943,234,100889,4079,1,24
0:20:940,976,953,241,100886,4081,1,24
0:20:944,149,951,212,100889,4082,1,24
0:20:947,976,982,252,100892,4084,1,24
0:20:951,149,994,235,100890,4085,1,24
0:20:954,976,1007,231,100892,4086,1,24
0:20:958,149,1016,240,100896,4088,1,24
0:20:961,976,987,236,100893,4089,1,24
0:20:965,149,1018,221,100896,4091,1,24
0:20:968,976,1020,238,100893,4092,1,24
0:20:972,149,1015,200,100897,4094,1,24
0:20:975,976,1033,218,100900,4095,1,24
0:20:979,149,1047,211,100891,4096,1,24
0:20:982,976,1065,215,100894,2,1,25
0:20:986,149,1068,224,100898,3,1,25
0:20:989,976,1072,230,100901,5,1,25
0:20:993,149,1073,201,100905,6,1,25
0:20:996,976,1090,209,100902,8,1,25
0:21:000,149,1085,206,100899,9,1,25
0:21:003,976,1086,187,100902,10,1,25
0:21:007,149,1082,193,100905,12,1,25
0:21:010,976,1113,194,100903,13,1,25
0:21:014,149,1109,180,100905,15,1,25
0:21:017,976,1110,189,100908,16,1,25
0:21:021,149,1091,181,100905,18,1,25
0:21:024,976,1115,183,100904,19,1,25
0:21:031,976,1140,179,100909,22,1,25
0:21:035,149,1113,177,100913,23,1,25
0:21:038,976,1120,150,100910,25,1,25
0:21:041,149,1117,174,100907,26,1,25
0:21:045,976,1132,143,100910,28,1,25
0:21:049,149,1132,161,100914,29,1,25
0:21:052,976,1120,140,100911,30,1,25
0:21:056,149,1117,136,100914,32,1,25
0:21:059,976,1125,158,100911,33,1,25
0:21:063,149,1101,159,100915,35,1,25
0:21:066,976,1113,128,100912,36,1,25
0:21:070,149,1135,156,100915,38,1,25
0:21:073,976,1109,141,100919,39,1,25
0:21:076,149,1097,142,100916,41,1,25
0:21:080,976,1096,151,100919,42,1,25
0:21:084,149,1118,151,100916,43,1,25
0:21:087,976,1107,159,100920,45,1,25
0:21:091,149,1082,162,100922,46,1,25
0:21:094,976,1074,150,100926,48,1,25
0:21:098,149,1077,170,100917,49,1,25
0:21:101,976,1086,178,100920,51,1,25
0:21:105,149,1066,169,100923,52,1,25
0:21:108,976,1063,150,100927,53,1,25
0:21:108,2900,65535,65535,508506,53,1,25
0:21:112,149,1037,163,100924,55,1,25
0:21:114,0,0,0,2147483648,1454,1,25
0:21:114,0,0,0,0,1454,1,25
0:21:114,0,0,0,0,1454,1,25
0:21:114,0,0,0,0,1454,1,25
0:21:114,0,0,0,0,1454,1,25
0:21:114,0,0,0,0,1454,1,25
0:21:114,0,0,0,0,1454,1,25
0:21:114,0,0,0,0,1454,1,25
0:21:114,0,0,0,0,1454,1,25
0:21:114,0,0,0,0,1454,1,25
0:21:114,0,0,0,0,1454,1,25
0:21:114,0,0,0,0,1454,1,25
0:21:114,0,0,0,0,1454,1,25
0:21:114,0,0,0,0,1454,1,25
0:21:114,0,0,0,0,1454,1,25
0:21:114,0,0,0,0,1454,1,25
0:21:114,0,0,0,0,1454,1,25
0:21:114,0,0,0,0,1454,1,25
0:21:114,0,0,0,0,1454,1,25
0:21:114,0,0,0,0,1454,1,25
0:21:114,0,0,0,0,1454,1,25
0:21:114,0,0,0,0,1454,1,25
0:21:114,0,0,0,0,1454,1,25
0:21:114,0,0,0,0,1454,1,25
0:21:114,0,0,0,0,1454,1,25
0:21:114,0,0,0,0,1454,1,25
0:21:114,0,0,0,0,1454,1,25
0:21:114,0,0,0,0,1454,1,25
0:21:114,0,0,0,0,1454,1,25
0:21:115,976,1043,160,100921,56,1,26
0:21:119,149,1043,177,100924,58,1,26
0:21:122,976,1024,163,100927,59,1,26
0:21:125,149,1008,180,100925,60,1,26
0:21:129,976,1011,161,100928,62,1,26
0:21:133,149,982,170,100931,63,1,26
0:21:136,976,978,197,100929,65,1,26
0:21:139,149,949,177,100926,66,1,26
0:21:143,976,967,200,100929,68,1,26
0:21:147,149,948,199,100932,69,1,26
0:21:150,976,928,203,100935,71,1,26
0:21:154,149,914,207,100938,72,1,26
0:21:157,976,895,210,100930,74,1,26
0:21:161,149,871,222,100933,75,1,26
0:21:164,976,885,212,100936,76,1,26
0:21:168,149,860,221,100934,78,1,26
0:21:171,976,845,225,100936,79,1,26
0:21:175,149,835,213,100934,81,1,26
0:21:178,976,830,247,100937,82,1,26
0:21:182,149,797,235,100940,83,1,26
0:21:185,976,763,237,100937,85,1,26
0:21:188,149,765,263,100941,86,1,26
0:21:192,976,753,229,100938,88,1,26
0:21:196,149,725,246,100941,89,1,26
0:21:199,976,716,259,100938,91,1,26
0:21:203,149,673,251,100942,92,1,26
0:21:206,976,687,269,100945,93,1,26
0:21:210,149,653,259,100942,95,1,26
0:21:213,976,641,261,100939,96,1,26
0:21:216,149,634,295,100942,98,1,26
0:21:220,960,627,291,100946,99,1,26
0:21:227,144,581,256,100946,102,1,26
0:21:227,512,581,256,268247,102,1,26
0:21:238,404,161,53,268245,106,1,26
0:21:241,532,161,53,268243,108,1,26
0:21:245,981,193,67,268245,109,1,26
0:21:251,917,193,67,268246,112,1,26
0:21:255,2708,206,0,268237,114,1,26
0:21:259,965,206,0,268246,115,1,26
0:21:265,453,200,44,268241,118,1,26
0:21:269,660,223,41,268232,119,1,26
0:21:273,977,223,41,268247,121,1,26
0:21:276,2708,188,63,268239,122,1,26
0:21:279,981,204,41,268230,124,1,26
0:21:283,2708,226,84,268233,125,1,26
0:21:287,981,226,84,268230,126,1,26
0:21:290,2708,246,98,268228,128,1,26
0:21:294,981,254,45,268230,129,1,26
0:21:297,2708,231,72,268228,131,1,26
0:21:301,981,224,36,268231,132,1,26
0:21:304,2708,239,62,268229,134,1,26
0:21:308,981,248,73,268226,135,1,26
0:21:311,2708,221,57,268235,137,1,26
0:21:315,981,223,12,268232,138,1,26
0:21:318,2708,272,80,268224,139,1,26
0:21:322,981,244,15,268227,141,1,26
0:21:325,2708,271,60,268230,142,1,26
0:21:329,981,309,23,268228,144,1,26
0:21:332,2708,263,66,268225,145,1,26
0:21:336,981,271,35,268228,146,1,26
0:21:343,981,271,35,268229,149,1,26
0:21:346,2708,267,85,268226,151,1,26
0:21:350,981,291,60,268223,152,1,26
0:21:353,2708,260,20,268226,154,1,26
0:21:357,981,286,63,268223,155,1,26
0:21:360,2708,305,60,268220,156,1,26
0:21:360,2708,320,0,299234,156,1,26
0:21:364,981,249,0,268224,158,1,26
0:21:367,2708,304,74,268221,159,1,26
0:21:371,981,286,71,268213,161,1,26
0:21:374,2708,265,69,268221,162,1,26
0:21:378,981,284,70,268219,164,1,26
0:21:381,2708,291,17,268216,165,1,26
0:21:385,981,273,42,268219,167,1,26
0:21:388,660,277,72,268216,168,1,26
0:21:392,981,313,78,268220,169,1,26
0:21:395,2708,299,42,268217,171,1,26
0:21:399,981,272,0,268215,172,1,26
0:21:402,2708,291,56,268217,174,1,26
0:21:406,981,292,56,268215,175,1,26
0:21:409,2708,259,36,268218,176,1,26
0:21:410,0,0,0,3221225472,1454,1,26
0:21:410,0,0,0,0,1454,1,26
0:21:410,0,0,0,0,1454,1,26
0:21:410,0,0,0,0,1454,1,26
0:21:410,0,0,0,0,1454,1,26
0:21:410,0,0,0,0,1454,1,26
0:21:410,0,0,0,0,1454,1,26
0:21:410,0,0,0,0,1454,1,26
0:21:410,0,0,0,0,1454,1,26
0:21:410,0,0,0,0,1454,1,26
0:21:410,0,0,0,0,1454,1,26
0:21:410,0,0,0,0,1454,1,26
0:21:410,0,0,0,0,1454,1,26
0:21:410,0,0,0,0,1454,1,26
0:21:410,0,0,0,0,1454,1,26
0:21:410,0,0,0,0,1454,1,26
0:21:410,0,0,0,0,1454,1,26
0:21:410,0,0,0,0,1454,1,26
0:21:410,0,0,0,0,1454,1,26
0:21:410,0,0,0,0,1454,1,26
0:21:410,0,0,0,0,1454,1,26
0:21:410,0,0,0,0,1454,1,26
0:21:410,0,0,0,0,1454,1,26
0:21:410,0,0,0,0,1454,1,26
0:21:410,0,0,0,0,1454,1,26
0:21:410,0,0,0,0,1454,1,26
0:21:410,0,0,0,0,1454,1,26
0:21:410,0,0,0,0,1454,1,26
0:21:410,0,0,0,0,1454,1,26
0:21:413,981,302,52,268210,178,1,27
0:21:416,2708,278,57,268213,179,1,27
0:21:420,981,259,0,268210,181,1,27
0:21:420,128,333,37,274930,181,1,27
0:21:420,2932,65535,65535,275080,181,1,27
0:21:420,2772,328,37,281758,181,1,27
0:21:420,3284,65535,65535,281825,181,1,27
0:21:420,2260,65535,65535,281833,181,1,27
0:21:423,2708,304,0,268207,182,1,27
0:21:427,981,304,0,268211,184,1,27
0:21:430,2708,263,0,268208,185,1,27
0:21:434,981,267,34,268205,187,1,27
0:21:437,2708,288,67,268208,188,1,27
0:21:440,981,253,56,268205,189,1,27
0:21:444,2708,249,42,268209,191,1,27
0:21:448,981,264,35,268206,192,1,27
0:21:451,2708,256,0,268209,194,1,27
0:21:455,981,296,71,268200,195,1,27
0:21:458,2708,260,63,268203,197,1,27
0:21:462,2708,235,0,266995,198,1,27
0:21:465,2708,233,57,268199,199,1,27
0:21:469,981,243,13,268196,201,1,27
0:21:472,2708,252,48,268192,202,1,27
0:21:476,981,244,0,268196,204,1,27
0:21:479,2708,288,0,268199,205,1,27
0:21:483,981,288,0,268202,207,1,27
0:21:486,2708,222,61,268200,208,1,27
0:21:490,981,193,69,268190,209,1,27
0:21:493,2692,196,56,268200,211,1,27
0:21:500,660,196,56,268194,214,1,27
0:21:504,465,195,80,268198,215,1,27
0:21:507,2708,195,80,268195,217,1,27
0:21:514,577,1002,422,467415,220,1,27
0:21:518,980,1002,422,268186,221,1,27
0:21:518,216,171,0,427256,221,1,27
0:21:521,4,171,0,406949,222,1,27
0:21:521,64,171,0,410399,222,1,27
0:21:525,592,171,0,322191,224,1,27
0:21:528,1186,280,87,273649,225,1,27
0:21:532,64,280,87,250265,227,1,27
0:21:535,137,280,87,162382,228,1,27
0:21:556,24,280,87,307111,237,1,27
0:21:910,468,128,0,144997,381,1,27
0:21:910,130,128,0,340413,381,1,27
0:21:910,128,501,97,369405,381,1,27
0:21:910,4,482,106,379232,381,1,27
0:21:910,260,458,112,382532,381,1,27
0:21:910,3327,65535,65535,382682,381,1,27
0:21:913,3912,760,258,103882,383,1,27
0:21:913,3024,158,0,340416,383,1,27
0:21:917,512,788,260,103879,384,1,27
0:21:920,3912,790,236,103883,386,1,27
0:21:920,980,790,236,340410,386,1,27
0:21:920,2900,165,64,354445,386,1,27
0:21:924,512,812,277,103880,387,1,27
0:21:924,226,812,277,340408,387,1,27
0:21:931,512,859,265,103887,390,1,27
0:21:931,2772,180,49,290160,390,1,27
0:21:931,1506,180,49,340414,390,1,27
0:21:934,3912,865,249,103884,392,1,27
0:21:934,3028,865,249,340418,392,1,27
0:21:934,1258,167,71,518519,392,1,27
0:21:941,3912,905,231,103890,394,1,27
0:21:941,3028,905,231,230542,394,1,27
0:21:941,3028,188,55,340424,394,1,27
0:21:945,512,929,246,103887,396,1,27
0:21:945,1514,174,16,340433,396,1,27
0:21:945,1514,206,0,468639,396,1,27
0:21:948,3912,934,226,103890,397,1,27
0:21:948,2964,179,36,340418,397,1,27
0:21:952,512,966,244,103887,399,1,27
0:21:952,3028,211,0,179744,399,1,27
0:21:952,1514,181,37,340421,399,1,27
0:21:955,3912,947,231,103890,400,1,27
0:21:955,3028,188,0,340424,400,1,27
0:21:955,1512,161,30,404983,400,1,27
0:21:959,512,978,245,103887,402,1,27
0:21:959,1512,209,0,340433,402,1,27
0:21:962,3912,1028,252,103890,403,1,27
0:21:962,976,1028,252,116106,403,1,27
0:21:966,512,1012,243,103893,404,1,27
0:21:966,1514,191,0,340433,404,1,27
0:21:969,3912,1009,235,103890,406,1,27
0:21:969,3028,207,0,340424,406,1,27
0:21:973,3028,207,0,52882,407,1,27
0:21:976,3912,1046,240,103890,409,1,27
0:21:976,3028,203,63,340436,409,1,27
0:21:983,3912,1046,218,103895,412,1,27
0:21:987,512,1075,229,103892,413,1,27
0:21:987,1514,200,0,209940,413,1,27
0:21:987,1514,211,65,340432,413,1,27
0:21:990,3912,1065,213,103895,414,1,27
0:21:990,3028,225,0,340429,414,1,27
0:21:990,3028,205,65,436703,414,1,27
0:21:994,512,1095,239,103898,416,1,27
0:21:994,1514,213,0,340438,416,1,27
0:21:997,3912,1087,206,103894,417,1,27
0:21:997,1514,176,0,139126,417,1,27
0:21:997,3028,207,0,340435,417,1,27
0:22:001,512,1119,210,103897,419,1,27
0:22:001,1514,205,72,340431,419,1,27
0:22:001,3028,205,0,375992,419,1,27
0:22:004,3912,1097,234,103901,420,1,27
0:22:004,3028,206,51,340428,420,1,27
0:22:008,1130,152,0,76628,422,1,27
0:22:008,512,1125,234,103897,422,1,27
0:22:008,1514,188,0,340437,422,1,27
0:22:011,3912,1128,224,103900,423,1,27
0:22:011,38,2530,489,183171,423,1,27
0:22:011,576,2564,461,186542,423,1,27
0:22:015,2069,2564,461,44925,425,1,27
0:22:015,512,1140,234,103897,425,1,27
0:22:015,1514,217,0,340437,425,1,27
0:22:022,2101,1652,720,44924,427,1,27
0:22:022,512,1155,221,103903,427,1,27
0:22:022,1514,194,64,340442,427,1,27
0:22:025,2096,1668,750,44926,429,1,27
0:22:025,3912,1148,210,103900,429,1,27
0:22:025,3028,205,0,340440,429,1,27
0:22:029,2101,1674,726,44924,430,1,27
0:22:029,512,1159,211,103903,430,1,27
0:22:029,1514,215,0,340442,430,1,27
0:22:032,2096,1668,696,44921,432,1,27
0:22:032,3912,1166,208,103905,432,1,27
0:22:032,3028,212,38,340434,432,1,27
0:22:036,2101,1676,698,44930,433,1,27
0:22:036,512,1141,218,103903,433,1,27
0:22:036,1514,245,0,340442,433,1,27
0:22:039,2096,1674,728,44926,435,1,27
0:22:039,3912,1160,235,103905,435,1,27
0:22:039,3028,206,52,340446,435,1,27
0:22:043,2101,1702,682,44924,436,1,27
0:22:043,512,1174,255,103909,436,1,27
0:22:046,2096,1658,693,44926,437,1,27
0:22:046,3912,1146,204,103905,437,1,27
0:22:046,3028,208,0,340440,437,1,27
0:22:050,2101,1682,661,44924,439,1,27
0:22:050,512,1166,241,103909,439,1,27
0:22:050,1514,198,0,340443,439,1,27
0:22:053,2096,1654,647,44927,440,1,27
0:22:053,3912,1164,237,103906,440,1,27
0:22:053,3028,226,60,340452,440,1,27
0:22:057,2101,1655,660,44924,442,1,27
0:22:057,512,1167,243,103909,442,1,27
0:22:057,1514,221,0,303453,442,1,27
0:22:057,1514,199,54,340443,442,1,27
0:22:060,2096,1668,704,44927,443,1,27
0:22:060,3912,1144,249,103906,443,1,27
0:22:060,3028,217,0,340446,443,1,27
0:22:064,2101,1666,683,44925,445,1,27
0:22:064,512,1156,261,103909,445,1,27
0:22:064,1514,215,0,340443,445,1,27
0:22:067,2096,1660,688,44927,446,1,27
0:22:067,3912,1145,271,103912,446,1,27
0:22:067,1514,186,0,235790,446,1,27
0:22:071,2101,1655,691,44930,447,1,27
0:22:071,512,1148,264,103909,447,1,27
0:22:071,1514,203,0,340455,447,1,27
0:22:074,2096,1650,716,44927,449,1,27
0:22:074,3912,1135,264,103912,449,1,27
0:22:074,3028,193,16,340453,449,1,27
0:22:078,2101,1660,716,44925,450,1,27
0:22:078,512,1128,265,103916,450,1,27
0:22:078,1514,207,65,340449,450,1,27
0:22:081,2096,1606,712,44922,452,1,27
0:22:081,3912,1117,254,103912,452,1,27
0:22:081,3028,211,0,340453,452,1,27
0:22:085,2100,1622,726,44930,453,1,27
0:22:085,512,1125,283,103916,453,1,27
0:22:085,1514,216,0,340450,453,1,27
0:22:088,2096,1570,703,44927,455,1,27
0:22:088,3912,1116,286,103919,455,1,27
0:22:088,3028,198,38,340458,455,1,27
0:22:092,2101,198,38,44925,456,1,27
0:22:092,512,1109,311,103916,456,1,27
0:22:092,1514,219,50,340455,456,1,27
0:22:095,32,1564,721,44927,458,1,27
0:22:095,3912,1102,308,103919,458,1,27
0:22:095,3028,196,38,340453,458,1,27
0:22:099,1514,188,57,340462,459,1,27
0:22:102,3912,1060,309,103919,460,1,27
0:22:102,3028,185,0,290528,460,1,27
0:22:102,3028,188,0,340453,460,1,27
0:22:106,512,1060,324,103921,462,1,27
0:22:106,1514,238,0,340455,462,1,27
0:22:109,3912,1049,326,103919,463,1,27
0:22:109,3028,181,0,340458,463,1,27
0:22:113,512,1040,343,103921,465,1,27
0:22:113,3028,168,0,225665,465,1,27
0:22:113,1514,184,0,340455,465,1,27
0:22:116,8,3776,858,180045,466,1,27
0:22:116,516,3926,903,193473,466,1,27
0:22:116,516,65535,65535,193541,466,1,27
0:22:116,516,65535,65535,193548,466,1,27
0:22:116,3028,169,0,340458,466,1,27
0:22:116,1514,177,0,455969,466,1,27
0:22:120,512,1010,327,103921,468,1,27
0:22:120,1514,161,0,340461,468,1,27
0:22:123,3912,995,325,103924,469,1,27
0:22:123,3028,153,0,158205,469,1,27
0:22:123,3575,65535,65535,277826,469,1,27
0:22:123,1024,180,0,288175,469,1,27
0:22:123,1064,176,34,291475,469,1,27
0:22:123,1056,65535,65535,291542,469,1,27
0:22:123,1056,65535,65535,291556,469,1,27
0:22:127,512,980,332,103921,470,1,27
0:22:127,1514,161,0,340461,470,1,27
0:22:127,1514,192,0,384830,470,1,27
0:22:130,3912,970,307,103924,472,1,27
0:22:130,3028,970,307,340464,472,1,27
0:22:134,3028,121,0,87829,473,1,27
0:22:134,512,970,330,103927,473,1,27
0:22:134,1514,169,0,340467,473,1,27
0:22:137,3912,928,315,103924,475,1,27
0:22:137,1450,154,0,314113,475,1,27
0:22:141,512,902,325,103927,476,1,27
0:22:141,384,122,0,311055,476,1,27
0:22:141,18,101,0,314271,476,1,27
0:22:141,3,112,0,317578,476,1,27
0:22:144,3912,112,0,103924,478,1,27
0:22:148,512,875,352,103927,479,1,27
0:22:148,1194,149,0,253762,479,1,27
0:22:148,1418,151,18,340472,479,1,27
0:22:151,3912,873,365,103930,480,1,27
0:22:151,3028,160,0,492585,480,1,27
0:22:155,512,862,361,103926,482,1,27
0:22:155,1514,148,15,340467,482,1,27
0:22:158,3912,826,345,103930,483,1,27
0:22:158,1514,128,0,206239,483,1,27
0:22:162,512,810,349,103933,485,1,27
0:22:162,2820,133,0,444246,485,1,27
0:22:165,3912,807,348,103929,486,1,27
0:22:169,512,767,366,103932,488,1,27
0:22:172,3912,767,366,103929,489,1,27
0:22:176,512,752,362,103937,490,1,27
0:22:176,2787,65535,65535,311588,490,1,27
0:22:176,24,503,211,318716,490,1,27
0:22:179,3912,503,211,103935,492,1,27
0:22:183,512,725,339,103932,493,1,27
0:22:186,3656,725,339,103935,495,1,27
0:22:190,512,725,339,103937,496,1,27
0:22:197,512,725,339,103936,499,1,27
0:22:207,1536,725,339,103939,503,1,27
0:22:232,512,399,179,149870,514,1,27
0:22:239,512,382,186,149865,516,1,27
0:22:242,4056,431,168,149867,518,1,27
0:22:246,512,436,195,149864,519,1,27
0:22:253,512,456,166,149864,522,1,27
0:22:256,4056,441,151,149866,523,1,27
0:22:263,4056,458,154,149861,526,1,27
0:22:267,512,473,178,149864,528,1,27
0:22:270,4056,484,147,149861,529,1,27
0:22:274,512,493,174,149858,531,1,27
0:22:277,4056,501,147,149861,532,1,27
0:22:281,512,517,164,149858,534,1,27
0:22:284,4056,526,151,149861,535,1,27
0:22:288,512,530,163,149858,536,1,27
0:22:291,4056,532,149,149861,538,1,27
0:22:295,512,552,187,149858,539,1,27
0:22:298,4056,535,150,149855,541,1,27
0:22:305,4056,563,163,149855,544,1,27
0:22:309,512,558,154,149852,545,1,27
0:22:312,4056,587,130,149850,547,1,27
0:22:316,512,601,157,149853,548,1,27
0:22:319,4056,597,123,149850,549,1,27
0:22:319,2932,65535,65535,325611,549,1,27
0:22:319,516,664,155,328989,549,1,27
0:22:319,512,661,160,335739,549,1,27
0:22:319,516,65535,65535,335806,549,1,27
0:22:319,512,65535,65535,335820,549,1,27
0:22:326,4056,603,142,149850,552,1,27
0:22:330,512,616,169,149848,554,1,27
0:22:330,2,583,106,385242,554,1,27
0:22:330,4,579,113,391841,554,1,27
0:22:333,4056,619,129,149850,555,1,27
0:22:337,512,280,60,59303,557,1,27
0:22:337,512,652,144,149848,557,1,27
0:22:337,3063,65535,65535,456106,557,1,27
0:22:340,4056,614,120,149845,558,1,27
0:22:344,4056,520,119,133840,559,1,27
0:22:344,512,633,131,149848,559,1,27
0:22:344,3063,65535,65535,521205,559,1,27
0:22:347,4056,634,143,149845,561,1,27
0:22:351,512,624,125,149848,562,1,27
0:22:351,512,597,121,198928,562,1,27
0:22:351,2932,65535,65535,290168,562,1,27
0:22:351,518,587,126,293546,562,1,27
0:22:351,3728,578,118,296851,562,1,27
0:22:351,3712,65535,65535,290085,562,1,27
0:22:351,3712,65535,65535,296867,562,1,27
0:22:351,10,560,120,300296,562,1,27
0:22:351,4,611,99,303596,562,1,27
0:22:351,3827,65535,65535,303746,562,1,27
0:22:354,512,359,123,84008,564,1,27
0:22:354,264,411,82,87237,564,1,27
0:22:358,512,633,146,149842,565,1,27
0:22:358,4056,581,121,276620,565,1,27
0:22:361,4056,635,130,149846,567,1,27
0:22:365,512,637,108,149843,568,1,27
0:22:365,512,594,99,348007,568,1,27
0:22:368,4056,649,132,149846,570,1,27
0:22:372,512,664,126,149843,571,1,27
0:22:375,4056,688,138,149847,573,1,27
0:22:379,512,654,121,149844,574,1,27
0:22:382,4056,645,114,149841,575,1,27
0:22:386,512,658,137,149837,577,1,27
0:22:389,4056,670,127,149841,578,1,27
0:22:393,512,639,119,149838,580,1,27
0:22:396,4056,629,123,149841,581,1,27
0:22:400,512,639,129,149833,582,1,27
0:22:403,4056,641,113,149835,584,1,27
0:22:407,512,634,102,149833,585,1,27
0:22:410,4056,636,132,149835,587,1,27
0:22:414,512,616,111,149833,588,1,27
0:22:424,4056,627,126,149829,592,1,27
0:22:428,512,595,102,149833,594,1,27
0:22:431,4056,585,101,149829,595,1,27
0:22:435,512,591,129,149826,597,1,27
0:22:438,4056,587,108,149829,598,1,27
0:22:445,4056,574,93,149829,601,1,27
0:22:449,512,564,97,149826,603,1,27
0:22:452,4056,568,115,149822,604,1,27
0:22:456,512,566,122,149825,605,1,27
0:22:459,4056,527,88,149822,607,1,27
0:22:466,4056,519,107,149822,610,1,27
0:22:470,512,529,115,149820,611,1,27
0:22:473,4056,491,102,149822,613,1,27
0:22:477,512,517,106,149820,614,1,27
0:22:480,4056,497,90,149822,615,1,27
0:22:484,512,471,120,149820,617,1,27
0:22:487,64,471,120,88834,618,1,27
0:22:491,512,469,145,149820,620,1,27
0:22:501,4056,429,137,149818,624,1,27
0:22:505,0,37,1808,0,0,1,28
0:22:505,512,411,144,149815,625,1,28
0:22:505,132,494,154,436910,625,1,28
0:22:505,512,457,174,440131,625,1,28
0:22:505,2560,465,128,450038,625,1,28
0:22:505,4078,65535,65535,450188,625,1,28
0:22:508,4056,465,128,149818,627,1,28
0:22:512,512,292,103,242207,628,1,28
0:22:515,4056,398,125,149818,630,1,28
0:22:515,2644,287,84,242205,630,1,28
0:22:519,512,409,133,149815,631,1,28
0:22:522,4056,384,135,149812,633,1,28
0:22:529,4056,351,128,149806,636,1,28
0:22:529,2644,318,87,242211,636,1,28
0:22:533,512,356,110,149816,637,1,28
0:22:533,512,335,96,242208,637,1,28
0:22:536,4056,338,124,149813,638,1,28
0:22:536,2644,340,112,242211,638,1,28
0:22:540,512,354,111,242208,640,1,28
0:22:540,65,354,111,263983,640,1,28
0:22:543,4056,317,122,149813,641,1,28
0:22:554,512,388,96,242215,645,1,28
0:22:557,3072,388,96,149808,647,1,28
0:22:557,2644,386,102,242219,647,1,28
0:22:561,512,391,116,242216,648,1,28
0:22:564,2644,395,98,242219,650,1,28
0:22:568,512,419,86,242216,651,1,28
0:22:571,2644,419,89,242220,653,1,28
0:22:575,512,424,98,242222,654,1,28
0:22:578,2644,440,109,242214,656,1,28
0:22:582,512,461,97,242222,657,1,28
0:22:585,2644,454,92,242220,658,1,28
0:22:589,512,447,100,242217,660,1,28
0:22:592,2644,442,87,242226,661,1,28
0:22:596,512,478,96,242223,663,1,28
0:22:599,2644,459,87,242226,664,1,28
0:22:603,512,480,78,242223,665,1,28
0:22:606,2644,492,86,242226,667,1,28
0:22:610,512,506,89,242230,668,1,28
0:22:613,2644,490,98,242226,670,1,28
0:22:617,512,499,69,242230,671,1,28
0:22:620,2644,514,98,242227,673,1,28
0:22:624,512,511,100,242230,674,1,28
0:22:631,512,531,100,242231,677,1,28
0:22:634,2644,526,79,242234,678,1,28
0:22:638,512,552,103,242236,680,1,28
0:22:641,2644,512,84,242234,681,1,28
0:22:645,512,554,92,242237,683,1,28
0:22:648,2644,499,82,242235,684,1,28
0:22:652,512,567,89,242237,686,1,28
0:22:655,2644,541,73,242235,687,1,28
0:22:659,512,541,79,242237,688,1,28
0:22:669,2644,560,78,242241,693,1,28
0:22:673,512,576,66,242245,694,1,28
0:22:676,2644,541,83,242242,696,1,28
0:22:676,3,541,83,516815,696,1,28
0:22:680,512,545,77,242245,697,1,28
0:22:687,512,535,64,242246,700,1,28
0:22:690,2644,566,92,242243,701,1,28
0:22:694,512,548,93,242246,703,1,28
0:22:697,2644,540,88,242249,704,1,28
0:22:701,512,555,95,242247,705,1,28
0:22:704,2644,530,93,242250,707,1,28
0:22:708,512,543,85,242247,708,1,28
0:22:711,2644,548,99,242250,710,1,28
0:22:715,512,530,89,242253,711,1,28
0:22:718,2644,521,95,242250,713,1,28
0:22:722,512,502,82,242253,714,1,28
0:22:725,2644,520,91,242250,716,1,28
0:22:725,260,426,66,362884,716,1,28
0:22:725,2803,65535,65535,363034,716,1,28
0:22:732,2644,483,66,242257,719,1,28
0:22:736,512,510,81,242253,720,1,28
0:22:739,2644,473,97,242257,721,1,28
0:22:743,512,504,97,242260,723,1,28
0:22:746,2644,498,91,242263,724,1,28
0:22:750,512,508,81,242260,726,1,28
0:22:753,2644,456,88,242257,727,1,28
0:22:757,512,508,121,242261,729,1,28
0:22:760,2644,446,95,242264,730,1,28
0:22:764,512,464,107,242261,731,1,28
0:22:767,2644,459,84,242264,733,1,28
0:22:771,512,463,80,242261,734,1,28
0:22:774,2644,462,115,242264,736,1,28
0:22:778,512,419,119,242267,737,1,28
0:22:781,2644,420,72,242270,739,1,28
0:22:785,512,430,116,242267,740,1,28
0:22:788,2644,390,102,242265,741,1,28
0:22:792,512,406,113,242273,743,1,28
0:22:799,512,384,99,242273,746,1,28
0:22:802,2644,375,116,242270,747,1,28
0:22:806,512,382,127,242273,749,1,28
0:22:809,2312,100,0,122950,750,1,28
0:22:809,2312,65535,65535,119276,750,1,28
0:22:813,512,358,105,242273,752,1,28
0:22:816,2644,355,120,242276,753,1,28
0:22:820,512,342,101,242279,755,1,28
0:22:823,2644,323,119,242276,756,1,28
0:22:827,512,325,120,242279,757,1,28
0:22:837,2644,289,135,242282,762,1,28
0:23:100,36,247,114,519596,870,1,28
0:23:116,0,0,0,2147483648,1454,1,28
0:23:116,0,0,0,0,1454,1,28
0:23:116,0,0,0,0,1454,1,28
0:23:116,0,0,0,0,1454,1,28
0:23:116,0,0,0,0,1454,1,28
0:23:116,0,0,0,0,1454,1,28
0:23:116,0,0,0,0,1454,1,28
0:23:116,0,0,0,0,1454,1,28
0:23:116,0,0,0,0,1454,1,28
0:23:116,0,0,0,0,1454,1,28
0:23:116,0,0,0,0,1454,1,28
0:23:116,0,0,0,0,1454,1,28
0:23:116,0,0,0,0,1454,1,28
0:23:116,0,0,0,0,1454,1,28
0:23:116,0,0,0,0,1454,1,28
0:23:116,0,0,0,0,1454,1,28
0:23:116,0,0,0,0,1454,1,28
0:23:116,0,0,0,0,1454,1,28
0:23:116,0,0,0,0,1454,1,28
0:23:116,0,0,0,0,1454,1,28
0:23:116,0,0,0,0,1454,1,28
0:23:116,0,0,0,0,1454,1,28
0:23:116,0,0,0,0,1454,1,28
0:23:116,0,0,0,0,1454,1,28
0:23:116,0,0,0,0,1454,1,28
0:23:116,0,0,0,0,1454,1,28
0:23:116,0,0,0,0,1454,1,28
0:23:116,0,0,0,0,1454,1,28
0:23:116,0,0,0,0,1454,1,28
0:23:412,0,0,0,3221225472,1454,1,28
0:23:412,0,0,0,0,1454,1,28
0:23:412,0,0,0,0,1454,1,28
0:23:412,0,0,0,0,1454,1,28
0:23:412,0,0,0,0,1454,1,28
0:23:412,0,0,0,0,1454,1,28
0:23:412,0,0,0,0,1454,1,28
0:23:412,0,0,0,0,1454,1,28
0:23:412,0,0,0,0,1454,1,28
0:23:412,0,0,0,0,1454,1,28
0:23:412,0,0,0,0,1454,1,28
0:23:412,0,0,0,0,1454,1,28
0:23:412,0,0,0,0,1454,1,28
0:23:412,0,0,0,0,1454,1,28
0:23:412,0,0,0,0,1454,1,28
0:23:412,0,0,0,0,1454,1,28
0:23:412,0,0,0,0,1454,1,28
0:23:412,0,0,0,0,1454,1,28
0:23:412,0,0,0,0,1454,1,28
0:23:412,0,0,0,0,1454,1,28
0:23:412,0,0,0,0,1454,1,28
0:23:412,0,0,0,0,1454,1,28
0:23:412,0,0,0,0,1454,1,28
0:23:412,0,0,0,0,1454,1,28
0:23:412,0,0,0,0,1454,1,28
0:23:412,0,0,0,0,1454,1,28
0:23:412,0,0,0,0,1454,1,28
0:23:412,0,0,0,0,1454,1,28
0:23:412,0,0,0,0,1454,1,28
0:23:530,16,89,0,332486,1046,1,29
0:23:544,512,88,0,405409,1052,1,29
0:23:572,512,88,0,284063,1063,1,29
0:23:632,1536,88,0,299268,1087,1,29
0:23:940,1440,354,137,227686,1213,1,29
0:23:950,3864,414,180,227672,1218,1,29
0:23:954,1256,320,143,227676,1219,1,29
0:23:957,3848,464,176,227673,1221,1,29
0:23:961,1512,418,169,227683,1222,1,29
0:23:968,1512,491,164,227677,1225,1,29
0:23:971,3864,475,191,227680,1226,1,29
0:23:975,1512,390,152,227677,1228,1,29
0:23:978,3864,494,154,227669,1229,1,29
0:23:982,1512,521,180,227671,1230,1,29
0:23:985,3864,474,146,227669,1232,1,29
0:23:989,1512,492,153,227672,1233,1,29
0:23:992,3848,584,190,227675,1235,1,29
0:23:996,1448,515,158,227672,1236,1,29
0:23:999,3864,488,158,227676,1238,1,29
0:24:003,1512,590,170,227679,1239,1,29
0:24:006,3608,535,171,227676,1241,1,29
0:24:013,3864,631,175,227677,1243,1,29
0:24:017,1512,556,162,227674,1245,1,29
0:24:020,3864,479,106,227671,1246,1,29
0:24:024,1512,618,161,227669,1248,1,29
0:24:027,3864,608,148,227684,1249,1,29
0:24:031,1512,485,131,227675,1251,1,29
0:24:034,3864,667,158,227679,1252,1,29
0:24:038,1512,645,164,227676,1254,1,29
0:24:038,128,618,166,385491,1254,1,29
0:24:038,2932,65535,65535,385641,1254,1,29
0:24:038,516,616,143,389019,1254,1,29
0:24:038,768,597,151,395841,1254,1,29
0:24:038,512,65535,65535,392386,1254,1,29
0:24:038,512,65535,65535,392395,1254,1,29
0:24:038,514,609,148,399219,1254,1,29
0:24:041,3864,514,137,227679,1255,1,29
0:24:045,1512,601,116,227676,1256,1,29
0:24:048,3864,682,156,227680,1258,1,29
0:24:052,1512,601,129,227677,1259,1,29
0:24:055,3864,600,127,227680,1261,1,29
0:24:059,1512,714,143,227671,1262,1,29
0:24:062,3864,623,106,227674,1264,1,29
0:24:066,1512,623,106,227678,1265,1,29
0:24:069,1048,663,164,167610,1266,1,29
0:24:069,1040,65535,65535,161084,1266,1,29
0:24:069,1040,65535,65535,161098,1266,1,29
0:24:069,256,673,149,174588,1266,1,29
0:24:069,2675,65535,65535,174738,1266,1,29
0:24:073,1512,663,106,227678,1268,1,29
0:24:076,3864,547,103,227675,1269,1,29
0:24:080,1512,725,143,227679,1271,1,29
0:24:083,3864,684,105,227682,1272,1,29
0:24:087,1512,565,79,227679,1274,1,29
0:24:090,3864,712,117,227677,1275,1,29
0:24:094,1512,673,110,227680,1276,1,29
0:24:097,3864,556,101,227684,1278,1,29
0:24:101,1512,701,134,227674,1279,1,29
0:24:104,3864,705,118,227678,1281,1,29
0:24:108,1512,578,91,227675,1282,1,29
0:24:111,3864,608,77,227678,1284,1,29
0:24:115,1512,726,111,227675,1285,1,29
0:24:118,3864,607,77,227679,1286,1,29
0:24:122,1512,622,86,227682,1288,1,29
0:24:125,3864,730,86,227679,1289,1,29
0:24:129,1512,622,0,227676,1291,1,29
0:24:132,3864,582,73,227685,1292,1,29
0:24:136,1512,727,87,227683,1294,1,29
0:24:139,3864,635,93,227674,1295,1,29
0:24:146,3864,695,92,227675,1298,1,29
0:24:150,1512,636,80,227684,1299,1,29
0:24:153,3864,525,55,227675,1301,1,29
0:24:157,1512,670,80,227679,1302,1,29
0:24:160,3864,647,80,227682,1304,1,29
0:24:164,1512,529,0,227685,1305,1,29
0:24:167,3864,603,86,227683,1306,1,29
0:24:171,1512,619,83,227685,1308,1,29
0:24:174,3864,532,55,227683,1309,1,29
0:24:178,1512,527,32,227680,1311,1,29
0:24:181,3864,627,103,227684,1312,1,29
0:24:185,1512,531,65,227686,1314,1,29
0:24:185,128,490,72,342639,1314,1,29
0:24:185,3,481,93,345861,1314,1,29
0:24:188,3864,523,84,227678,1315,1,29
0:24:188,1512,542,100,276667,1315,1,29
0:24:192,3864,417,65,212880,1316,1,29
0:24:192,1512,570,75,227675,1316,1,29
0:24:195,128,533,107,176625,1318,1,29
0:24:195,2900,65535,65535,176775,1318,1,29
0:24:199,1512,312,0,90182,1319,1,29
0:24:199,1512,484,69,227682,1319,1,29
0:24:202,3864,574,111,227679,1321,1,29
0:24:206,1512,527,81,227683,1322,1,29
0:24:206,1512,477,121,399718,1322,1,29
0:24:209,3864,413,80,227685,1324,1,29
0:24:209,3864,438,82,352309,1324,1,29
0:24:213,1512,530,107,227677,1325,1,29
0:24:213,3063,65535,65535,303287,1325,1,29
0:24:213,256,338,0,310110,1325,1,29
0:24:213,1024,383,84,373079,1325,1,29
0:24:213,1040,371,77,376306,1325,1,29
0:24:213,518,384,79,379529,1325,1,29
0:24:213,6,65535,65535,379596,1325,1,29
0:24:213,6,65535,65535,379610,1325,1,29
0:24:213,2,396,71,383429,1325,1,29
0:24:213,2,367,71,437398,1325,1,29
0:24:213,1536,361,33,440698,1325,1,29
0:24:213,4,352,68,444003,1325,1,29
0:24:216,1512,351,0,208504,1326,1,29
0:24:216,3864,502,95,227686,1326,1,29
0:24:223,3864,501,108,227681,1329,1,29
0:24:223,1512,372,58,511734,1329,1,29
0:24:227,1512,481,117,227678,1331,1,29
0:24:227,3864,434,104,441652,1331,1,29
0:24:230,3864,388,96,227681,1332,1,29
0:24:234,1512,419,134,227679,1334,1,29
0:24:234,1512,300,78,280831,1334,1,29
0:24:241,132,365,108,166942,1337,1,29
0:24:241,2901,65535,65535,167092,1337,1,29
0:24:244,3864,388,101,227683,1338,1,29
0:24:248,1512,437,120,227685,1339,1,29
0:24:251,3864,381,107,227689,1341,1,29
0:24:258,3864,410,114,227684,1344,1,29
0:24:262,1512,348,136,227686,1345,1,29
0:24:265,3864,321,110,227690,1346,1,29
0:24:276,1384,278,94,227675,1351,1,29
0:24:279,1560,352,129,227685,1352,1,29
0:24:283,1448,338,124,227694,1354,1,29
0:24:290,1320,313,154,227688,1356,1,29
0:24:293,2560,322,131,227692,1358,1,29
0:24:325,2056,58,0,517684,1371,1,29
0:24:416,512,58,0,233222,1408,1,29
0:24:426,16,58,0,487016,1412,1,29
0:24:440,2180,58,0,275005,1418,1,29
0:24:444,707,225,78,275002,1420,1,29
0:24:447,3600,222,81,275005,1421,1,29
0:24:454,2688,155,43,166221,1424,1,29
0:24:454,3220,238,87,275006,1424,1,29
0:24:458,599,260,77,275003,1425,1,29
0:24:468,3988,268,70,274995,1430,1,29
0:24:472,727,253,113,274997,1431,1,29
0:24:475,2964,253,113,274995,1432,1,29
0:24:479,32,253,113,83025,1434,1,29
0:24:482,3988,271,91,275001,1435,1,29
0:24:482,3988,234,84,485502,1435,1,29
0:24:486,727,280,83,274998,1437,1,29
0:24:493,727,286,98,274993,1440,1,29
0:24:493,3988,237,73,418396,1440,1,29
0:24:496,3988,279,93,274996,1441,1,29
0:24:500,727,308,59,274994,1442,1,29
0:24:500,727,228,0,330343,1442,1,29
0:24:503,3988,311,87,274996,1444,1,29
0:24:503,3988,241,57,304360,1444,1,29
0:24:510,727,226,60,234882,1447,1,29
0:24:510,3988,311,63,274985,1447,1,29
0:24:514,3988,266,73,219921,1448,1,29
0:24:514,727,332,95,274988,1448,1,29
0:24:517,3988,329,41,274992,1450,1,29
0:24:521,727,334,85,274983,1451,1,29
0:24:524,3988,370,97,274980,1453,1,29
0:24:528,727,362,82,274989,1454,1,29
0:24:531,3988,333,91,274987,1455,1,29
0:24:535,727,385,75,274978,1457,1,29
0:24:538,3988,372,78,274981,1458,1,29
0:24:542,727,348,77,274984,1460,1,29
0:24:545,3988,387,79,274981,1461,1,29
0:24:549,727,402,64,274979,1463,1,29
0:24:552,3988,374,82,274982,1464,1,29
0:24:556,727,381,0,274980,1465,1,29
0:24:559,3988,388,0,274982,1467,1,29
0:24:563,727,370,16,274980,1468,1,29
0:24:566,3988,383,0,274977,1470,1,29
0:24:570,727,426,73,274968,1471,1,29
0:24:573,3988,388,68,274971,1473,1,29
0:24:577,727,399,0,274975,1474,1,29
0:24:580,3988,410,63,274972,1476,1,29
0:24:584,727,375,60,274975,1477,1,29
0:24:584,132,323,0,492850,1477,1,29
0:24:584,4,316,0,503121,1477,1,29
0:24:584,2,314,59,506421,1477,1,29
0:24:587,3988,389,0,274972,1478,1,29
0:24:591,727,423,39,274969,1480,1,29
0:24:594,3988,428,60,274966,1481,1,29
0:24:605,727,412,0,274965,1486,1,29
0:24:608,3988,396,0,274962,1487,1,29
0:24:612,727,401,15,274965,1489,1,29
0:24:615,3988,423,18,274963,1490,1,29
0:24:619,727,377,64,274960,1491,1,29
0:24:622,3988,405,0,274957,1493,1,29
0:24:626,727,404,0,274960,1494,1,29
0:24:629,3988,393,0,274957,1496,1,29
0:24:633,727,387,0,274961,1497,1,29
0:24:636,3988,397,0,274964,1498,1,29
0:24:640,727,395,0,274955,1500,1,29
0:24:643,3988,365,0,274952,1501,1,29
0:24:647,727,412,69,274950,1503,1,29
0:24:650,3988,390,63,274947,1504,1,29
0:24:654,727,371,50,274950,1506,1,29
0:24:657,3476,392,65,274953,1507,1,29
0:24:661,727,364,39,274956,1508,1,29
0:24:664,3988,375,0,274948,1510,1,29
0:24:671,3988,352,77,274948,1513,1,29
0:24:689,50,260,110,272180,1520,1,29
0:24:699,2,90,0,47133,1524,1,29
0:24:699,256,117,0,56955,1524,1,29
0:24:703,64,278,126,240099,1526,1,29
0:24:703,4,278,126,246699,1526,1,29
0:24:706,32,278,126,272190,1527,1,29
0:24:710,58,292,106,272181,1528,1,29
0:24:713,131,294,133,174578,1530,1,29
0:24:713,130,65535,65535,174645,1530,1,29
0:24:713,386,65535,65535,174654,1530,1,29
0:24:713,128,273,103,182078,1530,1,29
0:24:717,570,336,110,272182,1531,1,29
0:24:724,558,344,106,272189,1534,1,29
0:24:727,564,350,91,272191,1536,1,29
0:24:731,542,350,91,272194,1537,1,29
0:24:734,548,326,108,272192,1539,1,29
0:24:738,574,359,96,272195,1540,1,29
0:24:741,564,373,128,272198,1541,1,29
0:24:745,574,376,128,272195,1543,1,29
0:24:748,564,394,123,272199,1544,1,29
0:24:752,574,388,119,272202,1546,1,29
0:24:755,564,422,144,272199,1547,1,29
0:24:759,574,422,144,272196,1549,1,29
0:24:762,564,443,117,272200,1550,1,29
0:24:766,574,429,131,272197,1551,1,29
0:24:769,564,435,117,272200,1553,1,29
0:24:773,574,441,146,272204,1554,1,29
0:24:780,574,441,146,272204,1557,1,29
0:24:783,528,481,222,170905,1558,1,29
0:24:783,564,498,127,272207,1558,1,29
0:24:787,130,538,221,170908,1560,1,29
0:24:787,574,474,135,272205,1560,1,29
0:24:794,130,514,212,170909,1563,1,29
0:24:794,574,497,108,272211,1563,1,29
0:24:797,3728,581,238,170906,1564,1,29
0:24:797,2932,65535,65535,177776,1564,1,29
0:24:797,256,579,246,181154,1564,1,29
0:24:797,3,624,227,191647,1564,1,29
0:24:801,130,515,206,170903,1566,1,29
0:24:801,574,508,116,272205,1566,1,29
0:24:804,3792,609,251,170912,1567,1,29
0:24:804,564,492,118,272208,1567,1,29
0:24:808,130,605,236,170910,1568,1,29
0:24:808,574,488,130,272212,1568,1,29
0:24:811,3792,624,225,170912,1570,1,29
0:24:811,564,520,119,272209,1570,1,29
0:24:815,130,633,232,170910,1571,1,29
0:24:815,574,492,115,272212,1571,1,29
0:24:818,80,492,115,155698,1573,1,29
0:24:818,3792,549,174,170907,1573,1,29
0:24:818,564,549,174,272216,1573,1,29
0:24:822,2368,506,81,155695,1574,1,29
0:24:822,130,638,222,170910,1574,1,29
0:24:822,574,543,110,272213,1574,1,29
0:24:829,462,687,320,155701,1577,1,29
0:24:829,130,585,173,170910,1577,1,29
0:24:829,574,531,127,272219,1577,1,29
0:24:832,852,716,294,155699,1579,1,29
0:24:832,3792,690,193,170908,1579,1,29
0:24:832,564,542,111,272217,1579,1,29
0:24:836,2510,736,313,155696,1580,1,29
0:24:836,130,603,175,170905,1580,1,29
0:24:836,574,524,128,272220,1580,1,29
0:24:839,852,733,317,155699,1581,1,29
0:24:839,3792,729,203,170914,1581,1,29
0:24:839,564,557,139,272222,1581,1,29
0:24:843,2510,741,312,155701,1583,1,29
0:24:843,130,645,188,170906,1583,1,29
0:24:843,574,538,128,272226,1583,1,29
0:24:846,852,771,307,155700,1584,1,29
0:24:846,3792,725,188,170915,1584,1,29
0:24:846,564,571,107,272217,1584,1,29
0:24:850,2502,783,317,155697,1586,1,29
0:24:850,130,662,161,170906,1586,1,29
0:24:850,574,547,109,272220,1586,1,29
0:24:853,852,814,318,155700,1587,1,29
0:24:853,3792,652,161,170903,1587,1,29
0:24:853,564,556,95,272223,1587,1,29
0:24:857,2510,832,280,155702,1588,1,29
0:24:857,130,767,183,170912,1588,1,29
0:24:857,572,566,115,272220,1588,1,29
0:24:860,852,832,299,155700,1590,1,29
0:24:860,3792,772,181,170910,1590,1,29
0:24:860,564,545,107,272224,1590,1,29
0:24:864,2510,545,107,155698,1591,1,29
0:24:864,574,534,96,272227,1591,1,29
0:24:867,852,871,279,155700,1593,1,29
0:24:867,3792,765,187,170910,1593,1,29
0:24:867,564,569,131,272224,1593,1,29
0:24:871,2510,872,280,155698,1594,1,29
0:24:871,130,681,168,170908,1594,1,29
0:24:871,574,565,87,272228,1594,1,29
0:24:874,852,886,289,155700,1596,1,29
0:24:874,3792,804,198,170917,1596,1,29
0:24:874,564,530,104,272231,1596,1,29
0:24:878,2510,901,300,155698,1597,1,29
0:24:878,130,711,180,170908,1597,1,29
0:24:878,574,552,79,272228,1597,1,29
0:24:881,852,911,282,155695,1599,1,29
0:24:881,3792,814,183,170911,1599,1,29
0:24:881,564,563,105,272232,1599,1,29
0:24:885,2510,938,284,155699,1600,1,29
0:24:885,130,818,168,170914,1600,1,29
0:24:885,574,546,97,272235,1600,1,29
0:24:888,852,949,278,155701,1601,1,29
0:24:888,3792,812,173,170911,1601,1,29
0:24:888,564,549,95,272237,1601,1,29
0:24:892,2510,941,237,155699,1603,1,29
0:24:892,130,822,177,170914,1603,1,29
0:24:892,574,546,99,272235,1603,1,29
0:24:895,852,969,261,155696,1604,1,29
0:24:895,3792,751,170,170911,1604,1,29
0:24:895,564,549,104,272238,1604,1,29
0:24:899,2510,994,257,155700,1606,1,29
0:24:899,130,819,150,170915,1606,1,29
0:24:899,574,540,77,272229,1606,1,29
0:24:902,852,1019,255,155702,1607,1,29
0:24:902,3792,716,139,170912,1607,1,29
0:24:902,132,765,134,262327,1607,1,29
0:24:902,2900,65535,65535,262477,1607,1,29
0:24:906,2510,1026,271,155700,1609,1,29
0:24:906,130,822,156,170915,1609,1,29
0:24:906,574,504,79,272235,1609,1,29
0:24:909,852,1029,257,155703,1610,1,29
0:24:909,3792,730,103,170912,1610,1,29
0:24:909,564,540,84,272233,1610,1,29
0:24:913,2510,915,251,155700,1611,1,29
0:24:913,130,709,117,170916,1611,1,29
0:24:913,558,709,117,272236,1611,1,29
0:24:916,852,954,254,155698,1613,1,29
0:24:916,3792,856,143,170913,1613,1,29
0:24:916,564,508,100,272239,1613,1,29
0:24:920,2510,1060,245,155700,1614,1,29
0:24:920,130,829,117,170916,1614,1,29
0:24:920,574,507,94,272243,1614,1,29
0:24:923,852,1063,302,155698,1616,1,29
0:24:923,3792,821,139,170920,1616,1,29
0:24:923,564,459,78,272240,1616,1,29
0:24:927,2510,1061,252,155695,1617,1,29
0:24:927,130,718,119,170910,1617,1,29
0:24:930,852,718,119,155699,1619,1,29
0:24:930,564,493,89,272246,1619,1,29
0:24:934,2510,1098,231,155701,1620,1,29
0:24:934,130,846,129,170917,1620,1,29
0:24:934,574,474,86,272244,1620,1,29
0:24:937,852,1103,227,155699,1621,1,29
0:24:937,3792,742,67,170914,1621,1,29
0:24:937,564,471,100,272247,1621,1,29
0:24:941,2510,1116,224,155696,1623,1,29
0:24:941,130,822,107,170918,1623,1,29
0:24:941,574,483,79,272250,1623,1,29
0:24:944,852,1110,242,155700,1624,1,29
0:24:944,3792,701,96,170915,1624,1,29
0:24:944,564,450,93,272247,1624,1,29
0:24:948,2510,1131,231,155697,1626,1,29
0:24:948,130,729,125,170912,1626,1,29
0:24:948,574,464,77,272244,1626,1,29
0:24:951,852,1150,231,155700,1627,1,29
0:24:951,3792,824,96,170915,1627,1,29
0:24:951,564,457,80,272248,1627,1,29
0:24:955,2510,1153,230,155697,1629,1,29
0:24:955,130,702,108,170912,1629,1,29
0:24:955,574,702,108,272250,1629,1,29
0:24:958,852,1123,229,155700,1630,1,29
0:24:958,3792,794,116,170922,1630,1,29
0:24:958,564,457,84,272248,1630,1,29
0:24:962,2510,1126,253,155698,1632,1,29
0:24:962,130,790,115,170919,1632,1,29
0:24:962,574,420,86,272251,1632,1,29
0:24:965,852,1139,251,155700,1633,1,29
0:24:965,3792,686,96,170916,1633,1,29
0:24:965,564,427,85,272249,1633,1,29
0:24:969,2510,1134,219,155703,1634,1,29
0:24:969,130,778,85,170920,1634,1,29
0:24:969,574,404,84,272251,1634,1,29
0:24:972,852,1153,243,155700,1636,1,29
0:24:972,3792,769,105,170917,1636,1,29
0:24:972,564,415,98,272255,1636,1,29
0:24:976,2510,415,98,155699,1637,1,29
0:24:976,574,397,96,272258,1637,1,29
0:24:979,852,1160,226,155701,1639,1,29
0:24:979,3792,683,124,170917,1639,1,29
0:24:979,564,400,99,272255,1639,1,29
0:24:983,2510,1141,230,155699,1640,1,29
0:24:983,130,773,123,170921,1640,1,29
0:24:983,574,379,83,272259,1640,1,29
0:24:986,852,1152,213,155702,1642,1,29
0:24:986,3792,754,134,170918,1642,1,29
0:24:986,564,361,79,272262,1642,1,29
0:24:990,2510,361,79,155700,1643,1,29
0:24:990,574,345,82,272253,1643,1,29
0:24:993,1540,95,0,12581,1644,1,29
0:24:997,2510,1150,245,155700,1646,1,29
0:24:997,130,613,119,170922,1646,1,29
0:24:997,574,339,93,272260,1646,1,29
0:25:000,852,1128,235,155703,1647,1,29
0:25:000,3792,708,110,170919,1647,1,29
0:25:000,564,330,87,272257,1647,1,29
0:25:004,2510,330,87,155700,1649,1,29
0:25:004,574,342,91,272260,1649,1,29
0:25:007,852,1106,239,155698,1650,1,29
0:25:007,3792,587,85,170919,1650,1,29
0:25:007,564,333,101,272264,1650,1,29
0:25:011,2510,1117,255,155700,1652,1,29
0:25:011,130,708,131,170923,1652,1,29
0:25:011,574,300,68,272261,1652,1,29
0:25:014,852,1111,249,155698,1653,1,29
0:25:014,3792,573,121,170920,1653,1,29
0:25:014,564,318,96,272264,1653,1,29
0:25:018,2510,1096,213,155701,1655,1,29
0:25:018,130,662,117,170923,1655,1,29
0:25:018,574,290,113,272267,1655,1,29
0:25:021,852,1105,246,155699,1656,1,29
0:25:021,3792,580,114,170920,1656,1,29
0:25:021,564,278,92,272265,1656,1,29
0:25:028,852,1094,237,155704,1659,1,29
0:25:028,3792,620,128,170926,1659,1,29
0:25:028,516,274,98,272265,1659,1,29
0:25:032,2510,1067,238,155701,1660,1,29
0:25:032,130,554,110,170918,1660,1,29
0:25:032,30,265,97,272268,1660,1,29
0:25:035,852,1072,254,155699,1662,1,29
0:25:035,3792,611,132,170926,1662,1,29
0:25:035,564,257,88,272265,1662,1,29
0:25:039,2510,1075,249,155702,1663,1,29
0:25:039,130,499,119,170918,1663,1,29
0:25:042,852,1033,236,155700,1665,1,29
0:25:042,3792,582,122,170927,1665,1,29
0:25:042,528,582,122,272271,1665,1,29
0:25:046,2510,1009,221,155697,1666,1,29
0:25:046,130,565,105,170925,1666,1,29
0:25:049,852,1031,249,155700,1668,1,29
0:25:049,3792,449,115,170922,1668,1,29
0:25:053,2510,973,251,155697,1669,1,29
0:25:053,130,536,149,170925,1669,1,29
0:25:056,852,536,149,155700,1670,1,29
0:25:060,2510,948,257,155698,1672,1,29
0:25:060,130,516,127,170925,1672,1,29
0:25:063,852,970,259,155700,1673,1,29
0:25:063,3792,513,138,170923,1673,1,29
0:25:067,2510,941,272,155704,1675,1,29
0:25:067,130,409,151,170925,1675,1,29
0:25:070,852,916,291,155701,1676,1,29
0:25:070,3792,466,145,170923,1676,1,29
0:25:074,2510,890,280,155699,1677,1,29
0:25:074,130,410,133,170926,1677,1,29
0:25:077,852,885,297,155701,1679,1,29
0:25:077,3792,449,137,170924,1679,1,29
0:25:081,2510,854,281,155699,1680,1,29
0:25:081,130,363,125,170921,1680,1,29
0:25:084,852,854,279,155702,1682,1,29
0:25:084,3792,433,158,170924,1682,1,29
0:25:088,2510,848,295,155700,1683,1,29
0:25:088,130,430,171,170921,1683,1,29
0:25:091,852,836,280,155702,1685,1,29
0:25:091,3792,396,154,170925,1685,1,29
0:25:095,2,391,177,170927,1686,1,29
0:25:098,16,391,177,98014,1688,1,29
0:25:098,852,800,300,155703,1688,1,29
0:25:102,2510,783,307,155700,1689,1,29
0:25:109,836,354,123,58982,1692,1,29
0:25:109,2510,354,123,155700,1692,1,29
0:25:116,2510,717,295,155700,1695,1,29
0:25:118,0,0,0,2147483648,1454,1,30
0:25:118,0,0,0,0,1454,1,30
0:25:118,0,0,0,0,1454,1,30
0:25:118,0,0,0,0,1454,1,30
0:25:118,0,0,0,0,1454,1,30
0:25:118,0,0,0,0,1454,1,30
0:25:118,0,0,0,0,1454,1,30
0:25:118,0,0,0,0,1454,1,30
0:25:118,0,0,0,0,1454,1,30
0:25:118,0,0,0,0,1454,1,30
0:25:118,0,0,0,0,1454,1,30
0:25:118,0,0,0,0,1454,1,30
0:25:118,0,0,0,0,1454,1,30
0:25:118,0,0,0,0,1454,1,30
0:25:118,0,0,0,0,1454,1,30
0:25:118,0,0,0,0,1454,1,30
0:25:118,0,0,0,0,1454,1,30
0:25:118,0,0,0,0,1454,1,30
0:25:118,0,0,0,0,1454,1,30
0:25:118,0,0,0,0,1454,1,30
0:25:118,0,0,0,0,1454,1,30
0:25:118,0,0,0,0,1454,1,30
0:25:118,0,0,0,0,1454,1,30
0:25:118,0,0,0,0,1454,1,30
0:25:118,0,0,0,0,1454,1,30
0:25:118,0,0,0,0,1454,1,30
0:25:118,0,0,0,0,1454,1,30
0:25:118,0,0,0,0,1454,1,30
0:25:118,0,0,0,0,1454,1,30
0:25:119,852,704,303,155698,1696,1,30
0:25:119,2510,720,315,255627,1696,1,30
0:25:123,2246,720,315,155701,1698,1,30
0:25:123,852,694,325,317879,1698,1,30
0:25:126,260,694,325,155704,1699,1,30
0:25:126,2510,694,325,371011,1699,1,30
0:25:130,580,665,310,433041,1700,1,30
0:25:414,0,0,0,3221225472,1454,1,31
0:25:414,0,0,0,0,1454,1,31
0:25:414,0,0,0,0,1454,1,31
0:25:414,0,0,0,0,1454,1,31
0:25:414,0,0,0,0,1454,1,31
0:25:414,0,0,0,0,1454,1,31
0:25:414,0,0,0,0,1454,1,31
0:25:414,0,0,0,0,1454,1,31
0:25:414,0,0,0,0,1454,1,31
0:25:414,0,0,0,0,1454,1,31
0:25:414,0,0,0,0,1454,1,31
0:25:414,0,0,0,0,1454,1,31
0:25:414,0,0,0,0,1454,1,31
0:25:414,0,0,0,0,1454,1,31
0:25:414,0,0,0,0,1454,1,31
0:25:414,0,0,0,0,1454,1,31
0:25:414,0,0,0,0,1454,1,31
0:25:414,0,0,0,0,1454,1,31
0:25:414,0,0,0,0,1454,1,31
0:25:414,0,0,0,0,1454,1,31
0:25:414,0,0,0,0,1454,1,31
0:25:414,0,0,0,0,1454,1,31
0:25:414,0,0,0,0,1454,1,31
0:25:414,0,0,0,0,1454,1,31
0:25:414,0,0,0,0,1454,1,31
0:25:414,0,0,0,0,1454,1,31
0:25:414,0,0,0,0,1454,1,31
0:25:414,0,0,0,0,1454,1,31
0:25:414,0,0,0,0,1454,1,31
0:25:515,40,89,0,502924,1858,1,31
0:25:525,640,77,0,128115,1862,1,31
0:25:546,128,122,0,296430,1871,1,31
0:25:585,1280,122,0,311646,1887,1,31
0:25:585,256,122,0,314940,1887,1,31
0:25:602,512,73,0,193944,1894,1,31
0:25:970,3812,433,167,136970,2044,1,31
0:25:973,3984,433,167,136967,2046,1,31
0:25:977,3685,443,189,136965,2047,1,31
0:25:980,3988,463,179,136962,2048,1,31
0:25:984,3813,467,185,136965,2050,1,31
0:25:987,3988,473,168,136962,2051,1,31
0:25:994,3988,512,147,136962,2054,1,31
0:26:012,3813,529,179,136959,2061,1,31
0:26:012,2,614,163,190256,2061,1,31
0:26:012,512,612,195,193556,2061,1,31
0:26:012,4079,65535,65535,193706,2061,1,31
0:26:015,3988,556,165,136956,2063,1,31
0:26:026,2097,556,165,45251,2067,1,31
0:26:026,3813,576,150,136959,2067,1,31
0:26:036,16,576,150,45253,2071,1,31
0:26:036,3988,612,154,136950,2071,1,31
0:26:040,3813,643,141,136958,2073,1,31
0:26:043,16,643,141,45253,2074,1,31
0:26:043,3988,656,125,136950,2074,1,31
0:26:057,3988,703,121,136949,2080,1,31
0:26:061,16,703,121,45249,2081,1,31
0:26:061,3813,674,122,136951,2081,1,31
0:26:068,3813,707,127,136946,2084,1,31
0:26:071,2048,707,127,45246,2086,1,31
0:26:071,3988,719,147,136943,2086,1,31
0:26:075,2080,719,147,45261,2087,1,31
0:26:075,3813,729,138,136946,2087,1,31
0:26:082,2065,64,0,45255,2090,1,31
0:26:096,3813,739,141,136946,2096,1,31
0:26:103,2052,739,141,45255,2098,1,31
0:26:103,3813,732,108,136940,2098,1,31
0:26:106,3988,761,149,136937,2100,1,31
0:26:113,3988,751,139,136943,2103,1,31
0:26:117,3813,758,135,136940,2104,1,31
0:26:124,4,65,0,45256,2107,1,31
0:26:124,3813,742,144,136940,2107,1,31
0:26:127,3988,784,122,136944,2109,1,31
0:26:134,3988,732,138,136932,2111,1,31
0:26:141,3988,746,122,136938,2114,1,31
0:26:145,2085,73,0,45256,2116,1,31
0:26:145,3813,787,134,136935,2116,1,31
0:26:152,5,787,134,45251,2118,1,31
0:26:152,3813,749,155,136930,2118,1,31
0:26:155,3988,749,148,136938,2120,1,31
0:26:159,5,749,148,45257,2121,1,31
0:26:159,3813,757,155,136930,2121,1,31
0:26:162,3988,789,165,136933,2123,1,31
0:26:176,3988,749,164,136934,2129,1,31
0:26:183,3988,711,156,136928,2132,1,31
0:26:187,32,711,156,45246,2133,1,31
0:26:187,3813,715,185,136925,2133,1,31
0:26:190,3988,701,117,136928,2134,1,31
0:26:204,3988,677,162,136928,2140,1,31
0:26:215,3813,669,162,136919,2144,1,31
0:26:218,3988,624,177,136921,2146,1,31
0:26:222,3813,634,174,136919,2147,1,31
0:26:225,3988,604,189,136921,2149,1,31
0:26:232,2849,475,169,120163,2152,1,31
0:26:232,6,466,175,123457,2152,1,31
0:26:232,2624,489,149,126757,2152,1,31
0:26:232,256,542,182,156600,2152,1,31
0:26:232,6,549,173,159978,2152,1,31
0:26:232,704,517,159,167178,2152,1,31
0:26:232,3776,65535,65535,167246,2152,1,31
0:26:232,704,65535,65535,167260,2152,1,31
0:26:236,3813,592,159,136918,2153,1,31
0:26:239,3988,567,171,136920,2154,1,31
0:26:239,3813,719,236,510270,2154,1,31
0:26:243,3813,555,170,136911,2156,1,31
0:26:243,3988,684,177,503192,2156,1,31
0:26:246,3988,558,186,136920,2157,1,31
0:26:250,3813,577,185,136917,2159,1,31
0:26:250,3813,600,182,483801,2159,1,31
0:26:253,3476,538,173,136914,2160,1,31
0:26:253,3988,598,172,477036,2160,1,31
0:26:257,3813,515,167,136910,2162,1,31
0:26:257,3813,585,191,442767,2162,1,31
0:26:260,3988,505,154,136913,2163,1,31
0:26:260,3813,563,185,422053,2163,1,31
0:26:264,3813,496,203,136910,2164,1,31
0:26:267,3988,511,201,136913,2166,1,31
0:26:267,3813,545,204,371887,2166,1,31
0:26:271,3813,468,177,136909,2167,1,31
0:26:274,2948,455,164,136912,2169,1,31
0:26:285,3813,444,179,136908,2173,1,31
0:26:288,3988,427,170,136911,2174,1,31
0:26:291,3237,427,170,136907,2176,1,31
0:26:291,2784,449,184,158063,2176,1,31
0:26:295,2436,388,173,136917,2177,1,31
0:26:299,3232,302,135,93402,2179,1,31
0:26:425,17,279,55,184003,2230,1,31
0:26:439,216,275,73,438601,2236,1,31
0:26:449,216,290,0,309762,2240,1,31
0:26:456,529,239,0,172568,2243,1,31
0:26:663,400,239,53,383362,2328,1,31
0:26:684,16,239,53,70635,2336,1,31
0:26:722,4,239,53,150045,2352,1,31
0:27:009,16,136,0,78316,2469,1,31
0:27:120,0,0,0,2147483648,1454,1,32
0:27:120,0,0,0,0,1454,1,32
0:27:120,0,0,0,0,1454,1,32
0:27:120,0,0,0,0,1454,1,32
0:27:120,0,0,0,0,1454,1,32
0:27:120,0,0,0,0,1454,1,32
0:27:120,0,0,0,0,1454,1,32
0:27:120,0,0,0,0,1454,1,32
0:27:120,0,0,0,0,1454,1,32
0:27:120,0,0,0,0,1454,1,32
0:27:120,0,0,0,0,1454,1,32
0:27:120,0,0,0,0,1454,1,32
0:27:120,0,0,0,0,1454,1,32
0:27:120,0,0,0,0,1454,1,32
0:27:120,0,0,0,0,1454,1,32
0:27:120,0,0,0,0,1454,1,32
0:27:120,0,0,0,0,1454,1,32
0:27:120,0,0,0,0,1454,1,32
0:27:120,0,0,0,0,1454,1,32
0:27:120,0,0,0,0,1454,1,32
0:27:120,0,0,0,0,1454,1,32
0:27:120,0,0,0,0,1454,1,32
0:27:120,0,0,0,0,1454,1,32
0:27:120,0,0,0,0,1454,1,32
0:27:120,0,0,0,0,1454,1,32
0:27:120,0,0,0,0,1454,1,32
0:27:120,0,0,0,0,1454,1,32
0:27:120,0,0,0,0,1454,1,32
0:27:120,0,0,0,0,1454,1,32
0:27:149,3864,116,0,227978,2527,1,32
0:27:153,16,61,0,449606,2528,1,32
0:27:160,1504,136,0,227976,2531,1,32
0:27:160,1025,105,35,290309,2531,1,32
0:27:170,3856,145,0,227968,2535,1,32
0:27:177,2048,86,0,496200,2538,1,32
0:27:181,1512,153,0,227959,2540,1,32
0:27:184,3864,145,0,227963,2541,1,32
0:27:188,1512,124,53,227972,2543,1,32
0:27:191,3864,172,0,227970,2544,1,32
0:27:191,2064,172,0,244415,2544,1,32
0:27:198,2,143,0,328768,2547,1,32
0:27:198,258,110,0,332080,2547,1,32
0:27:198,256,65535,65535,332147,2547,1,32
0:27:198,256,65535,65535,332161,2547,1,32
0:27:202,1512,162,33,227973,2548,1,32
0:27:205,3864,157,15,227970,2550,1,32
0:27:209,2064,83,0,327770,2551,1,32
0:27:212,3864,198,53,227970,2553,1,32
0:27:216,1512,193,0,227962,2554,1,32
0:27:219,3864,117,0,227965,2555,1,32
0:27:226,3864,204,53,227971,2558,1,32
0:27:230,1512,160,0,227975,2560,1,32
0:27:233,3864,153,0,227972,2561,1,32
0:27:237,1512,187,0,227975,2563,1,32
0:27:240,3864,186,0,227972,2564,1,32
0:27:244,1512,160,0,227970,2566,1,32
0:27:247,3864,184,0,227979,2567,1,32
0:27:251,1512,190,0,227976,2568,1,32
0:27:254,3864,174,0,227973,2570,1,32
0:27:254,1024,174,0,504196,2570,1,32
0:27:258,1512,215,0,227965,2571,1,32
0:27:261,3864,201,0,227974,2573,1,32
0:27:265,1512,158,0,227971,2574,1,32
0:27:268,3864,211,0,227974,2576,1,32
0:27:272,1512,199,0,227971,2577,1,32
0:27:275,3864,145,0,227969,2578,1,32
0:27:279,1512,207,0,227978,2580,1,32
0:27:282,3864,217,0,227975,2581,1,32
0:27:286,1512,174,0,227972,2583,1,32
0:27:289,3864,165,0,227976,2584,1,32
0:27:293,1512,220,0,227979,2586,1,32
0:27:296,3864,182,0,227964,2587,1,32
0:27:300,1512,161,0,227973,2588,1,32
0:27:303,3864,239,0,227977,2590,1,32
0:27:307,1512,166,0,227974,2591,1,32
0:27:310,3864,180,0,227977,2593,1,32
0:27:314,1512,219,0,227974,2594,1,32
0:27:317,3864,209,0,227978,2596,1,32
0:27:321,1512,173,0,227975,2597,1,32
0:27:324,3864,214,0,227978,2599,1,32
0:27:328,1512,218,0,227975,2600,1,32
0:27:331,3864,170,0,227972,2601,1,32
0:27:335,1512,183,0,227970,2603,1,32
0:27:338,3864,196,0,227973,2604,1,32
0:27:342,1512,147,0,227970,2606,1,32
0:27:345,3864,176,0,227968,2607,1,32
0:27:349,1512,189,0,227970,2608,1,32
0:27:352,3864,142,0,227973,2610,1,32
0:27:356,1512,115,0,227977,2611,1,32
0:27:359,3864,171,0,227980,2613,1,32
0:27:363,1512,159,0,227977,2614,1,32
0:27:366,3864,152,0,227980,2616,1,32
0:27:370,1512,192,0,227983,2617,1,32
0:27:373,3864,161,0,227980,2619,1,32
0:27:377,1512,119,0,227965,2620,1,32
0:27:380,3864,170,0,227974,2621,1,32
0:27:384,1512,172,0,227971,2623,1,32
0:27:387,3864,124,0,227974,2624,1,32
0:27:387,128,164,0,465336,2624,1,32
0:27:387,2896,65535,65535,465480,2624,1,32
0:27:387,2,140,0,468708,2624,1,32
0:27:387,256,65535,65535,468776,2624,1,32
0:27:391,1512,173,0,227971,2626,1,32
0:27:394,3864,149,0,227974,2627,1,32
0:27:398,1512,124,0,227977,2629,1,32
0:27:401,3864,137,0,227974,2630,1,32
0:27:405,1512,173,36,227971,2631,1,32
0:27:408,3864,100,0,227980,2633,1,32
0:27:412,1512,119,0,227984,2634,1,32
0:27:415,3864,151,0,227974,2636,1,32
0:27:416,0,0,0,3221225472,1454,1,33
0:27:416,0,0,0,0,1454,1,33
0:27:416,0,0,0,0,1454,1,33
0:27:416,0,0,0,0,1454,1,33
0:27:416,0,0,0,0,1454,1,33
0:27:416,0,0,0,0,1454,1,33
0:27:416,0,0,0,0,1454,1,33
0:27:416,0,0,0,0,1454,1,33
0:27:416,0,0,0,0,1454,1,33
0:27:416,0,0,0,0,1454,1,33
0:27:416,0,0,0,0,1454,1,33
0:27:416,0,0,0,0,1454,1,33
0:27:416,0,0,0,0,1454,1,33
0:27:416,0,0,0,0,1454,1,33
0:27:416,0,0,0,0,1454,1,33
0:27:416,0,0,0,0,1454,1,33
0:27:416,0,0,0,0,1454,1,33
0:27:416,0,0,0,0,1454,1,33
0:27:416,0,0,0,0,1454,1,33
0:27:416,0,0,0,0,1454,1,33
0:27:416,0,0,0,0,1454,1,33
0:27:416,0,0,0,0,1454,1,33
0:27:416,0,0,0,0,1454,1,33
0:27:416,0,0,0,0,1454,1,33
0:27:416,0,0,0,0,1454,1,33
0:27:416,0,0,0,0,1454,1,33
0:27:416,0,0,0,0,1454,1,33
0:27:416,0,0,0,0,1454,1,33
0:27:416,0,0,0,0,1454,1,33
0:27:419,1512,111,0,227971,2637,1,33
0:27:422,3864,120,0,227969,2639,1,33
0:27:433,1512,107,0,227971,2643,1,33
0:27:436,3856,137,0,227975,2644,1,33
0:27:440,488,99,0,227978,2646,1,33
0:27:447,1504,89,0,227985,2649,1,33
0:27:457,3864,104,0,227970,2653,1,33
0:27:471,512,104,0,197419,2659,1,33
0:27:517,2,74,0,102476,2677,1,33
0:27:548,32,89,0,48506,2690,1,33
0:27:594,2048,98,0,142758,2708,1,33
0:27:608,264,98,0,226614,2714,1,33
0:28:416,1024,98,0,296252,3045,1,33
0:28:742,2,98,0,464296,3178,1,33
0:28:749,2048,65,0,318548,3181,1,33
0:28:759,2072,76,0,148118,3185,1,33
0:29:122,0,0,0,2147483648,1454,1,34
0:29:122,0,0,0,0,1454,1,34
0:29:122,0,0,0,0,1454,1,34
0:29:122,0,0,0,0,1454,1,34
0:29:122,0,0,0,0,1454,1,34
0:29:122,0,0,0,0,1454,1,34
0:29:122,0,0,0,0,1454,1,34
0:29:122,0,0,0,0,1454,1,34
0:29:122,0,0,0,0,1454,1,34
0:29:122,0,0,0,0,1454,1,34
0:29:122,0,0,0,0,1454,1,34
0:29:122,0,0,0,0,1454,1,34
0:29:122,0,0,0,0,1454,1,34
0:29:122,0,0,0,0,1454,1,34
0:29:122,0,0,0,0,1454,1,34
0:29:122,0,0,0,0,1454,1,34
0:29:122,0,0,0,0,1454,1,34
0:29:122,0,0,0,0,1454,1,34
0:29:122,0,0,0,0,1454,1,34
0:29:122,0,0,0,0,1454,1,34
0:29:122,0,0,0,0,1454,1,34
0:29:122,0,0,0,0,1454,1,34
0:29:122,0,0,0,0,1454,1,34
0:29:122,0,0,0,0,1454,1,34
0:29:122,0,0,0,0,1454,1,34
0:29:122,0,0,0,0,1454,1,34
0:29:122,0,0,0,0,1454,1,34
0:29:122,0,0,0,0,1454,1,34
0:29:122,0,0,0,0,1454,1,34
0:29:141,16,93,0,432858,3341,1,34
0:29:190,128,61,0,334205,3361,1,34
0:29:204,1511,61,0,234308,3367,1,34
0:29:211,1511,88,0,234302,3370,1,34
0:29:214,1536,92,0,234305,3371,1,34
0:29:218,1511,102,0,234315,3373,1,34
0:29:221,1536,109,0,234300,3374,1,34
0:29:225,1511,116,0,234309,3376,1,34
0:29:232,1511,92,0,234298,3379,1,34
0:29:235,1552,100,0,234307,3380,1,34
0:29:239,1511,111,0,234304,3382,1,34
0:29:267,1511,79,0,234294,3393,1,34
0:29:277,1552,98,0,234291,3397,1,34
0:29:284,1552,119,0,234304,3400,1,34
0:29:298,2101,383,104,326919,3406,1,34
0:29:305,1552,99,0,234293,3409,1,34
0:29:326,53,99,0,225337,3417,1,34
0:29:417,1024,99,0,108855,3454,1,34
0:29:418,0,0,0,3221225472,1454,1,35
0:29:418,0,0,0,0,1454,1,35
0:29:418,0,0,0,0,1454,1,35
0:29:418,0,0,0,0,1454,1,35
0:29:418,0,0,0,0,1454,1,35
0:29:418,0,0,0,0,1454,1,35
0:29:418,0,0,0,0,1454,1,35
0:29:418,0,0,0,0,1454,1,35
0:29:418,0,0,0,0,1454,1,35
0:29:418,0,0,0,0,1454,1,35
0:29:418,0,0,0,0,1454,1,35
0:29:418,0,0,0,0,1454,1,35
0:29:418,0,0,0,0,1454,1,35
0:29:418,0,0,0,0,1454,1,35
0:29:418,0,0,0,0,1454,1,35
0:29:418,0,0,0,0,1454,1,35
0:29:418,0,0,0,0,1454,1,35
0:29:418,0,0,0,0,1454,1,35
0:29:418,0,0,0,0,1454,1,35
0:29:418,0,0,0,0,1454,1,35
0:29:418,0,0,0,0,1454,1,35
0:29:418,0,0,0,0,1454,1,35
0:29:418,0,0,0,0,1454,1,35
0:29:418,0,0,0,0,1454,1,35
0:29:418,0,0,0,0,1454,1,35
0:29:418,0,0,0,0,1454,1,35
0:29:418,0,0,0,0,1454,1,35
0:29:418,0,0,0,0,1454,1,35
0:29:418,0,0,0,0,1454,1,35
0:29:421,32,99,0,176057,3456,1,35
0:29:435,32,99,0,399950,3462,1,35
0:29:435,20,99,0,403250,3462,1,35
0:29:477,4,53,0,251461,3479,1,35
0:29:557,1620,93,0,457308,3512,1,35
0:29:564,1620,69,0,457297,3515,1,35
0:29:571,596,97,0,457321,3517,1,35
0:29:575,32,12607,2918,399462,3519,1,35
0:29:575,4053,65535,65535,399612,3519,1,35
0:29:575,1536,12607,2918,406140,3519,1,35
0:29:578,1553,12085,2745,317074,3520,1,35
0:29:582,216,11834,2612,267470,3522,1,35
0:29:585,32,12713,2645,238182,3523,1,35
0:29:585,4055,65535,65535,238332,3523,1,35
0:29:589,593,11639,2676,177525,3525,1,35
0:29:592,216,9800,2601,116258,3526,1,35
0:29:592,1620,9800,2601,457317,3526,1,35
0:29:596,4,8069,2808,75696,3528,1,35
0:29:596,28,8274,2712,82884,3528,1,35
0:29:596,4,65535,65535,82951,3528,1,35
0:29:596,4,65535,65535,82959,3528,1,35
0:29:603,4,12333,2524,422953,3530,1,35
0:29:603,4,65535,65535,423020,3530,1,35
0:29:603,4,65535,65535,423034,3530,1,35
0:29:606,593,12444,2347,344675,3532,1,35
0:29:617,81,825,378,11594,3536,1,35
0:29:617,593,11736,2234,175199,3536,1,35
0:29:620,216,842,381,11596,3538,1,35
0:29:620,216,9468,2092,112047,3538,1,35
0:29:624,593,12254,2044,481272,3539,1,35
0:29:627,216,832,345,11591,3540,1,35
0:29:627,216,11008,1747,401734,3540,1,35
0:29:631,593,815,352,11588,3542,1,35
0:29:631,2,12923,2153,358910,3542,1,35
0:29:631,4,65535,65535,358978,3542,1,35
0:29:631,2054,12923,2153,362258,3542,1,35
0:29:638,593,818,332,11595,3545,1,35
0:29:638,216,11007,1708,191315,3545,1,35
0:29:641,216,839,335,11592,3546,1,35
0:29:641,2,10420,1473,150393,3546,1,35
0:29:641,4,65535,65535,150461,3546,1,35
0:29:648,216,829,307,11592,3549,1,35
0:29:652,593,787,293,11588,3550,1,35
0:29:655,216,804,299,11592,3552,1,35
0:29:659,593,784,287,11588,3553,1,35
0:29:662,216,784,287,11592,3555,1,35
0:29:666,593,766,277,11595,3556,1,35
0:29:669,216,772,267,11592,3558,1,35
0:29:673,593,739,275,11595,3559,1,35
0:29:680,593,726,272,11595,3562,1,35
0:29:683,216,720,277,11592,3563,1,35
0:29:687,593,708,278,11589,3565,1,35
0:29:694,593,705,273,11589,3568,1,35
0:29:697,216,690,272,11592,3569,1,35
0:29:704,216,671,276,11586,3572,1,35
0:29:708,593,625,254,11589,3573,1,35
0:29:711,200,654,292,11586,3575,1,35
0:29:715,593,631,291,11589,3576,1,35
0:29:718,200,635,289,11592,3578,1,35
0:29:725,256,9454,2227,360948,3580,1,35
0:30:019,8,9454,2227,492908,3701,1,35
0:30:142,2789,91,0,136297,3751,1,35
0:30:145,2304,197,50,136301,3752,1,35
0:30:152,288,197,50,110495,3755,1,35
0:30:152,8,197,50,154823,3755,1,35
0:30:156,2785,211,67,136298,3757,1,35
0:30:159,3972,211,67,136296,3758,1,35
0:30:163,2693,204,79,136293,3760,1,35
0:30:166,3988,227,83,136290,3761,1,35
0:30:170,3813,227,83,136293,3763,1,35
0:30:173,3988,227,83,136290,3764,1,35
0:30:177,3813,259,84,136288,3765,1,35
0:30:180,3988,228,47,136297,3767,1,35
0:30:184,3813,239,15,136282,3768,1,35
0:30:187,3988,232,40,136291,3770,1,35
0:30:191,3813,258,66,136283,3771,1,35
0:30:198,3813,243,75,136277,3774,1,35
0:30:201,3988,231,69,136287,3775,1,35
0:30:208,3988,240,67,136287,3778,1,35
0:30:212,3813,244,66,136278,3780,1,35
0:30:215,3988,236,56,136282,3781,1,35
0:30:222,3988,293,62,136276,3784,1,35
0:30:226,3813,258,53,136274,3785,1,35
0:30:229,3988,270,75,136276,3787,1,35
0:30:233,3813,264,59,136274,3788,1,35
0:30:236,3988,263,76,136271,3790,1,35
0:30:240,3813,295,58,136268,3791,1,35
0:30:243,3988,250,89,136272,3793,1,35
0:30:247,3813,262,37,136269,3794,1,35
0:30:250,3988,262,70,136272,3796,1,35
0:30:254,3813,244,47,136269,3797,1,35
0:30:257,3988,288,70,136273,3798,1,35
0:30:261,3813,249,41,136270,3800,1,35
0:30:264,3988,257,50,136267,3801,1,35
0:30:268,3813,267,70,136264,3803,1,35
0:30:271,3988,263,61,136267,3804,1,35
0:30:271,1058,305,125,483254,3804,1,35
0:30:271,1058,65535,65535,483321,3804,1,35
0:30:271,1056,65535,65535,483335,3804,1,35
0:30:275,3813,274,66,136270,3806,1,35
0:30:275,3813,286,80,432030,3806,1,35
0:30:278,3988,262,95,136267,3807,1,35
0:30:278,3988,291,115,391239,3807,1,35
0:30:282,3813,268,58,136259,3808,1,35
0:30:282,263,305,100,358800,3808,1,35
0:30:282,6,65535,65535,358868,3808,1,35
0:30:282,6,65535,65535,358876,3808,1,35
0:30:285,3476,286,94,136274,3810,1,35
0:30:285,3813,307,86,310751,3810,1,35
0:30:289,3813,243,57,136259,3811,1,35
0:30:289,3988,295,93,293906,3811,1,35
0:30:292,3988,261,71,136261,3813,1,35
0:30:292,3813,261,71,278220,3813,1,35
0:30:296,3813,242,60,136253,3814,1,35
0:30:296,3813,275,84,266955,3814,1,35
0:30:299,3988,258,68,136268,3816,1,35
0:30:299,3988,286,77,258924,3816,1,35
0:30:303,3813,270,73,136253,3817,1,35
0:30:303,3808,270,73,224032,3817,1,35
0:30:306,3988,256,80,136257,3819,1,35
0:30:306,3813,281,83,179371,3819,1,35
0:30:306,1056,59,0,427491,3819,1,35
0:30:310,3988,253,66,131034,3820,1,35
0:30:310,3813,237,68,136260,3820,1,35
0:30:317,3813,241,71,136254,3823,1,35
0:30:320,3988,265,96,136257,3824,1,35
0:30:320,3988,243,76,200864,3824,1,35
0:30:320,3813,277,84,458902,3824,1,35
0:30:324,3813,248,52,136248,3826,1,35
0:30:324,3781,299,77,178487,3826,1,35
0:30:327,3988,236,80,136251,3827,1,35
0:30:327,3988,254,80,157647,3827,1,35
0:30:331,3749,254,91,136255,3829,1,35
0:30:331,3813,287,92,347385,3829,1,35
0:30:345,2785,113,0,53385,3834,1,35
0:30:345,3813,244,65,136249,3834,1,35
0:30:345,16,244,65,356985,3834,1,35
0:30:348,2816,244,65,34050,3836,1,35
0:30:348,3988,253,77,136253,3836,1,35
0:30:352,2209,193,68,136244,3837,1,35
0:30:355,3988,223,60,136241,3838,1,35
0:30:355,3813,263,96,494987,3838,1,35
0:30:359,1573,263,96,136245,3840,1,35
0:30:359,3988,232,100,474152,3840,1,35
0:30:362,384,175,66,111762,3841,1,35
0:30:362,280,175,66,115074,3841,1,35
0:30:372,3781,217,78,136245,3843,1,35
0:30:372,256,217,78,489396,3844,1,35
0:30:373,1940,204,89,136239,3846,1,35
0:30:380,2213,213,94,136239,3849,1,35
0:30:380,8,217,85,491661,3849,1,35
0:30:380,8,65535,65535,491729,3849,1,35
0:30:383,1556,216,86,136243,3850,1,35
0:30:394,3077,216,86,136240,3854,1,35
0:30:401,3680,178,71,136233,3857,1,35
0:30:411,3844,178,71,136230,3861,1,35
0:30:422,4,178,71,131200,3866,1,35
0:30:544,1024,132,0,485759,3916,1,35
0:30:576,8,132,0,426303,3929,1,35
0:30:576,289,132,0,521396,3929,1,35
0:30:611,2672,132,0,266099,3943,1,35
0:30:614,1397,106,0,501754,3944,1,35
0:30:618,256,106,0,73550,3946,1,35
0:30:625,1525,85,0,441769,3949,1,35
0:30:635,469,109,0,390570,3953,1,35
0:30:646,1525,105,0,335991,3957,1,35
0:30:656,501,111,0,288313,3962,1,35
0:30:660,1024,111,0,357482,3963,1,35
0:30:660,2928,107,0,515328,3963,1,35
0:30:667,1525,130,0,220421,3966,1,35
0:30:670,2384,121,0,446086,3967,1,35
0:30:674,1525,106,0,187134,3969,1,35
0:30:677,1525,106,0,156640,3970,1,35
0:30:681,1493,83,0,187122,3972,1,35
0:30:684,2928,127,0,187137,3973,1,35
0:30:688,1461,116,0,187123,3975,1,35
0:30:691,2928,116,0,187131,3976,1,35
0:30:695,1333,117,0,187135,3977,1,35
0:30:698,2928,136,0,187131,3979,1,35
0:30:702,1525,123,0,187135,3980,1,35
0:30:705,2928,147,0,187132,3982,1,35
0:30:709,1525,126,0,187135,3983,1,35
0:30:712,2416,149,0,187132,3985,1,35
0:30:716,1269,147,0,187135,3986,1,35
0:30:719,2928,120,0,187132,3987,1,35
0:30:723,1525,120,0,187129,3989,1,35
0:30:723,1024,129,0,393964,3989,1,35
0:30:723,2048,113,0,402220,3989,1,35
0:30:730,1525,120,0,187130,3992,1,35
0:30:733,2928,146,0,187139,3993,1,35
0:30:737,1525,146,0,187136,3995,1,35
0:30:740,2928,118,0,187145,3996,1,35
0:30:744,1525,118,0,187130,3998,1,35
0:30:744,128,140,0,237656,3998,1,35
0:30:744,256,129,0,244256,3998,1,35
0:30:744,512,116,0,247489,3998,1,35
0:30:744,6,104,0,250784,3998,1,35
0:30:744,3833,65535,65535,250934,3998,1,35
0:30:747,2928,123,0,187146,3999,1,35
0:30:747,1525,109,0,507480,3999,1,35
0:30:751,1525,109,0,187143,4000,1,35
0:30:751,2928,109,0,452201,4000,1,35
0:30:754,2928,119,0,187134,4002,1,35
0:30:754,4,65535,65535,424425,4002,1,35
0:30:758,1525,140,0,187143,4003,1,35
0:30:758,1525,108,0,336108,4003,1,35
0:30:765,1525,132,0,187143,4006,1,35
0:30:765,2900,65535,65535,233733,4006,1,35
0:30:772,2160,70,0,83646,4009,1,35
0:30:772,1525,155,0,187144,4009,1,35
0:30:775,1,67,0,60039,4010,1,35
0:30:775,528,120,0,128115,4010,1,35
0:30:775,516,98,0,131415,4010,1,35
0:30:775,1,113,0,193633,4010,1,35
0:30:782,848,103,0,102855,4013,1,35
0:30:782,2928,140,0,187141,4013,1,35
0:30:782,4,119,0,381749,4013,1,35
0:30:789,976,597,256,102855,4016,1,35
0:30:789,2928,158,0,187142,4016,1,35
0:30:789,2928,124,0,270318,4016,1,35
0:30:793,21,571,276,102858,4018,1,35
0:30:796,1525,104,0,186687,4019,1,35
0:30:800,149,604,255,102859,4021,1,35
0:30:800,2928,109,0,148728,4021,1,35
0:30:800,1525,133,0,187152,4021,1,35
0:30:803,976,133,0,102862,4022,1,35
0:30:807,1457,64,0,67916,4023,1,35
0:30:807,149,630,238,102859,4023,1,35
0:30:807,1525,145,0,187146,4023,1,35
0:30:807,976,864,348,469885,4023,1,35
0:30:810,976,638,262,102862,4025,1,35
0:30:810,2928,122,0,187143,4025,1,35
0:30:810,132,889,364,424499,4025,1,35
0:30:810,2900,65535,65535,424649,4025,1,35
0:30:814,149,643,250,102859,4026,1,35
0:30:814,1525,131,0,187152,4026,1,35
0:30:817,976,672,276,102863,4028,1,35
0:30:817,2928,105,15,187155,4028,1,35
0:30:817,976,909,363,313015,4028,1,35
0:30:817,2,121,0,489370,4028,1,35
0:30:821,149,658,262,102866,4029,1,35
0:30:821,1525,658,262,187153,4029,1,35
0:30:821,132,933,398,264791,4029,1,35
0:30:824,976,933,398,102869,4031,1,35
0:30:824,2896,131,0,187149,4031,1,35
0:30:824,149,948,357,194721,4031,1,35
0:30:828,149,693,248,102866,4032,1,35
0:30:828,976,894,360,151099,4032,1,35
0:30:828,1525,141,0,187153,4032,1,35
0:30:831,777,968,361,182470,4033,1,35
0:30:831,517,65535,65535,182537,4033,1,35
0:30:831,513,65535,65535,182551,4033,1,35
0:30:831,2048,966,399,358608,4033,1,35
0:30:831,4090,65535,65535,358758,4033,1,35
0:30:831,1024,963,381,362058,4033,1,35
0:30:835,149,700,255,102866,4035,1,35
0:30:835,1525,134,0,187165,4035,1,35
0:30:835,976,968,373,480481,4035,1,35
0:30:838,2,1000,390,428561,4036,1,35
0:30:838,262,65535,65535,428628,4036,1,35
0:30:838,2,65535,65535,428642,4036,1,35
0:30:838,785,1006,380,432011,4036,1,35
0:30:838,273,65535,65535,432078,4036,1,35
0:30:838,273,65535,65535,432099,4036,1,35
0:30:838,256,962,352,435761,4036,1,35
0:30:838,2555,65535,65535,435911,4036,1,35
0:30:842,149,695,261,102871,4038,1,35
0:30:842,1525,142,0,187153,4038,1,35
0:30:842,149,988,377,364389,4038,1,35
0:30:845,976,728,282,102874,4039,1,35
0:30:845,2928,141,0,187149,4039,1,35
0:30:845,976,1000,407,291476,4039,1,35
0:30:849,149,724,248,102871,4041,1,35
0:30:849,1525,145,0,187164,4041,1,35
0:30:849,2900,65535,65535,250961,4041,1,35
0:30:852,976,733,299,102869,4042,1,35
0:30:852,149,946,398,162160,4042,1,35
0:30:852,2928,138,0,187155,4042,1,35
0:30:863,149,775,266,102871,4046,1,35
0:30:863,1525,123,0,187164,4046,1,35
0:30:866,976,772,277,102874,4048,1,35
0:30:866,2928,135,0,187167,4048,1,35
0:30:870,149,765,279,102877,4049,1,35
0:30:870,1525,138,0,187163,4049,1,35
0:30:873,976,785,286,102873,4051,1,35
0:30:873,2864,95,0,187166,4051,1,35
0:30:877,149,808,269,102876,4052,1,35
0:30:877,1525,131,0,187163,4052,1,35
0:30:880,976,806,300,102873,4054,1,35
0:30:880,2928,102,0,187171,4054,1,35
0:30:884,149,805,284,102875,4055,1,35
0:30:887,976,820,289,102878,4056,1,35
0:30:887,2928,820,289,187165,4056,1,35
0:30:891,149,802,287,102881,4058,1,35
0:30:894,976,823,285,102878,4059,1,35
0:30:894,2928,103,0,187164,4059,1,35
0:30:894,4,103,0,275171,4059,1,35
0:30:898,149,849,313,102881,4061,1,35
0:30:898,1525,108,0,187173,4061,1,35
0:30:898,2048,65535,65535,239248,4061,1,35
0:30:901,976,65,0,102884,4062,1,35
0:30:905,149,844,312,102880,4064,1,35
0:30:905,1493,123,0,187167,4064,1,35
0:30:908,976,885,291,102883,4065,1,35
0:30:908,2928,885,291,187170,4065,1,35
0:30:908,10,885,291,454440,4065,1,35
0:30:912,149,852,304,102880,4066,1,35
0:30:912,1521,112,0,187172,4066,1,35
0:30:915,976,112,0,102883,4068,1,35
0:30:915,131,59,0,359534,4068,1,35
0:30:919,149,872,303,102885,4069,1,35
0:30:919,501,114,0,187184,4069,1,35
0:30:922,976,889,303,102882,4071,1,35
0:30:926,149,880,240,102885,4072,1,35
0:30:926,1525,880,240,187189,4072,1,35
0:30:929,976,901,303,102887,4074,1,35
0:30:929,880,103,0,187173,4074,1,35
0:30:933,149,910,307,102889,4075,1,35
0:30:936,976,925,297,102886,4076,1,35
0:30:940,149,919,287,102889,4078,1,35
0:30:940,1236,919,287,187187,4078,1,35
0:30:943,976,924,288,102885,4079,1,35
0:30:943,832,94,0,187178,4079,1,35
0:30:947,149,940,269,102888,4081,1,35
0:30:950,976,951,287,102891,4082,1,35
0:30:954,149,950,263,102893,4084,1,35
0:30:954,481,71,0,187185,4084,1,35
0:30:957,976,957,287,102896,4085,1,35
0:30:961,149,983,273,102886,4086,1,35
0:30:964,976,981,259,102889,4088,1,35
0:30:971,976,984,274,102894,4091,1,35
0:30:975,149,1002,232,102897,4092,1,35
0:30:978,976,1006,232,102900,4094,1,35
0:30:982,149,1018,241,102896,4095,1,35
0:30:985,976,1008,258,102899,4096,1,35
0:30:989,149,1015,223,102895,2,1,36
0:30:992,976,1025,232,102898,3,1,36
0:30:996,149,1050,237,102900,5,1,36
0:30:999,976,1055,236,102903,6,1,36
0:31:003,149,1057,210,102900,8,1,36
0:31:006,976,1059,210,102902,9,1,36
0:31:010,149,1064,213,102899,10,1,36
0:31:013,976,1089,206,102907,12,1,36
0:31:017,149,1064,202,102904,13,1,36
0:31:020,976,1103,217,102900,15,1,36
0:31:024,149,1078,186,102903,16,1,36
0:31:027,976,1076,191,102906,18,1,36
0:31:031,149,1091,192,102909,19,1,36
0:31:034,976,1101,169,102912,21,1,36
0:31:038,149,1093,160,102915,22,1,36
0:31:038,132,1624,254,504913,22,1,36
0:31:038,2932,65535,65535,505063,22,1,36
0:31:038,516,1637,213,508435,22,1,36
0:31:038,776,1638,230,515263,22,1,36
0:31:038,520,65535,65535,511808,22,1,36
0:31:038,520,65535,65535,511822,22,1,36
0:31:041,976,1109,154,102905,23,1,36
0:31:045,149,1085,146,102908,25,1,36
0:31:048,976,1113,139,102911,26,1,36
0:31:051,149,1117,141,102913,28,1,36
0:31:055,976,1087,166,102915,29,1,36
0:31:059,149,1104,129,102907,30,1,36
0:31:062,976,1115,138,102909,32,1,36
0:31:066,149,1109,120,102912,33,1,36
0:31:069,976,1110,110,102915,35,1,36
0:31:073,149,1064,139,102917,36,1,36
0:31:076,976,1105,126,102920,38,1,36
0:31:080,149,1082,133,102917,39,1,36
0:31:083,976,1107,106,102914,41,1,36
0:31:087,149,1073,100,102916,42,1,36
0:31:090,976,1077,127,102919,43,1,36
0:31:094,149,1079,96,102922,45,1,36
0:31:097,976,1077,105,102925,46,1,36
0:31:101,149,1060,106,102921,48,1,36
0:31:104,976,1074,121,102918,49,1,36
0:31:108,149,1069,110,102921,51,1,36
0:31:111,976,1060,121,102923,52,1,36
0:31:115,149,1055,105,102920,53,1,36
0:31:118,976,1028,129,102923,55,1,36
0:31:122,149,1012,143,102926,56,1,36
0:31:124,0,0,0,2147483648,1454,1,36
0:31:124,0,0,0,0,1454,1,36
0:31:124,0,0,0,0,1454,1,36
0:31:124,0,0,0,0,1454,1,36
0:31:124,0,0,0,0,1454,1,36
0:31:124,0,0,0,0,1454,1,36
0:31:124,0,0,0,0,1454,1,36
0:31:124,0,0,0,0,1454,1,36
0:31:124,0,0,0,0,1454,1,36
0:31:124,0,0,0,0,1454,1,36
0:31:124,0,0,0,0,1454,1,36
0:31:124,0,0,0,0,1454,1,36
0:31:124,0,0,0,0,1454,1,36
0:31:124,0,0,0,0,1454,1,36
0:31:124,0,0,0,0,1454,1,36
0:31:124,0,0,0,0,1454,1,36
0:31:124,0,0,0,0,1454,1,36
0:31:124,0,0,0,0,1454,1,36
0:31:124,0,0,0,0,1454,1,36
0:31:124,0,0,0,0,1454,1,36
0:31:124,0,0,0,0,1454,1,36
0:31:124,0,0,0,0,1454,1,36
0:31:124,0,0,0,0,1454,1,36
0:31:124,0,0,0,0,1454,1,36
0:31:124,0,0,0,0,1454,1,36
0:31:124,0,0,0,0,1454,1,36
0:31:124,0,0,0,0,1454,1,36
0:31:124,0,0,0,0,1454,1,36
0:31:124,0,0,0,0,1454,1,36
0:31:125,976,1021,108,102922,58,1,37
0:31:129,149,999,102,102925,59,1,37
0:31:132,976,1011,114,102928,60,1,37
0:31:136,149,1001,105,102930,62,1,37
0:31:139,976,996,112,102928,63,1,37
0:31:143,149,976,130,102930,65,1,37
0:31:146,976,951,118,102932,66,1,37
0:31:150,149,942,121,102930,68,1,37
0:31:153,976,921,133,102932,69,1,37
0:31:157,149,933,122,102929,71,1,37
0:31:160,976,902,127,102931,72,1,37
0:31:164,149,875,139,102934,74,1,37
0:31:167,976,871,146,102937,75,1,37
0:31:171,149,854,168,102940,76,1,37
0:31:174,976,851,171,102930,78,1,37
0:31:178,149,821,160,102933,79,1,37
0:31:181,976,804,171,102936,81,1,37
0:31:185,149,825,163,102939,82,1,37
0:31:188,976,796,175,102942,83,1,37
0:31:192,149,770,161,102944,85,1,37
0:31:195,976,730,160,102934,86,1,37
0:31:199,149,717,176,102937,88,1,37
0:31:202,976,720,195,102940,89,1,37
0:31:206,149,707,182,102943,91,1,37
0:31:209,976,698,200,102945,92,1,37
0:31:213,149,698,179,102942,93,1,37
0:31:216,976,663,207,102945,95,1,37
0:31:220,149,658,110,102942,96,1,37
0:31:223,976,648,202,102945,98,1,37
0:31:227,149,598,186,102947,99,1,37
0:31:230,976,630,188,102949,101,1,37
0:31:234,149,592,169,102946,102,1,37
0:31:237,976,577,175,102949,104,1,37
0:31:244,976,558,214,102948,106,1,37
0:31:244,64,176,15,363602,106,1,37
0:31:244,132,65535,65535,363624,106,1,37
0:31:248,145,547,175,102945,108,1,37
0:31:251,976,533,203,102948,109,1,37
0:31:251,512,533,203,266319,109,1,37
0:31:255,149,501,183,102951,111,1,37
0:31:258,976,491,203,102954,112,1,37
0:31:262,133,504,193,102950,114,1,37
0:31:262,256,203,74,196717,114,1,37
0:31:262,56,204,68,246078,114,1,37
0:31:262,40,65535,65535,196785,114,1,37
0:31:262,40,65535,65535,196787,114,1,37
0:31:262,256,204,68,249972,114,1,37
0:31:262,512,205,54,307211,114,1,37
0:31:262,516,204,56,310499,114,1,37
0:31:265,976,466,211,102953,115,1,37
0:31:283,981,234,73,266315,122,1,37
0:31:283,128,275,63,429788,122,1,37
0:31:283,2644,65535,65535,429938,122,1,37
0:31:286,2564,214,50,266306,124,1,37
0:31:290,981,246,100,266314,125,1,37
0:31:293,2708,247,75,266317,127,1,37
0:31:297,981,263,62,266309,128,1,37
0:31:300,2708,262,87,266305,129,1,37
0:31:307,2708,255,76,266305,132,1,37
0:31:311,981,255,76,266302,134,1,37
0:31:314,2708,294,63,266311,135,1,37
0:31:318,981,279,70,266308,137,1,37
0:31:321,2708,271,61,266299,138,1,37
0:31:325,981,280,61,266308,140,1,37
0:31:332,981,264,69,266302,142,1,37
0:31:335,2708,279,74,266299,144,1,37
0:31:342,2708,280,64,266299,147,1,37
0:31:342,4,266,78,445840,147,1,37
0:31:342,1536,273,76,455668,147,1,37
0:31:346,981,302,61,266296,148,1,37
0:31:346,981,257,69,339332,148,1,37
0:31:349,2708,331,34,266299,149,1,37
0:31:353,981,303,81,266302,151,1,37
0:31:353,3063,65535,65535,385892,151,1,37
0:31:353,4,65535,65535,399909,151,1,37
0:31:353,516,309,73,511368,151,1,37
0:31:356,2580,309,73,266294,152,1,37
0:31:356,2708,288,52,389040,152,1,37
0:31:360,981,336,85,266302,154,1,37
0:31:367,981,316,72,266302,157,1,37
0:31:370,2708,337,110,266294,158,1,37
0:31:370,981,283,56,465268,158,1,37
0:31:374,981,310,71,266296,160,1,37
0:31:377,2708,313,53,266294,161,1,37
0:31:377,2708,306,63,506650,161,1,37
0:31:381,981,337,80,266296,162,1,37
0:31:384,2708,330,79,266294,164,1,37
0:31:388,981,305,62,266291,165,1,37
0:31:391,2708,286,16,266282,167,1,37
0:31:395,981,352,0,266291,168,1,37
0:31:398,2708,301,57,266288,170,1,37
0:31:402,981,296,76,266285,171,1,37
0:31:405,2708,342,34,266295,172,1,37
0:31:409,981,338,84,266292,174,1,37
0:31:412,2708,308,64,266282,175,1,37
0:31:419,2708,323,43,266289,178,1,37
0:31:420,0,0,0,3221225472,1454,1,37
0:31:420,0,0,0,0,1454,1,37
0:31:420,0,0,0,0,1454,1,37
0:31:420,0,0,0,0,1454,1,37
0:31:420,0,0,0,0,1454,1,37
0:31:420,0,0,0,0,1454,1,37
0:31:420,0,0,0,0,1454,1,37
0:31:420,0,0,0,0,1454,1,37
0:31:420,0,0,0,0,1454,1,37
0:31:420,0,0,0,0,1454,1,37
0:31:420,0,0,0,0,1454,1,37
0:31:420,0,0,0,0,1454,1,37
0:31:420,0,0,0,0,1454,1,37
0:31:420,0,0,0,0,1454,1,37
0:31:420,0,0,0,0,1454,1,37
0:31:420,0,0,0,0,1454,1,37
0:31:420,0,0,0,0,1454,1,37
0:31:420,0,0,0,0,1454,1,37
0:31:420,0,0,0,0,1454,1,37
0:31:420,0,0,0,0,1454,1,37
0:31:420,0,0,0,0,1454,1,37
0:31:420,0,0,0,0,1454,1,37
0:31:420,0,0,0,0,1454,1,37
0:31:420,0,0,0,0,1454,1,37
0:31:420,0,0,0,0,1454,1,37
0:31:420,0,0,0,0,1454,1,37
0:31:420,0,0,0,0,1454,1,37
0:31:420,0,0,0,0,1454,1,37
0:31:420,0,0,0,0,1454,1,37
0:31:423,981,309,57,266286,180,1,38
0:31:426,2708,344,91,266289,181,1,38
0:31:430,981,337,0,266286,183,1,38
0:31:433,2708,265,18,266278,184,1,38
0:31:437,981,335,66,266287,185,1,38
0:31:440,2708,335,66,266283,187,1,38
0:31:444,981,264,0,266280,188,1,38
0:31:447,2708,306,63,266284,190,1,38
0:31:451,981,306,63,266280,191,1,38
0:31:454,2708,309,64,266284,193,1,38
0:31:458,981,275,91,266275,194,1,38
0:31:461,2708,320,62,266284,195,1,38
0:31:465,981,325,58,266281,197,1,38
0:31:468,660,277,43,266272,198,1,38
0:31:472,981,314,81,266275,200,1,38
0:31:475,2708,282,0,266279,201,1,38
0:31:479,981,272,68,266269,203,1,38
0:31:482,2708,279,76,266279,204,1,38
0:31:486,981,285,42,266276,205,1,38
0:31:489,2708,289,72,266273,207,1,38
0:31:493,981,284,71,266276,208,1,38
0:31:496,2708,285,90,266273,210,1,38
0:31:500,724,259,96,266270,211,1,38
0:31:507,981,259,78,266270,214,1,38
0:31:510,2708,258,101,266267,215,1,38
0:31:514,981,252,66,266270,217,1,38
0:31:517,2708,234,71,266267,218,1,38
0:31:528,981,232,81,266270,223,1,38
0:31:531,2692,200,64,266262,224,1,38
0:31:535,85,210,82,266265,226,1,38
0:31:549,965,210,82,266264,231,1,38
0:31:552,16,177,65,266260,233,1,38
0:31:563,256,179,44,266268,237,1,38
0:31:696,16,179,44,119071,291,1,38
0:31:811,512,179,44,481753,339,1,38
0:31:815,72,559,241,470260,340,1,38
0:31:818,1032,559,241,190272,341,1,38
0:31:832,144,87,0,363020,347,1,38
0:31:843,129,87,0,367655,351,1,38
0:31:846,450,90,0,519437,353,1,38
0:31:864,3984,100,0,167745,360,1,38
0:31:864,512,65535,65535,163794,360,1,38
0:31:864,260,100,0,217874,360,1,38
0:31:871,482,100,0,285762,363,1,38
0:31:874,20,100,0,106620,364,1,38
0:31:878,512,555,234,105867,366,1,38
0:31:878,234,555,234,339953,366,1,38
0:31:885,512,584,246,105867,369,1,38
0:31:892,980,133,12,511045,372,1,38
0:31:895,4064,649,242,105863,373,1,38
0:31:899,512,651,234,105866,374,1,38
0:31:902,4064,678,238,105869,376,1,38
0:31:902,3024,128,0,447803,376,1,38
0:31:906,512,658,235,105866,377,1,38
0:31:909,4064,683,236,105869,379,1,38
0:31:909,1512,136,0,150423,379,1,38
0:31:909,2772,138,29,342708,379,1,38
0:31:913,512,710,248,105871,380,1,38
0:31:913,132,903,235,315010,380,1,38
0:31:913,2932,65535,65535,315160,380,1,38
0:31:913,516,889,240,318538,380,1,38
0:31:916,4064,723,221,105868,382,1,38
0:31:916,980,125,0,342732,382,1,38
0:31:920,1512,101,0,88189,383,1,38
0:31:920,512,719,224,105870,383,1,38
0:31:920,490,146,0,342729,383,1,38
0:31:923,4064,766,209,105868,384,1,38
0:31:923,2512,169,0,326310,384,1,38
0:31:923,3028,148,0,342713,384,1,38
0:31:927,512,772,219,105870,386,1,38
0:31:927,1514,167,0,342716,386,1,38
0:31:930,4064,790,238,105873,387,1,38
0:31:930,3028,153,0,342713,387,1,38
0:31:934,512,809,234,105882,389,1,38
0:31:937,4064,810,253,105873,390,1,38
0:31:937,3028,157,0,342725,390,1,38
0:31:937,1482,180,0,515048,390,1,38
0:31:941,512,840,235,105876,392,1,38
0:31:941,1514,171,0,342721,392,1,38
0:31:944,4064,865,229,105879,393,1,38
0:31:944,3028,157,0,223998,393,1,38
0:31:944,980,168,56,342712,393,1,38
0:31:948,512,859,229,105875,395,1,38
0:31:948,1514,161,0,342721,395,1,38
0:31:948,1514,173,53,457140,395,1,38
0:31:951,4064,897,219,105878,396,1,38
0:31:951,3028,174,58,342730,396,1,38
0:31:955,512,912,204,105875,397,1,38
0:31:955,3028,169,0,159705,397,1,38
0:31:955,1514,170,52,342727,397,1,38
0:31:958,4064,920,200,105878,399,1,38
0:31:958,3028,178,65,342730,399,1,38
0:31:958,1514,177,56,394557,399,1,38
0:31:958,3028,113,0,464846,399,1,38
0:31:962,512,926,202,105881,400,1,38
0:31:965,2,141,0,435655,402,1,38
0:31:965,11,141,0,438955,402,1,38
0:31:965,12,65535,65535,439022,402,1,38
0:31:965,8,65535,65535,439036,402,1,38
0:31:965,16,138,0,442334,402,1,38
0:31:969,512,951,192,105880,403,1,38
0:31:969,3028,135,0,228541,403,1,38
0:31:969,1514,194,0,333924,403,1,38
0:31:969,1514,164,58,342725,403,1,38
0:31:972,4064,973,196,105883,405,1,38
0:31:972,3028,178,0,342728,405,1,38
0:31:976,520,146,0,187058,406,1,38
0:31:976,516,65535,65535,187125,406,1,38
0:31:976,512,65535,65535,187140,406,1,38
0:31:976,2,130,0,190508,406,1,38
0:31:979,4064,984,205,105882,407,1,38
0:31:979,1514,984,205,272805,407,1,38
0:31:979,3028,168,31,342734,407,1,38
0:31:983,512,989,182,105878,409,1,38
0:31:983,1514,194,61,342724,409,1,38
0:31:983,3031,65535,65535,489014,409,1,38
0:31:986,4064,996,197,105881,410,1,38
0:31:986,3028,156,0,280922,410,1,38
0:31:986,3028,182,0,342727,410,1,38
0:31:990,512,1010,184,105884,412,1,38
0:31:990,1514,179,0,342730,412,1,38
0:31:990,386,2773,971,473803,412,1,38
0:31:990,2928,65535,65535,473953,412,1,38
0:31:990,8,2683,960,477175,412,1,38
0:31:990,3263,65535,65535,477325,412,1,38
0:31:993,4064,1040,198,105880,413,1,38
0:31:993,3028,1040,198,342738,413,1,38
0:31:997,512,1024,164,105889,415,1,38
0:31:997,1514,218,0,342729,415,1,38
0:32:000,4064,1028,166,105885,416,1,38
0:32:000,3028,196,0,342732,416,1,38
0:32:004,512,1048,178,105888,417,1,38
0:32:004,3028,146,0,251998,417,1,38
0:32:004,1514,223,0,342734,417,1,38
0:32:007,4064,1077,195,105891,419,1,38
0:32:007,3028,187,0,342736,419,1,38
0:32:011,512,1057,184,105887,420,1,38
0:32:011,1514,213,0,342733,420,1,38
0:32:011,3028,159,0,495982,420,1,38
0:32:014,4064,1081,151,105890,422,1,38
0:32:014,3012,197,0,342735,422,1,38
0:32:018,512,1098,180,105892,423,1,38
0:32:018,1514,199,0,342738,423,1,38
0:32:021,4064,1092,165,105889,425,1,38
0:32:025,512,1084,157,105891,426,1,38
0:32:028,4064,1092,145,105894,428,1,38
0:32:028,3028,194,0,342746,428,1,38
0:32:032,512,1110,167,105891,429,1,38
0:32:032,1514,190,0,342736,429,1,38
0:32:035,4064,1093,143,105893,430,1,38
0:32:035,3028,201,0,342739,430,1,38
0:32:039,512,1088,185,105896,432,1,38
0:32:039,1514,198,0,342741,432,1,38
0:32:042,4064,1111,157,105899,433,1,38
0:32:042,3028,180,0,342744,433,1,38
0:32:046,2900,65535,65535,60409,435,1,38
0:32:049,4064,1082,154,105898,436,1,38
0:32:049,132,1401,150,201134,436,1,38
0:32:049,2933,65535,65535,201284,436,1,38
0:32:049,516,1384,131,204656,436,1,38
0:32:049,512,1314,135,215534,436,1,38
0:32:049,4078,65535,65535,215684,436,1,38
0:32:053,512,1083,189,105894,437,1,38
0:32:053,1514,212,0,342751,437,1,38
0:32:056,4064,1090,168,105897,439,1,38
0:32:056,3028,195,0,342748,439,1,38
0:32:060,512,1097,169,105899,440,1,38
0:32:060,1514,189,0,342750,440,1,38
0:32:063,4064,1116,174,105895,442,1,38
0:32:063,3028,192,0,342753,442,1,38
0:32:067,512,1098,172,105903,443,1,38
0:32:067,1514,168,0,342744,443,1,38
0:32:070,4064,1097,192,105900,445,1,38
0:32:070,3028,193,0,342752,445,1,38
0:32:074,512,1087,164,105902,446,1,38
0:32:077,4064,1078,202,105900,448,1,38
0:32:077,3028,217,0,342745,448,1,38
0:32:081,512,1080,205,105901,449,1,38
0:32:081,1514,162,0,342748,449,1,38
0:32:084,4064,1068,188,105904,450,1,38
0:32:084,3028,203,0,342750,450,1,38
0:32:088,512,1059,232,105900,452,1,38
0:32:088,1514,188,0,342752,452,1,38
0:32:091,4064,1052,223,105903,453,1,38
0:32:091,3028,194,0,342749,453,1,38
0:32:095,512,1028,215,105906,455,1,38
0:32:095,1514,157,0,342751,455,1,38
0:32:098,4064,1035,226,105908,456,1,38
0:32:098,3028,179,0,342754,456,1,38
0:32:102,512,1017,246,105911,458,1,38
0:32:102,1514,200,0,342756,458,1,38
0:32:105,4064,1022,229,105907,459,1,38
0:32:105,3028,168,0,342753,459,1,38
0:32:109,512,1018,252,105910,461,1,38
0:32:109,1514,166,0,342755,461,1,38
0:32:112,4064,975,247,105906,462,1,38
0:32:112,3028,975,247,342758,462,1,38
0:32:116,512,988,267,105909,463,1,38
0:32:116,1514,159,0,342754,463,1,38
0:32:119,4064,967,246,105911,465,1,38
0:32:119,3028,161,0,342763,465,1,38
0:32:123,512,947,243,105907,466,1,38
0:32:123,1514,155,60,342765,466,1,38
0:32:126,4064,948,271,105910,468,1,38
0:32:126,3028,160,12,342762,468,1,38
0:32:130,512,897,272,105913,469,1,38
0:32:130,1514,155,0,342764,469,1,38
0:32:133,4064,909,272,105915,470,1,38
0:32:133,980,143,0,342766,470,1,38
0:32:133,128,151,0,429651,470,1,38
0:32:133,1600,141,0,439479,470,1,38
0:32:137,512,894,302,105917,472,1,38
0:32:137,1514,164,0,342769,472,1,38
0:32:140,4064,877,269,105914,473,1,38
0:32:140,3028,159,53,342765,473,1,38
0:32:144,512,882,312,105916,475,1,38
0:32:144,1514,131,0,342768,475,1,38
0:32:147,4064,846,309,105913,476,1,38
0:32:147,3028,846,309,342770,476,1,38
0:32:151,512,822,317,105915,478,1,38
0:32:151,1482,142,61,342766,478,1,38
0:32:158,512,805,319,105914,481,1,38
0:32:158,490,103,0,342771,481,1,38
0:32:161,4064,784,299,105916,482,1,38
0:32:165,512,762,316,105918,483,1,38
0:32:168,4064,733,303,105921,485,1,38
0:32:172,512,724,329,105917,486,1,38
0:32:175,4064,705,317,105920,488,1,38
0:32:179,512,684,316,105922,489,1,38
0:32:182,3840,688,304,105925,491,1,38
0:32:189,1088,688,304,105930,493,1,38
0:32:189,512,70,0,268371,493,1,38
0:32:193,512,70,0,105926,495,1,38
0:32:196,2072,2569,770,149955,496,1,38
0:32:200,386,2054,632,99877,498,1,38
0:32:203,2101,612,217,28829,499,1,38
0:32:203,2072,2925,861,509895,499,1,38
0:32:210,2101,2621,858,390969,502,1,38
0:32:231,3312,64,0,147958,511,1,38
0:32:235,512,427,205,147955,512,1,38
0:32:245,4080,473,182,147961,517,1,38
0:32:252,4080,472,193,147955,519,1,38
0:32:252,128,562,252,399855,519,1,38
0:32:252,1028,565,228,409682,519,1,38
0:32:252,6,528,202,412982,519,1,38
0:32:252,6,65535,65535,413050,519,1,38
0:32:252,6,65535,65535,413070,519,1,38
0:32:256,512,493,183,147951,521,1,38
0:32:259,4080,492,185,147954,522,1,38
0:32:263,512,507,182,147950,524,1,38
0:32:266,4080,524,205,147952,525,1,38
0:32:270,512,523,203,147949,526,1,38
0:32:273,4080,516,186,147945,528,1,38
0:32:277,512,535,187,147948,529,1,38
0:32:280,4080,548,163,147950,531,1,38
0:32:284,512,535,166,147946,532,1,38
0:32:287,4080,552,200,147949,534,1,38
0:32:291,512,585,169,147945,535,1,38
0:32:294,4080,580,177,147942,536,1,38
0:32:294,132,652,210,275433,536,1,38
0:32:294,2896,65535,65535,275583,536,1,38
0:32:298,512,592,169,147945,538,1,38
0:32:301,4080,614,166,147941,539,1,38
0:32:305,512,601,167,147944,541,1,38
0:32:308,4080,609,169,147940,542,1,38
0:32:312,512,619,166,147943,544,1,38
0:32:315,4016,600,141,147939,545,1,38
0:32:319,512,651,179,147941,547,1,38
0:32:322,4080,651,163,147944,548,1,38
0:32:326,512,597,141,147940,550,1,38
0:32:329,4080,649,147,147948,551,1,38
0:32:333,512,651,169,147939,552,1,38
0:32:336,4080,661,166,147936,554,1,38
0:32:340,512,657,137,147938,555,1,38
0:32:343,4080,674,158,147935,557,1,38
0:32:347,512,658,143,147938,558,1,38
0:32:350,4080,672,147,147934,559,1,38
0:32:354,512,675,141,147930,561,1,38
0:32:357,4080,684,130,147933,562,1,38
0:32:361,512,673,129,147930,564,1,38
0:32:364,4080,687,124,147932,565,1,38
0:32:368,512,684,133,147930,567,1,38
0:32:371,4080,687,152,147931,568,1,38
0:32:375,512,675,148,147929,569,1,38
0:32:378,4080,684,151,147925,571,1,38
0:32:382,512,684,118,147928,572,1,38
0:32:385,4080,676,137,147925,574,1,38
0:32:385,2932,65535,65535,236981,574,1,38
0:32:385,518,673,132,240360,574,1,38
0:32:385,2568,682,108,246659,574,1,38
0:32:385,2592,65535,65535,246726,574,1,38
0:32:385,2560,65535,65535,246740,574,1,38
0:32:385,6,65535,65535,250183,574,1,38
0:32:385,6,65535,65535,250197,574,1,38
0:32:389,512,673,133,147928,575,1,38
0:32:392,4080,669,137,147924,577,1,38
0:32:396,512,679,138,147927,578,1,38
0:32:399,4080,677,134,147924,580,1,38
0:32:403,512,697,126,147927,581,1,38
0:32:406,4080,654,129,147923,582,1,38
0:32:410,512,661,117,147920,584,1,38
0:32:413,4080,664,130,147923,585,1,38
0:32:417,512,661,125,147919,587,1,38
0:32:420,4080,657,126,147922,588,1,38
0:32:424,512,654,138,147919,590,1,38
0:32:427,4080,638,106,147922,591,1,38
0:32:431,512,628,143,147918,592,1,38
0:32:434,4080,644,133,147915,594,1,38
0:32:438,512,640,118,147918,595,1,38
0:32:441,4080,620,142,147915,597,1,38
0:32:445,512,601,91,147917,598,1,38
0:32:448,4080,594,110,147915,600,1,38
0:32:452,512,611,127,147917,601,1,38
0:32:455,4080,567,116,147915,602,1,38
0:32:459,512,583,131,147917,604,1,38
0:32:462,4080,578,126,147914,605,1,38
0:32:466,512,561,109,147911,607,1,38
0:32:469,4080,563,126,147908,608,1,38
0:32:473,512,560,126,147911,610,1,38
0:32:476,4080,553,146,147907,611,1,38
0:32:480,512,524,133,147910,612,1,38
0:32:483,4080,524,133,147907,614,1,38
0:32:487,512,531,108,147910,615,1,38
0:32:490,4080,493,132,147907,617,1,38
0:32:494,512,501,144,147910,618,1,38
0:32:497,4080,475,129,147907,620,1,38
0:32:501,512,514,129,147903,621,1,38
0:32:504,3568,465,142,147906,622,1,38
0:32:508,512,465,123,147903,624,1,38
0:32:508,512,465,123,244484,624,1,38
0:32:508,0,37,1808,0,0,1,39
0:32:511,8,78,0,88957,625,1,39
0:32:515,512,409,135,147903,627,1,39
0:32:515,512,268,99,244484,627,1,39
0:32:518,4080,423,152,147900,628,1,39
0:32:518,2640,423,152,244486,628,1,39
0:32:522,512,411,148,147903,630,1,39
0:32:522,512,285,115,244489,630,1,39
0:32:525,4080,404,132,147900,631,1,39
0:32:525,2644,286,103,244486,631,1,39
0:32:529,512,406,118,147898,633,1,39
0:32:529,512,302,108,244489,633,1,39
0:32:532,4080,394,148,147894,634,1,39
0:32:532,2644,297,115,244481,634,1,39
0:32:536,512,297,115,147898,635,1,39
0:32:539,4080,362,156,147900,637,1,39
0:32:539,2644,282,98,244486,637,1,39
0:32:543,512,282,98,147898,638,1,39
0:32:546,2016,332,139,147894,640,1,39
0:32:546,2644,318,108,244493,640,1,39
0:32:550,512,343,158,147891,641,1,39
0:32:550,512,343,95,244496,641,1,39
0:32:553,3008,310,136,147894,642,1,39
0:32:553,2644,310,136,244493,642,1,39
0:32:557,512,316,139,147898,644,1,39
0:32:557,512,330,90,244496,644,1,39
0:32:564,512,382,127,244496,647,1,39
0:32:571,512,392,73,244496,650,1,39
0:32:578,512,418,107,244497,653,1,39
0:32:581,2644,404,96,244500,654,1,39
0:32:585,512,399,84,244502,655,1,39
0:32:588,2644,404,99,244500,657,1,39
0:32:592,512,428,89,244502,658,1,39
0:32:595,2644,423,96,244506,660,1,39
0:32:599,512,476,93,244503,661,1,39
0:32:602,2644,439,81,244506,663,1,39
0:32:606,512,448,100,244503,664,1,39
0:32:609,2644,456,53,244506,666,1,39
0:32:613,512,478,81,244510,667,1,39
0:32:616,2644,466,74,244506,668,1,39
0:32:620,512,476,94,244510,670,1,39
0:32:623,2644,480,79,244507,671,1,39
0:32:627,512,512,99,244510,673,1,39
0:32:630,2644,475,63,244507,674,1,39
0:32:634,512,518,73,244510,675,1,39
0:32:641,512,528,76,244510,678,1,39
0:32:644,2644,515,69,244513,680,1,39
0:32:648,512,515,95,244516,681,1,39
0:32:651,2644,505,58,244513,683,1,39
0:32:655,512,412,0,244516,684,1,39
0:32:658,2644,511,77,244514,686,1,39
0:32:662,512,558,63,244516,687,1,39
0:32:665,2644,546,75,244519,689,1,39
0:32:669,512,569,63,244516,690,1,39
0:32:672,2644,526,16,244520,691,1,39
0:32:676,512,577,53,244523,693,1,39
0:32:679,2644,541,0,244520,694,1,39
0:32:683,512,553,58,244517,696,1,39
0:32:686,2644,540,0,244520,697,1,39
0:32:690,512,557,67,244524,699,1,39
0:32:693,2644,526,70,244527,700,1,39
0:32:697,512,554,11,244524,701,1,39
0:32:700,2644,543,77,244527,703,1,39
0:32:704,512,540,61,244530,704,1,39
0:32:707,2644,518,58,244527,706,1,39
0:32:711,512,512,0,244524,707,1,39
0:32:714,2644,494,60,244533,708,1,39
0:32:718,512,520,58,244530,710,1,39
0:32:721,2644,517,70,244528,711,1,39
0:32:725,512,526,79,244531,713,1,39
0:32:728,2644,485,0,244534,714,1,39
0:32:732,512,499,0,244537,716,1,39
0:32:735,2644,505,80,244535,717,1,39
0:32:739,512,493,34,244538,719,1,39
0:32:742,2644,511,0,244535,720,1,39
0:32:746,512,501,89,244538,721,1,39
0:32:749,2644,456,0,244535,723,1,39
0:32:753,512,491,71,244532,724,1,39
0:32:756,2644,448,66,244542,726,1,39
0:32:760,512,485,85,244539,727,1,39
0:32:763,2644,406,65,244536,729,1,39
0:32:767,512,454,98,244545,730,1,39
0:32:770,2644,416,81,244543,731,1,39
0:32:774,512,428,57,244546,733,1,39
0:32:777,2644,405,76,244544,734,1,39
0:32:781,512,448,98,244541,736,1,39
0:32:784,2644,398,91,244544,737,1,39
0:32:788,512,394,90,244547,738,1,39
0:32:791,2644,393,79,244550,740,1,39
0:32:795,512,379,79,244547,741,1,39
0:32:798,2644,386,73,244551,743,1,39
0:32:802,512,367,93,244548,744,1,39
0:32:805,2644,357,81,244551,746,1,39
0:32:809,512,372,75,244548,747,1,39
0:32:812,2644,335,74,244552,749,1,39
0:32:816,512,351,87,244555,750,1,39
0:32:819,2644,315,86,244552,752,1,39
0:32:823,512,322,107,244556,753,1,39
0:32:826,2644,294,95,244559,755,1,39
0:32:830,512,299,76,244556,756,1,39
0:32:833,2644,301,108,244560,757,1,39
0:32:837,512,264,79,244557,759,1,39
0:32:837,24,264,79,402798,759,1,39
0:32:837,512,89,0,410370,759,1,39
0:32:840,2644,284,73,244560,760,1,39
0:32:844,512,260,91,244558,762,1,39
0:32:847,2580,246,88,244560,763,1,39
0:32:851,512,244,94,244563,764,1,39
0:32:868,4,221,97,244561,772,1,39
0:33:040,40,221,97,488533,842,1,39
0:33:040,328,112,0,494970,842,1,39
0:33:071,2320,86,0,94932,855,1,39
0:33:082,1,86,0,344604,859,1,39
0:33:092,12,86,0,129013,863,1,39
0:33:092,16,83,0,135588,863,1,39
0:33:099,33,83,0,453146,866,1,39
0:33:126,0,0,0,2147483648,1454,1,39
0:33:126,0,0,0,0,1454,1,39
0:33:126,0,0,0,0,1454,1,39
0:33:126,0,0,0,0,1454,1,39
0:33:126,0,0,0,0,1454,1,39
0:33:126,0,0,0,0,1454,1,39
0:33:126,0,0,0,0,1454,1,39
0:33:126,0,0,0,0,1454,1,39
0:33:126,0,0,0,0,1454,1,39
0:33:126,0,0,0,0,1454,1,39
0:33:126,0,0,0,0,1454,1,39
0:33:126,0,0,0,0,1454,1,39
0:33:126,0,0,0,0,1454,1,39
0:33:126,0,0,0,0,1454,1,39
0:33:126,0,0,0,0,1454,1,39
0:33:126,0,0,0,0,1454,1,39
0:33:126,0,0,0,0,1454,1,39
0:33:126,0,0,0,0,1454,1,39
0:33:126,0,0,0,0,1454,1,39
0:33:126,0,0,0,0,1454,1,39
0:33:126,0,0,0,0,1454,1,39
0:33:126,0,0,0,0,1454,1,39
0:33:126,0,0,0,0,1454,1,39
0:33:126,0,0,0,0,1454,1,39
0:33:126,0,0,0,0,1454,1,39
0:33:126,0,0,0,0,1454,1,39
0:33:126,0,0,0,0,1454,1,39
0:33:126,0,0,0,0,1454,1,39
0:33:126,0,0,0,0,1454,1,39
0:33:260,512,83,0,326488,932,1,40
0:33:422,0,0,0,3221225472,1454,1,40
0:33:422,0,0,0,0,1454,1,40
0:33:422,0,0,0,0,1454,1,40
0:33:422,0,0,0,0,1454,1,40
0:33:422,0,0,0,0,1454,1,40
0:33:422,0,0,0,0,1454,1,40
0:33:422,0,0,0,0,1454,1,40
0:33:422,0,0,0,0,1454,1,40
0:33:422,0,0,0,0,1454,1,40
0:33:422,0,0,0,0,1454,1,40
0:33:422,0,0,0,0,1454,1,40
0:33:422,0,0,0,0,1454,1,40
0:33:422,0,0,0,0,1454,1,40
0:33:422,0,0,0,0,1454,1,40
0:33:422,0,0,0,0,1454,1,40
0:33:422,0,0,0,0,1454,1,40
0:33:422,0,0,0,0,1454,1,40
0:33:422,0,0,0,0,1454,1,40
0:33:422,0,0,0,0,1454,1,40
0:33:422,0,0,0,0,1454,1,40
0:33:422,0,0,0,0,1454,1,40
0:33:422,0,0,0,0,1454,1,40
0:33:422,0,0,0,0,1454,1,40
0:33:422,0,0,0,0,1454,1,40
0:33:422,0,0,0,0,1454,1,40
0:33:422,0,0,0,0,1454,1,40
0:33:422,0,0,0,0,1454,1,40
0:33:422,0,0,0,0,1454,1,40
0:33:422,0,0,0,0,1454,1,40
0:33:624,4,70,0,287906,1081,1,41
0:33:642,150,70,0,424810,1088,1,41
0:33:645,64,233,0,365330,1090,1,41
0:33:845,1,233,0,416286,1171,1,41
0:33:925,2304,233,0,228015,1204,1,41
0:33:932,3328,233,0,228011,1207,1,41
0:33:936,192,412,174,228014,1209,1,41
0:33:939,3848,412,174,228016,1210,1,41
0:33:946,3848,459,197,228017,1213,1,41
0:33:950,1512,427,171,228015,1215,1,41
0:33:953,3848,369,132,228017,1216,1,41
0:33:957,1512,441,166,228021,1217,1,41
0:33:960,3848,477,185,228024,1219,1,41
0:33:964,1512,388,128,228021,1220,1,41
0:33:967,3848,380,142,228018,1222,1,41
0:33:967,128,521,166,470930,1222,1,41
0:33:967,576,495,156,477308,1222,1,41
0:33:971,1512,510,172,228010,1223,1,41
0:33:974,3848,441,150,228013,1225,1,41
0:33:978,1512,413,143,228010,1226,1,41
0:33:981,3848,567,181,228014,1227,1,41
0:33:985,1512,511,152,228016,1229,1,41
0:33:988,3848,436,147,228014,1230,1,41
0:33:995,3848,455,168,228020,1233,1,41
0:33:999,1512,477,162,228017,1234,1,41
0:34:002,3848,598,164,228015,1236,1,41
0:34:006,1512,601,171,228024,1237,1,41
0:34:009,3848,536,166,228021,1239,1,41
0:34:013,1512,631,181,228013,1240,1,41
0:34:016,3848,638,171,228015,1242,1,41
0:34:020,1512,486,116,228013,1243,1,41
0:34:023,3848,658,168,228010,1245,1,41
0:34:027,1512,654,152,228014,1246,1,41
0:34:030,3848,588,154,228011,1248,1,41
0:34:034,1512,539,133,228014,1249,1,41
0:34:037,3848,698,178,228017,1250,1,41
0:34:037,3031,65535,65535,405362,1250,1,41
0:34:041,1512,609,155,228020,1252,1,41
0:34:044,3848,531,106,228024,1253,1,41
0:34:048,1512,725,163,228021,1255,1,41
0:34:048,128,710,167,398514,1255,1,41
0:34:048,2932,65535,65535,398664,1255,1,41
0:34:048,6,701,178,405336,1255,1,41
0:34:048,4,65535,65535,405404,1255,1,41
0:34:048,4,65535,65535,405423,1255,1,41
0:34:048,128,693,162,408714,1255,1,41
0:34:051,3848,660,133,228025,1256,1,41
0:34:055,1512,588,139,228015,1257,1,41
0:34:058,3848,737,145,228013,1259,1,41
0:34:062,1512,680,133,228016,1260,1,41
0:34:065,3848,585,144,228019,1262,1,41
0:34:069,1512,755,168,228016,1263,1,41
0:34:072,3848,753,154,228020,1265,1,41
0:34:076,1512,598,122,228017,1266,1,41
0:34:079,3848,743,128,228020,1268,1,41
0:34:083,1512,761,144,228023,1269,1,41
0:34:086,3848,582,89,228027,1270,1,41
0:34:090,1512,682,119,228024,1272,1,41
0:34:093,3848,774,135,228027,1273,1,41
0:34:097,1512,634,117,228024,1275,1,41
0:34:100,3848,574,96,228015,1276,1,41
0:34:104,1512,775,117,228018,1278,1,41
0:34:107,3848,666,107,228015,1279,1,41
0:34:111,1512,546,82,228019,1281,1,41
0:34:114,3848,786,115,228022,1282,1,41
0:34:118,1512,687,140,228019,1283,1,41
0:34:125,1512,765,114,228026,1286,1,41
0:34:128,3848,691,96,228022,1288,1,41
0:34:132,1512,605,101,228019,1289,1,41
0:34:135,3848,761,107,228023,1290,1,41
0:34:139,1512,743,109,228019,1292,1,41
0:34:142,3848,579,86,228023,1293,1,41
0:34:146,1512,709,87,228019,1295,1,41
0:34:149,3848,719,91,228023,1296,1,41
0:34:153,1512,555,79,228019,1298,1,41
0:34:156,3848,616,91,228023,1299,1,41
0:34:160,1512,689,88,228026,1301,1,41
0:34:163,3848,576,87,228023,1302,1,41
0:34:167,1512,502,60,228026,1303,1,41
0:34:170,3848,717,103,228029,1305,1,41
0:34:174,1512,596,99,228026,1306,1,41
0:34:177,3848,540,74,228029,1308,1,41
0:34:181,1512,645,88,228019,1309,1,41
0:34:184,3848,619,105,228022,1311,1,41
0:34:188,1512,500,80,228019,1312,1,41
0:34:191,3848,636,93,228022,1314,1,41
0:34:195,1512,602,93,228019,1315,1,41
0:34:198,3848,508,81,228022,1316,1,41
0:34:202,1512,570,121,228025,1318,1,41
0:34:205,3848,573,94,228028,1319,1,41
0:34:209,1512,426,100,228025,1321,1,41
0:34:212,3848,526,133,228028,1322,1,41
0:34:216,1512,552,104,228030,1323,1,41
0:34:219,3848,443,102,228027,1325,1,41
0:34:223,1512,417,88,228024,1326,1,41
0:34:226,3848,532,113,228026,1328,1,41
0:34:230,1512,453,137,228023,1329,1,41
0:34:233,3848,358,88,228019,1331,1,41
0:34:237,488,494,127,228022,1332,1,41
0:34:240,3848,435,108,228025,1334,1,41
0:34:244,1512,331,83,228022,1335,1,41
0:34:247,3848,460,149,228030,1337,1,41
0:34:251,1512,427,120,228033,1338,1,41
0:34:254,3848,339,94,228030,1339,1,41
0:34:258,1504,426,109,228026,1341,1,41
0:34:261,3848,407,127,228023,1342,1,41
0:34:265,1512,278,113,228019,1344,1,41
0:34:268,3848,361,133,228022,1345,1,41
0:34:272,1448,357,143,228025,1346,1,41
0:34:275,3336,260,107,228022,1348,1,41
0:34:279,1312,260,107,228025,1349,1,41
0:34:282,2816,348,159,228039,1351,1,41
0:34:289,512,348,159,228033,1354,1,41
0:34:461,512,215,66,220505,1424,1,41
0:34:464,3476,246,90,272347,1425,1,41
0:34:468,727,263,74,272350,1427,1,41
0:34:471,3988,276,86,272340,1428,1,41
0:34:475,727,281,106,272350,1430,1,41
0:34:478,3988,295,77,272340,1431,1,41
0:34:482,215,274,98,272343,1433,1,41
0:34:485,3988,283,82,272346,1434,1,41
0:34:485,3972,281,82,452043,1434,1,41
0:34:489,727,288,96,272343,1435,1,41
0:34:489,132,281,89,398455,1435,1,41
0:34:496,727,334,108,272337,1438,1,41
0:34:499,727,307,92,237450,1440,1,41
0:34:499,3988,280,65,272346,1440,1,41
0:34:499,2112,137,0,448035,1440,1,41
0:34:503,727,298,106,272337,1441,1,41
0:34:506,3988,326,100,272340,1442,1,41
0:34:510,727,310,86,272337,1444,1,41
0:34:513,3988,321,82,272340,1445,1,41
0:34:517,727,302,72,272337,1447,1,41
0:34:520,3988,339,96,272334,1448,1,41
0:34:524,727,320,69,272331,1450,1,41
0:34:527,3988,345,90,272334,1451,1,41
0:34:531,727,366,82,272325,1453,1,41
0:34:534,3988,334,81,272334,1454,1,41
0:34:534,1032,334,81,315960,1454,1,41
0:34:538,727,386,94,272331,1455,1,41
0:34:541,3988,352,99,272328,1457,1,41
0:34:545,727,345,68,272331,1458,1,41
0:34:548,3988,371,61,272328,1460,1,41
0:34:552,727,387,82,272325,1461,1,41
0:34:555,3988,362,13,272328,1463,1,41
0:34:559,727,388,45,272320,1464,1,41
0:34:559,2896,339,69,513420,1464,1,41
0:34:559,2416,65535,65535,513487,1464,1,41
0:34:559,2384,65535,65535,513501,1464,1,41
0:34:559,386,322,67,517020,1464,1,41
0:34:559,256,65535,65535,517087,1464,1,41
0:34:559,256,65535,65535,517095,1464,1,41
0:34:559,3072,327,0,520475,1464,1,41
0:34:562,3988,380,68,272323,1465,1,41
0:34:562,72,380,68,495801,1465,1,41
0:34:566,727,374,73,272326,1467,1,41
0:34:569,3988,381,85,272324,1468,1,41
0:34:573,727,399,49,272326,1470,1,41
0:34:576,3988,371,94,272317,1471,1,41
0:34:580,727,392,79,272314,1473,1,41
0:34:583,3988,392,0,272318,1474,1,41
0:34:587,727,393,35,272309,1476,1,41
0:34:590,3988,391,0,272312,1477,1,41
0:34:594,727,427,75,272315,1478,1,41
0:34:597,3988,419,24,272312,1480,1,41
0:34:601,727,375,0,272304,1481,1,41
0:34:604,3988,417,61,272313,1483,1,41
0:34:608,727,405,12,272316,1484,1,41
0:34:611,3988,390,0,272313,1486,1,41
0:34:615,727,395,0,272310,1487,1,41
0:34:622,727,382,55,272305,1490,1,41
0:34:625,3988,384,0,272308,1491,1,41
0:34:629,727,423,54,272310,1493,1,41
0:34:632,3988,391,68,272308,1494,1,41
0:34:636,727,378,0,272305,1495,1,41
0:34:636,64,600,0,379403,1495,1,41
0:34:639,3988,378,0,272295,1497,1,41
0:34:643,727,371,36,272305,1498,1,41
0:34:646,3988,384,0,272296,1500,1,41
0:34:650,727,397,0,272299,1501,1,41
0:34:653,3988,387,62,272296,1503,1,41
0:34:657,727,352,0,272293,1504,1,41
0:34:660,3988,344,0,272302,1505,1,41
0:34:664,727,358,0,272299,1507,1,41
0:34:667,3988,331,57,272290,1508,1,41
0:34:671,727,370,0,272293,1510,1,41
0:34:674,3988,356,0,272290,1511,1,41
0:34:674,512,59,0,287602,1511,1,41
0:34:678,721,59,0,272299,1513,1,41
0:34:681,3988,326,0,272295,1514,1,41
0:34:685,727,349,90,272293,1516,1,41
0:34:688,3988,339,0,272290,1517,1,41
0:34:692,3988,246,0,271087,1518,1,41
0:34:695,3988,349,0,272290,1520,1,41
0:34:699,983,333,89,272287,1521,1,41
0:34:702,3730,327,78,272290,1523,1,41
0:34:706,983,511,105,272293,1524,1,41
0:34:709,3990,303,0,272284,1526,1,41
0:34:713,2507,210,75,272719,1527,1,41
0:34:716,3986,309,0,272284,1528,1,41
0:34:720,983,507,118,272275,1530,1,41
0:34:723,3986,270,0,272279,1531,1,41
0:34:727,983,473,87,272287,1533,1,41
0:34:730,3986,263,0,272279,1534,1,41
0:34:734,983,444,69,272269,1536,1,41
0:34:737,3986,265,0,272279,1537,1,41
0:34:741,983,337,0,272276,1538,1,41
0:34:744,3990,243,0,272273,1540,1,41
0:34:748,727,402,36,272276,1541,1,41
0:34:751,3988,402,36,272267,1543,1,41
0:34:762,725,427,118,272271,1547,1,41
0:34:765,3988,202,0,272268,1549,1,41
0:34:769,983,482,109,272271,1550,1,41
0:34:772,3984,482,109,272268,1551,1,41
0:34:772,4,179,53,356219,1551,1,41
0:34:772,4,65535,65535,356286,1551,1,41
0:34:772,4,65535,65535,356306,1551,1,41
0:34:772,37,167,0,359663,1551,1,41
0:34:772,4,157,57,369484,1551,1,41
0:34:776,721,446,59,272265,1553,1,41
0:34:783,983,441,59,272265,1556,1,41
0:34:790,2,441,59,171516,1558,1,41
0:34:797,130,521,230,171523,1561,1,41
0:34:797,574,521,230,274696,1561,1,41
0:34:804,130,575,271,171517,1564,1,41
0:34:807,3992,562,233,171525,1566,1,41
0:34:811,130,607,222,171524,1567,1,41
0:34:818,130,617,248,171524,1570,1,41
0:34:821,4056,622,254,171526,1571,1,41
0:34:825,574,382,69,274705,1573,1,41
0:34:828,4056,655,252,171522,1574,1,41
0:34:828,544,377,78,274702,1574,1,41
0:34:835,544,411,64,274708,1577,1,41
0:34:839,2372,411,64,155775,1579,1,41
0:34:839,130,554,245,171519,1579,1,41
0:34:842,852,554,245,155773,1580,1,41
0:34:842,4056,679,274,171523,1580,1,41
0:34:842,544,385,74,274703,1580,1,41
0:34:846,2510,597,253,155775,1581,1,41
0:34:846,130,739,264,171520,1581,1,41
0:34:849,852,575,233,155773,1583,1,41
0:34:849,4056,701,261,171523,1583,1,41
0:34:849,1544,756,248,416469,1583,1,41
0:34:849,1536,65535,65535,416536,1583,1,41
0:34:849,1536,65535,65535,416550,1583,1,41
0:34:849,520,774,244,419919,1583,1,41
0:34:849,512,65535,65535,419986,1583,1,41
0:34:849,512,65535,65535,420000,1583,1,41
0:34:853,2510,618,251,155776,1584,1,41
0:34:853,130,735,252,171520,1584,1,41
0:34:853,574,390,73,274700,1584,1,41
0:34:856,852,635,243,155774,1586,1,41
0:34:856,4056,753,256,171523,1586,1,41
0:34:860,130,757,240,171526,1587,1,41
0:34:860,574,414,67,274700,1587,1,41
0:34:863,852,663,255,155774,1589,1,41
0:34:863,4056,793,249,171524,1589,1,41
0:34:863,544,381,67,274710,1589,1,41
0:34:867,2510,693,271,155777,1590,1,41
0:34:867,130,798,252,171526,1590,1,41
0:34:867,574,389,60,274713,1590,1,41
0:34:870,852,707,255,155775,1591,1,41
0:34:870,4056,810,240,171525,1591,1,41
0:34:870,544,413,78,274716,1591,1,41
0:34:874,2510,714,257,155777,1593,1,41
0:34:874,130,816,248,171527,1593,1,41
0:34:874,574,380,112,274713,1593,1,41
0:34:877,852,718,247,155775,1594,1,41
0:34:877,4056,850,221,171525,1594,1,41
0:34:877,544,383,80,274717,1594,1,41
0:34:881,2510,729,269,155778,1596,1,41
0:34:881,130,822,253,171522,1596,1,41
0:34:881,574,399,86,274714,1596,1,41
0:34:884,852,399,86,155775,1597,1,41
0:34:888,2510,761,225,155773,1599,1,41
0:34:888,130,866,211,171523,1599,1,41
0:34:888,574,376,62,274714,1599,1,41
0:34:891,852,376,62,155775,1600,1,41
0:34:895,2510,808,262,155773,1602,1,41
0:34:895,130,855,205,171528,1602,1,41
0:34:895,574,381,75,274721,1602,1,41
0:34:898,852,816,233,155776,1603,1,41
0:34:898,4056,855,208,171526,1603,1,41
0:34:898,544,411,80,274718,1603,1,41
0:34:902,2510,838,272,155779,1604,1,41
0:34:902,130,881,215,171529,1604,1,41
0:34:902,574,380,70,274722,1604,1,41
0:34:905,852,851,256,155776,1606,1,41
0:34:905,4056,895,223,171526,1606,1,41
0:34:905,544,375,69,274712,1606,1,41
0:34:909,2510,839,258,155780,1607,1,41
0:34:909,130,888,232,171524,1607,1,41
0:34:909,574,378,77,274722,1607,1,41
0:34:912,852,817,242,155777,1609,1,41
0:34:912,4056,904,225,171526,1609,1,41
0:34:912,544,402,66,274725,1609,1,41
0:34:916,2510,860,221,155774,1610,1,41
0:34:916,130,908,198,171530,1610,1,41
0:34:916,574,353,63,274722,1610,1,41
0:34:919,852,894,239,155777,1612,1,41
0:34:919,4056,902,189,171526,1612,1,41
0:34:919,544,368,88,274725,1612,1,41
0:34:923,2510,915,224,155780,1613,1,41
0:34:923,130,933,200,171530,1613,1,41
0:34:923,574,367,78,274728,1613,1,41
0:34:926,852,932,209,155777,1614,1,41
0:34:926,4056,948,220,171527,1614,1,41
0:34:926,544,393,82,274725,1614,1,41
0:34:930,2510,925,207,155780,1616,1,41
0:34:930,130,952,196,171530,1616,1,41
0:34:933,852,941,243,155777,1617,1,41
0:34:933,4056,955,224,171526,1617,1,41
0:34:933,544,357,36,274731,1617,1,41
0:34:937,2510,940,225,155780,1619,1,41
0:34:937,130,946,223,171529,1619,1,41
0:34:937,574,333,52,274728,1619,1,41
0:34:940,852,973,255,155777,1620,1,41
0:34:940,4056,927,201,171526,1620,1,41
0:34:940,544,377,76,274725,1620,1,41
0:34:944,2510,964,220,155780,1622,1,41
0:34:944,130,939,175,171529,1622,1,41
0:34:944,574,341,0,274727,1622,1,41
0:34:947,852,956,188,155776,1623,1,41
0:34:947,4056,953,207,171533,1623,1,41
0:34:947,544,349,0,274731,1623,1,41
0:34:951,2510,988,206,155780,1624,1,41
0:34:951,130,950,196,171529,1624,1,41
0:34:951,574,950,196,274727,1624,1,41
0:34:954,852,995,214,155776,1626,1,41
0:34:954,4056,950,173,171526,1626,1,41
0:34:954,132,1000,204,223815,1626,1,41
0:34:954,258,989,186,237388,1626,1,41
0:34:954,256,65535,65535,237455,1626,1,41
0:34:954,256,65535,65535,237469,1626,1,41
0:34:958,2510,1006,235,155780,1627,1,41
0:34:958,130,950,186,171529,1627,1,41
0:34:958,574,950,186,274727,1627,1,41
0:34:961,852,1009,213,155776,1629,1,41
0:34:961,4056,969,169,171533,1629,1,41
0:34:961,544,969,169,274731,1629,1,41
0:34:965,2510,1059,209,155780,1630,1,41
0:34:965,130,959,197,171529,1630,1,41
0:34:965,574,307,0,274740,1630,1,41
0:34:968,852,1052,176,155776,1632,1,41
0:34:968,4056,956,187,171533,1632,1,41
0:34:968,544,315,68,274737,1632,1,41
0:34:972,2510,1043,207,155780,1633,1,41
0:34:972,130,943,174,171529,1633,1,41
0:34:972,574,320,65,274734,1633,1,41
0:34:975,852,1054,212,155777,1635,1,41
0:34:975,4056,949,185,171533,1635,1,41
0:34:975,544,296,34,274737,1635,1,41
0:34:979,2510,1027,214,155774,1636,1,41
0:34:979,130,932,179,171536,1636,1,41
0:34:979,574,304,99,274740,1636,1,41
0:34:982,852,304,99,155777,1637,1,41
0:34:986,2510,1083,212,155775,1639,1,41
0:34:986,130,926,200,171536,1639,1,41
0:34:986,574,266,33,274740,1639,1,41
0:34:989,852,1077,213,155777,1640,1,41
0:34:989,4056,936,178,171533,1640,1,41
0:34:989,544,284,84,274743,1640,1,41
0:34:993,2510,1073,217,155780,1642,1,41
0:34:993,130,896,186,171530,1642,1,41
0:34:993,574,274,87,274740,1642,1,41
0:34:996,852,1057,194,155777,1643,1,41
0:34:996,4056,910,170,171533,1643,1,41
0:34:996,544,250,80,274743,1643,1,41
0:34:996,129,100,0,381691,1643,1,41
0:34:996,128,65535,65535,381759,1643,1,41
0:34:996,128,65535,65535,381773,1643,1,41
0:34:996,4,106,0,384998,1643,1,41
0:34:996,6,89,0,388376,1643,1,41
0:34:996,3703,65535,65535,391748,1643,1,41
0:35:000,2510,1078,216,155780,1645,1,41
0:35:000,130,899,177,171530,1645,1,41
0:35:000,574,261,56,274746,1645,1,41
0:35:003,852,1063,216,155777,1646,1,41
0:35:003,4056,906,175,171533,1646,1,41
0:35:003,544,254,77,274750,1646,1,41
0:35:007,2510,1073,188,155781,1647,1,41
0:35:007,130,890,196,171530,1647,1,41
0:35:007,574,236,83,274740,1647,1,41
0:35:010,852,1077,181,155777,1649,1,41
0:35:010,4056,931,173,171534,1649,1,41
0:35:010,544,248,72,274750,1649,1,41
0:35:014,2510,1055,197,155781,1650,1,41
0:35:014,130,880,179,171530,1650,1,41
0:35:014,574,236,84,274747,1650,1,41
0:35:017,852,1064,212,155777,1652,1,41
0:35:017,4056,846,166,171534,1652,1,41
0:35:017,544,222,77,274750,1652,1,41
0:35:021,2510,1079,197,155781,1653,1,41
0:35:021,130,853,191,171530,1653,1,41
0:35:021,574,853,191,274753,1653,1,41
0:35:024,852,1067,189,155777,1655,1,41
0:35:024,4056,834,163,171533,1655,1,41
0:35:024,32,228,77,274743,1655,1,41
0:35:028,2510,1045,217,155775,1656,1,41
0:35:028,130,834,160,171536,1656,1,41
0:35:028,574,195,77,274753,1656,1,41
0:35:031,852,1039,212,155777,1657,1,41
0:35:031,4056,800,181,171533,1657,1,41
0:35:035,2510,1026,199,155775,1659,1,41
0:35:035,130,811,185,171536,1659,1,41
0:35:035,50,811,185,274752,1659,1,41
0:35:038,852,1044,209,155777,1660,1,41
0:35:038,4056,780,158,171539,1660,1,41
0:35:038,32,205,87,274749,1660,1,41
0:35:042,2510,1041,190,155780,1662,1,41
0:35:042,130,768,188,171536,1662,1,41
0:35:042,552,768,188,274758,1662,1,41
0:35:045,852,768,188,155776,1663,1,41
0:35:049,2510,1030,208,155779,1665,1,41
0:35:049,130,748,212,171536,1665,1,41
0:35:052,852,998,188,155776,1666,1,41
0:35:052,4056,733,188,171532,1666,1,41
0:35:056,2510,733,188,155779,1668,1,41
0:35:063,2510,982,175,155779,1670,1,41
0:35:063,130,684,167,171535,1670,1,41
0:35:066,852,965,198,155776,1672,1,41
0:35:066,4056,688,196,171538,1672,1,41
0:35:070,2510,959,199,155779,1673,1,41
0:35:070,130,660,173,171541,1673,1,41
0:35:073,852,969,189,155782,1675,1,41
0:35:073,4056,644,186,171538,1675,1,41
0:35:077,2510,941,206,155779,1676,1,41
0:35:077,130,650,189,171540,1676,1,41
0:35:080,852,650,189,155776,1677,1,41
0:35:080,256,971,205,319525,1677,1,41
0:35:080,256,65535,65535,319592,1677,1,41
0:35:080,256,65535,65535,319613,1677,1,41
0:35:084,2510,921,218,155779,1679,1,41
0:35:084,130,603,184,171540,1679,1,41
0:35:087,852,875,190,155775,1680,1,41
0:35:087,4056,597,184,171538,1680,1,41
0:35:091,2510,597,184,155779,1682,1,41
0:35:094,852,885,226,155775,1683,1,41
0:35:094,4056,570,189,171538,1683,1,41
0:35:098,2510,865,227,155778,1685,1,41
0:35:098,130,561,194,171535,1685,1,41
0:35:101,852,860,235,155782,1686,1,41
0:35:101,4056,536,175,171538,1686,1,41
0:35:105,2510,821,233,155778,1688,1,41
0:35:105,130,507,191,171540,1688,1,41
0:35:108,260,65535,65535,80856,1689,1,41
0:35:108,6,538,242,84161,1689,1,41
0:35:108,260,631,147,87466,1689,1,41
0:35:108,512,601,183,94361,1689,1,41
0:35:112,2510,601,183,155778,1690,1,41
0:35:115,852,804,244,155781,1692,1,41
0:35:115,4056,464,182,171542,1692,1,41
0:35:119,2510,464,182,155778,1693,1,41
0:35:122,852,768,225,155775,1695,1,41
0:35:122,4056,381,163,171537,1695,1,41
0:35:126,2510,736,207,155783,1696,1,41
0:35:126,130,736,207,171540,1696,1,41
0:35:128,0,0,0,2147483648,1454,1,42
0:35:128,0,0,0,0,1454,1,42
0:35:128,0,0,0,0,1454,1,42
0:35:128,0,0,0,0,1454,1,42
0:35:128,0,0,0,0,1454,1,42
0:35:128,0,0,0,0,1454,1,42
0:35:128,0,0,0,0,1454,1,42
0:35:128,0,0,0,0,1454,1,42
0:35:128,0,0,0,0,1454,1,42
0:35:128,0,0,0,0,1454,1,42
0:35:128,0,0,0,0,1454,1,42
0:35:128,0,0,0,0,1454,1,42
0:35:128,0,0,0,0,1454,1,42
0:35:128,0,0,0,0,1454,1,42
0:35:128,0,0,0,0,1454,1,42
0:35:128,0,0,0,0,1454,1,42
0:35:128,0,0,0,0,1454,1,42
0:35:128,0,0,0,0,1454,1,42
0:35:128,0,0,0,0,1454,1,42
0:35:128,0,0,0,0,1454,1,42
0:35:128,0,0,0,0,1454,1,42
0:35:128,0,0,0,0,1454,1,42
0:35:128,0,0,0,0,1454,1,42
0:35:128,0,0,0,0,1454,1,42
0:35:128,0,0,0,0,1454,1,42
0:35:128,0,0,0,0,1454,1,42
0:35:128,0,0,0,0,1454,1,42
0:35:128,0,0,0,0,1454,1,42
0:35:128,0,0,0,0,1454,1,42
0:35:129,852,740,246,155780,1698,1,42
0:35:129,4056,740,246,171542,1698,1,42
0:35:133,2510,710,237,155777,1699,1,42
0:35:133,130,710,237,171539,1699,1,42
0:35:136,852,668,230,155779,1700,1,42
0:35:140,2510,668,228,155776,1702,1,42
0:35:140,128,668,228,171544,1702,1,42
0:35:143,852,668,228,155779,1703,1,42
0:35:147,2510,621,230,155775,1705,1,42
0:35:150,852,606,243,155778,1706,1,42
0:35:154,2510,600,240,155781,1708,1,42
0:35:157,852,586,240,155778,1709,1,42
0:35:161,2502,570,246,155780,1710,1,42
0:35:164,324,570,246,155777,1712,1,42
0:35:168,462,529,231,155780,1713,1,42
0:35:171,596,534,247,155776,1715,1,42
0:35:175,2062,534,247,155785,1716,1,42
0:35:424,0,0,0,3221225472,1454,1,43
0:35:424,0,0,0,0,1454,1,43
0:35:424,0,0,0,0,1454,1,43
0:35:424,0,0,0,0,1454,1,43
0:35:424,0,0,0,0,1454,1,43
0:35:424,0,0,0,0,1454,1,43
0:35:424,0,0,0,0,1454,1,43
0:35:424,0,0,0,0,1454,1,43
0:35:424,0,0,0,0,1454,1,43
0:35:424,0,0,0,0,1454,1,43
0:35:424,0,0,0,0,1454,1,43
0:35:424,0,0,0,0,1454,1,43
0:35:424,0,0,0,0,1454,1,43
0:35:424,0,0,0,0,1454,1,43
0:35:424,0,0,0,0,1454,1,43
0:35:424,0,0,0,0,1454,1,43
0:35:424,0,0,0,0,1454,1,43
0:35:424,0,0,0,0,1454,1,43
0:35:424,0,0,0,0,1454,1,43
0:35:424,0,0,0,0,1454,1,43
0:35:424,0,0,0,0,1454,1,43
0:35:424,0,0,0,0,1454,1,43
0:35:424,0,0,0,0,1454,1,43
0:35:424,0,0,0,0,1454,1,43
0:35:424,0,0,0,0,1454,1,43
0:35:424,0,0,0,0,1454,1,43
0:35:424,0,0,0,0,1454,1,43
0:35:424,0,0,0,0,1454,1,43
0:35:424,0,0,0,0,1454,1,43
0:35:969,6,49,0,492615,2042,1,43
0:35:969,808,139,0,495855,2042,1,43
0:36:022,1664,139,0,135046,2063,1,43
0:36:032,1536,428,176,128107,2067,1,43
0:36:036,3813,458,161,135045,2069,1,43
0:36:039,3988,501,189,135043,2070,1,43
0:36:039,4,501,189,211415,2070,1,43
0:36:043,3813,468,158,135045,2072,1,43
0:36:046,3988,491,186,135037,2073,1,43
0:36:050,3813,526,199,135045,2074,1,43
0:36:050,4,457,134,489352,2074,1,43
0:36:053,3988,490,160,135037,2076,1,43
0:36:057,3813,538,184,135040,2077,1,43
0:36:057,21,538,184,405330,2077,1,43
0:36:060,3988,551,169,135037,2079,1,43
0:36:064,3813,538,180,135040,2080,1,43
0:36:067,3988,590,171,135037,2082,1,43
0:36:067,49,590,171,220734,2082,1,43
0:36:074,3988,599,175,135037,2084,1,43
0:36:074,21,176,66,502549,2084,1,43
0:36:078,3813,602,171,135041,2086,1,43
0:36:081,3988,574,183,135031,2087,1,43
0:36:085,3813,628,143,135041,2089,1,43
0:36:085,52,628,143,251811,2089,1,43
0:36:088,3988,590,136,135031,2090,1,43
0:36:092,3813,649,144,135035,2092,1,43
0:36:099,3813,640,142,135035,2094,1,43
0:36:102,3988,636,144,135031,2096,1,43
0:36:106,3813,647,103,135035,2097,1,43
0:36:109,3988,667,146,135038,2099,1,43
0:36:109,2911,65535,65535,200905,2099,1,43
0:36:113,3813,716,139,135035,2100,1,43
0:36:123,3988,712,129,135026,2104,1,43
0:36:127,3813,694,160,135029,2106,1,43
0:36:130,3988,706,153,135031,2107,1,43
0:36:151,8,706,153,401564,2116,1,43
0:36:155,3813,723,157,135021,2117,1,43
0:36:158,3988,752,163,135024,2119,1,43
0:36:158,2065,752,163,253342,2119,1,43
0:36:162,3813,705,131,135020,2120,1,43
0:36:162,8,705,131,175082,2120,1,43
0:36:165,3988,738,141,135023,2121,1,43
0:36:169,3813,750,161,135020,2123,1,43
0:36:176,3813,725,161,135019,2126,1,43
0:36:179,3988,692,141,135022,2127,1,43
0:36:183,3813,717,150,135019,2129,1,43
0:36:186,3988,740,159,135021,2130,1,43
0:36:190,3813,685,155,135012,2132,1,43
0:36:193,3988,688,141,135021,2133,1,43
0:36:197,3813,719,142,135017,2134,1,43
0:36:200,3988,699,143,135020,2136,1,43
0:36:204,3813,714,179,135016,2137,1,43
0:36:207,3988,667,164,135014,2139,1,43
0:36:214,3988,702,174,135018,2141,1,43
0:36:218,3813,647,148,135009,2143,1,43
0:36:221,3988,690,178,135017,2144,1,43
0:36:225,49,94,0,124569,2146,1,43
0:36:225,3813,645,164,135008,2146,1,43
0:36:228,3988,645,167,135011,2147,1,43
0:36:232,3813,663,174,135007,2149,1,43
0:36:232,21,663,174,458678,2149,1,43
0:36:235,3988,618,172,135010,2150,1,43
0:36:239,3813,652,187,135007,2152,1,43
0:36:242,3988,639,175,135009,2153,1,43
0:36:246,3813,604,185,135006,2155,1,43
0:36:249,3988,629,212,135008,2156,1,43
0:36:253,3813,604,176,135005,2157,1,43
0:36:256,3988,585,188,135007,2159,1,43
0:36:260,3813,593,195,135004,2160,1,43
0:36:263,3988,538,179,135006,2162,1,43
0:36:267,3813,595,205,135003,2163,1,43
0:36:270,3988,561,185,135006,2165,1,43
0:36:274,3813,526,198,135002,2166,1,43
0:36:277,3988,556,189,135005,2167,1,43
0:36:281,3813,498,204,134996,2169,1,43
0:36:284,3988,488,186,135004,2170,1,43
0:36:288,1765,496,217,135000,2172,1,43
0:36:291,3988,482,213,135009,2173,1,43
0:36:295,1733,505,179,134994,2174,1,43
0:36:298,3988,449,193,134997,2176,1,43
0:36:309,1253,449,193,134992,2180,1,43
0:36:312,2560,430,185,134995,2182,1,43
0:36:319,20,430,185,134994,2185,1,43
0:36:673,32,430,185,506198,2329,1,43
0:36:725,514,430,185,317606,2351,1,43
0:36:725,912,155,60,326329,2351,1,43
0:36:725,515,155,60,329527,2351,1,43
0:37:130,0,0,0,2147483648,1454,1,44
0:37:130,0,0,0,0,1454,1,44
0:37:130,0,0,0,0,1454,1,44
0:37:130,0,0,0,0,1454,1,44
0:37:130,0,0,0,0,1454,1,44
0:37:130,0,0,0,0,1454,1,44
0:37:130,0,0,0,0,1454,1,44
0:37:130,0,0,0,0,1454,1,44
0:37:130,0,0,0,0,1454,1,44
0:37:130,0,0,0,0,1454,1,44
0:37:130,0,0,0,0,1454,1,44
0:37:130,0,0,0,0,1454,1,44
0:37:130,0,0,0,0,1454,1,44
0:37:130,0,0,0,0,1454,1,44
0:37:130,0,0,0,0,1454,1,44
0:37:130,0,0,0,0,1454,1,44
0:37:130,0,0,0,0,1454,1,44
0:37:130,0,0,0,0,1454,1,44
0:37:130,0,0,0,0,1454,1,44
0:37:130,0,0,0,0,1454,1,44
0:37:130,0,0,0,0,1454,1,44
0:37:130,0,0,0,0,1454,1,44
0:37:130,0,0,0,0,1454,1,44
0:37:130,0,0,0,0,1454,1,44
0:37:130,0,0,0,0,1454,1,44
0:37:130,0,0,0,0,1454,1,44
0:37:130,0,0,0,0,1454,1,44
0:37:130,0,0,0,0,1454,1,44
0:37:130,0,0,0,0,1454,1,44
0:37:187,2304,124,0,473545,2540,1,44
0:37:247,1512,184,0,228318,2564,1,44
0:37:250,3848,175,0,228322,2566,1,44
0:37:257,3848,218,0,228322,2568,1,44
0:37:261,1512,195,0,228314,2570,1,44
0:37:268,1512,143,14,228314,2573,1,44
0:37:278,3848,153,0,228311,2577,1,44
0:37:282,1512,183,52,228326,2578,1,44
0:37:285,3848,155,0,228317,2580,1,44
0:37:292,3848,229,0,228323,2583,1,44
0:37:296,1512,216,55,228320,2584,1,44
0:37:303,1512,215,53,228321,2587,1,44
0:37:306,3848,168,0,228312,2588,1,44
0:37:313,3848,214,0,228318,2591,1,44
0:37:320,2048,214,0,344993,2594,1,44
0:37:324,1512,209,0,228328,2596,1,44
0:37:327,3848,199,0,228325,2597,1,44
0:37:338,72,199,0,228328,2602,1,44
0:37:426,0,0,0,3221225472,1454,1,45
0:37:426,0,0,0,0,1454,1,45
0:37:426,0,0,0,0,1454,1,45
0:37:426,0,0,0,0,1454,1,45
0:37:426,0,0,0,0,1454,1,45
0:37:426,0,0,0,0,1454,1,45
0:37:426,0,0,0,0,1454,1,45
0:37:426,0,0,0,0,1454,1,45
0:37:426,0,0,0,0,1454,1,45
0:37:426,0,0,0,0,1454,1,45
0:37:426,0,0,0,0,1454,1,45
0:37:426,0,0,0,0,1454,1,45
0:37:426,0,0,0,0,1454,1,45
0:37:426,0,0,0,0,1454,1,45
0:37:426,0,0,0,0,1454,1,45
0:37:426,0,0,0,0,1454,1,45
0:37:426,0,0,0,0,1454,1,45
0:37:426,0,0,0,0,1454,1,45
0:37:426,0,0,0,0,1454,1,45
0:37:426,0,0,0,0,1454,1,45
0:37:426,0,0,0,0,1454,1,45
0:37:426,0,0,0,0,1454,1,45
0:37:426,0,0,0,0,1454,1,45
0:37:426,0,0,0,0,1454,1,45
0:37:426,0,0,0,0,1454,1,45
0:37:426,0,0,0,0,1454,1,45
0:37:426,0,0,0,0,1454,1,45
0:37:426,0,0,0,0,1454,1,45
0:37:426,0,0,0,0,1454,1,45
0:37:443,2048,126,0,131330,2644,1,45
0:37:443,1026,126,0,134558,2644,1,45
0:37:450,4,126,0,405195,2647,1,45
0:37:674,512,150,0,205009,2739,1,45
0:38:010,2176,78,0,6550,2876,1,45
0:38:024,2176,90,0,6554,2882,1,45
0:38:447,512,69,0,151789,3055,1,45
0:38:633,1,69,0,248105,3131,1,45
0:39:091,2048,62,0,174124,3319,1,45
0:39:112,2,62,0,413053,3327,1,45
0:39:130,1088,71,0,151436,3334,1,45
0:39:130,1040,69,0,154736,3334,1,45
0:39:130,2064,88,0,158115,3334,1,45
0:39:132,0,0,0,2147483648,1454,1,46
0:39:132,0,0,0,0,1454,1,46
0:39:132,0,0,0,0,1454,1,46
0:39:132,0,0,0,0,1454,1,46
0:39:132,0,0,0,0,1454,1,46
0:39:132,0,0,0,0,1454,1,46
0:39:132,0,0,0,0,1454,1,46
0:39:132,0,0,0,0,1454,1,46
0:39:132,0,0,0,0,1454,1,46
0:39:132,0,0,0,0,1454,1,46
0:39:132,0,0,0,0,1454,1,46
0:39:132,0,0,0,0,1454,1,46
0:39:132,0,0,0,0,1454,1,46
0:39:132,0,0,0,0,1454,1,46
0:39:132,0,0,0,0,1454,1,46
0:39:132,0,0,0,0,1454,1,46
0:39:132,0,0,0,0,1454,1,46
0:39:132,0,0,0,0,1454,1,46
0:39:132,0,0,0,0,1454,1,46
0:39:132,0,0,0,0,1454,1,46
0:39:132,0,0,0,0,1454,1,46
0:39:132,0,0,0,0,1454,1,46
0:39:132,0,0,0,0,1454,1,46
0:39:132,0,0,0,0,1454,1,46
0:39:132,0,0,0,0,1454,1,46
0:39:132,0,0,0,0,1454,1,46
0:39:132,0,0,0,0,1454,1,46
0:39:132,0,0,0,0,1454,1,46
0:39:132,0,0,0,0,1454,1,46
0:39:172,1511,109,0,232959,3352,1,46
0:39:175,1552,103,0,232962,3353,1,46
0:39:182,1040,133,0,232968,3356,1,46
0:39:186,1479,87,0,232953,3357,1,46
0:39:193,1511,114,0,232960,3360,1,46
0:39:193,1386,92,0,255351,3360,1,46
0:39:196,1552,112,0,232963,3362,1,46
0:39:196,3028,104,0,494937,3362,1,46
0:39:200,1507,115,0,232966,3363,1,46
0:39:203,1514,78,0,208316,3364,1,46
0:39:203,1552,116,0,232969,3364,1,46
0:39:214,1514,86,0,157392,3369,1,46
0:39:214,1511,109,0,232949,3369,1,46
0:39:217,1552,112,0,232951,3370,1,46
0:39:217,3028,108,0,396941,3370,1,46
0:39:221,1511,115,0,232955,3372,1,46
0:39:228,1511,121,0,232961,3374,1,46
0:39:228,3028,104,0,346449,3374,1,46
0:39:231,1552,115,0,232965,3376,1,46
0:39:235,1511,131,0,232950,3377,1,46
0:39:238,1552,154,0,232952,3379,1,46
0:39:238,3028,140,0,296347,3379,1,46
0:39:242,1511,143,0,232956,3380,1,46
0:39:249,1511,118,0,232962,3383,1,46
0:39:252,1552,139,0,232953,3385,1,46
0:39:256,1511,132,0,232945,3386,1,46
0:39:259,3024,98,0,160391,3387,1,46
0:39:259,1552,122,0,232953,3387,1,46
0:39:263,1511,141,0,232950,3389,1,46
0:39:266,1552,134,40,232954,3390,1,46
0:39:270,2896,77,0,104649,3392,1,46
0:39:270,1511,113,0,232957,3392,1,46
0:39:273,1552,136,0,232935,3393,1,46
0:39:273,1514,93,0,335348,3393,1,46
0:39:277,1511,122,0,232945,3395,1,46
0:39:284,1511,131,0,232950,3397,1,46
0:39:284,1482,86,0,274278,3397,1,46
0:39:287,1552,130,0,232948,3399,1,46
0:39:287,3028,84,0,509730,3399,1,46
0:39:291,1507,134,0,232939,3400,1,46
0:39:294,1514,95,0,220259,3402,1,46
0:39:294,1552,133,0,232942,3402,1,46
0:39:301,1552,133,0,232948,3405,1,46
0:39:308,1552,118,0,232936,3407,1,46
0:39:308,980,79,0,386011,3407,1,46
0:39:312,1511,124,0,232951,3409,1,46
0:39:319,3012,107,0,327966,3412,1,46
0:39:322,2065,107,0,97723,3413,1,46
0:39:322,1552,112,0,232943,3413,1,46
0:39:329,2065,112,0,467107,3416,1,46
0:39:333,770,96,0,185721,3418,1,46
0:39:333,10,96,0,193959,3418,1,46
0:39:333,2,96,0,197630,3418,1,46
0:39:336,1552,116,0,232943,3419,1,46
0:39:340,964,58,0,201962,3420,1,46
0:39:340,14,273,96,232706,3420,1,46
0:39:340,289,65535,65535,232740,3420,1,46
0:39:357,17,177,61,359878,3427,1,46
0:39:364,544,177,61,255971,3430,1,46
0:39:368,17,177,62,191031,3432,1,46
0:39:371,16,177,62,195870,3433,1,46
0:39:375,512,177,62,92099,3435,1,46
0:39:378,4,73,0,441631,3436,1,46
0:39:389,2064,73,0,261013,3440,1,46
0:39:427,512,72,0,170475,3456,1,46
0:39:428,0,0,0,3221225472,1454,1,47
0:39:428,0,0,0,0,1454,1,47
0:39:428,0,0,0,0,1454,1,47
0:39:428,0,0,0,0,1454,1,47
0:39:428,0,0,0,0,1454,1,47
0:39:428,0,0,0,0,1454,1,47
0:39:428,0,0,0,0,1454,1,47
0:39:428,0,0,0,0,1454,1,47
0:39:428,0,0,0,0,1454,1,47
0:39:428,0,0,0,0,1454,1,47
0:39:428,0,0,0,0,1454,1,47
0:39:428,0,0,0,0,1454,1,47
0:39:428,0,0,0,0,1454,1,47
0:39:428,0,0,0,0,1454,1,47
0:39:428,0,0,0,0,1454,1,47
0:39:428,0,0,0,0,1454,1,47
0:39:428,0,0,0,0,1454,1,47
0:39:428,0,0,0,0,1454,1,47
0:39:428,0,0,0,0,1454,1,47
0:39:428,0,0,0,0,1454,1,47
0:39:428,0,0,0,0,1454,1,47
0:39:428,0,0,0,0,1454,1,47
0:39:428,0,0,0,0,1454,1,47
0:39:428,0,0,0,0,1454,1,47
0:39:428,0,0,0,0,1454,1,47
0:39:428,0,0,0,0,1454,1,47
0:39:428,0,0,0,0,1454,1,47
0:39:428,0,0,0,0,1454,1,47
0:39:428,0,0,0,0,1454,1,47
0:39:434,2,9209,2248,233635,3459,1,47
0:39:434,4,65535,65535,233702,3459,1,47
0:39:462,200,805,352,11390,3470,1,47
0:39:473,593,830,360,11393,3475,1,47
0:39:483,72,625,276,11389,3479,1,47
0:39:494,593,813,327,11391,3483,1,47
0:39:494,3812,126,0,459938,3483,1,47
0:39:504,216,813,331,11394,3488,1,47
0:39:511,216,594,251,11387,3490,1,47
0:39:515,593,610,243,11390,3492,1,47
0:39:515,3300,133,0,459930,3492,1,47
0:39:529,593,757,292,11389,3498,1,47
0:39:529,3812,119,0,459942,3498,1,47
0:39:532,1620,123,12,459938,3499,1,47
0:39:539,216,550,227,11391,3502,1,47
0:39:539,596,120,0,459931,3502,1,47
0:39:550,529,120,0,11387,3506,1,47
0:39:567,1620,131,0,459947,3513,1,47
0:39:581,1620,98,0,459933,3519,1,47
0:39:585,3812,107,0,459954,3520,1,47
0:39:588,1620,113,0,459939,3522,1,47
0:39:592,3812,100,0,181936,3523,1,47
0:39:595,1620,96,0,259644,3525,1,47
0:39:602,1620,104,0,459955,3528,1,47
0:39:606,3812,106,0,490815,3529,1,47
0:39:609,1620,109,0,459960,3530,1,47
0:39:613,3748,109,0,459969,3532,1,47
0:39:616,1620,125,0,459965,3533,1,47
0:39:620,3812,125,0,459968,3535,1,47
0:39:623,3812,101,0,225303,3536,1,47
0:39:623,1620,144,0,459965,3536,1,47
0:39:627,1620,112,0,320854,3538,1,47
0:39:627,3812,114,0,459967,3538,1,47
0:39:630,1604,139,0,459964,3539,1,47
0:39:634,3812,107,0,459973,3540,1,47
0:39:637,1620,117,0,459975,3542,1,47
0:39:641,3812,118,0,459977,3543,1,47
0:39:648,3812,97,0,459971,3546,1,47
0:39:651,1620,97,0,459986,3548,1,47
0:39:655,3812,90,0,299340,3549,1,47
0:39:658,1556,104,0,364010,3550,1,47
0:39:658,1620,92,0,459996,3550,1,47
0:39:686,3808,111,0,329880,3562,1,47
0:39:690,1620,66,0,429133,3564,1,47
0:39:700,16,67,0,128625,3568,1,47
0:39:700,16,65535,65535,0,3568,1,47
0:39:707,128,60,0,94352,3571,1,47
0:39:749,128,60,0,477143,3588,1,47
0:39:749,144,60,0,480593,3588,1,47
0:40:043,8,115,0,322410,3708,1,47
0:40:106,3988,115,0,134400,3734,1,47
0:40:113,3988,221,78,134394,3737,1,47
0:40:117,3813,211,88,134397,3738,1,47
0:40:120,3732,211,77,134393,3740,1,47
0:40:124,3812,230,94,134396,3741,1,47
0:40:131,3813,232,91,134395,3744,1,47
0:40:134,3988,232,0,134391,3745,1,47
0:40:138,3813,258,87,134394,3747,1,47
0:40:141,3988,244,86,134390,3748,1,47
0:40:145,3813,234,94,134393,3750,1,47
0:40:148,2964,255,94,134395,3751,1,47
0:40:152,3813,246,0,134392,3753,1,47
0:40:152,516,131,0,450586,3753,1,47
0:40:152,264,129,0,461014,3753,1,47
0:40:155,3988,253,99,134388,3754,1,47
0:40:159,3813,264,0,134391,3755,1,47
0:40:162,3988,267,74,134393,3757,1,47
0:40:166,2628,267,74,39345,3758,1,47
0:40:166,3813,261,0,134384,3758,1,47
0:40:169,3988,168,0,92867,3760,1,47
0:40:169,3988,258,69,134392,3760,1,47
0:40:173,3813,291,77,134389,3761,1,47
0:40:173,3813,216,72,159756,3761,1,47
0:40:176,3988,276,0,134391,3763,1,47
0:40:176,3988,220,0,239299,3763,1,47
0:40:180,3813,279,81,134382,3764,1,47
0:40:180,3813,305,0,298731,3764,1,47
0:40:183,3988,275,92,134385,3766,1,47
0:40:183,3988,307,101,366922,3766,1,47
0:40:187,3813,286,0,134387,3767,1,47
0:40:187,135,108,0,386850,3767,1,47
0:40:187,260,65535,65535,386918,3767,1,47
0:40:187,4,65535,65535,386939,3767,1,47
0:40:190,3988,266,0,134389,3768,1,47
0:40:194,3813,285,73,134380,3770,1,47
0:40:194,852,119,0,269371,3770,1,47
0:40:197,2789,96,0,49965,3771,1,47
0:40:197,3988,309,97,134389,3771,1,47
0:40:201,3988,187,0,105765,3773,1,47
0:40:201,3813,291,86,134385,3773,1,47
0:40:204,3988,295,0,134387,3774,1,47
0:40:204,852,127,0,181163,3774,1,47
0:40:208,3813,276,92,134385,3775,1,47
0:40:211,2510,90,0,104130,3777,1,47
0:40:211,3988,260,96,134381,3777,1,47
0:40:215,852,68,0,63981,3778,1,47
0:40:215,3813,277,82,134377,3778,1,47
0:40:218,515,61,0,62753,3780,1,47
0:40:218,3,65535,65535,62817,3780,1,47
0:40:218,2,70,0,70097,3780,1,47
0:40:218,4,70,0,113836,3780,1,47
0:40:218,80,93,0,117340,3780,1,47
0:40:218,448,65535,65535,117374,3780,1,47
0:40:218,776,104,0,120580,3780,1,47
0:40:218,1538,119,0,166551,3780,1,47
0:40:218,512,128,20,169845,3780,1,47
0:40:222,3813,282,0,134376,3781,1,47
0:40:222,852,137,0,510210,3781,1,47
0:40:225,3988,306,98,134379,3783,1,47
0:40:229,3813,274,60,134375,3784,1,47
0:40:229,2254,102,0,446418,3784,1,47
0:40:232,385,258,112,113000,3786,1,47
0:40:232,128,65535,65535,0,3786,1,47
0:40:232,128,65535,65535,113040,3786,1,47
0:40:236,3813,297,76,134369,3787,1,47
0:40:239,3988,282,40,134377,3788,1,47
0:40:239,2382,130,0,357573,3788,1,47
0:40:243,385,83,0,33515,3790,1,47
0:40:243,836,118,0,319308,3790,1,47
0:40:246,3988,316,79,134376,3791,1,47
0:40:250,3781,301,92,134367,3793,1,47
0:40:253,3988,286,74,134375,3794,1,47
0:40:257,3813,280,68,134366,3796,1,47
0:40:260,3988,297,93,134374,3797,1,47
0:40:267,3988,295,89,134373,3800,1,47
0:40:271,3813,301,68,134370,3801,1,47
0:40:274,3476,281,80,134378,3803,1,47
0:40:274,2446,88,0,307680,3803,1,47
0:40:278,3813,286,80,134363,3804,1,47
0:40:278,324,286,80,389724,3804,1,47
0:40:278,256,286,80,399960,3804,1,47
0:40:278,128,286,80,403074,3804,1,47
0:40:281,3988,311,89,134371,3805,1,47
0:40:281,2510,123,0,454976,3805,1,47
0:40:285,3813,293,93,134362,3807,1,47
0:40:288,3988,281,83,134365,3808,1,47
0:40:292,3813,257,89,134361,3810,1,47
0:40:295,3988,296,87,134370,3811,1,47
0:40:299,3813,265,100,134360,3813,1,47
0:40:299,130,101,0,182005,3813,1,47
0:40:302,2964,261,93,134363,3814,1,47
0:40:306,3813,274,74,134365,3816,1,47
0:40:306,130,153,0,306136,3816,1,47
0:40:309,3988,244,81,134368,3817,1,47
0:40:313,3813,250,86,134358,3818,1,47
0:40:313,2048,250,86,358922,3818,1,47
0:40:313,6,84,0,489228,3818,1,47
0:40:316,3988,269,104,134361,3820,1,47
0:40:320,3813,261,99,134352,3821,1,47
0:40:323,3988,242,81,134360,3823,1,47
0:40:323,4081,65535,65535,388515,3823,1,47
0:40:334,3301,102,0,134355,3827,1,47
0:40:337,2708,264,88,134358,3828,1,47
0:40:337,130,100,0,254452,3828,1,47
0:40:341,1637,100,0,134349,3830,1,47
0:40:341,32,100,0,345132,3830,1,47
0:40:341,8,100,0,382109,3830,1,47
0:40:344,916,100,0,134352,3831,1,47
0:40:358,644,223,103,134351,3837,1,47
0:40:365,2192,223,103,134355,3840,1,47
0:40:365,128,105,0,512619,3840,1,47
0:40:369,1,105,0,134340,3841,1,47
0:40:404,3200,105,0,171368,3856,1,47
0:40:474,257,105,0,130995,3884,1,47
0:40:561,520,105,0,337284,3920,1,47
0:40:579,2,105,0,269967,3927,1,47
0:40:586,512,67,0,112655,3930,1,47
0:40:593,256,338,145,268340,3933,1,47
0:40:593,4,65535,65535,268408,3933,1,47
0:40:593,3835,65535,65535,271935,3933,1,47
0:40:673,536,122,0,189359,3966,1,47
0:40:677,1525,128,0,189368,3968,1,47
0:40:677,3202,128,0,458997,3968,1,47
0:40:680,2904,126,0,189365,3969,1,47
0:40:684,1525,136,0,189356,3970,1,47
0:40:687,2904,144,0,189359,3972,1,47
0:40:691,1525,140,0,189361,3973,1,47
0:40:698,1525,148,0,189361,3976,1,47
0:40:701,2904,150,0,189364,3978,1,47
0:40:705,1525,150,0,189361,3979,1,47
0:40:708,2904,194,0,189359,3980,1,47
0:40:715,2904,147,0,189359,3983,1,47
0:40:719,149,418,77,104848,3985,1,47
0:40:719,1525,208,0,189361,3985,1,47
0:40:722,2904,145,0,189365,3986,1,47
0:40:726,1525,185,0,189362,3988,1,47
0:40:726,20,185,0,502929,3988,1,47
0:40:729,2904,187,0,189353,3989,1,47
0:40:733,1525,194,0,189362,3990,1,47
0:40:736,2904,166,0,189353,3992,1,47
0:40:740,149,166,0,104853,3993,1,47
0:40:740,1525,192,0,189356,3993,1,47
0:40:743,2904,151,0,189365,3995,1,47
0:40:747,149,412,15,104848,3996,1,47
0:40:747,1525,138,0,189361,3996,1,47
0:40:750,976,424,83,104850,3998,1,47
0:40:757,976,424,101,104856,4001,1,47
0:40:757,2904,195,0,189364,4001,1,47
0:40:761,149,417,74,104859,4002,1,47
0:40:761,1525,193,0,189374,4002,1,47
0:40:764,976,413,98,104850,4003,1,47
0:40:764,2904,207,0,189359,4003,1,47
0:40:768,149,425,97,104852,4005,1,47
0:40:768,1525,187,0,189367,4005,1,47
0:40:771,976,448,62,104856,4006,1,47
0:40:771,2904,164,0,189364,4006,1,47
0:40:775,149,164,0,104859,4008,1,47
0:40:775,1525,185,0,189367,4008,1,47
0:40:778,976,450,99,104862,4009,1,47
0:40:778,128,166,0,325424,4009,1,47
0:40:778,258,65535,65535,325491,4009,1,47
0:40:778,1536,165,0,328874,4009,1,47
0:40:778,3321,65535,65535,335624,4009,1,47
0:40:782,149,454,114,104858,4010,1,47
0:40:782,1525,211,0,189367,4010,1,47
0:40:785,976,460,115,104855,4012,1,47
0:40:785,2904,183,0,189363,4012,1,47
0:40:789,149,451,115,104858,4013,1,47
0:40:789,1525,148,0,189373,4013,1,47
0:40:792,976,469,131,104861,4015,1,47
0:40:792,2904,188,0,189375,4015,1,47
0:40:796,149,478,119,104857,4016,1,47
0:40:796,1525,225,0,189366,4016,1,47
0:40:799,976,462,135,104854,4018,1,47
0:40:799,2904,178,0,189369,4018,1,47
0:40:799,24,645,127,493119,4018,1,47
0:40:799,16,65535,65535,0,4018,1,47
0:40:799,16,65535,65535,481867,4018,1,47
0:40:799,8,650,135,496497,4018,1,47
0:40:799,512,597,126,506247,4018,1,47
0:40:803,149,489,130,104869,4019,1,47
0:40:803,1525,200,0,189372,4019,1,47
0:40:806,976,499,142,104860,4021,1,47
0:40:806,2904,193,0,189375,4021,1,47
0:40:810,149,493,136,104863,4022,1,47
0:40:810,1525,219,39,189376,4022,1,47
0:40:813,976,514,151,104865,4024,1,47
0:40:813,2904,194,0,189374,4024,1,47
0:40:817,149,491,159,104868,4025,1,47
0:40:817,1525,204,0,189371,4025,1,47
0:40:820,976,500,153,104871,4026,1,47
0:40:820,2904,200,0,189379,4026,1,47
0:40:824,149,501,181,104867,4028,1,47
0:40:824,1525,197,0,189382,4028,1,47
0:40:827,976,527,181,104870,4029,1,47
0:40:827,2904,161,0,189373,4029,1,47
0:40:831,149,523,156,104867,4031,1,47
0:40:831,1525,192,0,189382,4031,1,47
0:40:834,976,514,194,104870,4032,1,47
0:40:834,2904,188,0,189379,4032,1,47
0:40:838,149,523,168,104873,4033,1,47
0:40:838,1525,180,0,189375,4033,1,47
0:40:841,976,523,167,104865,4035,1,47
0:40:841,2904,180,0,189385,4035,1,47
0:40:845,149,530,176,104867,4036,1,47
0:40:848,976,557,179,104870,4038,1,47
0:40:848,2904,192,0,189385,4038,1,47
0:40:852,149,548,191,104873,4039,1,47
0:40:852,1525,156,0,189382,4039,1,47
0:40:855,976,547,194,104865,4041,1,47
0:40:855,2904,189,0,189385,4041,1,47
0:40:859,149,548,172,104867,4042,1,47
0:40:859,1525,164,0,189382,4042,1,47
0:40:862,720,559,191,104870,4043,1,47
0:40:866,149,562,217,104873,4045,1,47
0:40:866,1525,143,0,189382,4045,1,47
0:40:869,976,569,196,104876,4046,1,47
0:40:869,2904,147,0,189390,4046,1,47
0:40:873,149,552,201,104879,4048,1,47
0:40:873,1525,178,0,189388,4048,1,47
0:40:876,976,572,192,104870,4049,1,47
0:40:876,2904,133,0,189396,4049,1,47
0:40:880,149,576,218,104873,4051,1,47
0:40:880,1525,153,0,189387,4051,1,47
0:40:883,976,599,199,104876,4052,1,47
0:40:883,2904,145,0,189390,4052,1,47
0:40:887,149,582,201,104879,4054,1,47
0:40:887,501,146,0,189393,4054,1,47
0:40:890,976,592,210,104881,4055,1,47
0:40:890,2904,132,0,189396,4055,1,47
0:40:894,149,578,204,104878,4056,1,47
0:40:894,1525,148,0,189392,4056,1,47
0:40:897,976,610,192,104880,4058,1,47
0:40:897,2904,158,0,189390,4058,1,47
0:40:901,149,636,219,104878,4059,1,47
0:40:901,1525,148,0,189398,4059,1,47
0:40:904,976,628,214,104880,4061,1,47
0:40:904,2904,119,0,189395,4061,1,47
0:40:908,149,614,202,104883,4062,1,47
0:40:908,1525,614,202,189398,4062,1,47
0:40:911,976,601,210,104886,4064,1,47
0:40:911,2904,148,0,189394,4064,1,47
0:40:911,2932,65535,65535,494957,4064,1,47
0:40:911,516,840,213,498335,4064,1,47
0:40:911,256,789,221,501635,4064,1,47
0:40:911,4,65535,65535,501703,4064,1,47
0:40:911,264,822,199,508456,4064,1,47
0:40:915,149,627,223,104889,4065,1,47
0:40:915,1525,126,0,189404,4065,1,47
0:40:918,976,618,212,104880,4066,1,47
0:40:918,2904,618,212,189400,4066,1,47
0:40:922,149,661,221,104882,4068,1,47
0:40:922,1525,99,0,189403,4068,1,47
0:40:925,976,665,209,104885,4069,1,47
0:40:925,2904,115,0,189393,4069,1,47
0:40:929,149,628,191,104888,4071,1,47
0:40:929,501,101,0,189403,4071,1,47
0:40:932,976,645,223,104885,4072,1,47
0:40:932,856,88,0,189405,4072,1,47
0:40:936,149,630,224,104881,4074,1,47
0:40:939,976,664,235,104884,4075,1,47
0:40:939,2128,664,235,189399,4075,1,47
0:40:943,149,668,224,104888,4076,1,47
0:40:943,1364,83,0,189408,4076,1,47
0:40:946,976,687,241,104891,4078,1,47
0:40:946,2840,85,0,189405,4078,1,47
0:40:950,149,677,201,104894,4079,1,47
0:40:950,1460,99,0,189414,4079,1,47
0:40:953,976,690,216,104884,4081,1,47
0:40:957,149,687,223,104888,4082,1,47
0:40:957,1249,102,0,189402,4082,1,47
0:40:960,976,705,220,104891,4084,1,47
0:40:960,792,76,0,189418,4084,1,47
0:40:964,149,714,223,104894,4085,1,47
0:40:964,500,714,223,189408,4085,1,47
0:40:967,976,696,226,104896,4087,1,47
0:40:967,2816,78,0,189405,4087,1,47
0:40:971,149,722,192,104888,4088,1,47
0:40:974,976,750,208,104891,4089,1,47
0:40:974,2320,750,208,189405,4089,1,47
0:40:978,149,731,226,104894,4091,1,47
0:40:981,976,719,222,104897,4092,1,47
0:40:985,149,723,194,104895,4094,1,47
0:40:988,976,757,210,104892,4095,1,47
0:40:992,149,750,189,104895,4096,1,47
0:40:992,264,750,189,468380,4096,1,47
0:40:995,976,752,201,104897,2,1,48
0:40:999,149,758,188,104901,3,1,48
0:41:002,976,772,187,104898,5,1,48
0:41:006,149,756,187,104901,6,1,48
0:41:009,976,778,174,104898,8,1,48
0:41:016,976,765,183,104905,10,1,48
0:41:020,149,775,181,104902,12,1,48
0:41:023,976,785,174,104905,13,1,48
0:41:027,149,774,176,104909,15,1,48
0:41:030,976,786,183,104899,16,1,48
0:41:034,149,806,157,104903,18,1,48
0:41:037,976,793,181,104906,19,1,48
0:41:041,149,796,168,104910,21,1,48
0:41:044,976,793,178,104907,22,1,48
0:41:048,149,788,186,104904,23,1,48
0:41:051,976,804,159,104907,25,1,48
0:41:055,149,816,200,104910,26,1,48
0:41:058,976,797,186,104907,28,1,48
0:41:062,149,793,164,104916,29,1,48
0:41:065,976,801,177,104913,30,1,48
0:41:069,149,814,197,104910,32,1,48
0:41:072,976,796,168,104913,33,1,48
0:41:076,149,797,184,104917,35,1,48
0:41:079,976,805,184,104914,36,1,48
0:41:083,149,780,181,104917,38,1,48
0:41:086,976,801,187,104914,39,1,48
0:41:090,149,779,187,104911,41,1,48
0:41:093,976,799,213,104915,42,1,48
0:41:097,149,781,200,104918,44,1,48
0:41:100,976,765,214,104922,45,1,48
0:41:104,149,779,214,104925,46,1,48
0:41:107,976,784,227,104916,48,1,48
0:41:111,149,762,213,104919,49,1,48
0:41:114,976,760,195,104922,51,1,48
0:41:118,149,758,207,104920,52,1,48
0:41:121,976,748,222,104923,53,1,48
0:41:125,149,743,227,104925,55,1,48
0:41:125,2,66,0,158709,55,1,48
0:41:128,976,736,236,104923,56,1,48
0:41:132,149,721,243,104926,58,1,48
0:41:134,0,0,0,2147483648,1454,1,48
0:41:134,0,0,0,0,1454,1,48
0:41:134,0,0,0,0,1454,1,48
0:41:134,0,0,0,0,1454,1,48
0:41:134,0,0,0,0,1454,1,48
0:41:134,0,0,0,0,1454,1,48
0:41:134,0,0,0,0,1454,1,48
0:41:134,0,0,0,0,1454,1,48
0:41:134,0,0,0,0,1454,1,48
0:41:134,0,0,0,0,1454,1,48
0:41:134,0,0,0,0,1454,1,48
0:41:134,0,0,0,0,1454,1,48
0:41:134,0,0,0,0,1454,1,48
0:41:134,0,0,0,0,1454,1,48
0:41:134,0,0,0,0,1454,1,48
0:41:134,0,0,0,0,1454,1,48
0:41:134,0,0,0,0,1454,1,48
0:41:134,0,0,0,0,1454,1,48
0:41:134,0,0,0,0,1454,1,48
0:41:134,0,0,0,0,1454,1,48
0:41:134,0,0,0,0,1454,1,48
0:41:134,0,0,0,0,1454,1,48
0:41:134,0,0,0,0,1454,1,48
0:41:134,0,0,0,0,1454,1,48
0:41:134,0,0,0,0,1454,1,48
0:41:134,0,0,0,0,1454,1,48
0:41:134,0,0,0,0,1454,1,48
0:41:134,0,0,0,0,1454,1,48
0:41:134,0,0,0,0,1454,1,48
0:41:135,976,710,255,104924,59,1,49
0:41:139,149,695,247,104926,61,1,49
0:41:142,976,734,212,104930,62,1,49
0:41:146,149,701,242,104933,63,1,49
0:41:149,976,672,233,104924,65,1,49
0:41:153,149,687,237,104927,66,1,49
0:41:156,976,681,244,104930,68,1,49
0:41:160,149,679,226,104933,69,1,49
0:41:163,976,639,228,104936,71,1,49
0:41:167,149,629,262,104927,72,1,49
0:41:170,976,636,264,104930,74,1,49
0:41:170,2048,68,0,336221,74,1,49
0:41:174,149,619,230,104945,75,1,49
0:41:181,149,614,269,104940,78,1,49
0:41:184,976,605,232,104931,79,1,49
0:41:188,149,577,238,104934,81,1,49
0:41:191,976,598,257,104938,82,1,49
0:41:195,149,588,218,104940,84,1,49
0:41:198,912,570,237,104943,85,1,49
0:41:202,149,540,239,104940,86,1,49
0:41:202,16,540,239,404144,86,1,49
0:41:205,976,532,235,104939,88,1,49
0:41:209,149,532,235,104941,89,1,49
0:41:212,912,513,228,104944,91,1,49
0:41:216,149,491,219,104941,92,1,49
0:41:219,528,506,218,104945,94,1,49
0:41:223,16,506,218,104942,95,1,49
0:41:226,592,506,218,104945,97,1,49
0:41:233,528,506,218,104945,99,1,49
0:41:237,16,506,218,104949,101,1,49
0:41:244,16,506,218,104949,104,1,49
0:41:265,1,506,218,264403,112,1,49
0:41:272,84,230,108,264404,115,1,49
0:41:282,2192,252,91,264395,119,1,49
0:41:286,469,252,91,264392,121,1,49
0:41:296,660,252,94,264396,125,1,49
0:41:300,981,263,110,264393,127,1,49
0:41:303,2708,263,110,264390,128,1,49
0:41:307,965,284,87,264394,130,1,49
0:41:314,981,319,94,264394,132,1,49
0:41:317,2708,305,76,264391,134,1,49
0:41:321,981,305,76,264389,135,1,49
0:41:324,2708,321,74,264392,137,1,49
0:41:328,981,300,50,264390,138,1,49
0:41:331,853,302,99,208450,140,1,49
0:41:331,2708,319,81,264387,140,1,49
0:41:335,981,325,45,264384,141,1,49
0:41:338,2708,351,73,264381,142,1,49
0:41:342,469,355,84,264379,144,1,49
0:41:345,2708,349,63,264382,145,1,49
0:41:349,981,339,70,264386,147,1,49
0:41:352,2708,339,70,264383,148,1,49
0:41:359,2708,373,66,264383,151,1,49
0:41:363,981,377,70,264380,152,1,49
0:41:363,2932,65535,65535,498419,152,1,49
0:41:363,645,337,97,502103,152,1,49
0:41:363,1701,65535,65535,502170,152,1,49
0:41:363,1189,65535,65535,502172,152,1,49
0:41:363,784,332,87,512669,152,1,49
0:41:363,272,65535,65535,509364,152,1,49
0:41:363,272,65535,65535,509366,152,1,49
0:41:366,2708,377,75,264384,154,1,49
0:41:370,981,360,66,264381,155,1,49
0:41:373,2708,377,68,264385,157,1,49
0:41:377,981,401,79,264382,158,1,49
0:41:380,2708,388,37,264373,160,1,49
0:41:384,981,417,69,264376,161,1,49
0:41:387,2708,407,41,264374,163,1,49
0:41:391,981,392,69,264376,164,1,49
0:41:394,2708,382,39,264374,165,1,49
0:41:398,981,420,65,264377,167,1,49
0:41:401,2708,420,65,264375,168,1,49
0:41:405,981,404,0,264377,170,1,49
0:41:408,2708,418,36,264369,171,1,49
0:41:412,981,425,0,264372,172,1,49
0:41:415,2708,401,76,264369,174,1,49
0:41:419,981,401,76,264372,175,1,49
0:41:422,2708,421,64,264370,177,1,49
0:41:426,981,380,0,264367,178,1,49
0:41:429,2708,428,83,264364,180,1,49
0:41:430,0,0,0,3221225472,1454,1,49
0:41:430,0,0,0,0,1454,1,49
0:41:430,0,0,0,0,1454,1,49
0:41:430,0,0,0,0,1454,1,49
0:41:430,0,0,0,0,1454,1,49
0:41:430,0,0,0,0,1454,1,49
0:41:430,0,0,0,0,1454,1,49
0:41:430,0,0,0,0,1454,1,49
0:41:430,0,0,0,0,1454,1,49
0:41:430,0,0,0,0,1454,1,49
0:41:430,0,0,0,0,1454,1,49
0:41:430,0,0,0,0,1454,1,49
0:41:430,0,0,0,0,1454,1,49
0:41:430,0,0,0,0,1454,1,49
0:41:430,0,0,0,0,1454,1,49
0:41:430,0,0,0,0,1454,1,49
0:41:430,0,0,0,0,1454,1,49
0:41:430,0,0,0,0,1454,1,49
0:41:430,0,0,0,0,1454,1,49
0:41:430,0,0,0,0,1454,1,49
0:41:430,0,0,0,0,1454,1,49
0:41:430,0,0,0,0,1454,1,49
0:41:430,0,0,0,0,1454,1,49
0:41:430,0,0,0,0,1454,1,49
0:41:430,0,0,0,0,1454,1,49
0:41:430,0,0,0,0,1454,1,49
0:41:430,0,0,0,0,1454,1,49
0:41:430,0,0,0,0,1454,1,49
0:41:430,0,0,0,0,1454,1,49
0:41:433,981,415,13,264367,181,1,50
0:41:436,2708,383,72,264364,183,1,50
0:41:440,3063,65535,65535,149878,184,1,50
0:41:440,4,352,76,153412,184,1,50
0:41:440,256,361,64,156700,184,1,50
0:41:443,2708,399,0,264365,186,1,50
0:41:447,981,356,0,264362,187,1,50
0:41:450,3025,65535,65535,54741,188,1,50
0:41:454,981,388,0,264363,190,1,50
0:41:457,2708,414,0,264360,191,1,50
0:41:461,981,342,0,239050,193,1,50
0:41:461,981,405,61,264363,193,1,50
0:41:464,2708,395,56,264360,194,1,50
0:41:468,981,405,31,264364,195,1,50
0:41:471,2708,384,60,264361,197,1,50
0:41:475,981,392,0,264359,198,1,50
0:41:478,2708,382,64,264356,200,1,50
0:41:482,981,372,0,264359,201,1,50
0:41:485,2708,404,55,264356,203,1,50
0:41:489,981,382,0,264353,204,1,50
0:41:492,2708,347,0,264357,205,1,50
0:41:496,981,358,31,264354,207,1,50
0:41:499,2708,339,66,264351,208,1,50
0:41:503,981,354,66,264354,210,1,50
0:41:503,768,371,53,507062,210,1,50
0:41:503,512,65535,65535,0,210,1,50
0:41:503,512,65535,65535,0,210,1,50
0:41:506,2708,362,68,264351,211,1,50
0:41:510,981,357,63,264354,213,1,50
0:41:513,2708,329,64,264351,214,1,50
0:41:517,981,334,74,264348,216,1,50
0:41:520,2708,321,62,264351,217,1,50
0:41:524,981,320,37,264348,218,1,50
0:41:527,2708,290,58,264351,220,1,50
0:41:531,981,320,77,264348,221,1,50
0:41:534,2708,313,70,264351,223,1,50
0:41:538,981,281,66,264348,224,1,50
0:41:541,2708,281,66,264339,226,1,50
0:41:545,981,292,52,264343,227,1,50
0:41:548,2708,275,88,264345,228,1,50
0:41:552,981,270,79,264348,230,1,50
0:41:555,2708,258,83,264345,231,1,50
0:41:562,2708,244,82,264345,234,1,50
0:41:566,981,239,60,264342,235,1,50
0:41:569,2708,244,80,264338,237,1,50
0:41:576,2692,203,78,264331,240,1,50
0:41:580,961,203,78,264341,241,1,50
0:41:587,657,210,80,264334,244,1,50
0:41:590,516,205,89,264344,246,1,50
0:41:671,512,205,89,122125,279,1,50
0:41:674,8,205,89,76312,280,1,50
0:41:674,16,279,0,80890,280,1,50
0:41:692,4,538,0,166248,287,1,50
0:41:692,512,191,0,169398,287,1,50
0:41:692,512,65535,65535,0,287,1,50
0:41:713,1,465,0,148337,296,1,50
0:41:881,320,179,78,287020,364,1,50
0:41:898,1864,519,239,107841,372,1,50
0:41:902,512,519,239,107844,373,1,50
0:41:902,1354,531,255,345008,373,1,50
0:41:905,4040,525,245,107840,375,1,50
0:41:905,3028,204,69,411489,375,1,50
0:41:909,512,547,262,107844,376,1,50
0:41:909,61422,11853,64636,493394658,34851,1,50
0:41:912,4040,578,231,107847,377,1,51
0:41:912,1034,188,73,124934,377,1,51
0:41:912,2628,208,64,345010,377,1,51
0:41:916,512,587,242,107843,379,1,51
0:41:916,1482,587,242,345019,379,1,51
0:41:916,980,227,69,364650,379,1,51
0:41:919,4040,603,242,107846,380,1,51
0:41:923,512,620,235,107843,382,1,51
0:41:923,1514,219,40,345013,382,1,51
0:41:926,4040,640,219,107846,383,1,51
0:41:926,3028,229,90,302134,383,1,51
0:41:926,3028,221,61,345015,383,1,51
0:41:930,512,644,223,107849,384,1,51
0:41:930,1514,217,85,345013,384,1,51
0:41:933,4040,662,240,107846,386,1,51
0:41:933,3028,241,101,345021,386,1,51
0:41:937,512,679,242,107849,387,1,51
0:41:937,3028,237,80,235994,387,1,51
0:41:937,1514,246,71,345024,387,1,51
0:41:940,4040,692,222,107851,389,1,51
0:41:940,3028,234,89,345021,389,1,51
0:41:944,512,677,224,107848,390,1,51
0:41:944,1514,249,89,345017,390,1,51
0:41:947,3528,718,237,107856,392,1,51
0:41:947,3028,256,87,345020,392,1,51
0:41:951,512,730,239,107859,393,1,51
0:41:951,1288,276,0,345017,393,1,51
0:41:954,4040,742,224,107850,395,1,51
0:41:954,3028,269,89,345020,395,1,51
0:41:958,512,743,235,107853,396,1,51
0:41:958,1514,255,82,345023,396,1,51
0:41:965,512,777,226,107858,399,1,51
0:41:965,1514,270,56,345022,399,1,51
0:41:968,4040,789,233,107855,400,1,51
0:41:968,3028,277,74,345025,400,1,51
0:41:972,512,801,213,107858,402,1,51
0:41:972,1514,268,60,345028,402,1,51
0:41:975,4040,805,207,107861,403,1,51
0:41:975,3028,277,79,345030,403,1,51
0:41:979,512,826,191,107857,405,1,51
0:41:979,1514,262,79,345027,405,1,51
0:41:982,4040,827,194,107860,406,1,51
0:41:982,3028,282,84,345024,406,1,51
0:41:986,512,860,189,107856,407,1,51
0:41:986,1514,273,59,345027,407,1,51
0:41:989,4040,855,176,107859,409,1,51
0:41:989,3028,281,68,345035,409,1,51
0:41:993,512,888,221,107862,410,1,51
0:41:993,1514,266,70,345031,410,1,51
0:41:996,4040,874,218,107859,412,1,51
0:42:000,512,899,209,107862,413,1,51
0:42:000,1514,269,15,345031,413,1,51
0:42:003,4040,885,203,107864,415,1,51
0:42:007,512,918,192,107866,416,1,51
0:42:007,1514,293,0,345036,416,1,51
0:42:010,4040,922,199,107864,417,1,51
0:42:010,35,1332,616,321441,417,1,51
0:42:010,33,65535,65535,321505,417,1,51
0:42:010,55,1313,528,324663,417,1,51
0:42:010,1536,65535,65535,328109,417,1,51
0:42:010,1536,65535,65535,328110,417,1,51
0:42:014,512,938,176,107865,419,1,51
0:42:014,1514,306,50,345036,419,1,51
0:42:017,4040,919,143,107863,420,1,51
0:42:017,3028,286,85,345038,420,1,51
0:42:021,512,922,165,107865,422,1,51
0:42:021,1514,282,0,345035,422,1,51
0:42:024,4040,936,151,107867,423,1,51
0:42:024,3028,272,0,345037,423,1,51
0:42:028,512,947,158,107865,425,1,51
0:42:028,1514,302,0,345040,425,1,51
0:42:031,4040,936,164,107866,426,1,51
0:42:035,512,965,155,107869,428,1,51
0:42:035,1514,285,61,345045,428,1,51
0:42:038,4040,951,160,107872,429,1,51
0:42:038,3827,65535,65535,375432,429,1,51
0:42:042,512,953,156,107868,430,1,51
0:42:042,1514,253,0,345039,430,1,51
0:42:045,4040,957,159,107871,432,1,51
0:42:045,3028,308,90,345041,432,1,51
0:42:049,512,968,145,107874,433,1,51
0:42:049,1514,262,0,345044,433,1,51
0:42:052,4040,968,170,107870,435,1,51
0:42:052,3028,311,0,345046,435,1,51
0:42:056,512,963,150,107873,436,1,51
0:42:056,1514,287,76,345049,436,1,51
0:42:059,4040,967,154,107876,437,1,51
0:42:059,3028,270,72,345045,437,1,51
0:42:063,512,969,157,107872,439,1,51
0:42:063,1514,267,0,345048,439,1,51
0:42:070,512,952,192,107878,442,1,51
0:42:070,1514,287,67,345053,442,1,51
0:42:073,128,374,146,37334,443,1,51
0:42:073,2935,65535,65535,37484,443,1,51
0:42:073,4,344,102,44305,443,1,51
0:42:073,5,436,173,47611,443,1,51
0:42:073,1650,65535,65535,47761,443,1,51
0:42:073,512,544,91,51074,443,1,51
0:42:073,512,65535,65535,51141,443,1,51
0:42:073,512,65535,65535,51143,443,1,51
0:42:077,512,934,188,107877,445,1,51
0:42:077,1514,248,0,345053,445,1,51
0:42:080,4040,944,214,107880,446,1,51
0:42:080,3028,266,0,345049,446,1,51
0:42:084,512,928,199,107882,448,1,51
0:42:084,1514,238,56,345052,448,1,51
0:42:087,2048,901,421,46026,449,1,51
0:42:087,4040,929,177,107879,449,1,51
0:42:087,3028,266,45,345054,449,1,51
0:42:091,2101,885,404,46022,450,1,51
0:42:091,512,930,201,107881,450,1,51
0:42:091,1514,249,48,345057,450,1,51
0:42:094,2312,249,48,46025,452,1,51
0:42:094,4040,928,200,107884,452,1,51
0:42:098,2101,909,385,46028,453,1,51
0:42:098,512,904,222,107880,453,1,51
0:42:098,1514,264,0,345056,453,1,51
0:42:101,2312,922,330,46024,455,1,51
0:42:101,4040,908,217,107883,455,1,51
0:42:101,3028,258,57,345059,455,1,51
0:42:105,2101,930,370,46027,456,1,51
0:42:105,512,898,232,107886,456,1,51
0:42:105,1514,233,0,345056,456,1,51
0:42:108,2312,948,333,46023,458,1,51
0:42:108,4040,884,222,107882,458,1,51
0:42:112,2101,963,366,46032,459,1,51
0:42:112,512,873,232,107885,459,1,51
0:42:112,1514,258,0,345060,459,1,51
0:42:115,2312,972,302,46029,461,1,51
0:42:115,4040,877,238,107887,461,1,51
0:42:115,3028,222,59,345058,461,1,51
0:42:119,2101,964,318,46025,462,1,51
0:42:119,512,858,240,107884,462,1,51
0:42:119,1514,236,32,345060,462,1,51
0:42:122,2312,965,297,46028,463,1,51
0:42:122,4040,863,237,107887,463,1,51
0:42:122,3028,248,15,345062,463,1,51
0:42:126,2101,983,289,46031,465,1,51
0:42:126,512,856,242,107889,465,1,51
0:42:126,1514,211,0,345059,465,1,51
0:42:129,2312,980,243,46033,466,1,51
0:42:129,4040,824,261,107892,466,1,51
0:42:129,3028,217,15,345061,466,1,51
0:42:133,2101,989,251,46030,468,1,51
0:42:133,512,794,252,107889,468,1,51
0:42:133,1514,222,0,345064,468,1,51
0:42:136,2312,992,249,46026,469,1,51
0:42:136,4040,781,254,107891,469,1,51
0:42:136,3028,229,45,345060,469,1,51
0:42:140,2101,986,210,46029,471,1,51
0:42:140,512,986,210,107888,471,1,51
0:42:140,1514,206,55,345063,471,1,51
0:42:143,2312,993,236,46032,472,1,51
0:42:143,4040,756,264,107890,472,1,51
0:42:143,3028,185,0,345072,472,1,51
0:42:147,2101,999,218,46028,473,1,51
0:42:147,512,776,226,107893,473,1,51
0:42:147,1514,194,64,345062,473,1,51
0:42:150,2312,997,233,46031,475,1,51
0:42:150,4040,745,255,107895,475,1,51
0:42:150,3028,184,77,345065,475,1,51
0:42:154,2101,1011,231,46027,476,1,51
0:42:154,512,717,270,107893,476,1,51
0:42:154,1514,202,71,345068,476,1,51
0:42:157,2312,994,197,46024,478,1,51
0:42:157,3784,720,299,107895,478,1,51
0:42:157,2516,185,0,345064,478,1,51
0:42:161,2101,1015,186,46033,479,1,51
0:42:161,512,698,277,107897,479,1,51
0:42:161,1514,169,64,345073,479,1,51
0:42:164,2312,982,182,46029,481,1,51
0:42:164,4040,691,282,107894,481,1,51
0:42:168,2101,1009,199,46032,482,1,51
0:42:168,512,683,279,107896,482,1,51
0:42:168,490,683,279,345073,482,1,51
0:42:171,2312,985,199,46028,484,1,51
0:42:171,4040,662,294,107905,484,1,51
0:42:171,836,177,72,345075,484,1,51
0:42:175,2101,991,157,46031,485,1,51
0:42:175,512,991,157,107896,485,1,51
0:42:175,162,991,157,345077,485,1,51
0:42:178,2312,968,182,46034,486,1,51
0:42:178,3528,968,182,107898,486,1,51
0:42:182,2101,995,167,46031,488,1,51
0:42:185,2312,961,163,46027,489,1,51
0:42:185,256,961,163,107898,489,1,51
0:42:185,784,145,0,345074,489,1,51
0:42:189,2101,969,171,46030,491,1,51
0:42:192,2312,949,158,46033,492,1,51
0:42:192,4,949,158,345079,492,1,51
0:42:196,2101,941,167,46035,494,1,51
0:42:199,2312,954,186,46032,495,1,51
0:42:206,2312,928,190,46037,498,1,51
0:42:210,2101,933,179,46034,499,1,51
0:42:213,2312,912,203,46031,501,1,51
0:42:213,256,912,203,146061,501,1,51
0:42:217,2101,901,181,46034,502,1,51
0:42:217,1024,901,181,152855,502,1,51
0:42:220,2312,896,216,46030,503,1,51
0:42:220,1632,896,216,146066,503,1,51
0:42:224,2101,893,198,46038,505,1,51
0:42:227,2312,883,198,46035,506,1,51
0:42:227,3584,459,209,146059,506,1,51
0:42:231,2101,855,201,46032,508,1,51
0:42:234,2312,850,246,46035,509,1,51
0:42:238,2101,828,228,46037,511,1,51
0:42:238,512,474,203,146055,511,1,51
0:42:241,2312,825,234,46039,512,1,51
0:42:241,3936,515,212,146052,512,1,51
0:42:245,2101,805,202,46036,514,1,51
0:42:245,512,805,202,146055,514,1,51
0:42:248,2312,843,251,46033,515,1,51
0:42:248,3936,517,200,146051,515,1,51
0:42:252,2101,517,200,46030,517,1,51
0:42:255,2312,794,251,46038,518,1,51
0:42:255,3936,553,204,146050,518,1,51
0:42:259,2101,553,204,46035,519,1,51
0:42:259,512,549,197,146053,519,1,51
0:42:262,2312,749,270,46037,521,1,51
0:42:262,3936,562,195,146050,521,1,51
0:42:266,2101,701,253,46034,522,1,51
0:42:266,512,595,205,146052,522,1,51
0:42:269,2312,707,251,46031,524,1,51
0:42:269,3936,579,194,146049,524,1,51
0:42:273,2101,579,194,46039,525,1,51
0:42:273,512,621,174,146045,525,1,51
0:42:276,2304,621,174,46035,526,1,51
0:42:276,3936,625,190,146054,526,1,51
0:42:280,2101,640,242,46033,528,1,51
0:42:280,512,627,186,146051,528,1,51
0:42:290,3936,657,188,146046,532,1,51
0:42:294,512,645,185,146049,534,1,51
0:42:297,3936,685,202,146046,535,1,51
0:42:301,512,689,186,146048,537,1,51
0:42:301,24,750,219,203935,537,1,51
0:42:301,24,65535,65535,200703,537,1,51
0:42:301,16,65535,65535,200717,537,1,51
0:42:304,3936,704,192,146045,538,1,51
0:42:308,512,722,198,146048,539,1,51
0:42:311,3936,731,182,146044,541,1,51
0:42:315,512,720,174,146047,542,1,51
0:42:318,3936,725,199,146043,544,1,51
0:42:322,512,735,177,146040,545,1,51
0:42:325,3936,735,176,146042,547,1,51
0:42:329,512,742,185,146040,548,1,51
0:42:332,3936,730,180,146041,550,1,51
0:42:336,512,760,141,146039,551,1,51
0:42:339,3936,730,155,146035,552,1,51
0:42:343,512,791,176,146038,554,1,51
0:42:346,3936,777,157,146034,555,1,51
0:42:350,512,759,150,146037,557,1,51
0:42:353,3936,767,152,146034,558,1,51
0:42:357,512,795,151,146037,559,1,51
0:42:360,3936,794,159,146033,561,1,51
0:42:364,512,799,157,146036,562,1,51
0:42:367,3936,808,152,146033,564,1,51
0:42:371,512,798,133,146029,565,1,51
0:42:374,3936,788,161,146032,567,1,51
0:42:378,512,815,156,146029,568,1,51
0:42:381,3936,798,164,146025,570,1,51
0:42:385,512,811,146,146028,571,1,51
0:42:388,3936,801,154,146025,572,1,51
0:42:392,512,793,158,146028,574,1,51
0:42:395,3936,810,142,146025,575,1,51
0:42:399,512,764,141,146027,577,1,51
0:42:402,3936,784,153,146025,578,1,51
0:42:406,512,783,126,146027,580,1,51
0:42:409,3936,778,135,146024,581,1,51
0:42:413,512,785,145,146026,582,1,51
0:42:416,3936,781,153,146024,584,1,51
0:42:420,512,781,128,146020,585,1,51
0:42:423,3936,772,130,146023,587,1,51
0:42:427,512,745,129,146019,588,1,51
0:42:430,3936,767,128,146022,590,1,51
0:42:434,512,733,107,146019,591,1,51
0:42:437,3936,723,130,146015,592,1,51
0:42:441,512,725,141,146018,594,1,51
0:42:444,3936,735,117,146015,595,1,51
0:42:448,512,714,108,146017,597,1,51
0:42:451,3936,704,146,146014,598,1,51
0:42:455,512,691,156,146017,600,1,51
0:42:458,3936,682,116,146013,601,1,51
0:42:462,512,697,133,146016,603,1,51
0:42:469,512,665,114,146015,605,1,51
0:42:472,3936,654,111,146012,607,1,51
0:42:476,512,643,138,146009,608,1,51
0:42:483,512,633,105,146009,611,1,51
0:42:486,3936,623,130,146010,612,1,51
0:42:486,2644,623,130,246755,612,1,51
0:42:490,512,615,126,146008,614,1,51
0:42:490,512,286,110,246758,614,1,51
0:42:493,3936,605,119,146010,615,1,51
0:42:493,2644,307,102,246761,615,1,51
0:42:497,512,586,133,146007,617,1,51
0:42:497,512,316,90,246763,617,1,51
0:42:500,3936,592,124,146010,618,1,51
0:42:500,2644,312,117,246760,618,1,51
0:42:504,512,558,122,146006,620,1,51
0:42:504,512,332,117,246768,620,1,51
0:42:507,3936,537,145,146003,621,1,51
0:42:507,2644,337,92,246765,621,1,51
0:42:511,512,536,147,145999,622,1,51
0:42:511,512,373,110,246768,622,1,51
0:42:511,0,37,1808,0,0,1,52
0:42:514,3936,520,115,146002,624,1,52
0:42:514,2644,353,115,246770,624,1,52
0:42:518,512,515,145,146005,625,1,52
0:42:518,512,365,126,246762,625,1,52
0:42:521,3936,486,130,146002,627,1,52
0:42:521,2644,377,97,246770,627,1,52
0:42:525,512,493,131,146005,628,1,52
0:42:525,512,364,122,246766,628,1,52
0:42:528,3936,454,136,146001,630,1,52
0:42:528,2644,380,116,246764,630,1,52
0:42:532,512,466,149,145998,631,1,52
0:42:532,512,418,114,246766,631,1,52
0:42:535,3936,455,156,146001,633,1,52
0:42:535,2644,408,97,246775,633,1,52
0:42:539,512,454,152,145998,634,1,52
0:42:539,512,419,102,246772,634,1,52
0:42:542,3936,424,130,146001,636,1,52
0:42:542,2644,404,116,246769,636,1,52
0:42:546,512,422,131,145997,637,1,52
0:42:546,512,455,132,246778,637,1,52
0:42:549,3936,405,159,145995,638,1,52
0:42:549,2644,421,106,246768,638,1,52
0:42:553,512,390,167,145997,640,1,52
0:42:553,512,450,101,246771,640,1,52
0:42:556,3936,393,134,145994,641,1,52
0:42:556,2644,448,97,246774,641,1,52
0:42:560,512,370,145,145996,643,1,52
0:42:560,512,472,102,246771,643,1,52
0:42:563,3872,472,102,145994,644,1,52
0:42:563,2644,485,126,246780,644,1,52
0:42:567,512,347,147,145990,645,1,52
0:42:567,512,492,109,246777,645,1,52
0:42:570,3136,332,135,145999,647,1,52
0:42:570,132,443,108,230862,647,1,52
0:42:570,2928,65535,65535,231012,647,1,52
0:42:570,512,413,116,237233,647,1,52
0:42:570,2,417,91,243983,647,1,52
0:42:574,512,514,86,246776,648,1,52
0:42:588,512,523,109,246786,654,1,52
0:42:588,76,523,109,400024,654,1,52
0:42:595,512,532,114,246786,657,1,52
0:42:602,512,555,102,246785,660,1,52
0:42:605,2644,556,92,246788,661,1,52
0:42:609,512,569,112,246785,663,1,52
0:42:612,2644,546,94,246787,664,1,52
0:42:616,512,569,77,246790,666,1,52
0:42:619,2644,564,101,246793,667,1,52
0:42:619,386,225,61,439528,667,1,52
0:42:619,128,65535,65535,0,667,1,52
0:42:623,512,593,82,246790,668,1,52
0:42:630,512,590,97,246789,671,1,52
0:42:630,128,150,0,328501,671,1,52
0:42:633,2644,609,80,246792,673,1,52
0:42:637,512,618,92,246795,674,1,52
0:42:640,2644,591,82,246791,676,1,52
0:42:644,512,614,89,246794,677,1,52
0:42:647,2644,595,52,246796,678,1,52
0:42:651,512,630,100,246793,680,1,52
0:42:654,2644,611,81,246795,681,1,52
0:42:658,512,644,82,246798,683,1,52
0:42:661,2644,613,90,246802,684,1,52
0:42:665,512,607,87,246798,686,1,52
0:42:668,2644,621,71,246801,687,1,52
0:42:672,512,622,53,246804,689,1,52
0:42:675,2644,617,0,246801,690,1,52
0:42:679,512,639,65,246804,691,1,52
0:42:682,2644,606,75,246801,693,1,52
0:42:686,512,663,66,246804,694,1,52
0:42:689,2644,612,65,246808,696,1,52
0:42:693,512,637,79,246804,697,1,52
0:42:696,2644,611,59,246807,699,1,52
0:42:700,512,618,62,246804,700,1,52
0:42:703,2644,604,0,246808,701,1,52
0:42:707,512,632,81,246810,703,1,52
0:42:710,2644,610,76,246813,704,1,52
0:42:714,512,619,75,246810,706,1,52
0:42:721,512,611,81,246810,709,1,52
0:42:724,2644,603,64,246813,710,1,52
0:42:728,512,593,102,246816,711,1,52
0:42:731,2644,577,89,246813,713,1,52
0:42:735,512,606,83,246810,714,1,52
0:42:742,512,597,85,246816,717,1,52
0:42:742,512,572,66,352702,717,1,52
0:42:745,2644,561,61,246819,719,1,52
0:42:745,2644,551,82,399480,719,1,52
0:42:749,512,552,75,246816,720,1,52
0:42:749,512,576,72,435117,720,1,52
0:42:752,2644,543,109,246819,722,1,52
0:42:752,2644,572,84,499229,722,1,52
0:42:756,512,554,89,246816,723,1,52
0:42:763,512,439,74,108872,726,1,52
0:42:763,512,555,85,246816,726,1,52
0:42:766,2644,501,85,187474,727,1,52
0:42:766,2644,493,99,246820,727,1,52
0:42:770,3063,65535,65535,259104,729,1,52
0:42:770,256,451,100,266076,729,1,52
0:42:770,3827,65535,65535,266226,729,1,52
0:42:770,258,417,100,272976,729,1,52
0:42:770,8,434,78,331931,729,1,52
0:42:770,512,166,0,388480,729,1,52
0:42:773,512,520,99,203999,730,1,52
0:42:773,2580,501,64,246825,730,1,52
0:42:777,512,514,112,246823,731,1,52
0:42:777,2644,492,92,284484,731,1,52
0:42:780,2644,497,131,246825,733,1,52
0:42:784,512,503,116,246828,734,1,52
0:42:787,2644,454,86,246825,736,1,52
0:42:791,512,465,113,246828,737,1,52
0:42:794,512,285,84,77982,739,1,52
0:42:794,2644,471,125,246825,739,1,52
0:42:798,2644,400,89,131384,740,1,52
0:42:798,512,472,94,246828,740,1,52
0:42:801,2644,435,112,246831,742,1,52
0:42:805,512,430,92,246834,743,1,52
0:42:808,2644,401,104,246831,744,1,52
0:42:812,512,412,91,246828,746,1,52
0:42:815,2644,403,90,246831,747,1,52
0:42:819,512,390,95,246834,749,1,52
0:42:822,2644,373,109,246837,750,1,52
0:42:826,512,363,88,246834,752,1,52
0:42:829,2644,357,98,246831,753,1,52
0:42:833,512,347,112,246840,755,1,52
0:42:836,2644,356,121,246831,756,1,52
0:42:840,512,310,112,246840,757,1,52
0:42:843,2644,305,106,246838,759,1,52
0:42:847,512,310,142,246840,760,1,52
0:42:850,596,297,114,246843,762,1,52
0:42:857,2068,283,115,246843,764,1,52
0:42:861,512,274,98,246846,766,1,52
0:42:864,2644,274,98,246849,767,1,52
0:42:868,512,251,109,246840,769,1,52
0:43:136,0,0,0,2147483648,1454,1,52
0:43:136,0,0,0,0,1454,1,52
0:43:136,0,0,0,0,1454,1,52
0:43:136,0,0,0,0,1454,1,52
0:43:136,0,0,0,0,1454,1,52
0:43:136,0,0,0,0,1454,1,52
0:43:136,0,0,0,0,1454,1,52
0:43:136,0,0,0,0,1454,1,52
0:43:136,0,0,0,0,1454,1,52
0:43:136,0,0,0,0,1454,1,52
0:43:136,0,0,0,0,1454,1,52
0:43:136,0,0,0,0,1454,1,52
0:43:136,0,0,0,0,1454,1,52
0:43:136,0,0,0,0,1454,1,52
0:43:136,0,0,0,0,1454,1,52
0:43:136,0,0,0,0,1454,1,52
0:43:136,0,0,0,0,1454,1,52
0:43:136,0,0,0,0,1454,1,52
0:43:136,0,0,0,0,1454,1,52
0:43:136,0,0,0,0,1454,1,52
0:43:136,0,0,0,0,1454,1,52
0:43:136,0,0,0,0,1454,1,52
0:43:136,0,0,0,0,1454,1,52
0:43:136,0,0,0,0,1454,1,52
0:43:136,0,0,0,0,1454,1,52
0:43:136,0,0,0,0,1454,1,52
0:43:136,0,0,0,0,1454,1,52
0:43:136,0,0,0,0,1454,1,52
0:43:136,0,0,0,0,1454,1,52
0:43:382,264,52,0,504796,979,1,53
0:43:400,37,52,0,207264,987,1,53
0:43:432,0,0,0,3221225472,1454,1,53
0:43:432,0,0,0,0,1454,1,53
0:43:432,0,0,0,0,1454,1,53
0:43:432,0,0,0,0,1454,1,53
0:43:432,0,0,0,0,1454,1,53
0:43:432,0,0,0,0,1454,1,53
0:43:432,0,0,0,0,1454,1,53
0:43:432,0,0,0,0,1454,1,53
0:43:432,0,0,0,0,1454,1,53
0:43:432,0,0,0,0,1454,1,53
0:43:432,0,0,0,0,1454,1,53
0:43:432,0,0,0,0,1454,1,53
0:43:432,0,0,0,0,1454,1,53
0:43:432,0,0,0,0,1454,1,53
0:43:432,0,0,0,0,1454,1,53
0:43:432,0,0,0,0,1454,1,53
0:43:432,0,0,0,0,1454,1,53
0:43:432,0,0,0,0,1454,1,53
0:43:432,0,0,0,0,1454,1,53
0:43:432,0,0,0,0,1454,1,53
0:43:432,0,0,0,0,1454,1,53
0:43:432,0,0,0,0,1454,1,53
0:43:432,0,0,0,0,1454,1,53
0:43:432,0,0,0,0,1454,1,53
0:43:432,0,0,0,0,1454,1,53
0:43:432,0,0,0,0,1454,1,53
0:43:432,0,0,0,0,1454,1,53
0:43:432,0,0,0,0,1454,1,53
0:43:432,0,0,0,0,1454,1,53
0:43:438,8,52,0,377617,1002,1,54
0:43:596,256,52,0,471046,1067,1,54
0:43:806,1,69,0,244756,1153,1,54
0:43:806,1,65535,65535,244796,1153,1,54
0:43:869,32,69,0,336323,1179,1,54
0:43:890,2048,91,0,469779,1187,1,54
0:43:914,3592,393,170,228363,1198,1,54
0:43:918,1448,395,151,228366,1199,1,54
0:43:925,1512,411,158,228366,1202,1,54
0:43:928,3592,436,173,228369,1203,1,54
0:43:939,1256,472,170,228371,1207,1,54
0:43:939,16,484,173,254584,1207,1,54
0:43:939,2,479,143,267701,1207,1,54
0:43:939,6,65535,65535,267768,1207,1,54
0:43:939,2,65535,65535,267776,1207,1,54
0:43:942,3592,479,143,228374,1209,1,54
0:43:946,1440,355,138,228365,1210,1,54
0:43:949,3592,525,180,228368,1212,1,54
0:43:953,1512,470,148,228364,1213,1,54
0:43:956,3592,470,148,228367,1215,1,54
0:43:960,1512,544,135,228364,1216,1,54
0:43:963,3592,544,135,228367,1218,1,54
0:43:967,1512,414,164,228370,1219,1,54
0:43:970,3592,602,200,228373,1220,1,54
0:43:974,1512,564,168,228370,1222,1,54
0:43:977,3592,464,124,228373,1223,1,54
0:43:981,1512,619,156,228370,1225,1,54
0:43:984,3592,647,184,228366,1226,1,54
0:43:988,1256,537,140,228363,1228,1,54
0:43:988,2,489,150,341485,1228,1,54
0:43:988,4,504,162,344785,1228,1,54
0:43:988,4,65535,65535,344852,1228,1,54
0:43:988,4,65535,65535,344866,1228,1,54
0:43:991,3592,643,159,228366,1229,1,54
0:43:995,1512,672,161,228363,1230,1,54
0:43:998,3592,506,151,228366,1232,1,54
0:44:002,1512,491,155,228369,1233,1,54
0:44:005,3592,725,165,228372,1235,1,54
0:44:009,1512,630,149,228374,1236,1,54
0:44:012,3592,526,144,228371,1237,1,54
0:44:016,1512,740,180,228374,1239,1,54
0:44:019,3592,659,151,228370,1240,1,54
0:44:023,1512,540,115,228373,1242,1,54
0:44:026,3592,780,155,228375,1243,1,54
0:44:030,1512,703,170,228366,1245,1,54
0:44:033,3592,562,137,228369,1246,1,54
0:44:037,1512,785,181,228372,1248,1,54
0:44:040,3592,797,161,228369,1249,1,54
0:44:044,1512,579,136,228365,1251,1,54
0:44:047,3592,830,168,228375,1252,1,54
0:44:051,1512,826,154,228376,1253,1,54
0:44:054,3592,655,108,228374,1255,1,54
0:44:058,1512,810,170,228376,1256,1,54
0:44:061,3592,848,172,228373,1258,1,54
0:44:065,1512,659,117,228375,1259,1,54
0:44:068,3592,606,80,228366,1260,1,54
0:44:072,1512,856,147,228369,1262,1,54
0:44:075,3592,789,149,228372,1263,1,54
0:44:079,1512,592,105,228375,1265,1,54
0:44:082,3592,874,149,228371,1266,1,54
0:44:086,1512,784,144,228374,1268,1,54
0:44:089,3592,586,113,228370,1269,1,54
0:44:093,1512,828,150,228373,1271,1,54
0:44:096,3592,782,145,228375,1272,1,54
0:44:100,1512,595,110,228372,1273,1,54
0:44:103,3592,851,152,228375,1275,1,54
0:44:107,1512,826,134,228377,1276,1,54
0:44:110,3592,624,107,228368,1278,1,54
0:44:114,1512,848,151,228371,1279,1,54
0:44:117,3592,856,143,228374,1281,1,54
0:44:121,1512,671,89,228375,1282,1,54
0:44:124,3592,778,128,228373,1283,1,54
0:44:128,1512,830,126,228369,1285,1,54
0:44:131,3592,699,123,228372,1286,1,54
0:44:135,1512,566,107,228375,1288,1,54
0:44:138,3592,799,139,228377,1289,1,54
0:44:138,128,795,120,330135,1289,1,54
0:44:138,2932,65535,65535,330285,1289,1,54
0:44:138,518,774,139,336963,1289,1,54
0:44:138,516,65535,65535,337031,1289,1,54
0:44:138,516,65535,65535,337039,1289,1,54
0:44:138,128,801,113,340335,1289,1,54
0:44:142,1512,727,128,228375,1290,1,54
0:44:145,3592,545,55,228377,1292,1,54
0:44:149,1512,787,144,228380,1293,1,54
0:44:152,3592,675,109,228371,1295,1,54
0:44:156,1512,537,74,228368,1296,1,54
0:44:159,3592,772,123,228371,1298,1,54
0:44:163,1512,680,134,228374,1299,1,54
0:44:166,3592,581,97,228370,1301,1,54
0:44:170,1512,710,136,228373,1302,1,54
0:44:173,3592,689,126,228375,1303,1,54
0:44:177,1512,509,83,228378,1305,1,54
0:44:180,3592,689,94,228381,1306,1,54
0:44:187,3592,478,68,228375,1309,1,54
0:44:191,1512,601,113,228377,1311,1,54
0:44:194,3592,634,128,228368,1312,1,54
0:44:198,1512,509,112,228376,1314,1,54
0:44:201,3592,413,90,228367,1315,1,54
0:44:205,1512,612,151,228376,1316,1,54
0:44:208,2568,533,108,228373,1318,1,54
0:44:215,3592,558,149,228378,1321,1,54
0:44:219,1512,558,149,228380,1322,1,54
0:44:222,3592,361,93,228372,1323,1,54
0:44:226,1512,498,144,228380,1325,1,54
0:44:229,3592,479,152,228383,1326,1,54
0:44:233,1512,385,111,228379,1328,1,54
0:44:236,3592,478,163,228375,1329,1,54
0:44:240,488,475,145,228378,1331,1,54
0:44:243,3592,308,104,228369,1332,1,54
0:44:247,1512,434,157,228378,1334,1,54
0:44:250,3592,435,155,228375,1335,1,54
0:44:254,1512,272,113,228377,1337,1,54
0:44:257,1544,355,149,228380,1338,1,54
0:44:261,1512,402,165,228382,1339,1,54
0:44:268,128,368,150,410076,1342,1,54
0:44:268,3072,353,157,424284,1342,1,54
0:44:268,2053,65535,65535,424351,1342,1,54
0:44:268,5,65535,65535,424360,1342,1,54
0:44:271,3072,404,164,228385,1344,1,54
0:44:275,264,404,164,228381,1345,1,54
0:44:436,128,404,164,98969,1411,1,54
0:44:450,69,272,105,269707,1417,1,54
0:44:453,3600,284,118,269703,1418,1,54
0:44:457,725,310,133,269700,1420,1,54
0:44:464,727,311,125,269700,1423,1,54
0:44:467,3988,311,125,269697,1424,1,54
0:44:471,727,328,139,269700,1425,1,54
0:44:474,3988,335,113,269697,1427,1,54
0:44:478,727,340,122,269699,1428,1,54
0:44:481,3988,392,128,269696,1430,1,54
0:44:485,727,317,119,269699,1431,1,54
0:44:488,1940,365,124,269695,1433,1,54
0:44:492,663,381,109,269692,1434,1,54
0:44:495,3988,360,96,269688,1435,1,54
0:44:499,727,387,115,269691,1437,1,54
0:44:502,3988,409,123,269688,1438,1,54
0:44:509,3988,390,130,269694,1441,1,54
0:44:513,727,430,114,269690,1442,1,54
0:44:516,3988,403,78,269681,1444,1,54
0:44:520,727,403,78,269684,1445,1,54
0:44:523,3988,450,114,269680,1447,1,54
0:44:527,727,452,120,269683,1448,1,54
0:44:530,3988,419,105,269680,1450,1,54
0:44:534,727,478,123,269683,1451,1,54
0:44:537,3988,470,129,269673,1453,1,54
0:44:541,727,433,111,269682,1454,1,54
0:44:541,727,459,123,421659,1454,1,54
0:44:544,3988,497,113,269685,1456,1,54
0:44:544,3988,452,116,347473,1456,1,54
0:44:548,727,483,112,269675,1457,1,54
0:44:548,132,466,92,306179,1457,1,54
0:44:548,2896,65535,65535,306329,1457,1,54
0:44:548,1544,465,105,309851,1457,1,54
0:44:548,1536,65535,65535,309918,1457,1,54
0:44:548,1536,65535,65535,309932,1457,1,54
0:44:551,727,497,106,217215,1458,1,54
0:44:551,3988,498,112,269678,1458,1,54
0:44:555,3988,443,98,164143,1460,1,54
0:44:555,727,486,121,269675,1460,1,54
0:44:558,2900,65535,65535,133378,1461,1,54
0:44:558,1544,435,87,136906,1461,1,54
0:44:558,1536,65535,65535,136974,1461,1,54
0:44:558,1536,65535,65535,136981,1461,1,54
0:44:562,723,319,114,71990,1463,1,54
0:44:562,727,456,108,269674,1463,1,54
0:44:565,3988,494,96,269677,1464,1,54
0:44:565,3063,65535,65535,501820,1464,1,54
0:44:572,3988,484,80,269671,1467,1,54
0:44:572,3988,508,97,396797,1467,1,54
0:44:576,727,507,81,269669,1468,1,54
0:44:579,3988,542,96,269671,1470,1,54
0:44:579,727,518,102,280711,1470,1,54
0:44:583,3988,518,85,237401,1471,1,54
0:44:583,727,504,77,269662,1471,1,54
0:44:586,132,491,107,211538,1473,1,54
0:44:590,727,497,96,152503,1474,1,54
0:44:590,727,519,98,269663,1474,1,54
0:44:593,3988,376,53,92183,1476,1,54
0:44:593,3988,507,91,269659,1476,1,54
0:44:600,3988,544,90,269666,1478,1,54
0:44:604,727,498,93,269663,1480,1,54
0:44:607,3988,478,84,269660,1481,1,54
0:44:611,727,524,108,269669,1483,1,54
0:44:614,3988,495,76,269660,1484,1,54
0:44:618,727,477,65,269651,1486,1,54
0:44:621,3988,516,79,269660,1487,1,54
0:44:625,727,509,69,269657,1488,1,54
0:44:628,3988,492,68,269655,1490,1,54
0:44:632,727,521,86,269652,1491,1,54
0:44:635,3988,522,73,269655,1493,1,54
0:44:639,727,480,67,269658,1494,1,54
0:44:642,3988,486,70,269655,1496,1,54
0:44:646,727,510,73,269646,1497,1,54
0:44:649,3988,462,73,269655,1498,1,54
0:44:660,727,462,50,269652,1503,1,54
0:44:667,727,477,71,269646,1506,1,54
0:44:670,3988,474,73,269643,1507,1,54
0:44:674,727,451,79,269646,1509,1,54
0:44:681,727,450,82,269640,1511,1,54
0:44:681,727,323,12,464937,1511,1,54
0:44:684,258,312,63,447673,1513,1,54
0:44:684,258,65535,65535,447740,1513,1,54
0:44:684,258,65535,65535,447754,1513,1,54
0:44:684,776,310,63,457794,1513,1,54
0:44:684,520,65535,65535,454490,1513,1,54
0:44:684,520,65535,65535,454504,1513,1,54
0:44:684,289,312,76,461173,1513,1,54
0:44:684,305,65535,65535,461240,1513,1,54
0:44:684,289,65535,65535,461254,1513,1,54
0:44:688,727,448,87,269640,1514,1,54
0:44:691,727,339,59,382711,1516,1,54
0:44:698,1024,339,59,164352,1519,1,54
0:44:702,727,308,69,254820,1520,1,54
0:44:702,727,392,83,269640,1520,1,54
0:44:702,516,191,15,277153,1520,1,54
0:44:709,256,296,72,230641,1523,1,54
0:44:709,4083,65535,65535,230791,1523,1,54
0:44:709,3851,65535,65535,276018,1523,1,54
0:44:712,727,264,0,150857,1524,1,54
0:44:712,3988,394,88,269638,1524,1,54
0:44:712,48,191,50,277155,1524,1,54
0:44:716,3988,238,62,124875,1526,1,54
0:44:716,727,369,70,269635,1526,1,54
0:44:719,3988,373,74,269638,1527,1,54
0:44:723,727,130,0,55396,1528,1,54
0:44:723,727,382,84,269635,1528,1,54
0:44:723,542,230,71,277159,1528,1,54
0:44:723,2,239,0,306330,1528,1,54
0:44:723,266,261,0,309558,1528,1,54
0:44:723,264,65535,65535,306398,1528,1,54
0:44:723,264,65535,65535,306412,1528,1,54
0:44:723,384,265,12,312864,1528,1,54
0:44:723,386,65535,65535,312931,1528,1,54
0:44:723,384,65535,65535,312940,1528,1,54
0:44:726,2836,75,0,40448,1530,1,54
0:44:726,3988,349,83,269626,1530,1,54
0:44:726,560,222,83,277162,1530,1,54
0:44:730,727,314,86,269629,1531,1,54
0:44:730,574,241,80,277165,1531,1,54
0:44:730,727,251,67,480850,1531,1,54
0:44:733,3988,359,94,269626,1533,1,54
0:44:733,48,251,63,277162,1533,1,54
0:44:733,3988,263,59,455185,1533,1,54
0:44:737,727,312,99,269629,1534,1,54
0:44:737,574,244,67,277159,1534,1,54
0:44:740,3988,327,56,269621,1536,1,54
0:44:740,560,256,75,277163,1536,1,54
0:44:740,727,238,57,362397,1536,1,54
0:44:744,727,342,110,269624,1537,1,54
0:44:744,574,235,83,277166,1537,1,54
0:44:747,3476,289,108,269627,1539,1,54
0:44:747,560,291,83,277163,1539,1,54
0:44:754,3988,306,93,269621,1541,1,54
0:44:754,48,288,104,277170,1541,1,54
0:44:758,727,280,82,269625,1543,1,54
0:44:758,574,311,102,277160,1543,1,54
0:44:765,727,248,94,269612,1546,1,54
0:44:765,542,284,88,277172,1546,1,54
0:44:768,3988,274,81,269622,1547,1,54
0:44:768,560,310,75,277164,1547,1,54
0:44:772,70,250,77,269613,1549,1,54
0:44:775,2964,234,102,269610,1550,1,54
0:44:775,560,320,86,277176,1550,1,54
0:44:782,2580,221,101,269616,1553,1,54
0:44:786,711,216,93,269620,1554,1,54
0:44:786,574,333,90,277179,1554,1,54
0:44:789,2580,239,103,269616,1556,1,54
0:44:789,560,352,71,277176,1556,1,54
0:44:800,574,352,71,277179,1560,1,54
0:44:803,560,407,79,277183,1561,1,54
0:44:807,574,369,110,277179,1563,1,54
0:44:810,560,402,78,277183,1564,1,54
0:44:814,558,364,72,277179,1566,1,54
0:44:817,3392,462,198,172154,1567,1,54
0:44:817,560,398,99,277182,1567,1,54
0:44:821,574,378,86,277185,1569,1,54
0:44:824,3936,469,190,172154,1570,1,54
0:44:824,560,469,190,277187,1570,1,54
0:44:824,128,499,202,288617,1570,1,54
0:44:824,2933,65535,65535,288767,1570,1,54
0:44:824,1536,475,183,295445,1570,1,54
0:44:824,1,496,196,298745,1570,1,54
0:44:828,130,496,196,172156,1572,1,54
0:44:831,3936,458,178,172159,1573,1,54
0:44:831,560,399,73,277187,1573,1,54
0:44:835,130,495,210,172156,1574,1,54
0:44:835,574,394,92,277185,1574,1,54
0:44:835,131,413,104,383016,1574,1,54
0:44:835,130,65535,65535,383084,1574,1,54
0:44:835,386,65535,65535,383098,1574,1,54
0:44:838,3936,631,210,172153,1576,1,54
0:44:838,574,379,64,326770,1576,1,54
0:44:842,130,517,167,172155,1577,1,54
0:44:842,558,413,84,277190,1577,1,54
0:44:842,560,421,74,305197,1577,1,54
0:44:845,3936,532,177,172158,1579,1,54
0:44:845,131,410,104,281579,1579,1,54
0:44:845,130,65535,65535,281646,1579,1,54
0:44:845,386,65535,65535,281655,1579,1,54
0:44:849,130,537,178,172155,1580,1,54
0:44:849,574,403,103,215252,1580,1,54
0:44:849,574,404,76,277189,1580,1,54
0:44:852,3936,548,170,172158,1582,1,54
0:44:852,560,412,49,188957,1582,1,54
0:44:852,560,403,82,277192,1582,1,54
0:44:856,130,573,176,172155,1583,1,54
0:44:856,574,386,84,277195,1583,1,54
0:44:859,574,350,62,131142,1584,1,54
0:44:859,3936,609,196,172157,1584,1,54
0:44:859,560,405,86,277191,1584,1,54
0:44:863,560,288,62,86260,1586,1,54
0:44:863,130,580,182,172160,1586,1,54
0:44:863,574,580,182,277194,1586,1,54
0:44:866,1024,221,76,66270,1587,1,54
0:44:866,4093,65535,65535,66420,1587,1,54
0:44:866,1040,382,70,162947,1587,1,54
0:44:866,1040,65535,65535,121309,1587,1,54
0:44:866,1040,65535,65535,121318,1587,1,54
0:44:866,560,405,107,277197,1587,1,54
0:44:870,130,627,182,172159,1589,1,54
0:44:870,574,418,61,277194,1589,1,54
0:44:870,131,414,86,436449,1589,1,54
0:44:870,134,65535,65535,436516,1589,1,54
0:44:870,386,65535,65535,436525,1589,1,54
0:44:870,2,418,88,443277,1589,1,54
0:44:870,2,65535,65535,443344,1589,1,54
0:44:870,2,65535,65535,443353,1589,1,54
0:44:870,2,416,98,446577,1589,1,54
0:44:870,6,65535,65535,446644,1589,1,54
0:44:870,2,65535,65535,446652,1589,1,54
0:44:870,8,428,61,453327,1589,1,54
0:44:873,3936,633,172,172162,1590,1,54
0:44:873,560,428,76,277197,1590,1,54
0:44:877,130,648,176,172159,1592,1,54
0:44:877,574,439,76,277200,1592,1,54
0:44:877,574,403,55,423662,1592,1,54
0:44:880,560,412,0,277196,1593,1,54
0:44:880,560,416,66,397674,1593,1,54
0:44:884,574,419,103,277199,1594,1,54
0:44:884,130,429,88,395792,1594,1,54
0:44:884,130,65535,65535,395860,1594,1,54
0:44:884,386,65535,65535,395874,1594,1,54
0:44:887,836,591,283,155895,1596,1,54
0:44:887,3936,700,166,172161,1596,1,54
0:44:887,560,410,76,277201,1596,1,54
0:44:887,574,406,68,340494,1596,1,54
0:44:891,2254,406,68,155892,1597,1,54
0:44:891,130,690,184,172157,1597,1,54
0:44:891,558,422,117,277198,1597,1,54
0:44:891,560,412,86,295923,1597,1,54
0:44:894,788,631,283,155895,1599,1,54
0:44:894,3936,715,149,172160,1599,1,54
0:44:894,131,448,92,260970,1599,1,54
0:44:894,130,65535,65535,261038,1599,1,54
0:44:894,386,65535,65535,261052,1599,1,54
0:44:898,2510,632,302,155897,1600,1,54
0:44:898,130,697,161,172169,1600,1,54
0:44:898,574,414,68,277203,1600,1,54
0:44:901,852,682,292,155900,1602,1,54
0:44:901,3936,731,156,172159,1602,1,54
0:44:901,560,731,156,277206,1602,1,54
0:44:905,2510,659,300,155903,1603,1,54
0:44:905,130,770,163,172162,1603,1,54
0:44:905,574,373,82,277202,1603,1,54
0:44:908,852,373,82,155899,1604,1,54
0:44:912,2510,384,79,155895,1606,1,54
0:44:915,852,712,278,155898,1607,1,54
0:44:915,3936,783,148,172158,1607,1,54
0:44:915,560,380,51,277204,1607,1,54
0:44:919,2510,720,298,155895,1609,1,54
0:44:919,130,794,125,172161,1609,1,54
0:44:919,574,390,53,277207,1609,1,54
0:44:922,852,742,294,155897,1610,1,54
0:44:922,3936,786,126,172163,1610,1,54
0:44:922,544,406,57,277210,1610,1,54
0:44:926,2510,752,286,155900,1612,1,54
0:44:926,130,792,131,172160,1612,1,54
0:44:926,574,385,79,277206,1612,1,54
0:44:929,852,786,269,155897,1613,1,54
0:44:929,3936,828,131,172163,1613,1,54
0:44:929,560,367,60,277209,1613,1,54
0:44:929,129,154,0,520144,1613,1,54
0:44:929,132,65535,65535,520212,1613,1,54
0:44:929,128,65535,65535,520214,1613,1,54
0:44:936,852,816,274,155896,1616,1,54
0:44:936,3936,828,121,172162,1616,1,54
0:44:936,560,402,76,277208,1616,1,54
0:44:940,2510,819,282,155899,1617,1,54
0:44:940,130,813,114,172165,1617,1,54
0:44:940,574,351,68,277211,1617,1,54
0:44:943,852,834,277,155896,1619,1,54
0:44:943,3936,841,107,172162,1619,1,54
0:44:943,560,364,41,277214,1619,1,54
0:44:947,2510,854,249,155899,1620,1,54
0:44:947,130,848,89,172165,1620,1,54
0:44:947,574,339,69,277216,1620,1,54
0:44:950,852,854,259,155902,1622,1,54
0:44:950,3936,859,111,172161,1622,1,54
0:44:950,560,370,0,277214,1622,1,54
0:44:954,2510,878,287,155898,1623,1,54
0:44:954,130,863,102,172164,1623,1,54
0:44:954,574,338,35,277216,1623,1,54
0:44:957,852,878,290,155901,1625,1,54
0:44:957,3936,872,88,172168,1625,1,54
0:44:957,560,364,63,277214,1625,1,54
0:44:961,2510,900,295,155898,1626,1,54
0:44:961,130,856,91,172164,1626,1,54
0:44:961,574,326,77,277216,1626,1,54
0:44:964,852,917,289,155895,1627,1,54
0:44:964,3936,866,94,172167,1627,1,54
0:44:964,560,318,34,277214,1627,1,54
0:44:968,2510,318,34,155898,1629,1,54
0:44:971,852,927,250,155901,1630,1,54
0:44:971,3936,894,105,172161,1630,1,54
0:44:971,560,327,59,277219,1630,1,54
0:44:975,2510,962,261,155898,1632,1,54
0:44:975,130,860,95,172164,1632,1,54
0:44:975,558,316,62,277222,1632,1,54
0:44:978,852,970,245,155901,1633,1,54
0:44:978,3936,875,76,172167,1633,1,54
0:44:978,560,305,66,277225,1633,1,54
0:44:982,2510,942,258,155898,1635,1,54
0:44:982,130,878,61,172164,1635,1,54
0:44:982,574,275,63,277222,1635,1,54
0:44:985,852,990,262,155901,1636,1,54
0:44:985,3936,893,75,172167,1636,1,54
0:44:985,560,314,77,277225,1636,1,54
0:44:989,2510,972,247,155898,1638,1,54
0:44:989,130,880,62,172170,1638,1,54
0:44:989,574,300,86,277228,1638,1,54
0:44:992,852,1022,265,155901,1639,1,54
0:44:992,3936,891,78,172167,1639,1,54
0:44:992,560,282,74,277225,1639,1,54
0:44:996,2510,989,223,155898,1640,1,54
0:44:996,130,880,55,172170,1640,1,54
0:44:996,574,278,72,277228,1640,1,54
0:44:999,852,1010,240,155901,1642,1,54
0:44:999,3936,860,67,172167,1642,1,54
0:44:999,560,249,55,277225,1642,1,54
0:45:003,2510,994,219,155898,1643,1,54
0:45:003,130,859,63,172164,1643,1,54
0:45:003,574,253,69,277228,1643,1,54
0:45:006,852,1024,248,155901,1645,1,54
0:45:006,3936,837,0,172167,1645,1,54
0:45:006,560,264,93,277231,1645,1,54
0:45:010,2510,1017,232,155898,1646,1,54
0:45:010,130,853,77,172170,1646,1,54
0:45:010,574,255,64,277228,1646,1,54
0:45:013,852,1039,259,155901,1647,1,54
0:45:013,3936,861,73,172167,1647,1,54
0:45:013,560,861,73,277237,1647,1,54
0:45:017,2510,1022,261,155898,1649,1,54
0:45:017,130,832,55,172170,1649,1,54
0:45:017,574,236,77,277234,1649,1,54
0:45:020,852,1030,261,155901,1650,1,54
0:45:020,3936,868,64,172167,1650,1,54
0:45:020,528,221,79,277231,1650,1,54
0:45:024,2510,1048,209,155898,1652,1,54
0:45:024,130,844,74,172170,1652,1,54
0:45:024,574,203,73,277240,1652,1,54
0:45:027,852,1026,229,155901,1653,1,54
0:45:027,3936,838,59,172167,1653,1,54
0:45:027,528,222,99,277237,1653,1,54
0:45:031,2510,1035,217,155898,1655,1,54
0:45:031,130,838,69,172170,1655,1,54
0:45:031,574,207,75,277240,1655,1,54
0:45:034,852,1055,210,155901,1656,1,54
0:45:034,3936,829,70,172167,1656,1,54
0:45:034,528,221,63,277231,1656,1,54
0:45:038,2510,1050,224,155898,1658,1,54
0:45:038,130,798,76,172170,1658,1,54
0:45:041,852,1038,222,155901,1659,1,54
0:45:041,3936,792,90,172168,1659,1,54
0:45:041,528,196,35,277237,1659,1,54
0:45:045,2510,1036,209,155898,1661,1,54
0:45:045,130,823,72,172170,1661,1,54
0:45:045,6,823,72,277241,1661,1,54
0:45:048,852,1047,199,155902,1662,1,54
0:45:048,3936,786,91,172168,1662,1,54
0:45:052,2510,1018,210,155898,1663,1,54
0:45:052,130,781,101,172170,1663,1,54
0:45:055,852,1024,196,155902,1665,1,54
0:45:055,3936,779,109,172173,1665,1,54
0:45:059,2510,1016,208,155898,1666,1,54
0:45:059,130,764,108,172170,1666,1,54
0:45:062,852,1013,196,155901,1668,1,54
0:45:062,3936,737,95,172168,1668,1,54
0:45:066,2510,1028,182,155905,1669,1,54
0:45:066,130,740,108,172176,1669,1,54
0:45:069,852,1042,167,155901,1670,1,54
0:45:069,3936,732,111,172167,1670,1,54
0:45:073,2510,1014,219,155904,1672,1,54
0:45:073,130,699,84,172170,1672,1,54
0:45:076,852,1015,180,155901,1673,1,54
0:45:076,3936,721,111,172173,1673,1,54
0:45:080,2510,1024,223,155898,1675,1,54
0:45:080,130,717,116,172170,1675,1,54
0:45:083,852,989,190,155901,1676,1,54
0:45:083,3936,692,107,172172,1676,1,54
0:45:087,2510,980,198,155898,1677,1,54
0:45:087,130,684,118,172170,1677,1,54
0:45:090,852,959,198,155901,1679,1,54
0:45:090,3936,685,137,172172,1679,1,54
0:45:094,2510,956,203,155898,1680,1,54
0:45:094,130,650,103,172175,1680,1,54
0:45:097,852,931,200,155901,1682,1,54
0:45:097,3936,632,122,172179,1682,1,54
0:45:101,2510,923,195,155904,1683,1,54
0:45:101,130,638,150,172175,1683,1,54
0:45:104,852,928,211,155901,1685,1,54
0:45:104,3936,649,149,172172,1685,1,54
0:45:108,2510,900,213,155904,1686,1,54
0:45:108,130,608,165,172175,1686,1,54
0:45:111,852,923,197,155901,1688,1,54
0:45:111,3936,600,134,172172,1688,1,54
0:45:115,2510,894,200,155898,1689,1,54
0:45:115,130,610,161,172175,1689,1,54
0:45:118,852,858,210,155901,1690,1,54
0:45:118,3936,553,126,172172,1690,1,54
0:45:122,2510,862,219,155898,1692,1,54
0:45:125,852,837,211,155901,1693,1,54
0:45:125,3936,517,153,172179,1693,1,54
0:45:129,2510,854,227,155904,1695,1,54
0:45:129,130,515,151,172176,1695,1,54
0:45:132,852,815,205,155901,1696,1,54
0:45:132,3936,532,159,172173,1696,1,54
0:45:136,2510,796,233,155904,1698,1,54
0:45:136,130,502,169,172176,1698,1,54
0:45:138,0,0,0,2147483648,1454,1,55
0:45:138,0,0,0,0,1454,1,55
0:45:138,0,0,0,0,1454,1,55
0:45:138,0,0,0,0,1454,1,55
0:45:138,0,0,0,0,1454,1,55
0:45:138,0,0,0,0,1454,1,55
0:45:138,0,0,0,0,1454,1,55
0:45:138,0,0,0,0,1454,1,55
0:45:138,0,0,0,0,1454,1,55
0:45:138,0,0,0,0,1454,1,55
0:45:138,0,0,0,0,1454,1,55
0:45:138,0,0,0,0,1454,1,55
0:45:138,0,0,0,0,1454,1,55
0:45:138,0,0,0,0,1454,1,55
0:45:138,0,0,0,0,1454,1,55
0:45:138,0,0,0,0,1454,1,55
0:45:138,0,0,0,0,1454,1,55
0:45:138,0,0,0,0,1454,1,55
0:45:138,0,0,0,0,1454,1,55
0:45:138,0,0,0,0,1454,1,55
0:45:138,0,0,0,0,1454,1,55
0:45:138,0,0,0,0,1454,1,55
0:45:138,0,0,0,0,1454,1,55
0:45:138,0,0,0,0,1454,1,55
0:45:138,0,0,0,0,1454,1,55
0:45:138,0,0,0,0,1454,1,55
0:45:138,0,0,0,0,1454,1,55
0:45:138,0,0,0,0,1454,1,55
0:45:138,0,0,0,0,1454,1,55
0:45:139,852,801,230,155901,1699,1,55
0:45:139,3936,500,171,172179,1699,1,55
0:45:143,2510,781,229,155904,1700,1,55
0:45:143,130,484,187,172176,1700,1,55
0:45:146,3936,453,182,172179,1702,1,55
0:45:150,2510,755,219,155904,1703,1,55
0:45:150,130,440,161,172182,1703,1,55
0:45:153,852,740,225,155901,1705,1,55
0:45:153,3936,444,191,172178,1705,1,55
0:45:157,2510,702,208,155904,1706,1,55
0:45:157,130,433,207,172175,1706,1,55
0:45:160,852,714,239,155900,1708,1,55
0:45:160,1888,714,239,172178,1708,1,55
0:45:164,2510,687,220,155903,1709,1,55
0:45:164,130,413,174,172181,1709,1,55
0:45:167,852,674,243,155900,1710,1,55
0:45:171,2510,669,225,155896,1712,1,55
0:45:174,852,648,269,155906,1713,1,55
0:45:178,2510,602,232,155902,1715,1,55
0:45:181,852,624,261,155899,1716,1,55
0:45:181,128,614,225,464294,1716,1,55
0:45:185,2510,614,225,155902,1718,1,55
0:45:188,852,601,226,155898,1719,1,55
0:45:192,2510,543,237,155901,1721,1,55
0:45:195,596,569,239,155904,1722,1,55
0:45:202,516,537,238,155904,1725,1,55
0:45:434,0,0,0,3221225472,1454,1,56
0:45:434,0,0,0,0,1454,1,56
0:45:434,0,0,0,0,1454,1,56
0:45:434,0,0,0,0,1454,1,56
0:45:434,0,0,0,0,1454,1,56
0:45:434,0,0,0,0,1454,1,56
0:45:434,0,0,0,0,1454,1,56
0:45:434,0,0,0,0,1454,1,56
0:45:434,0,0,0,0,1454,1,56
0:45:434,0,0,0,0,1454,1,56
0:45:434,0,0,0,0,1454,1,56
0:45:434,0,0,0,0,1454,1,56
0:45:434,0,0,0,0,1454,1,56
0:45:434,0,0,0,0,1454,1,56
0:45:434,0,0,0,0,1454,1,56
0:45:434,0,0,0,0,1454,1,56
0:45:434,0,0,0,0,1454,1,56
0:45:434,0,0,0,0,1454,1,56
0:45:434,0,0,0,0,1454,1,56
0:45:434,0,0,0,0,1454,1,56
0:45:434,0,0,0,0,1454,1,56
0:45:434,0,0,0,0,1454,1,56
0:45:434,0,0,0,0,1454,1,56
0:45:434,0,0,0,0,1454,1,56
0:45:434,0,0,0,0,1454,1,56
0:45:434,0,0,0,0,1454,1,56
0:45:434,0,0,0,0,1454,1,56
0:45:434,0,0,0,0,1454,1,56
0:45:434,0,0,0,0,1454,1,56
0:45:720,2,537,238,134333,1937,1,56
0:45:738,16,537,238,53241,1944,1,56
0:45:916,512,537,238,300843,2017,1,56
0:45:916,3818,65535,65535,300993,2017,1,56
0:46:060,3813,537,238,133160,2076,1,56
0:46:063,2964,537,238,133163,2077,1,56
0:46:067,3813,569,228,133159,2079,1,56
0:46:070,3988,557,212,133168,2080,1,56
0:46:074,3813,579,218,133158,2082,1,56
0:46:077,3988,554,207,133161,2083,1,56
0:46:081,3813,566,207,133158,2084,1,56
0:46:084,3732,586,196,133160,2086,1,56
0:46:088,3813,593,184,133151,2087,1,56
0:46:091,3988,577,194,133154,2089,1,56
0:46:095,3813,627,186,133151,2090,1,56
0:46:098,3988,608,195,133153,2092,1,56
0:46:102,3813,627,175,133150,2093,1,56
0:46:105,3988,632,193,133152,2094,1,56
0:46:109,3813,635,183,133149,2096,1,56
0:46:112,3988,679,165,133152,2097,1,56
0:46:116,3813,662,166,133148,2099,1,56
0:46:119,3988,662,185,133151,2100,1,56
0:46:123,3813,714,203,133147,2102,1,56
0:46:126,3988,695,165,133150,2103,1,56
0:46:130,3813,688,169,133146,2104,1,56
0:46:133,3988,697,152,133149,2106,1,56
0:46:137,3813,699,157,133145,2107,1,56
0:46:140,3988,738,174,133148,2109,1,56
0:46:140,6,818,190,409845,2109,1,56
0:46:140,6,65535,65535,409912,2109,1,56
0:46:140,6,65535,65535,409920,2109,1,56
0:46:144,3813,707,147,133144,2110,1,56
0:46:151,3813,725,151,133143,2113,1,56
0:46:154,3988,745,147,133146,2114,1,56
0:46:158,3813,726,143,133142,2116,1,56
0:46:161,3988,723,146,133145,2117,1,56
0:46:165,3813,722,132,133136,2119,1,56
0:46:168,3988,772,143,133144,2120,1,56
0:46:168,512,772,143,475498,2120,1,56
0:46:172,3813,727,126,133135,2122,1,56
0:46:175,3988,722,118,133138,2123,1,56
0:46:179,3813,771,129,133134,2124,1,56
0:46:182,3988,767,137,133137,2126,1,56
0:46:186,3813,767,137,133133,2127,1,56
0:46:186,512,156,0,140651,2127,1,56
0:46:189,3988,735,107,133136,2129,1,56
0:46:193,3813,723,124,133132,2130,1,56
0:46:196,3988,779,143,133135,2132,1,56
0:46:200,3813,707,110,133131,2133,1,56
0:46:203,3988,714,127,133134,2134,1,56
0:46:203,3988,825,119,365354,2134,1,56
0:46:207,3813,769,148,133130,2136,1,56
0:46:207,3813,854,154,344501,2136,1,56
0:46:210,3988,739,131,133133,2137,1,56
0:46:214,3813,724,244,133129,2139,1,56
0:46:217,3988,723,134,133132,2140,1,56
0:46:221,3813,737,127,133128,2142,1,56
0:46:224,3988,750,143,133131,2143,1,56
0:46:228,3813,703,155,133127,2144,1,56
0:46:231,3988,714,157,133130,2146,1,56
0:46:235,3813,725,152,133126,2147,1,56
0:46:238,3988,713,174,133129,2149,1,56
0:46:242,3813,706,166,133126,2150,1,56
0:46:245,3988,673,167,133128,2152,1,56
0:46:249,3813,693,151,133119,2153,1,56
0:46:252,3988,697,178,133127,2155,1,56
0:46:256,3813,648,159,133118,2156,1,56
0:46:259,3988,630,152,133121,2157,1,56
0:46:263,3813,665,175,133117,2159,1,56
0:46:266,3988,652,159,133120,2160,1,56
0:46:270,3813,639,171,133117,2162,1,56
0:46:273,3988,608,167,133119,2163,1,56
0:46:277,3813,594,153,133116,2165,1,56
0:46:280,3988,605,201,133118,2166,1,56
0:46:284,3813,569,195,133115,2167,1,56
0:46:287,3988,564,201,133117,2169,1,56
0:46:291,3813,548,185,133114,2170,1,56
0:46:294,3988,497,189,133117,2172,1,56
0:46:298,3813,538,196,133113,2173,1,56
0:46:301,3988,537,197,133116,2175,1,56
0:46:305,3749,500,171,133112,2176,1,56
0:46:308,3988,505,183,133115,2177,1,56
0:46:312,3809,455,193,133111,2179,1,56
0:46:315,3988,458,183,133114,2180,1,56
0:46:319,3813,466,194,133110,2182,1,56
0:46:322,3988,454,169,133113,2183,1,56
0:46:326,3781,454,169,133116,2185,1,56
0:46:329,2816,454,169,133107,2186,1,56
0:46:333,3812,396,162,133103,2188,1,56
0:46:410,2048,396,162,398769,2219,1,56
0:46:448,72,104,0,329372,2235,1,56
0:46:504,577,104,0,333176,2258,1,56
0:46:522,8,104,0,486420,2265,1,56
0:46:578,64,107,0,453745,2288,1,56
0:46:595,8,107,0,157406,2295,1,56
0:46:620,65,75,0,135705,2305,1,56
0:46:620,64,65535,65535,135732,2305,1,56
0:46:651,648,75,0,149239,2318,1,56
0:46:655,1416,356,0,274712,2319,1,56
0:46:756,576,356,0,113774,2361,1,56
0:46:784,577,94,0,121798,2372,1,56
0:46:784,513,65535,65535,121837,2372,1,56
0:47:043,384,94,0,6864,2478,1,56
0:47:140,0,0,0,2147483648,1454,1,57
0:47:140,0,0,0,0,1454,1,57
0:47:140,0,0,0,0,1454,1,57
0:47:140,0,0,0,0,1454,1,57
0:47:140,0,0,0,0,1454,1,57
0:47:140,0,0,0,0,1454,1,57
0:47:140,0,0,0,0,1454,1,57
0:47:140,0,0,0,0,1454,1,57
0:47:140,0,0,0,0,1454,1,57
0:47:140,0,0,0,0,1454,1,57
0:47:140,0,0,0,0,1454,1,57
0:47:140,0,0,0,0,1454,1,57
0:47:140,0,0,0,0,1454,1,57
0:47:140,0,0,0,0,1454,1,57
0:47:140,0,0,0,0,1454,1,57
0:47:140,0,0,0,0,1454,1,57
0:47:140,0,0,0,0,1454,1,57
0:47:140,0,0,0,0,1454,1,57
0:47:140,0,0,0,0,1454,1,57
0:47:140,0,0,0,0,1454,1,57
0:47:140,0,0,0,0,1454,1,57
0:47:140,0,0,0,0,1454,1,57
0:47:140,0,0,0,0,1454,1,57
0:47:140,0,0,0,0,1454,1,57
0:47:140,0,0,0,0,1454,1,57
0:47:140,0,0,0,0,1454,1,57
0:47:140,0,0,0,0,1454,1,57
0:47:140,0,0,0,0,1454,1,57
0:47:140,0,0,0,0,1454,1,57
0:47:155,8,94,0,197848,2524,1,57
0:47:204,2576,97,0,228672,2544,1,57
0:47:222,1256,77,0,228679,2551,1,57
0:47:225,1560,128,33,228681,2553,1,57
0:47:229,1384,133,0,228666,2554,1,57
0:47:232,3096,95,0,228669,2555,1,57
0:47:236,1312,95,0,228665,2557,1,57
0:47:239,3608,147,0,228668,2558,1,57
0:47:243,1256,127,0,228671,2560,1,57
0:47:246,3600,138,0,228674,2561,1,57
0:47:250,1256,145,0,228676,2563,1,57
0:47:253,3608,102,0,228679,2564,1,57
0:47:257,1512,117,0,228675,2566,1,57
0:47:260,3608,171,0,228678,2567,1,57
0:47:264,488,171,0,228675,2568,1,57
0:47:267,3608,142,0,228684,2570,1,57
0:47:271,1512,185,0,228675,2571,1,57
0:47:274,3608,172,0,228671,2573,1,57
0:47:278,1512,96,0,228667,2574,1,57
0:47:281,3608,187,0,228670,2576,1,57
0:47:285,1512,178,0,228673,2577,1,57
0:47:288,3608,101,0,228669,2578,1,57
0:47:295,3608,180,0,228675,2581,1,57
0:47:299,1512,130,0,228683,2583,1,57
0:47:302,3608,207,0,228680,2584,1,57
0:47:306,1512,200,0,228682,2585,1,57
0:47:309,3608,165,0,228673,2587,1,57
0:47:313,1512,105,0,228670,2588,1,57
0:47:316,3608,180,0,228672,2590,1,57
0:47:320,1512,145,0,228675,2591,1,57
0:47:323,3608,141,0,228671,2593,1,57
0:47:327,1512,217,0,228674,2594,1,57
0:47:330,3608,191,0,228676,2596,1,57
0:47:334,1512,157,0,228679,2597,1,57
0:47:337,3608,219,0,228675,2599,1,57
0:47:337,128,209,0,482525,2599,1,57
0:47:341,1512,200,0,228684,2600,1,57
0:47:348,1512,211,0,228683,2603,1,57
0:47:351,3608,174,0,228686,2604,1,57
0:47:358,3608,178,0,228673,2607,1,57
0:47:362,1448,198,0,228669,2608,1,57
0:47:407,128,132,0,483404,2627,1,57
0:47:407,8,119,0,490010,2627,1,57
0:47:436,0,0,0,3221225472,1454,1,58
0:47:436,0,0,0,0,1454,1,58
0:47:436,0,0,0,0,1454,1,58
0:47:436,0,0,0,0,1454,1,58
0:47:436,0,0,0,0,1454,1,58
0:47:436,0,0,0,0,1454,1,58
0:47:436,0,0,0,0,1454,1,58
0:47:436,0,0,0,0,1454,1,58
0:47:436,0,0,0,0,1454,1,58
0:47:436,0,0,0,0,1454,1,58
0:47:436,0,0,0,0,1454,1,58
0:47:436,0,0,0,0,1454,1,58
0:47:436,0,0,0,0,1454,1,58
0:47:436,0,0,0,0,1454,1,58
0:47:436,0,0,0,0,1454,1,58
0:47:436,0,0,0,0,1454,1,58
0:47:436,0,0,0,0,1454,1,58
0:47:436,0,0,0,0,1454,1,58
0:47:436,0,0,0,0,1454,1,58
0:47:436,0,0,0,0,1454,1,58
0:47:436,0,0,0,0,1454,1,58
0:47:436,0,0,0,0,1454,1,58
0:47:436,0,0,0,0,1454,1,58
0:47:436,0,0,0,0,1454,1,58
0:47:436,0,0,0,0,1454,1,58
0:47:436,0,0,0,0,1454,1,58
0:47:436,0,0,0,0,1454,1,58
0:47:436,0,0,0,0,1454,1,58
0:47:436,0,0,0,0,1454,1,58
0:47:649,258,119,0,238742,2726,1,58
0:47:960,136,1968,838,6558,2853,1,58
0:47:964,2176,2008,887,6549,2855,1,58
0:47:967,392,2008,887,6552,2856,1,58
0:47:971,2176,2008,887,6548,2858,1,58
0:47:974,384,2061,966,6551,2859,1,58
0:47:981,392,2053,859,6550,2862,1,58
0:47:995,392,1530,624,6555,2868,1,58
0:48:552,1412,166,0,338413,3095,1,58
0:48:919,32,166,0,302410,3245,1,58
0:48:982,8,339,0,453930,3271,1,58
0:49:112,1128,59,0,202185,3324,1,58
0:49:119,2256,91,0,292621,3327,1,58
0:49:122,1514,85,0,519617,3329,1,58
0:49:129,3028,66,0,225382,3331,1,58
0:49:133,1514,69,0,462242,3333,1,58
0:49:140,3024,74,0,163699,3336,1,58
0:49:140,264,74,0,477697,3336,1,58
0:49:142,0,0,0,2147483648,1454,1,59
0:49:142,0,0,0,0,1454,1,59
0:49:142,0,0,0,0,1454,1,59
0:49:142,0,0,0,0,1454,1,59
0:49:142,0,0,0,0,1454,1,59
0:49:142,0,0,0,0,1454,1,59
0:49:142,0,0,0,0,1454,1,59
0:49:142,0,0,0,0,1454,1,59
0:49:142,0,0,0,0,1454,1,59
0:49:142,0,0,0,0,1454,1,59
0:49:142,0,0,0,0,1454,1,59
0:49:142,0,0,0,0,1454,1,59
0:49:142,0,0,0,0,1454,1,59
0:49:142,0,0,0,0,1454,1,59
0:49:142,0,0,0,0,1454,1,59
0:49:142,0,0,0,0,1454,1,59
0:49:142,0,0,0,0,1454,1,59
0:49:142,0,0,0,0,1454,1,59
0:49:142,0,0,0,0,1454,1,59
0:49:142,0,0,0,0,1454,1,59
0:49:142,0,0,0,0,1454,1,59
0:49:142,0,0,0,0,1454,1,59
0:49:142,0,0,0,0,1454,1,59
0:49:142,0,0,0,0,1454,1,59
0:49:142,0,0,0,0,1454,1,59
0:49:142,0,0,0,0,1454,1,59
0:49:142,0,0,0,0,1454,1,59
0:49:142,0,0,0,0,1454,1,59
0:49:142,0,0,0,0,1454,1,59
0:49:143,1514,83,0,400080,3337,1,59
0:49:150,3012,58,0,107943,3340,1,59
0:49:154,1512,103,0,335288,3341,1,59
0:49:157,1024,103,0,485828,3343,1,59
0:49:175,1514,98,0,225859,3350,1,59
0:49:178,3012,81,0,452700,3351,1,59
0:49:182,2065,111,0,60754,3353,1,59
0:49:185,1514,102,0,165791,3354,1,59
0:49:189,3028,94,0,403437,3356,1,59
0:49:196,1354,86,0,113245,3359,1,59
0:49:199,3028,91,0,352944,3360,1,59
0:49:206,2,69,0,67485,3363,1,59
0:49:220,3028,69,0,231743,3369,1,59
0:49:224,1512,84,0,464721,3370,1,59
0:49:231,2516,75,0,177800,3373,1,59
0:49:234,1514,100,0,413850,3374,1,59
0:49:245,1512,94,0,354831,3379,1,59
0:49:255,516,12819,3951,242767,3383,1,59
0:49:255,1258,89,0,290028,3383,1,59
0:49:255,18,101,0,415635,3383,1,59
0:49:259,2768,83,0,520919,3384,1,59
0:49:262,544,119,0,493771,3386,1,59
0:49:262,32,65535,65535,493839,3386,1,59
0:49:262,32,65535,65535,493846,3386,1,59
0:49:266,1514,98,0,222771,3387,1,59
0:49:269,1258,91,0,157320,3389,1,59
0:49:269,3028,91,0,456751,3389,1,59
0:49:280,256,91,0,93178,3393,1,59
0:49:283,1514,129,0,296060,3394,1,59
0:49:315,128,82,0,393930,3407,1,59
0:49:315,132,82,0,406577,3407,1,59
0:49:315,2,88,0,409727,3407,1,59
0:49:438,0,0,0,3221225472,1454,1,60
0:49:438,0,0,0,0,1454,1,60
0:49:438,0,0,0,0,1454,1,60
0:49:438,0,0,0,0,1454,1,60
0:49:438,0,0,0,0,1454,1,60
0:49:438,0,0,0,0,1454,1,60
0:49:438,0,0,0,0,1454,1,60
0:49:438,0,0,0,0,1454,1,60
0:49:438,0,0,0,0,1454,1,60
0:49:438,0,0,0,0,1454,1,60
0:49:438,0,0,0,0,1454,1,60
0:49:438,0,0,0,0,1454,1,60
0:49:438,0,0,0,0,1454,1,60
0:49:438,0,0,0,0,1454,1,60
0:49:438,0,0,0,0,1454,1,60
0:49:438,0,0,0,0,1454,1,60
0:49:438,0,0,0,0,1454,1,60
0:49:438,0,0,0,0,1454,1,60
0:49:438,0,0,0,0,1454,1,60
0:49:438,0,0,0,0,1454,1,60
0:49:438,0,0,0,0,1454,1,60
0:49:438,0,0,0,0,1454,1,60
0:49:438,0,0,0,0,1454,1,60
0:49:438,0,0,0,0,1454,1,60
0:49:438,0,0,0,0,1454,1,60
0:49:438,0,0,0,0,1454,1,60
0:49:438,0,0,0,0,1454,1,60
0:49:438,0,0,0,0,1454,1,60
0:49:438,0,0,0,0,1454,1,60
0:49:647,4,58,0,165511,3543,1,60
0:49:752,4,70,0,412130,3586,1,60
0:49:990,3648,70,0,413096,3684,1,60
0:49:990,3136,70,0,453967,3684,1,60
0:49:990,4031,65535,65535,457338,3684,1,60
0:50:004,16,173,0,132551,3689,1,60
0:50:022,1024,185,0,132545,3697,1,60
0:50:088,3988,276,0,132540,3724,1,60
0:50:106,16,115,0,211955,3731,1,60
0:50:106,1536,52,0,223295,3731,1,60
0:50:106,1024,65535,65535,215869,3731,1,60
0:50:106,1024,65535,65535,223359,3731,1,60
0:50:106,3457,118,0,226650,3731,1,60
0:50:106,3200,65535,65535,226717,3731,1,60
0:50:106,2176,65535,65535,226773,3731,1,60
0:50:120,3813,275,62,132533,3737,1,60
0:50:120,256,65535,65535,482946,3737,1,60
0:50:120,256,65535,65535,482948,3737,1,60
0:50:134,2789,270,68,132531,3742,1,60
0:50:141,256,270,68,385066,3745,1,60
0:50:141,768,125,0,388192,3745,1,60
0:50:148,3813,306,0,132524,3748,1,60
0:50:155,3813,309,0,132535,3751,1,60
0:50:158,3988,258,0,132525,3752,1,60
0:50:162,3813,274,0,132528,3754,1,60
0:50:165,3988,315,85,132525,3755,1,60
0:50:172,3860,276,19,132524,3758,1,60
0:50:176,3813,294,22,132526,3760,1,60
0:50:179,3860,281,0,132523,3761,1,60
0:50:183,3813,278,0,132525,3763,1,60
0:50:186,3988,288,81,132516,3764,1,60
0:50:190,3301,262,0,132530,3765,1,60
0:50:193,3988,266,0,132521,3767,1,60
0:50:197,3813,267,79,132524,3768,1,60
0:50:197,516,267,79,509155,3768,1,60
0:50:200,3988,290,85,132520,3770,1,60
0:50:204,3813,268,0,132529,3771,1,60
0:50:207,3988,285,0,132520,3773,1,60
0:50:211,3301,264,0,132528,3774,1,60
0:50:214,3988,284,85,132512,3775,1,60
0:50:221,3988,254,0,132518,3778,1,60
0:50:225,3237,270,49,132521,3780,1,60
0:50:228,1940,247,0,132510,3781,1,60
0:50:232,1697,264,21,132520,3783,1,60
0:50:235,3988,319,90,132516,3784,1,60
0:50:239,3813,255,0,132512,3785,1,60
0:50:249,3604,265,0,132509,3790,1,60
0:50:253,3685,265,0,132511,3791,1,60
0:50:256,3600,254,89,132513,3793,1,60
0:50:260,2757,254,89,132516,3794,1,60
0:50:267,3812,249,44,132515,3797,1,60
0:50:270,3712,249,44,132506,3798,1,60
0:50:284,1040,261,80,132504,3804,1,60
0:50:309,161,198,59,132498,3814,1,60
0:50:323,8,130,0,265490,3820,1,60
0:50:323,8,65535,65535,0,3820,1,60
0:50:323,8,65535,65535,264540,3820,1,60
0:50:323,576,82,0,269594,3820,1,60
0:50:333,128,82,0,478757,3824,1,60
0:50:333,1025,82,0,481986,3824,1,60
0:50:333,8,82,0,488472,3824,1,60
0:50:442,512,82,0,184428,3868,1,60
0:50:442,6,82,0,188022,3868,1,60
0:50:442,1024,82,0,229667,3868,1,60
0:50:442,66,82,0,236555,3868,1,60
0:50:480,258,82,0,420054,3884,1,60
0:50:610,2,69,0,442407,3937,1,60
0:50:610,2,65535,65535,442474,3937,1,60
0:50:610,2,65535,65535,442423,3937,1,60
0:50:617,1536,69,0,168115,3940,1,60
0:50:617,512,69,0,171301,3940,1,60
0:50:617,3136,69,0,281429,3940,1,60
0:50:617,2545,65535,65535,281495,3940,1,60
0:50:620,768,98,0,386087,3942,1,60
0:50:627,1,440,0,467589,3944,1,60
0:50:631,1536,66,0,323090,3946,1,60
0:50:631,1024,65535,65535,316572,3946,1,60
0:50:631,2553,65535,65535,323240,3946,1,60
0:50:631,776,76,0,326547,3946,1,60
0:50:631,776,65535,65535,316558,3946,1,60
0:50:631,776,65535,65535,316572,3946,1,60
0:50:631,512,76,0,331275,3946,1,60
0:50:638,641,73,0,405150,3949,1,60
0:50:638,641,65535,65535,405218,3949,1,60
0:50:638,640,65535,65535,405238,3949,1,60
0:50:638,16,58,0,408534,3949,1,60
0:50:638,1024,58,0,411744,3949,1,60
0:50:638,3961,65535,65535,460493,3949,1,60
0:50:638,2944,86,0,466799,3949,1,60
0:50:638,3968,65535,65535,466820,3949,1,60
0:50:638,772,86,0,470243,3949,1,60
0:50:662,528,108,0,137975,3959,1,60
0:50:662,516,96,0,279770,3959,1,60
0:50:673,8,96,0,375800,3963,1,60
0:50:704,128,162,0,174605,3976,1,60
0:50:704,20,189,0,184726,3976,1,60
0:50:704,520,161,0,187954,3976,1,60
0:50:708,1525,162,0,191599,3977,1,60
0:50:711,2632,174,16,191590,3979,1,60
0:50:715,1525,153,0,191592,3980,1,60
0:50:718,2632,184,0,191589,3982,1,60
0:50:722,1525,171,0,191591,3983,1,60
0:50:725,2632,200,0,191594,3985,1,60
0:50:729,1525,210,0,191596,3986,1,60
0:50:729,258,627,253,486131,3986,1,60
0:50:729,6,65535,65535,486198,3986,1,60
0:50:729,2,65535,65535,486212,3986,1,60
0:50:729,67,655,224,496103,3986,1,60
0:50:729,131,65535,65535,496170,3986,1,60
0:50:729,259,65535,65535,496185,3986,1,60
0:50:732,2632,199,0,191587,3987,1,60
0:50:736,1525,157,0,191595,3989,1,60
0:50:743,1525,181,0,191595,3992,1,60
0:50:746,2632,179,0,191591,3993,1,60
0:50:750,1525,204,0,191594,3995,1,60
0:50:753,2632,225,0,191596,3996,1,60
0:50:760,2632,209,0,191589,3999,1,60
0:50:764,1525,224,0,191598,4000,1,60
0:50:767,2632,216,0,191600,4002,1,60
0:50:771,1525,202,0,191591,4003,1,60
0:50:774,2632,201,0,191594,4005,1,60
0:50:778,1525,205,0,191596,4006,1,60
0:50:781,2632,208,0,191593,4008,1,60
0:50:785,1525,221,0,191608,4009,1,60
0:50:792,1525,214,0,191600,4012,1,60
0:50:802,2632,210,0,191602,4016,1,60
0:50:806,1525,199,0,191598,4018,1,60
0:50:809,2632,214,0,191608,4019,1,60
0:50:813,1269,207,0,191610,4021,1,60
0:50:816,2632,206,0,191600,4022,1,60
0:50:820,1525,203,0,191603,4023,1,60
0:50:823,2632,181,0,191606,4025,1,60
0:50:827,1525,192,0,191614,4026,1,60
0:50:830,2632,169,0,191610,4028,1,60
0:50:834,1525,200,0,191601,4029,1,60
0:50:837,2632,207,0,191610,4031,1,60
0:50:841,1525,188,0,191612,4032,1,60
0:50:844,128,154,0,176850,4033,1,60
0:50:844,512,180,0,180071,4033,1,60
0:50:844,2,173,0,183371,4033,1,60
0:50:844,6,65535,65535,183438,4033,1,60
0:50:844,2,65535,65535,183447,4033,1,60
0:50:844,1536,159,0,189971,4033,1,60
0:50:848,1525,164,0,191611,4035,1,60
0:50:848,1048,169,0,412258,4035,1,60
0:50:848,1040,65535,65535,408953,4035,1,60
0:50:848,1040,65535,65535,408948,4035,1,60
0:50:851,2632,193,0,191608,4036,1,60
0:50:855,1525,218,0,191617,4038,1,60
0:50:858,2632,165,0,191619,4039,1,60
0:50:862,1525,157,0,191616,4040,1,60
0:50:865,2632,167,0,191625,4042,1,60
0:50:869,1525,171,0,191621,4043,1,60
0:50:872,2632,178,0,191624,4045,1,60
0:50:876,1525,170,0,191620,4046,1,60
0:50:879,2632,160,0,191623,4048,1,60
0:50:883,1525,175,0,191625,4049,1,60
0:50:886,976,751,244,106873,4051,1,60
0:50:886,2632,163,0,191615,4051,1,60
0:50:890,149,742,256,106875,4052,1,60
0:50:890,1525,742,256,191618,4052,1,60
0:50:893,976,764,278,106878,4054,1,60
0:50:893,2632,152,0,191626,4054,1,60
0:50:897,149,775,270,106880,4055,1,60
0:50:897,1525,155,0,191623,4055,1,60
0:50:900,976,788,291,106883,4056,1,60
0:50:900,2632,138,0,191625,4056,1,60
0:50:904,149,787,285,106879,4058,1,60
0:50:904,1525,131,0,191622,4058,1,60
0:50:907,976,825,280,106876,4059,1,60
0:50:907,2632,131,0,191625,4059,1,60
0:50:911,149,812,281,106878,4061,1,60
0:50:914,976,821,288,106881,4062,1,60
0:50:914,2632,821,288,191629,4062,1,60
0:50:914,1525,120,0,362153,4062,1,60
0:50:918,149,816,280,106884,4063,1,60
0:50:918,1525,135,0,191626,4063,1,60
0:50:918,2632,125,0,315074,4063,1,60
0:50:921,976,856,300,106887,4065,1,60
0:50:921,2632,111,0,191629,4065,1,60
0:50:921,16,140,0,287351,4065,1,60
0:50:925,149,832,292,106889,4066,1,60
0:50:925,1525,119,0,191638,4066,1,60
0:50:925,1525,129,0,227331,4066,1,60
0:50:925,234,147,0,414833,4066,1,60
0:50:928,976,869,272,106886,4068,1,60
0:50:932,149,866,283,106888,4069,1,60
0:50:935,3058,807,273,106885,4071,1,60
0:50:939,149,885,291,106887,4072,1,60
0:50:939,1525,122,0,191641,4072,1,60
0:50:942,520,118,0,191650,4073,1,60
0:50:942,1521,80,0,419694,4073,1,60
0:50:946,149,917,302,106892,4075,1,60
0:50:946,1524,96,0,191640,4075,1,60
0:50:946,2624,90,0,362835,4075,1,60
0:50:946,234,177,0,414825,4075,1,60
0:50:949,976,911,283,106889,4076,1,60
0:50:949,2632,108,0,191637,4076,1,60
0:50:953,149,932,278,106891,4078,1,60
0:50:953,1365,114,0,191640,4078,1,60
0:50:953,1525,91,0,245483,4078,1,60
0:50:953,128,307,75,487194,4078,1,60
0:50:953,4,288,83,497016,4078,1,60
0:50:956,976,920,282,106893,4079,1,60
0:50:956,2632,97,0,194630,4079,1,60
0:50:956,2644,159,0,414826,4079,1,60
0:50:960,149,951,274,106890,4081,1,60
0:50:963,976,932,269,106899,4082,1,60
0:50:963,64,81,0,191659,4082,1,60
0:50:963,2644,168,0,414825,4082,1,60
0:50:967,4,102,0,74460,4084,1,60
0:50:967,8,97,0,81215,4084,1,60
0:50:967,384,84,0,494074,4084,1,60
0:50:970,976,976,256,106891,4085,1,60
0:50:970,2632,76,0,191652,4085,1,60
0:50:970,149,1215,263,341619,4085,1,60
0:50:970,2644,158,0,414824,4085,1,60
0:50:970,1296,158,0,427754,4085,1,60
0:50:974,149,993,274,106894,4086,1,60
0:50:974,309,993,274,191649,4086,1,60
0:50:974,976,1220,237,277519,4086,1,60
0:50:974,576,96,0,363672,4086,1,60
0:50:974,3059,65535,65535,412204,4086,1,60
0:50:974,512,178,0,418426,4086,1,60
0:50:974,14,133,0,422339,4086,1,60
0:50:974,10,65535,65535,422406,4086,1,60
0:50:977,976,964,257,106897,4088,1,60
0:50:977,16,98,0,327447,4088,1,60
0:50:981,149,983,226,106899,4089,1,60
0:50:981,149,1152,221,154826,4089,1,60
0:50:981,101,60,0,191654,4089,1,60
0:50:981,234,178,0,414820,4089,1,60
0:50:984,976,853,170,103007,4091,1,60
0:50:984,1544,162,0,246783,4091,1,60
0:50:984,1024,65535,65535,246851,4091,1,60
0:50:984,1024,65535,65535,246865,4091,1,60
0:50:984,16,153,0,250161,4091,1,60
0:50:991,976,1030,257,106901,4093,1,60
0:50:991,2644,157,0,414815,4093,1,60
0:50:991,976,1274,236,436169,4093,1,60
0:50:995,386,65535,65535,73821,4095,1,60
0:50:995,2,65535,65535,73770,4095,1,60
0:50:995,264,1285,243,412951,4095,1,60
0:50:995,8,65535,65535,399820,4095,1,60
0:50:995,8,65535,65535,399827,4095,1,60
0:50:995,1536,1280,231,469098,4095,1,60
0:50:995,1536,65535,65535,469166,4095,1,60
0:50:995,1536,65535,65535,469180,4095,1,60
0:50:995,4095,65535,65535,475848,4095,1,60
0:50:998,976,1033,228,106900,4096,1,60
0:50:998,149,1294,189,333630,4096,1,60
0:50:998,2644,175,0,414814,4096,1,60
0:51:002,149,1045,230,106903,2,1,61
0:51:002,976,1300,237,292527,2,1,61
0:51:002,234,159,0,414810,2,1,61
0:51:005,976,1041,219,106905,3,1,61
0:51:005,3953,65535,65535,269562,3,1,61
0:51:005,256,1324,222,272940,3,1,61
0:51:005,2644,189,0,414813,3,1,61
0:51:009,149,1059,206,106902,5,1,61
0:51:009,149,1309,190,186838,5,1,61
0:51:009,234,166,0,414810,5,1,61
0:51:012,976,1052,197,106904,6,1,61
0:51:012,976,1161,173,137857,6,1,61
0:51:012,2644,177,0,414818,6,1,61
0:51:016,132,1070,180,109169,7,1,61
0:51:016,2900,65535,65535,109319,7,1,61
0:51:019,149,493,153,48866,9,1,61
0:51:019,976,1090,186,106903,9,1,61
0:51:019,2644,160,0,414817,9,1,61
0:51:019,976,1393,167,512916,9,1,61
0:51:023,149,1083,176,106900,10,1,61
0:51:023,234,166,0,414808,10,1,61
0:51:023,2900,65535,65535,456028,10,1,61
0:51:026,976,1071,182,106902,12,1,61
0:51:026,149,1351,176,381391,12,1,61
0:51:026,2644,169,0,414817,12,1,61
0:51:030,149,1072,157,106905,13,1,61
0:51:030,234,161,0,414813,13,1,61
0:51:033,976,1091,159,106907,15,1,61
0:51:033,2644,1091,159,414816,15,1,61
0:51:037,149,1098,136,106910,16,1,61
0:51:037,234,142,0,414812,16,1,61
0:51:040,2644,169,0,414809,18,1,61
0:51:044,149,1090,151,106909,19,1,61
0:51:044,234,162,0,414811,19,1,61
0:51:047,976,1089,166,106905,20,1,61
0:51:047,2644,145,0,414808,20,1,61
0:51:051,149,1110,136,106908,22,1,61
0:51:051,234,153,0,414804,22,1,61
0:51:054,976,1087,152,106910,23,1,61
0:51:054,2644,125,0,414812,23,1,61
0:51:061,976,1112,164,106909,26,1,61
0:51:061,2580,145,0,414800,26,1,61
0:51:061,384,151,0,481387,26,1,61
0:51:065,149,1112,134,106912,27,1,61
0:51:065,234,148,0,414796,27,1,61
0:51:068,976,1129,156,106915,29,1,61
0:51:068,2644,141,0,378721,29,1,61
0:51:068,2644,125,0,414805,29,1,61
0:51:072,149,1102,114,106917,30,1,61
0:51:072,2,145,0,340163,30,1,61
0:51:072,2,152,0,402832,30,1,61
0:51:075,976,1109,137,106914,32,1,61
0:51:075,234,168,0,262941,32,1,61
0:51:075,2644,164,0,414804,32,1,61
0:51:079,149,1117,113,106916,33,1,61
0:51:079,2644,123,0,197586,33,1,61
0:51:079,234,135,0,414795,33,1,61
0:51:082,976,1090,109,106913,35,1,61
0:51:082,2900,65535,65535,138490,35,1,61
0:51:086,234,81,0,62600,36,1,61
0:51:086,149,1062,124,106915,36,1,61
0:51:086,234,117,0,414799,36,1,61
0:51:089,976,1091,163,106918,38,1,61
0:51:089,2644,147,0,414790,38,1,61
0:51:089,16,133,0,491349,38,1,61
0:51:093,149,1095,162,106920,39,1,61
0:51:093,234,133,0,398269,39,1,61
0:51:093,1027,162,0,508337,39,1,61
0:51:093,2,132,0,511643,39,1,61
0:51:093,4,65535,65535,511710,39,1,61
0:51:096,976,1059,142,106923,41,1,61
0:51:096,2644,130,0,307860,41,1,61
0:51:096,2644,137,0,320945,41,1,61
0:51:096,2644,124,0,414789,41,1,61
0:51:100,149,1077,150,106914,42,1,61
0:51:100,4,110,0,277772,42,1,61
0:51:100,3072,128,0,369198,42,1,61
0:51:100,24,138,0,375870,42,1,61
0:51:103,976,1076,150,106916,43,1,61
0:51:103,128,101,0,240227,43,1,61
0:51:103,7,129,0,243444,43,1,61
0:51:103,5,65535,65535,243511,43,1,61
0:51:103,5,65535,65535,243525,43,1,61
0:51:107,149,1052,170,106919,45,1,61
0:51:107,2,103,0,220592,45,1,61
0:51:107,3057,65535,65535,220737,45,1,61
0:51:107,260,107,0,223965,45,1,61
0:51:107,1544,138,0,227265,45,1,61
0:51:107,1536,65535,65535,227332,45,1,61
0:51:107,1024,65535,65535,227346,45,1,61
0:51:107,16,127,0,230642,45,1,61
0:51:110,976,1068,138,106921,46,1,61
0:51:114,149,1058,179,106923,48,1,61
0:51:117,976,1053,177,106926,49,1,61
0:51:121,149,1033,199,106922,51,1,61
0:51:124,976,1025,181,106925,52,1,61
0:51:128,149,1005,191,106921,53,1,61
0:51:128,2644,89,0,438836,53,1,61
0:51:131,976,995,178,106924,55,1,61
0:51:135,149,987,172,106927,56,1,61
0:51:138,976,977,223,106929,58,1,61
0:51:142,149,996,219,106926,59,1,61
0:51:144,0,0,0,2147483648,1454,1,61
0:51:144,0,0,0,0,1454,1,61
0:51:144,0,0,0,0,1454,1,61
0:51:144,0,0,0,0,1454,1,61
0:51:144,0,0,0,0,1454,1,61
0:51:144,0,0,0,0,1454,1,61
0:51:144,0,0,0,0,1454,1,61
0:51:144,0,0,0,0,1454,1,61
0:51:144,0,0,0,0,1454,1,61
0:51:144,0,0,0,0,1454,1,61
0:51:144,0,0,0,0,1454,1,61
0:51:144,0,0,0,0,1454,1,61
0:51:144,0,0,0,0,1454,1,61
0:51:144,0,0,0,0,1454,1,61
0:51:144,0,0,0,0,1454,1,61
0:51:144,0,0,0,0,1454,1,61
0:51:144,0,0,0,0,1454,1,61
0:51:144,0,0,0,0,1454,1,61
0:51:144,0,0,0,0,1454,1,61
0:51:144,0,0,0,0,1454,1,61
0:51:144,0,0,0,0,1454,1,61
0:51:144,0,0,0,0,1454,1,61
0:51:144,0,0,0,0,1454,1,61
0:51:144,0,0,0,0,1454,1,61
0:51:144,0,0,0,0,1454,1,61
0:51:144,0,0,0,0,1454,1,61
0:51:144,0,0,0,0,1454,1,61
0:51:144,0,0,0,0,1454,1,61
0:51:144,0,0,0,0,1454,1,61
0:51:145,976,968,199,106928,60,1,62
0:51:149,149,947,215,106931,62,1,62
0:51:152,976,947,187,106934,63,1,62
0:51:156,149,917,199,106935,65,1,62
0:51:159,976,899,221,106926,66,1,62
0:51:163,149,912,236,106929,68,1,62
0:51:166,976,903,205,106932,69,1,62
0:51:170,149,870,230,106934,71,1,62
0:51:173,976,863,254,106936,72,1,62
0:51:177,149,842,216,106933,74,1,62
0:51:180,976,835,228,106935,75,1,62
0:51:184,149,805,239,106932,76,1,62
0:51:187,976,812,232,106935,78,1,62
0:51:191,149,793,236,106937,79,1,62
0:51:194,976,749,249,106939,81,1,62
0:51:198,149,740,243,106936,82,1,62
0:51:201,976,712,265,106938,83,1,62
0:51:205,21,693,247,106941,85,1,62
0:51:208,976,698,266,106937,86,1,62
0:51:212,149,672,278,106946,88,1,62
0:51:215,976,668,275,106936,89,1,62
0:51:219,149,634,259,106939,91,1,62
0:51:222,976,639,263,106942,92,1,62
0:51:226,149,596,262,106944,93,1,62
0:51:233,5,596,262,106943,96,1,62
0:51:257,1024,596,262,53070,107,1,62
0:51:289,1032,596,262,404422,119,1,62
0:51:296,2112,596,262,190316,122,1,62
0:51:306,2176,241,88,262478,126,1,62
0:51:313,656,241,88,262477,129,1,62
0:51:320,2692,241,88,262470,132,1,62
0:51:327,2708,257,88,262475,135,1,62
0:51:331,917,257,88,262466,137,1,62
0:51:334,2708,287,83,262474,138,1,62
0:51:338,981,285,129,262470,139,1,62
0:51:341,2196,304,78,262468,141,1,62
0:51:348,2708,315,81,262467,144,1,62
0:51:352,981,315,81,262469,145,1,62
0:51:355,2708,310,80,262471,146,1,62
0:51:359,981,310,80,262469,148,1,62
0:51:359,128,330,104,297231,148,1,62
0:51:362,2708,330,64,262465,149,1,62
0:51:366,981,330,64,262468,151,1,62
0:51:369,2708,319,104,262464,152,1,62
0:51:373,981,351,102,262467,154,1,62
0:51:376,2708,362,94,262463,155,1,62
0:51:380,981,333,78,262466,157,1,62
0:51:383,2708,358,85,262462,158,1,62
0:51:387,981,368,82,262465,159,1,62
0:51:390,2708,346,70,262461,161,1,62
0:51:394,981,350,85,262458,162,1,62
0:51:397,2708,360,65,262460,164,1,62
0:51:401,981,381,69,262457,165,1,62
0:51:404,2708,360,69,262459,167,1,62
0:51:408,981,368,95,262456,168,1,62
0:51:411,2708,398,0,262453,170,1,62
0:51:415,981,374,81,262461,171,1,62
0:51:418,2708,365,79,262457,172,1,62
0:51:422,981,398,90,262460,174,1,62
0:51:425,2708,377,72,262457,175,1,62
0:51:429,981,377,91,262454,177,1,62
0:51:432,2708,381,102,262456,178,1,62
0:51:436,981,378,84,262453,179,1,62
0:51:439,2708,369,91,262449,181,1,62
0:51:440,0,0,0,3221225472,1454,1,62
0:51:440,0,0,0,0,1454,1,62
0:51:440,0,0,0,0,1454,1,62
0:51:440,0,0,0,0,1454,1,62
0:51:440,0,0,0,0,1454,1,62
0:51:440,0,0,0,0,1454,1,62
0:51:440,0,0,0,0,1454,1,62
0:51:440,0,0,0,0,1454,1,62
0:51:440,0,0,0,0,1454,1,62
0:51:440,0,0,0,0,1454,1,62
0:51:440,0,0,0,0,1454,1,62
0:51:440,0,0,0,0,1454,1,62
0:51:440,0,0,0,0,1454,1,62
0:51:440,0,0,0,0,1454,1,62
0:51:440,0,0,0,0,1454,1,62
0:51:440,0,0,0,0,1454,1,62
0:51:440,0,0,0,0,1454,1,62
0:51:440,0,0,0,0,1454,1,62
0:51:440,0,0,0,0,1454,1,62
0:51:440,0,0,0,0,1454,1,62
0:51:440,0,0,0,0,1454,1,62
0:51:440,0,0,0,0,1454,1,62
0:51:440,0,0,0,0,1454,1,62
0:51:440,0,0,0,0,1454,1,62
0:51:440,0,0,0,0,1454,1,62
0:51:440,0,0,0,0,1454,1,62
0:51:440,0,0,0,0,1454,1,62
0:51:440,0,0,0,0,1454,1,62
0:51:440,0,0,0,0,1454,1,62
0:51:443,981,389,60,262452,182,1,63
0:51:446,2708,389,60,262455,184,1,63
0:51:450,981,363,62,262451,185,1,63
0:51:453,2708,369,0,262447,187,1,63
0:51:453,128,370,64,472551,187,1,63
0:51:453,2815,65535,65535,475930,187,1,63
0:51:453,708,376,73,479379,187,1,63
0:51:453,1236,65535,65535,479446,187,1,63
0:51:453,196,65535,65535,479455,187,1,63
0:51:453,520,369,77,486429,187,1,63
0:51:453,516,65535,65535,486496,187,1,63
0:51:453,512,65535,65535,486505,187,1,63
0:51:457,981,364,70,262450,188,1,63
0:51:460,2708,397,89,262446,190,1,63
0:51:464,981,357,73,262449,191,1,63
0:51:467,2708,372,81,262445,192,1,63
0:51:471,981,334,59,262448,194,1,63
0:51:474,2708,355,0,262444,195,1,63
0:51:478,981,357,58,262447,197,1,63
0:51:481,2708,340,69,262450,198,1,63
0:51:485,981,304,47,262446,200,1,63
0:51:488,2708,320,63,262449,201,1,63
0:51:492,981,360,72,262445,202,1,63
0:51:495,2708,332,72,262441,204,1,63
0:51:499,981,319,88,262439,205,1,63
0:51:506,469,314,85,262438,208,1,63
0:51:509,2708,303,72,262440,210,1,63
0:51:513,981,301,67,262437,211,1,63
0:51:516,2708,285,79,262433,213,1,63
0:51:520,981,292,80,262441,214,1,63
0:51:520,2932,65535,65535,430816,214,1,63
0:51:520,3584,292,73,437489,214,1,63
0:51:520,3584,65535,65535,437556,214,1,63
0:51:520,3584,65535,65535,437565,214,1,63
0:51:520,849,278,88,444239,214,1,63
0:51:520,2417,65535,65535,444306,214,1,63
0:51:520,337,65535,65535,444315,214,1,63
0:51:523,2708,299,64,262439,215,1,63
0:51:523,1552,299,64,405391,215,1,63
0:51:523,2048,103,0,409754,215,1,63
0:51:527,981,279,74,262435,217,1,63
0:51:530,2708,291,72,262438,218,1,63
0:51:534,981,288,90,262434,220,1,63
0:51:534,2197,100,0,287447,220,1,63
0:51:537,2196,100,0,262431,221,1,63
0:51:541,725,254,65,262433,223,1,63
0:51:544,2708,232,67,262430,224,1,63
0:51:544,24,237,95,300974,224,1,63
0:51:544,1,241,89,304117,224,1,63
0:51:544,1,65535,65535,304185,224,1,63
0:51:544,1,65535,65535,304199,224,1,63
0:51:548,981,252,90,262432,225,1,63
0:51:551,660,227,76,262429,227,1,63
0:51:565,384,70,0,78999,232,1,63
0:51:565,128,65535,65535,79020,232,1,63
0:51:565,512,70,0,88820,232,1,63
0:51:569,593,229,103,262424,234,1,63
0:51:569,2048,529,0,284354,234,1,63
0:51:674,8,529,0,423208,277,1,63
0:51:691,536,142,0,195207,284,1,63
0:51:695,574,80,0,274533,286,1,63
0:51:698,8,99,0,328620,287,1,63
0:51:705,536,95,0,485054,290,1,63
0:51:723,528,86,0,207254,297,1,63
0:51:726,62,86,0,267992,298,1,63
0:51:730,520,86,0,345856,300,1,63
0:51:863,256,86,0,318676,354,1,63
0:51:877,3776,307,129,185045,360,1,63
0:51:894,3792,395,157,185766,367,1,63
0:51:894,596,395,157,347307,367,1,63
0:51:901,980,208,58,347312,370,1,63
0:51:901,3792,629,246,378841,370,1,63
0:51:901,512,438,131,455856,370,1,63
0:51:905,4,629,259,350045,372,1,63
0:51:908,512,647,241,298982,373,1,63
0:51:908,3028,229,66,347311,373,1,63
0:51:912,512,229,66,109820,374,1,63
0:51:912,3792,688,241,282131,374,1,63
0:51:912,1514,225,91,347308,374,1,63
0:51:915,132,696,260,261014,376,1,63
0:51:915,2896,65535,65535,261164,376,1,63
0:51:915,4,705,231,264386,376,1,63
0:51:919,512,544,222,109819,377,1,63
0:51:919,512,706,259,195966,377,1,63
0:51:919,1514,245,92,347319,377,1,63
0:51:922,3792,584,231,109822,379,1,63
0:51:922,3664,691,228,170301,379,1,63
0:51:926,512,606,231,109818,380,1,63
0:51:926,1024,713,258,171167,380,1,63
0:51:929,3792,621,267,109827,381,1,63
0:51:929,3028,250,75,232243,381,1,63
0:51:933,512,613,247,109830,383,1,63
0:51:933,1514,264,75,498976,383,1,63
0:51:936,3792,623,236,109826,384,1,63
0:51:936,3028,261,75,347320,384,1,63
0:51:936,1514,268,76,504300,384,1,63
0:51:940,512,679,257,109829,386,1,63
0:51:940,3028,261,98,207849,386,1,63
0:51:940,1514,240,66,347316,386,1,63
0:51:943,3792,682,247,109830,387,1,63
0:51:943,2,221,83,139338,387,1,63
0:51:943,2772,284,67,347319,387,1,63
0:51:943,1514,259,78,433531,387,1,63
0:51:947,512,677,259,109828,389,1,63
0:51:947,1514,264,84,347321,389,1,63
0:51:947,2,252,73,385714,389,1,63
0:51:950,3792,696,245,109830,390,1,63
0:51:950,3028,241,43,147912,390,1,63
0:51:950,3028,270,61,213280,390,1,63
0:51:954,512,698,232,109827,392,1,63
0:51:954,1514,277,102,377740,392,1,63
0:51:957,3792,710,258,109830,393,1,63
0:51:957,3028,302,72,347323,393,1,63
0:51:961,170,168,73,70785,394,1,63
0:51:961,1514,194,72,94472,394,1,63
0:51:961,512,766,213,109831,394,1,63
0:51:964,3792,746,262,109834,396,1,63
0:51:964,1514,282,87,187982,396,1,63
0:51:964,1514,284,86,310320,396,1,63
0:51:964,3028,289,67,347328,396,1,63
0:51:968,512,772,260,109837,397,1,63
0:51:968,1514,279,61,347330,397,1,63
0:51:971,3792,780,231,109833,399,1,63
0:51:971,3028,292,69,347333,399,1,63
0:51:975,512,788,227,109836,400,1,63
0:51:975,1514,296,55,257709,400,1,63
0:51:975,1514,308,74,347329,400,1,63
0:51:978,3792,814,244,109832,402,1,63
0:51:978,3028,281,0,162367,402,1,63
0:51:978,3028,284,75,347326,402,1,63
0:51:978,3028,267,0,484519,402,1,63
0:51:982,512,822,220,109835,403,1,63
0:51:982,1514,338,61,347328,403,1,63
0:51:985,3792,827,229,109837,404,1,63
0:51:985,1514,311,49,193098,404,1,63
0:51:985,3028,293,51,347325,404,1,63
0:51:989,512,824,207,109834,406,1,63
0:51:989,3028,283,60,421919,406,1,63
0:51:992,3792,834,222,109836,407,1,63
0:51:992,3028,320,52,347336,407,1,63
0:51:996,512,847,231,109839,409,1,63
0:51:996,1514,268,37,129381,409,1,63
0:51:996,1514,313,75,347333,409,1,63
0:51:996,132,709,146,441411,409,1,63
0:51:996,2933,65535,65535,441561,409,1,63
0:51:996,516,707,152,444933,409,1,63
0:51:996,128,717,122,451755,409,1,63
0:51:996,384,65535,65535,451822,409,1,63
0:51:996,128,65535,65535,451836,409,1,63
0:51:999,3792,860,208,109836,410,1,63
0:51:999,3028,325,79,347336,410,1,63
0:51:999,3028,301,77,357967,410,1,63
0:52:003,512,894,202,109845,412,1,63
0:52:003,1514,327,80,347338,412,1,63
0:52:006,1514,201,68,65147,413,1,63
0:52:006,3792,875,196,109841,413,1,63
0:52:006,3028,334,0,347335,413,1,63
0:52:010,512,885,192,109844,414,1,63
0:52:010,3028,307,75,296272,414,1,63
0:52:010,1514,316,77,347337,414,1,63
0:52:013,3792,881,200,109840,416,1,63
0:52:013,3028,315,59,347334,416,1,63
0:52:017,512,901,173,109843,417,1,63
0:52:017,1514,342,77,347336,417,1,63
0:52:020,3792,899,191,109845,419,1,63
0:52:020,3028,303,60,240828,419,1,63
0:52:020,3028,300,71,347333,419,1,63
0:52:024,512,922,169,109847,420,1,63
0:52:024,1514,329,0,347341,420,1,63
0:52:024,1514,327,69,471239,420,1,63
0:52:027,3792,919,169,109844,422,1,63
0:52:027,3028,318,0,347338,422,1,63
0:52:031,512,912,173,109846,423,1,63
0:52:031,3028,320,0,176991,423,1,63
0:52:031,1514,340,64,347340,423,1,63
0:52:034,1024,100,0,55520,425,1,63
0:52:034,6,104,0,58820,425,1,63
0:52:034,260,65535,65535,58888,425,1,63
0:52:034,4,65535,65535,58908,425,1,63
0:52:038,512,924,177,109845,426,1,63
0:52:038,1514,321,59,347340,426,1,63
0:52:041,3028,248,0,105120,428,1,63
0:52:041,3792,920,168,109848,428,1,63
0:52:041,386,1870,841,240232,428,1,63
0:52:041,8,1822,727,251110,428,1,63
0:52:041,12,65535,65535,251177,428,1,63
0:52:041,8,65535,65535,251179,428,1,63
0:52:041,512,1791,769,254482,428,1,63
0:52:041,512,65535,65535,251177,428,1,63
0:52:041,512,65535,65535,251179,428,1,63
0:52:045,512,922,148,109851,429,1,63
0:52:045,1514,353,80,337991,429,1,63
0:52:045,1514,327,60,347344,429,1,63
0:52:048,3792,934,171,109853,430,1,63
0:52:048,3028,331,52,347341,430,1,63
0:52:052,2176,123,0,48483,432,1,63
0:52:052,512,954,175,109850,432,1,63
0:52:052,1514,330,53,347350,432,1,63
0:52:055,3792,926,172,109852,433,1,63
0:52:055,1514,320,50,274975,433,1,63
0:52:055,3028,318,80,347346,433,1,63
0:52:059,512,929,155,109849,435,1,63
0:52:059,1514,323,54,347342,435,1,63
0:52:059,3028,329,0,506010,435,1,63
0:52:062,3792,919,178,109851,436,1,63
0:52:062,3028,325,71,347345,436,1,63
0:52:066,512,947,183,109854,437,1,63
0:52:066,1514,285,38,217648,437,1,63
0:52:066,1514,308,76,347348,437,1,63
0:52:069,3792,937,176,109850,439,1,63
0:52:069,3028,331,52,347350,439,1,63
0:52:069,3028,303,39,446348,439,1,63
0:52:073,512,931,170,109853,440,1,63
0:52:073,1514,303,56,347347,440,1,63
0:52:076,3792,919,189,109856,442,1,63
0:52:076,1514,286,63,151518,442,1,63
0:52:076,3028,316,55,347355,442,1,63
0:52:080,512,904,171,109852,443,1,63
0:52:080,1514,310,72,347352,443,1,63
0:52:080,3028,293,72,379991,443,1,63
0:52:083,3792,909,189,109860,445,1,63
0:52:083,3028,313,82,347355,445,1,63
0:52:087,1514,177,0,84495,446,1,63
0:52:087,512,911,180,109857,446,1,63
0:52:090,3792,909,184,109860,447,1,63
0:52:090,3028,312,54,314090,447,1,63
0:52:090,3028,281,84,347354,447,1,63
0:52:094,512,903,211,109856,449,1,63
0:52:101,512,894,240,109861,452,1,63
0:52:101,3028,300,0,253024,452,1,63
0:52:101,1514,286,0,347355,452,1,63
0:52:104,3792,859,201,109858,453,1,63
0:52:104,3028,278,61,347357,453,1,63
0:52:104,1514,289,67,487827,453,1,63
0:52:108,512,890,193,109860,455,1,63
0:52:108,1514,278,63,347360,455,1,63
0:52:111,3792,870,217,109863,456,1,63
0:52:115,512,852,204,109865,457,1,63
0:52:115,1514,282,80,347365,457,1,63
0:52:118,3792,835,236,109862,459,1,63
0:52:118,3028,267,60,347362,459,1,63
0:52:122,512,846,231,109864,460,1,63
0:52:122,1514,261,90,347358,460,1,63
0:52:129,2065,161,0,46636,463,1,63
0:52:129,512,796,244,109863,463,1,63
0:52:129,1514,246,71,347370,463,1,63
0:52:132,2320,246,71,46645,465,1,63
0:52:132,3792,793,249,109866,465,1,63
0:52:132,3028,246,85,347366,465,1,63
0:52:136,2101,246,85,46630,466,1,63
0:52:136,512,790,238,109862,466,1,63
0:52:136,1514,257,65,347362,466,1,63
0:52:139,2320,1135,519,46633,467,1,63
0:52:139,3792,769,255,109865,467,1,63
0:52:139,1514,265,66,203332,467,1,63
0:52:139,3028,246,80,347365,467,1,63
0:52:143,8,2907,511,132686,469,1,63
0:52:143,3519,65535,65535,132836,469,1,63
0:52:146,2320,1184,496,46637,470,1,63
0:52:146,3792,738,247,109871,470,1,63
0:52:146,3028,738,247,347364,470,1,63
0:52:150,2101,1200,488,46646,472,1,63
0:52:150,512,737,261,109867,472,1,63
0:52:150,1514,219,0,347372,472,1,63
0:52:153,2320,1193,485,46631,473,1,63
0:52:153,3792,724,253,109870,473,1,63
0:52:153,512,99,0,298926,473,1,63
0:52:157,2101,1227,485,46634,475,1,63
0:52:157,512,701,265,109866,475,1,63
0:52:157,1514,219,13,347366,475,1,63
0:52:160,2320,1207,474,46635,476,1,63
0:52:160,3792,681,253,109875,476,1,63
0:52:160,2964,225,75,347374,476,1,63
0:52:164,2101,1242,446,46638,477,1,63
0:52:164,512,681,242,109872,477,1,63
0:52:164,1514,224,82,347371,477,1,63
0:52:167,2320,1262,493,46635,479,1,63
0:52:167,3792,683,277,109874,479,1,63
0:52:167,3028,200,71,347373,479,1,63
0:52:171,2101,1286,488,46632,480,1,63
0:52:171,512,673,262,109871,480,1,63
0:52:171,490,673,262,347376,480,1,63
0:52:171,3028,201,75,382020,480,1,63
0:52:174,2320,1277,484,46640,482,1,63
0:52:174,3792,652,271,109874,482,1,63
0:52:174,2772,178,84,347373,482,1,63
0:52:178,2101,1285,446,46636,483,1,63
0:52:178,512,634,267,109875,483,1,63
0:52:178,1514,196,75,347375,483,1,63
0:52:181,2320,1276,450,46639,485,1,63
0:52:181,10,755,265,286527,485,1,63
0:52:185,2101,1317,455,46636,486,1,63
0:52:185,2318,118,12,349594,486,1,63
0:52:185,32,111,0,352954,486,1,63
0:52:188,2320,1301,465,46633,488,1,63
0:52:188,640,1301,465,347371,488,1,63
0:52:192,2101,1288,419,46641,489,1,63
0:52:192,68,190,78,261522,489,1,63
0:52:195,2320,1273,418,46638,490,1,63
0:52:195,1024,1273,418,109876,490,1,63
0:52:199,2101,1320,438,46635,492,1,63
0:52:206,2101,1268,424,46639,495,1,63
0:52:209,2320,1317,445,46642,496,1,63
0:52:213,2101,1326,437,46638,498,1,63
0:52:216,2320,1282,395,46635,499,1,63
0:52:220,2101,1355,431,46638,500,1,63
0:52:223,2320,1302,397,46640,502,1,63
0:52:223,2101,2402,297,161065,502,1,63
0:52:227,2101,1295,453,46637,503,1,63
0:52:230,2320,1277,420,46639,505,1,63
0:52:234,2101,1311,424,46636,506,1,63
0:52:237,2320,1307,422,46645,508,1,63
0:52:237,272,446,213,144167,508,1,63
0:52:241,2101,1280,433,46641,509,1,63
0:52:241,512,464,214,144169,509,1,63
0:52:244,2320,1251,415,46637,510,1,63
0:52:244,3928,488,233,144172,510,1,63
0:52:244,2560,488,233,443764,510,1,63
0:52:244,260,1327,0,450173,510,1,63
0:52:244,4,65535,65535,450201,510,1,63
0:52:248,2101,1282,424,46640,512,1,63
0:52:251,2320,1260,441,46643,513,1,63
0:52:251,3928,524,217,144165,513,1,63
0:52:255,2101,1234,404,46646,515,1,63
0:52:255,512,509,232,144167,515,1,63
0:52:258,2320,1258,440,46642,516,1,63
0:52:258,3928,514,227,144165,516,1,63
0:52:262,2101,1247,435,46638,518,1,63
0:52:262,512,515,204,144161,518,1,63
0:52:265,3928,519,204,144164,519,1,63
0:52:269,2101,1216,440,46644,521,1,63
0:52:269,512,559,206,144160,521,1,63
0:52:272,2320,1209,450,46646,522,1,63
0:52:272,3928,578,200,144163,522,1,63
0:52:276,2101,1231,470,46643,523,1,63
0:52:276,512,589,206,144159,523,1,63
0:52:279,2320,1155,453,46639,525,1,63
0:52:279,3928,588,215,144162,525,1,63
0:52:283,2101,1164,457,46642,526,1,63
0:52:283,512,630,235,144164,526,1,63
0:52:286,2320,1146,471,46644,528,1,63
0:52:286,3928,631,196,144161,528,1,63
0:52:290,53,1154,456,46647,529,1,63
0:52:290,512,631,215,144157,529,1,63
0:52:290,2101,2149,354,227597,529,1,63
0:52:293,2320,1111,457,46644,531,1,63
0:52:293,3928,647,201,144160,531,1,63
0:52:293,2320,2008,365,160353,531,1,63
0:52:297,2101,2008,365,46640,532,1,63
0:52:300,2320,2008,365,46649,533,1,63
0:52:300,2101,964,147,57496,533,1,63
0:52:300,3928,659,196,144159,533,1,63
0:52:300,2320,2169,360,519032,533,1,63
0:52:304,2085,1073,448,46645,535,1,63
0:52:304,512,664,192,144155,535,1,63
0:52:307,3928,670,196,144158,536,1,63
0:52:314,3928,695,174,144157,539,1,63
0:52:314,386,2877,600,312064,539,1,63
0:52:318,512,708,167,144153,541,1,63
0:52:318,2101,2763,569,229994,541,1,63
0:52:321,3928,703,171,144156,542,1,63
0:52:321,2320,2578,540,158016,542,1,63
0:52:325,386,2010,397,95338,544,1,63
0:52:325,512,716,172,144152,544,1,63
0:52:328,3928,720,181,144155,545,1,63
0:52:328,2320,2724,564,495905,545,1,63
0:52:332,512,742,185,144151,546,1,63
0:52:332,786,2559,565,450992,546,1,63
0:52:332,274,65535,65535,451060,546,1,63
0:52:332,274,65535,65535,451067,546,1,63
0:52:335,3928,731,181,144149,548,1,63
0:52:335,2101,2514,584,374778,548,1,63
0:52:339,512,834,174,144150,549,1,63
0:52:339,2320,2428,585,308470,549,1,63
0:52:342,3928,744,167,144148,551,1,63
0:52:342,386,1735,411,270997,551,1,63
0:52:342,2896,65535,65535,271147,551,1,63
0:52:342,2,1665,449,274375,551,1,63
0:52:346,512,760,177,144150,552,1,63
0:52:346,2101,2322,567,206249,552,1,63
0:52:349,2320,2050,484,143090,553,1,63
0:52:353,386,1024,384,84822,555,1,63
0:52:356,3928,779,153,144146,556,1,63
0:52:356,2320,2187,579,432782,556,1,63
0:52:360,512,782,156,144149,558,1,63
0:52:360,384,2102,580,388686,558,1,63
0:52:360,2896,65535,65535,388836,558,1,63
0:52:360,1024,2080,558,392057,558,1,63
0:52:360,3581,65535,65535,392207,558,1,63
0:52:363,3928,766,149,144145,559,1,63
0:52:367,386,1144,406,104812,561,1,63
0:52:367,2928,65535,65535,104962,561,1,63
0:52:367,3946,65535,65535,115012,561,1,63
0:52:367,44,1091,392,118312,561,1,63
0:52:370,3928,776,144,144144,562,1,63
0:52:374,512,775,162,144147,564,1,63
0:52:377,3928,791,150,144143,565,1,63
0:52:381,512,794,137,144146,566,1,63
0:52:384,3928,764,130,144142,568,1,63
0:52:388,512,778,156,144145,569,1,63
0:52:391,3928,812,134,144141,571,1,63
0:52:395,512,795,127,144137,572,1,63
0:52:398,3928,775,139,144140,574,1,63
0:52:402,512,797,135,144136,575,1,63
0:52:405,3928,768,130,144139,577,1,63
0:52:409,512,774,149,144135,578,1,63
0:52:412,3928,764,134,144133,579,1,63
0:52:416,512,754,118,144135,581,1,63
0:52:419,3928,757,120,144132,582,1,63
0:52:423,512,733,106,144134,584,1,63
0:52:426,3928,742,129,144136,585,1,63
0:52:430,512,753,106,144133,586,1,63
0:52:433,3928,718,117,144135,588,1,63
0:52:437,512,740,113,144132,589,1,63
0:52:440,3928,704,105,144129,591,1,63
0:52:444,512,709,103,144131,592,1,63
0:52:447,3928,717,115,144128,594,1,63
0:52:451,512,697,104,144130,595,1,63
0:52:454,3928,686,112,144127,597,1,63
0:52:458,512,683,122,144129,598,1,63
0:52:461,3928,680,101,144126,599,1,63
0:52:465,512,638,130,144128,601,1,63
0:52:468,3928,667,113,144125,602,1,63
0:52:472,512,641,120,144127,604,1,63
0:52:475,3928,615,129,144124,605,1,63
0:52:479,512,620,115,144126,607,1,63
0:52:482,3928,588,100,144123,608,1,63
0:52:486,512,612,110,144120,609,1,63
0:52:489,3928,571,119,144122,611,1,63
0:52:496,3928,579,119,144121,614,1,63
0:52:500,512,514,142,144118,615,1,63
0:52:503,3928,518,113,144120,617,1,63
0:52:507,512,517,142,144117,618,1,63
0:52:510,3864,506,135,144120,619,1,63
0:52:514,512,487,123,144116,621,1,63
0:52:514,0,37,1808,0,0,1,64
0:52:517,3928,482,121,144112,622,1,64
0:52:521,512,466,119,144115,624,1,64
0:52:524,3928,445,138,144118,625,1,64
0:52:524,2628,359,154,249049,625,1,64
0:52:528,512,447,120,144114,627,1,64
0:52:528,512,400,165,249052,627,1,64
0:52:531,3928,437,114,144110,628,1,64
0:52:531,2644,364,176,249048,628,1,64
0:52:535,512,425,137,144120,630,1,64
0:52:538,3928,399,123,144109,631,1,64
0:52:538,2644,399,123,249054,631,1,64
0:52:538,2,435,136,307336,631,1,64
0:52:538,256,65535,65535,307418,631,1,64
0:52:542,512,386,127,144112,632,1,64
0:52:542,512,424,179,249050,632,1,64
0:52:545,3928,381,137,144108,634,1,64
0:52:545,2644,449,178,249053,634,1,64
0:52:549,512,368,154,144111,635,1,64
0:52:549,512,449,140,249055,635,1,64
0:52:552,3928,343,127,144107,637,1,64
0:52:552,2644,457,175,249058,637,1,64
0:52:556,512,457,175,144110,638,1,64
0:52:559,3928,329,104,144106,640,1,64
0:52:559,2644,482,139,249057,640,1,64
0:52:563,512,307,143,144109,641,1,64
0:52:563,512,518,163,249060,641,1,64
0:52:570,512,532,162,249064,644,1,64
0:52:573,512,532,162,144105,645,1,64
0:52:573,2644,546,161,249060,645,1,64
0:52:577,512,552,172,249063,647,1,64
0:52:580,2644,564,178,249066,648,1,64
0:52:584,512,575,152,249062,650,1,64
0:52:587,2644,560,171,249065,651,1,64
0:52:594,2644,594,143,249064,654,1,64
0:52:598,512,608,180,249067,655,1,64
0:52:601,2644,610,157,249069,657,1,64
0:52:605,512,627,158,249066,658,1,64
0:52:612,512,671,157,249071,661,1,64
0:52:615,2644,667,155,249074,663,1,64
0:52:619,512,666,140,249070,664,1,64
0:52:622,2644,666,171,249073,665,1,64
0:52:626,512,673,145,249069,667,1,64
0:52:629,2644,672,140,249072,668,1,64
0:52:633,512,727,147,249080,670,1,64
0:52:636,2644,694,145,249077,671,1,64
0:52:640,512,715,144,249079,673,1,64
0:52:643,2644,698,140,249076,674,1,64
0:52:647,512,751,143,249078,675,1,64
0:52:650,2644,733,138,249081,677,1,64
0:52:654,512,777,133,249077,678,1,64
0:52:657,2644,740,143,249080,680,1,64
0:52:661,512,763,107,249083,681,1,64
0:52:664,2644,759,119,249079,683,1,64
0:52:668,512,765,131,249082,684,1,64
0:52:671,2644,761,131,249084,685,1,64
0:52:675,512,780,115,249087,687,1,64
0:52:678,2644,777,138,249083,688,1,64
0:52:682,512,800,87,249086,690,1,64
0:52:685,2644,775,101,249089,691,1,64
0:52:689,512,818,102,249085,693,1,64
0:52:692,2644,784,165,249088,694,1,64
0:52:696,512,805,119,249090,695,1,64
0:52:699,2644,336,73,249092,697,1,64
0:52:703,512,827,116,249090,698,1,64
0:52:706,2644,752,108,249091,700,1,64
0:52:710,512,796,123,249094,701,1,64
0:52:713,2644,757,114,249097,703,1,64
0:52:717,512,809,94,249093,704,1,64
0:52:720,2644,760,125,249096,705,1,64
0:52:724,512,776,105,249092,707,1,64
0:52:727,2644,306,39,248940,708,1,64
0:52:731,512,789,98,249098,710,1,64
0:52:731,512,333,0,479241,710,1,64
0:52:734,2644,748,115,249100,711,1,64
0:52:734,3063,65535,65535,406849,711,1,64
0:52:734,256,264,0,413671,711,1,64
0:52:738,2644,301,55,187160,713,1,64
0:52:738,512,781,103,249097,713,1,64
0:52:741,512,203,15,84588,714,1,64
0:52:741,2644,748,103,249099,714,1,64
0:52:741,512,330,0,414000,714,1,64
0:52:741,3063,65535,65535,487091,714,1,64
0:52:741,8,270,0,496019,714,1,64
0:52:741,16,65535,65535,496086,714,1,64
0:52:741,16,65535,65535,496095,714,1,64
0:52:745,512,767,119,249102,716,1,64
0:52:748,2644,255,59,121829,717,1,64
0:52:748,2644,281,0,164830,717,1,64
0:52:748,2644,756,108,249105,717,1,64
0:52:752,18,76,0,42999,718,1,64
0:52:755,512,327,0,232166,720,1,64
0:52:755,2644,693,93,249109,720,1,64
0:52:759,2644,175,0,66997,721,1,64
0:52:759,4,185,0,102918,721,1,64
0:52:759,512,740,114,249106,721,1,64
0:52:762,2644,695,105,249108,723,1,64
0:52:762,512,296,0,300377,723,1,64
0:52:766,3031,65535,65535,167254,724,1,64
0:52:769,2644,674,89,249107,726,1,64
0:52:773,512,331,0,242630,727,1,64
0:52:773,10,580,93,354024,727,1,64
0:52:776,2644,670,121,249106,728,1,64
0:52:776,2644,266,61,446785,728,1,64
0:52:776,2644,286,0,476527,728,1,64
0:52:780,512,687,124,249109,730,1,64
0:52:783,512,258,51,180551,731,1,64
0:52:783,2644,655,104,249105,731,1,64
0:52:787,512,683,118,249108,733,1,64
0:52:787,2644,261,0,415641,733,1,64
0:52:787,3063,65535,65535,478905,733,1,64
0:52:787,3583,65535,65535,482576,733,1,64
0:52:787,4,65535,65535,486022,733,1,64
0:52:787,2,225,0,492782,733,1,64
0:52:790,2644,632,122,249111,734,1,64
0:52:794,512,210,0,104816,736,1,64
0:52:794,512,212,62,123968,736,1,64
0:52:794,512,649,107,249107,736,1,64
0:52:797,2644,186,0,99173,737,1,64
0:52:797,2644,622,119,249110,737,1,64
0:52:797,2644,247,0,360828,737,1,64
0:52:801,2048,87,0,46898,738,1,64
0:52:801,16,90,0,56654,738,1,64
0:52:801,3943,65535,65535,56804,738,1,64
0:52:804,512,184,0,74182,740,1,64
0:52:804,132,465,85,144753,740,1,64
0:52:804,2932,65535,65535,144903,740,1,64
0:52:804,516,458,84,148275,740,1,64
0:52:808,2644,258,12,190486,741,1,64
0:52:808,512,616,143,249112,741,1,64
0:52:808,2644,616,143,312555,741,1,64
0:52:811,2644,588,116,249120,743,1,64
0:52:818,2644,545,138,249120,746,1,64
0:52:818,2644,214,0,280834,746,1,64
0:52:825,2644,529,125,249119,749,1,64
0:52:825,512,190,60,399391,749,1,64
0:52:829,2644,204,57,199004,750,1,64
0:52:829,512,522,141,249120,750,1,64
0:52:829,2644,195,63,393034,750,1,64
0:52:832,2644,507,119,249123,752,1,64
0:52:832,512,222,56,426522,752,1,64
0:52:836,512,486,147,249120,753,1,64
0:52:839,2644,508,138,249122,754,1,64
0:52:843,512,478,144,249125,756,1,64
0:52:846,2644,443,144,249127,757,1,64
0:52:853,2644,433,156,249126,760,1,64
0:52:857,512,409,131,249123,761,1,64
0:52:860,2644,408,131,249125,763,1,64
0:52:864,512,385,150,249128,764,1,64
0:52:867,2644,386,128,249131,766,1,64
0:52:871,512,362,165,249133,767,1,64
0:52:874,2644,377,146,249130,769,1,64
0:52:881,2644,334,151,249135,771,1,64
0:53:137,2176,90,0,7066,876,1,64
0:53:137,128,65535,65535,7130,876,1,64
0:53:144,128,61,0,7078,879,1,64
0:53:144,128,65535,65535,7099,879,1,64
0:53:146,0,0,0,2147483648,1454,1,64
0:53:146,0,0,0,0,1454,1,64
0:53:146,0,0,0,0,1454,1,64
0:53:146,0,0,0,0,1454,1,64
0:53:146,0,0,0,0,1454,1,64
0:53:146,0,0,0,0,1454,1,64
0:53:146,0,0,0,0,1454,1,64
0:53:146,0,0,0,0,1454,1,64
0:53:146,0,0,0,0,1454,1,64
0:53:146,0,0,0,0,1454,1,64
0:53:146,0,0,0,0,1454,1,64
0:53:146,0,0,0,0,1454,1,64
0:53:146,0,0,0,0,1454,1,64
0:53:146,0,0,0,0,1454,1,64
0:53:146,0,0,0,0,1454,1,64
0:53:146,0,0,0,0,1454,1,64
0:53:146,0,0,0,0,1454,1,64
0:53:146,0,0,0,0,1454,1,64
0:53:146,0,0,0,0,1454,1,64
0:53:146,0,0,0,0,1454,1,64
0:53:146,0,0,0,0,1454,1,64
0:53:146,0,0,0,0,1454,1,64
0:53:146,0,0,0,0,1454,1,64
0:53:146,0,0,0,0,1454,1,64
0:53:146,0,0,0,0,1454,1,64
0:53:146,0,0,0,0,1454,1,64
0:53:146,0,0,0,0,1454,1,64
0:53:146,0,0,0,0,1454,1,64
0:53:146,0,0,0,0,1454,1,64
0:53:196,848,61,0,283753,901,1,65
0:53:217,149,81,0,142603,909,1,65
0:53:231,208,71,0,315061,915,1,65
0:53:242,704,75,0,243940,919,1,65
0:53:245,17,91,0,470792,921,1,65
0:53:319,576,92,0,357483,951,1,65
0:53:326,2176,435,134,6669,954,1,65
0:53:333,2176,342,67,6656,957,1,65
0:53:442,0,0,0,3221225472,1454,1,65
0:53:442,0,0,0,0,1454,1,65
0:53:442,0,0,0,0,1454,1,65
0:53:442,0,0,0,0,1454,1,65
0:53:442,0,0,0,0,1454,1,65
0:53:442,0,0,0,0,1454,1,65
0:53:442,0,0,0,0,1454,1,65
0:53:442,0,0,0,0,1454,1,65
0:53:442,0,0,0,0,1454,1,65
0:53:442,0,0,0,0,1454,1,65
0:53:442,0,0,0,0,1454,1,65
0:53:442,0,0,0,0,1454,1,65
0:53:442,0,0,0,0,1454,1,65
0:53:442,0,0,0,0,1454,1,65
0:53:442,0,0,0,0,1454,1,65
0:53:442,0,0,0,0,1454,1,65
0:53:442,0,0,0,0,1454,1,65
0:53:442,0,0,0,0,1454,1,65
0:53:442,0,0,0,0,1454,1,65
0:53:442,0,0,0,0,1454,1,65
0:53:442,0,0,0,0,1454,1,65
0:53:442,0,0,0,0,1454,1,65
0:53:442,0,0,0,0,1454,1,65
0:53:442,0,0,0,0,1454,1,65
0:53:442,0,0,0,0,1454,1,65
0:53:442,0,0,0,0,1454,1,65
0:53:442,0,0,0,0,1454,1,65
0:53:442,0,0,0,0,1454,1,65
0:53:442,0,0,0,0,1454,1,65
0:53:634,32,99,0,67416,1080,1,66
0:53:634,36,65535,65535,67443,1080,1,66
0:53:756,136,140,0,251395,1130,1,66
0:53:777,258,140,0,322779,1139,1,66
0:53:805,1024,271,0,391738,1150,1,66
0:53:805,257,63,0,399261,1150,1,66
0:53:924,2584,63,0,228734,1199,1,66
0:53:928,1032,63,0,228719,1200,1,66
0:53:935,1504,360,143,228723,1203,1,66
0:53:938,3608,384,146,228720,1204,1,66
0:53:942,488,303,108,228722,1206,1,66
0:53:945,3608,365,105,228725,1207,1,66
0:53:949,1512,381,153,228727,1209,1,66
0:53:952,3608,375,110,228730,1210,1,66
0:53:959,3608,440,137,228729,1213,1,66
0:53:963,1512,395,142,228732,1214,1,66
0:53:966,3608,323,95,228728,1216,1,66
0:53:970,1512,489,146,228724,1217,1,66
0:53:973,3608,456,127,228727,1219,1,66
0:53:977,1512,337,138,228723,1220,1,66
0:53:980,3608,503,159,228726,1222,1,66
0:53:984,1512,507,125,228729,1223,1,66
0:53:987,3608,343,110,228725,1225,1,66
0:53:991,390,526,130,228296,1226,1,66
0:53:991,262,65535,65535,228363,1226,1,66
0:53:991,262,65535,65535,228371,1226,1,66
0:53:994,3600,544,150,228730,1227,1,66
0:53:998,1512,400,88,228733,1229,1,66
0:54:001,3600,576,146,228729,1230,1,66
0:54:005,1512,579,115,228732,1232,1,66
0:54:008,3600,490,105,228722,1233,1,66
0:54:012,1512,395,90,228724,1234,1,66
0:54:015,3600,590,139,228727,1236,1,66
0:54:019,1512,523,116,228723,1237,1,66
0:54:022,3600,423,110,228726,1239,1,66
0:54:026,1512,651,146,228729,1240,1,66
0:54:029,3600,587,124,228731,1242,1,66
0:54:033,1512,426,109,228728,1243,1,66
0:54:036,3600,667,119,228736,1245,1,66
0:54:040,1512,601,128,228739,1246,1,66
0:54:043,3600,410,101,228729,1247,1,66
0:54:047,1512,693,148,228738,1249,1,66
0:54:050,3600,644,119,228728,1250,1,66
0:54:054,1512,539,101,228725,1252,1,66
0:54:057,3600,628,97,228727,1253,1,66
0:54:061,1512,692,116,228730,1255,1,66
0:54:064,3600,573,85,228726,1256,1,66
0:54:068,1512,658,106,228729,1257,1,66
0:54:071,3600,687,122,228732,1259,1,66
0:54:075,1512,607,99,228735,1260,1,66
0:54:078,3600,455,70,228736,1262,1,66
0:54:082,1512,712,137,228734,1263,1,66
0:54:085,3600,633,114,228730,1265,1,66
0:54:089,1512,472,63,228732,1266,1,66
0:54:092,3600,731,115,228735,1267,1,66
0:54:096,1512,636,99,228731,1269,1,66
0:54:099,3600,458,99,228734,1270,1,66
0:54:099,2048,458,99,481953,1270,1,66
0:54:103,1512,721,128,228730,1272,1,66
0:54:106,3600,659,93,228727,1273,1,66
0:54:110,1512,558,83,228729,1275,1,66
0:54:113,3600,700,97,228732,1276,1,66
0:54:117,1512,693,116,228735,1278,1,66
0:54:120,1568,265,0,53714,1279,1,66
0:54:120,32,65535,65535,50253,1279,1,66
0:54:120,32,65535,65535,50267,1279,1,66
0:54:120,532,273,0,57086,1279,1,66
0:54:124,1512,668,102,228734,1280,1,66
0:54:127,3600,680,103,228735,1282,1,66
0:54:131,1512,554,75,228738,1283,1,66
0:54:134,3600,464,66,228729,1285,1,66
0:54:138,1512,684,88,228732,1286,1,66
0:54:141,3600,582,79,228734,1288,1,66
0:54:145,1512,423,0,228731,1289,1,66
0:54:148,3600,677,78,228733,1290,1,66
0:54:152,1512,583,56,228735,1292,1,66
0:54:155,3600,413,0,228732,1293,1,66
0:54:159,1512,640,82,228735,1295,1,66
0:54:162,3600,590,72,228737,1296,1,66
0:54:166,1512,473,56,228739,1298,1,66
0:54:169,3600,641,83,228736,1299,1,66
0:54:173,1512,573,67,228738,1300,1,66
0:54:176,3600,498,53,228729,1302,1,66
0:54:180,1512,577,86,228732,1303,1,66
0:54:183,3600,593,74,228734,1305,1,66
0:54:187,1512,391,66,228731,1306,1,66
0:54:190,3600,565,93,228733,1308,1,66
0:54:194,1512,555,96,228735,1309,1,66
0:54:197,3600,457,76,228738,1311,1,66
0:54:201,1512,457,74,228740,1312,1,66
0:54:204,3600,521,75,228743,1313,1,66
0:54:208,1512,426,76,228739,1315,1,66
0:54:208,128,401,81,415180,1315,1,66
0:54:208,2,413,69,421708,1315,1,66
0:54:208,6,65535,65535,421775,1315,1,66
0:54:208,2,65535,65535,421789,1315,1,66
0:54:208,10,408,55,425158,1315,1,66
0:54:211,3600,309,72,228736,1316,1,66
0:54:215,1512,514,91,228738,1318,1,66
0:54:218,3600,443,82,228735,1319,1,66
0:54:222,1512,289,58,228732,1320,1,66
0:54:225,3600,467,95,228735,1322,1,66
0:54:229,1512,410,80,228736,1323,1,66
0:54:232,3600,261,78,228733,1325,1,66
0:54:236,1512,420,102,228735,1326,1,66
0:54:239,3600,401,80,228738,1328,1,66
0:54:243,1512,328,86,228741,1329,1,66
0:54:246,3600,381,107,228743,1331,1,66
0:54:250,1512,404,104,228746,1332,1,66
0:54:253,3600,254,72,228742,1334,1,66
0:54:257,1512,356,110,228745,1335,1,66
0:54:260,3600,349,100,228735,1336,1,66
0:54:264,1512,283,87,228732,1338,1,66
0:54:267,3600,290,105,228740,1339,1,66
0:54:271,1512,339,112,228731,1341,1,66
0:54:274,3600,262,78,228734,1342,1,66
0:54:278,1216,253,85,228736,1344,1,66
0:54:285,1480,275,106,228741,1346,1,66
0:54:288,1536,219,96,228737,1348,1,66
0:54:292,72,280,123,228747,1349,1,66
0:54:456,2176,217,94,267048,1416,1,66
0:54:467,132,217,94,267044,1421,1,66
0:54:474,215,248,104,267043,1424,1,66
0:54:481,727,248,104,267048,1427,1,66
0:54:481,726,279,108,443583,1427,1,66
0:54:484,3988,273,111,267045,1428,1,66
0:54:484,3460,280,81,419736,1428,1,66
0:54:488,727,263,90,267047,1430,1,66
0:54:488,215,272,102,397389,1430,1,66
0:54:491,3860,269,86,267044,1431,1,66
0:54:495,727,293,97,267046,1432,1,66
0:54:495,727,305,100,357182,1432,1,66
0:54:498,3988,276,91,267043,1434,1,66
0:54:498,3988,299,111,339335,1434,1,66
0:54:502,727,301,110,267033,1435,1,66
0:54:502,727,290,113,315482,1435,1,66
0:54:505,3988,294,96,267036,1437,1,66
0:54:505,3988,296,108,293135,1437,1,66
0:54:509,727,288,86,267039,1438,1,66
0:54:512,3988,338,73,252947,1439,1,66
0:54:512,3988,327,90,267035,1439,1,66
0:54:516,727,321,116,235100,1441,1,66
0:54:516,727,326,89,267044,1441,1,66
0:54:519,3988,337,71,211241,1442,1,66
0:54:519,3988,311,95,267029,1442,1,66
0:54:523,727,328,101,188895,1444,1,66
0:54:523,727,356,98,267037,1444,1,66
0:54:530,727,302,83,148694,1447,1,66
0:54:530,727,335,103,267036,1447,1,66
0:54:533,3988,323,85,130847,1448,1,66
0:54:533,3988,371,105,267039,1448,1,66
0:54:537,663,281,74,106994,1450,1,66
0:54:537,727,344,69,267035,1450,1,66
0:54:540,3972,230,99,84647,1451,1,66
0:54:540,3988,383,85,267031,1451,1,66
0:54:544,583,207,66,63800,1453,1,66
0:54:544,727,378,97,267034,1453,1,66
0:54:547,3988,344,85,267025,1454,1,66
0:54:551,727,344,85,26606,1455,1,66
0:54:551,727,373,71,267033,1455,1,66
0:54:554,3988,376,72,267024,1457,1,66
0:54:554,727,406,90,505399,1457,1,66
0:54:558,727,365,103,267027,1458,1,66
0:54:558,3988,385,66,484559,1458,1,66
0:54:561,2928,65535,65535,165079,1460,1,66
0:54:561,524,217,59,168379,1460,1,66
0:54:561,520,65535,65535,164997,1460,1,66
0:54:561,520,65535,65535,165004,1460,1,66
0:54:561,8,199,50,175207,1460,1,66
0:54:565,727,377,91,267026,1461,1,66
0:54:568,3988,387,96,267016,1462,1,66
0:54:575,3988,417,13,267015,1465,1,66
0:54:579,727,374,59,267017,1467,1,66
0:54:582,3988,413,77,267026,1468,1,66
0:54:586,727,409,60,267016,1470,1,66
0:54:589,3988,429,82,267019,1471,1,66
0:54:596,3988,400,13,267018,1474,1,66
0:54:600,727,431,72,267015,1475,1,66
0:54:603,3988,446,0,267017,1477,1,66
0:54:607,727,394,57,267014,1478,1,66
0:54:610,3988,448,70,267011,1480,1,66
0:54:610,3024,237,0,321178,1480,1,66
0:54:610,2544,65535,65535,321245,1480,1,66
0:54:610,2512,65535,65535,321253,1480,1,66
0:54:614,727,423,67,267007,1481,1,66
0:54:617,3988,414,41,267010,1483,1,66
0:54:621,727,424,39,267012,1484,1,66
0:54:624,3988,404,53,267009,1485,1,66
0:54:628,727,400,60,267005,1487,1,66
0:54:631,3988,428,58,267008,1488,1,66
0:54:631,137,1796,0,435256,1488,1,66
0:54:638,3988,397,0,267007,1491,1,66
0:54:642,727,416,0,267010,1493,1,66
0:54:645,3988,386,0,267000,1494,1,66
0:54:649,727,397,127,267009,1495,1,66
0:54:652,3988,406,71,267000,1497,1,66
0:54:656,727,387,57,266996,1498,1,66
0:54:659,3988,404,0,266999,1500,1,66
0:54:663,727,398,0,267000,1501,1,66
0:54:666,3988,365,53,266998,1503,1,66
0:54:670,727,388,0,267000,1504,1,66
0:54:673,3988,374,37,266990,1505,1,66
0:54:680,3988,356,16,266989,1508,1,66
0:54:684,727,373,0,266998,1510,1,66
0:54:691,727,355,15,266998,1513,1,66
0:54:694,3988,338,0,266987,1514,1,66
0:54:698,727,356,65,266990,1516,1,66
0:54:701,3988,351,38,266987,1517,1,66
0:54:705,727,319,70,266989,1518,1,66
0:54:708,576,319,70,149184,1520,1,66
0:54:708,3988,322,60,266980,1520,1,66
0:54:719,727,318,57,266982,1524,1,66
0:54:722,3988,308,91,266978,1525,1,66
0:54:722,528,305,128,279632,1525,1,66
0:54:726,1,338,142,270016,1527,1,66
0:54:729,3988,300,61,266977,1528,1,66
0:54:729,16,111,0,295057,1528,1,66
0:54:733,727,295,62,266980,1530,1,66
0:54:733,574,295,62,279640,1530,1,66
0:54:736,3988,267,79,266976,1531,1,66
0:54:736,536,315,127,279643,1531,1,66
0:54:740,727,273,51,266979,1533,1,66
0:54:747,727,254,54,266978,1536,1,66
0:54:747,574,347,130,279644,1536,1,66
0:54:750,3988,266,79,266974,1537,1,66
0:54:750,520,370,111,279646,1537,1,66
0:54:754,727,259,76,266977,1538,1,66
0:54:754,574,365,129,279649,1538,1,66
0:54:757,3988,226,76,266980,1540,1,66
0:54:757,536,376,108,279645,1540,1,66
0:54:761,727,264,0,266976,1541,1,66
0:54:761,574,397,141,279648,1541,1,66
0:54:764,3988,204,0,266967,1543,1,66
0:54:764,536,392,129,279651,1543,1,66
0:54:768,727,192,75,266970,1544,1,66
0:54:768,574,371,120,279653,1544,1,66
0:54:771,3988,233,76,266960,1546,1,66
0:54:771,536,425,119,279650,1546,1,66
0:54:775,727,207,34,266956,1547,1,66
0:54:775,558,412,127,279652,1547,1,66
0:54:778,3988,226,62,266965,1548,1,66
0:54:778,536,473,146,279649,1548,1,66
0:54:782,727,228,0,266968,1550,1,66
0:54:782,574,434,128,279651,1550,1,66
0:54:785,3728,434,128,266964,1551,1,66
0:54:785,536,470,132,279654,1551,1,66
0:54:789,722,470,132,266961,1553,1,66
0:54:792,3716,443,123,266963,1554,1,66
0:54:792,536,443,111,279653,1554,1,66
0:54:806,2064,484,140,266968,1560,1,66
0:54:806,536,463,116,279657,1560,1,66
0:54:813,3584,463,116,266949,1563,1,66
0:54:813,536,497,133,279656,1563,1,66
0:54:817,2,163,71,266957,1564,1,66
0:54:817,574,501,135,279665,1564,1,66
0:54:820,536,523,110,279661,1566,1,66
0:54:838,574,560,104,279668,1573,1,66
0:54:848,536,536,129,279670,1577,1,66
0:54:852,574,555,113,279673,1579,1,66
0:54:852,53,134,0,321750,1579,1,66
0:54:855,536,564,146,279669,1580,1,66
0:54:859,574,576,133,279672,1581,1,66
0:54:862,536,564,118,279674,1583,1,66
0:54:866,574,564,118,279676,1584,1,66
0:54:869,536,568,150,279673,1586,1,66
0:54:873,130,703,315,172817,1587,1,66
0:54:873,574,554,113,279675,1587,1,66
0:54:876,3912,701,322,172820,1588,1,66
0:54:876,536,585,124,279678,1588,1,66
0:54:883,3912,717,352,172819,1591,1,66
0:54:883,536,595,95,279677,1591,1,66
0:54:887,130,750,341,172815,1593,1,66
0:54:887,574,545,99,279680,1593,1,66
0:54:894,130,773,356,172821,1596,1,66
0:54:894,574,564,119,279679,1596,1,66
0:54:897,3912,817,306,172817,1597,1,66
0:54:897,536,568,127,279681,1597,1,66
0:54:901,130,810,318,172814,1599,1,66
0:54:901,574,557,89,279678,1599,1,66
0:54:904,3912,830,330,172816,1600,1,66
0:54:904,536,581,105,279681,1600,1,66
0:54:908,574,565,102,279683,1601,1,66
0:54:911,536,580,118,279680,1603,1,66
0:54:918,276,510,235,156051,1606,1,66
0:54:918,3912,847,299,172821,1606,1,66
0:54:918,536,583,116,279685,1606,1,66
0:54:922,450,583,116,156054,1607,1,66
0:54:922,130,893,296,172817,1607,1,66
0:54:922,574,527,68,279688,1607,1,66
0:54:925,852,557,240,156056,1609,1,66
0:54:925,3912,897,306,172820,1609,1,66
0:54:925,536,548,91,279690,1609,1,66
0:54:929,2510,562,247,156059,1610,1,66
0:54:929,130,912,301,172822,1610,1,66
0:54:929,574,511,120,279687,1610,1,66
0:54:932,852,588,255,156055,1611,1,66
0:54:932,3912,947,308,172819,1611,1,66
0:54:932,536,554,92,279695,1611,1,66
0:54:936,2510,609,247,156058,1613,1,66
0:54:936,130,937,265,172821,1613,1,66
0:54:936,574,505,78,279691,1613,1,66
0:54:939,852,612,236,156054,1614,1,66
0:54:939,3912,955,299,172824,1614,1,66
0:54:939,536,535,102,279694,1614,1,66
0:54:943,130,975,283,172821,1616,1,66
0:54:943,574,520,84,279697,1616,1,66
0:54:946,852,623,225,156054,1617,1,66
0:54:946,3912,966,283,172823,1617,1,66
0:54:946,536,516,93,279693,1617,1,66
0:54:950,2510,642,215,156056,1619,1,66
0:54:950,130,988,265,172826,1619,1,66
0:54:950,574,502,92,279696,1619,1,66
0:54:953,852,654,217,156059,1620,1,66
0:54:953,3912,1001,296,172822,1620,1,66
0:54:953,536,507,95,279698,1620,1,66
0:54:957,2510,681,231,156055,1622,1,66
0:54:957,130,1029,350,172825,1622,1,66
0:54:957,574,494,99,279695,1622,1,66
0:54:960,852,684,204,156052,1623,1,66
0:54:960,3912,1004,243,172821,1623,1,66
0:54:960,536,509,84,279698,1623,1,66
0:54:964,2510,674,217,156054,1624,1,66
0:54:964,130,1030,264,172824,1624,1,66
0:54:964,574,453,101,279700,1624,1,66
0:54:967,340,691,218,156057,1626,1,66
0:54:967,3912,1015,272,172820,1626,1,66
0:54:967,536,508,115,279703,1626,1,66
0:54:971,2510,724,237,156060,1627,1,66
0:54:971,130,1043,207,172823,1627,1,66
0:54:971,574,463,94,279699,1627,1,66
0:54:974,852,735,224,156056,1629,1,66
0:54:974,3912,1050,244,172826,1629,1,66
0:54:974,536,464,90,279702,1629,1,66
0:54:978,2510,749,182,156059,1630,1,66
0:54:978,130,1044,260,172822,1630,1,66
0:54:978,574,449,93,279705,1630,1,66
0:54:981,852,725,215,156055,1632,1,66
0:54:981,3912,1032,228,172825,1632,1,66
0:54:981,536,452,108,279701,1632,1,66
0:54:985,2510,753,208,156058,1633,1,66
0:54:985,130,1056,216,172827,1633,1,66
0:54:985,574,1056,216,279704,1633,1,66
0:54:988,852,772,226,156054,1635,1,66
0:54:988,3912,1040,234,172824,1635,1,66
0:54:988,536,441,97,279700,1635,1,66
0:54:992,2510,784,190,156057,1636,1,66
0:54:992,130,1068,252,172827,1636,1,66
0:54:992,574,434,112,279703,1636,1,66
0:54:995,852,786,201,156060,1637,1,66
0:54:995,3912,1056,209,172829,1637,1,66
0:54:995,2900,65535,65535,229588,1637,1,66
0:54:999,2510,1107,217,156056,1639,1,66
0:55:002,852,802,210,156052,1640,1,66
0:55:002,3912,1054,183,172828,1640,1,66
0:55:002,536,1054,183,279704,1640,1,66
0:55:006,2510,808,159,156055,1642,1,66
0:55:006,130,1049,208,172830,1642,1,66
0:55:006,574,360,86,279706,1642,1,66
0:55:009,852,826,233,156058,1643,1,66
0:55:009,3912,1058,203,172827,1643,1,66
0:55:009,536,357,100,279715,1643,1,66
0:55:013,2510,822,187,156060,1644,1,66
0:55:013,130,1061,178,172824,1644,1,66
0:55:013,574,347,100,279705,1644,1,66
0:55:016,852,823,187,156057,1646,1,66
0:55:016,3912,1053,215,172826,1646,1,66
0:55:016,536,1053,215,279708,1646,1,66
0:55:020,2510,848,183,156060,1647,1,66
0:55:020,130,1054,184,172829,1647,1,66
0:55:020,574,324,92,279711,1647,1,66
0:55:023,852,870,143,156056,1649,1,66
0:55:023,3912,1026,163,172825,1649,1,66
0:55:023,536,1026,163,279713,1649,1,66
0:55:027,2510,861,176,156059,1650,1,66
0:55:027,130,1053,186,172828,1650,1,66
0:55:027,574,317,100,279716,1650,1,66
0:55:030,852,864,159,156055,1652,1,66
0:55:030,3912,1050,189,172830,1652,1,66
0:55:030,536,318,116,279713,1652,1,66
0:55:034,2510,876,173,156058,1653,1,66
0:55:034,130,1017,163,172827,1653,1,66
0:55:034,558,295,113,279715,1653,1,66
0:55:037,852,870,169,156060,1655,1,66
0:55:037,3912,1023,155,172830,1655,1,66
0:55:037,536,296,99,279712,1655,1,66
0:55:041,2932,65535,65535,144891,1656,1,66
0:55:041,516,945,142,148269,1656,1,66
0:55:041,23,1012,177,158445,1656,1,66
0:55:044,852,881,162,156060,1657,1,66
0:55:044,3912,1018,152,172829,1657,1,66
0:55:044,528,276,109,279711,1657,1,66
0:55:048,2510,892,156,156056,1659,1,66
0:55:048,130,1021,154,172826,1659,1,66
0:55:048,6,1021,154,279714,1659,1,66
0:55:051,852,876,167,156059,1660,1,66
0:55:051,3912,1012,170,172829,1660,1,66
0:55:055,2510,877,142,156055,1662,1,66
0:55:055,130,963,144,172830,1662,1,66
0:55:055,6,963,144,279719,1662,1,66
0:55:058,852,887,153,156058,1663,1,66
0:55:058,3912,959,166,172828,1663,1,66
0:55:062,2510,883,156,156060,1665,1,66
0:55:062,130,970,149,172830,1665,1,66
0:55:065,852,868,113,156058,1666,1,66
0:55:065,3912,941,136,172827,1666,1,66
0:55:069,2510,886,166,156054,1668,1,66
0:55:069,130,921,122,172830,1668,1,66
0:55:072,852,882,144,156057,1669,1,66
0:55:072,3912,950,146,172832,1669,1,66
0:55:076,2510,879,129,156054,1670,1,66
0:55:076,130,922,156,172830,1670,1,66
0:55:079,852,903,149,156057,1672,1,66
0:55:079,3912,919,126,172832,1672,1,66
0:55:083,2510,889,155,156060,1673,1,66
0:55:083,130,890,147,172830,1673,1,66
0:55:086,852,887,129,156057,1675,1,66
0:55:086,3912,866,129,172832,1675,1,66
0:55:090,2510,882,139,156060,1676,1,66
0:55:090,130,861,128,172830,1676,1,66
0:55:093,852,890,156,156057,1677,1,66
0:55:093,3912,853,147,172832,1677,1,66
0:55:097,2510,889,164,156060,1679,1,66
0:55:097,130,834,160,172835,1679,1,66
0:55:100,852,834,160,156057,1680,1,66
0:55:104,2510,877,162,156060,1682,1,66
0:55:104,130,823,122,172835,1682,1,66
0:55:107,852,873,156,156057,1683,1,66
0:55:107,3912,783,115,172832,1683,1,66
0:55:111,2510,863,146,156060,1685,1,66
0:55:111,130,791,133,172835,1685,1,66
0:55:114,852,861,153,156057,1686,1,66
0:55:114,3912,755,144,172838,1686,1,66
0:55:118,2510,840,144,156060,1687,1,66
0:55:118,130,727,129,172835,1687,1,66
0:55:121,852,837,148,156057,1689,1,66
0:55:121,3912,733,127,172832,1689,1,66
0:55:125,2510,828,134,156060,1690,1,66
0:55:125,130,711,120,172835,1690,1,66
0:55:128,852,838,171,156057,1692,1,66
0:55:128,3912,725,125,172832,1692,1,66
0:55:132,2510,812,125,156060,1693,1,66
0:55:132,130,666,103,172836,1693,1,66
0:55:135,852,793,133,156057,1695,1,66
0:55:135,3912,677,131,172832,1695,1,66
0:55:139,2510,796,141,156060,1696,1,66
0:55:139,130,661,130,172830,1696,1,66
0:55:142,852,661,130,156058,1697,1,66
0:55:146,2510,661,130,156060,1699,1,66
0:55:148,0,0,0,2147483648,1454,1,67
0:55:148,0,0,0,0,1454,1,67
0:55:148,0,0,0,0,1454,1,67
0:55:148,0,0,0,0,1454,1,67
0:55:148,0,0,0,0,1454,1,67
0:55:148,0,0,0,0,1454,1,67
0:55:148,0,0,0,0,1454,1,67
0:55:148,0,0,0,0,1454,1,67
0:55:148,0,0,0,0,1454,1,67
0:55:148,0,0,0,0,1454,1,67
0:55:148,0,0,0,0,1454,1,67
0:55:148,0,0,0,0,1454,1,67
0:55:148,0,0,0,0,1454,1,67
0:55:148,0,0,0,0,1454,1,67
0:55:148,0,0,0,0,1454,1,67
0:55:148,0,0,0,0,1454,1,67
0:55:148,0,0,0,0,1454,1,67
0:55:148,0,0,0,0,1454,1,67
0:55:148,0,0,0,0,1454,1,67
0:55:148,0,0,0,0,1454,1,67
0:55:148,0,0,0,0,1454,1,67
0:55:148,0,0,0,0,1454,1,67
0:55:148,0,0,0,0,1454,1,67
0:55:148,0,0,0,0,1454,1,67
0:55:148,0,0,0,0,1454,1,67
0:55:148,0,0,0,0,1454,1,67
0:55:148,0,0,0,0,1454,1,67
0:55:148,0,0,0,0,1454,1,67
0:55:148,0,0,0,0,1454,1,67
0:55:149,852,757,183,156058,1700,1,67
0:55:149,3912,618,113,172839,1700,1,67
0:55:153,2510,791,149,156054,1702,1,67
0:55:153,130,596,143,172836,1702,1,67
0:55:156,852,743,166,156058,1703,1,67
0:55:156,3912,571,144,172839,1703,1,67
0:55:160,2510,731,178,156055,1705,1,67
0:55:160,130,562,94,172836,1705,1,67
0:55:163,852,704,203,156063,1706,1,67
0:55:163,3912,556,127,172839,1706,1,67
0:55:167,2510,736,185,156060,1708,1,67
0:55:167,130,526,120,172836,1708,1,67
0:55:170,852,707,194,156058,1709,1,67
0:55:170,3912,519,126,172833,1709,1,67
0:55:174,2510,681,188,156060,1710,1,67
0:55:174,130,491,139,172836,1710,1,67
0:55:177,852,694,164,156058,1712,1,67
0:55:177,3912,489,143,172839,1712,1,67
0:55:181,2510,655,206,156060,1713,1,67
0:55:181,130,462,124,172842,1713,1,67
0:55:184,852,674,188,156058,1715,1,67
0:55:184,3912,450,136,172839,1715,1,67
0:55:188,2510,450,136,156060,1716,1,67
0:55:191,852,629,200,156057,1718,1,67
0:55:191,3912,426,138,172845,1718,1,67
0:55:195,2510,631,190,156060,1719,1,67
0:55:195,130,414,148,172835,1719,1,67
0:55:198,852,624,213,156057,1720,1,67
0:55:198,3912,389,171,172839,1720,1,67
0:55:202,2510,618,222,156060,1722,1,67
0:55:202,130,386,144,172842,1722,1,67
0:55:205,852,569,242,156062,1723,1,67
0:55:205,3912,357,148,172838,1723,1,67
0:55:209,2510,570,212,156060,1725,1,67
0:55:209,130,570,212,172841,1725,1,67
0:55:212,852,569,240,156062,1726,1,67
0:55:212,1352,332,116,172850,1726,1,67
0:55:216,2510,549,232,156059,1728,1,67
0:55:219,852,529,231,156056,1729,1,67
0:55:223,2254,525,234,156064,1730,1,67
0:55:226,528,506,239,156061,1732,1,67
0:55:230,2,509,222,156064,1733,1,67
0:55:345,6,498,242,510903,1781,1,67
0:55:436,1,498,242,183710,1818,1,67
0:55:444,0,0,0,3221225472,1454,1,68
0:55:444,0,0,0,0,1454,1,68
0:55:444,0,0,0,0,1454,1,68
0:55:444,0,0,0,0,1454,1,68
0:55:444,0,0,0,0,1454,1,68
0:55:444,0,0,0,0,1454,1,68
0:55:444,0,0,0,0,1454,1,68
0:55:444,0,0,0,0,1454,1,68
0:55:444,0,0,0,0,1454,1,68
0:55:444,0,0,0,0,1454,1,68
0:55:444,0,0,0,0,1454,1,68
0:55:444,0,0,0,0,1454,1,68
0:55:444,0,0,0,0,1454,1,68
0:55:444,0,0,0,0,1454,1,68
0:55:444,0,0,0,0,1454,1,68
0:55:444,0,0,0,0,1454,1,68
0:55:444,0,0,0,0,1454,1,68
0:55:444,0,0,0,0,1454,1,68
0:55:444,0,0,0,0,1454,1,68
0:55:444,0,0,0,0,1454,1,68
0:55:444,0,0,0,0,1454,1,68
0:55:444,0,0,0,0,1454,1,68
0:55:444,0,0,0,0,1454,1,68
0:55:444,0,0,0,0,1454,1,68
0:55:444,0,0,0,0,1454,1,68
0:55:444,0,0,0,0,1454,1,68
0:55:444,0,0,0,0,1454,1,68
0:55:444,0,0,0,0,1454,1,68
0:55:444,0,0,0,0,1454,1,68
0:56:059,912,537,226,131310,2073,1,68
0:56:063,3749,608,270,131307,2074,1,68
0:56:066,3988,550,219,131310,2076,1,68
0:56:070,3813,604,226,131306,2077,1,68
0:56:073,3988,660,255,131309,2079,1,68
0:56:077,3813,599,220,131305,2080,1,68
0:56:080,1940,682,256,131308,2081,1,68
0:56:084,3813,678,213,131304,2083,1,68
0:56:087,3988,663,222,131307,2084,1,68
0:56:091,3813,740,249,131304,2086,1,68
0:56:094,3988,716,231,131307,2087,1,68
0:56:098,3813,753,236,131297,2088,1,68
0:56:101,3988,745,213,131306,2090,1,68
0:56:105,3813,710,190,131296,2091,1,68
0:56:108,3988,809,240,131305,2093,1,68
0:56:112,3813,789,217,131301,2094,1,68
0:56:115,3988,759,201,131298,2096,1,68
0:56:119,3813,848,229,131301,2097,1,68
0:56:122,3988,794,189,131297,2098,1,68
0:56:126,3813,841,207,131300,2100,1,68
0:56:129,3988,873,202,131296,2101,1,68
0:56:133,3813,814,186,131299,2103,1,68
0:56:136,3988,937,213,131296,2104,1,68
0:56:140,3813,851,171,131293,2106,1,68
0:56:143,3988,845,185,131295,2107,1,68
0:56:147,3813,963,175,131297,2109,1,68
0:56:150,3988,899,163,131295,2110,1,68
0:56:154,3813,930,137,131296,2111,1,68
0:56:157,3988,979,157,131294,2113,1,68
0:56:161,3813,906,142,131296,2114,1,68
0:56:164,3988,994,170,131293,2116,1,68
0:56:168,3813,959,154,131295,2117,1,68
0:56:175,3813,1001,143,131295,2120,1,68
0:56:178,3988,921,142,131285,2121,1,68
0:56:182,3813,1010,128,131294,2123,1,68
0:56:185,3988,1022,131,131284,2124,1,68
0:56:189,3813,965,136,131286,2126,1,68
0:56:192,3988,1049,134,131289,2127,1,68
0:56:192,1024,1049,134,202238,2127,1,68
0:56:196,3813,997,129,131285,2129,1,68
0:56:199,3988,964,139,131282,2130,1,68
0:56:203,3813,1025,169,131284,2131,1,68
0:56:206,3988,952,127,131281,2133,1,68
0:56:210,3813,1034,123,131283,2134,1,68
0:56:213,3988,1031,130,131280,2136,1,68
0:56:217,3813,941,127,131282,2137,1,68
0:56:220,3988,1051,133,131280,2139,1,68
0:56:224,3813,998,156,131282,2140,1,68
0:56:227,3988,966,153,131279,2141,1,68
0:56:231,3813,1024,129,131281,2143,1,68
0:56:234,3988,963,143,131278,2144,1,68
0:56:238,3813,1026,172,131280,2146,1,68
0:56:241,3988,1014,154,131277,2147,1,68
0:56:245,3813,937,145,131280,2149,1,68
0:56:248,3988,1028,181,131276,2150,1,68
0:56:252,3813,955,178,131279,2151,1,68
0:56:255,3988,941,175,131275,2153,1,68
0:56:259,3813,1004,156,131278,2154,1,68
0:56:262,3988,887,177,131268,2156,1,68
0:56:266,3813,959,188,131277,2157,1,68
0:56:269,3988,945,179,131274,2159,1,68
0:56:273,3813,876,150,131270,2160,1,68
0:56:276,3988,964,198,131272,2162,1,68
0:56:280,3813,882,189,131269,2163,1,68
0:56:283,3988,898,186,131265,2164,1,68
0:56:287,3813,914,188,131268,2166,1,68
0:56:290,3988,820,188,131265,2167,1,68
0:56:294,3813,903,230,131267,2169,1,68
0:56:297,3988,862,211,131264,2170,1,68
0:56:301,3813,796,176,131266,2172,1,68
0:56:304,3988,876,227,131263,2173,1,68
0:56:308,3813,794,198,131265,2174,1,68
0:56:311,3988,786,213,131262,2176,1,68
0:56:315,3813,822,226,131265,2177,1,68
0:56:318,3988,710,216,131261,2179,1,68
0:56:322,3813,803,228,131264,2180,1,68
0:56:325,3988,759,221,131260,2182,1,68
0:56:329,3813,682,195,131263,2183,1,68
0:56:332,129,674,281,112785,2184,1,68
0:56:332,128,65535,65535,0,2184,1,68
0:56:332,384,65535,65535,112837,2184,1,68
0:56:332,2048,682,292,119913,2184,1,68
0:56:332,3028,65535,65535,120063,2184,1,68
0:56:332,8,717,256,126735,2184,1,68
0:56:332,8,65535,65535,119981,2184,1,68
0:56:332,8,65535,65535,124904,2184,1,68
0:56:336,3813,665,204,131262,2186,1,68
0:56:339,3988,684,215,131258,2187,1,68
0:56:343,3813,682,247,131261,2189,1,68
0:56:346,3988,625,227,131257,2190,1,68
0:56:350,3813,662,241,131260,2192,1,68
0:56:353,3988,627,239,131256,2193,1,68
0:56:357,2789,589,234,131259,2195,1,68
0:56:360,3988,638,237,131255,2196,1,68
0:56:367,3984,559,252,131254,2199,1,68
0:56:371,3813,559,252,131251,2200,1,68
0:56:374,3972,512,218,131260,2202,1,68
0:56:542,128,512,218,6902,2271,1,68
0:56:598,522,137,0,45043,2293,1,68
0:56:829,593,550,223,236042,2388,1,68
0:56:854,593,918,296,399827,2398,1,68
0:56:857,593,711,211,474726,2399,1,68
0:56:910,64,55,0,11333,2421,1,68
0:56:920,16,55,0,11190,2425,1,68
0:57:011,128,55,0,11160,2462,1,68
0:57:018,64,115,0,11153,2465,1,68
0:57:022,577,111,0,11311,2466,1,68
0:57:032,200,102,0,11223,2471,1,68
0:57:039,72,125,54,11228,2473,1,68
0:57:043,593,106,0,11321,2475,1,68
0:57:046,80,106,0,11239,2476,1,68
0:57:060,64,96,0,11220,2482,1,68
0:57:071,577,100,0,11317,2486,1,68
0:57:071,256,81,0,460109,2486,1,68
0:57:074,16,77,0,11313,2488,1,68
0:57:078,593,95,0,11316,2489,1,68
0:57:081,2640,65535,65535,381550,2491,1,68
0:57:081,64,65535,65535,381564,2491,1,68
0:57:088,208,101,0,11161,2494,1,68
0:57:092,8,82,0,310265,2495,1,68
0:57:092,3072,88,0,314843,2495,1,68
0:57:092,831,65535,65535,314981,2495,1,68
0:57:095,88,84,0,11155,2496,1,68
0:57:102,200,84,0,11160,2499,1,68
0:57:113,512,84,0,152477,2504,1,68
0:57:150,0,0,0,2147483648,1454,1,69
0:57:150,0,0,0,0,1454,1,69
0:57:150,0,0,0,0,1454,1,69
0:57:150,0,0,0,0,1454,1,69
0:57:150,0,0,0,0,1454,1,69
0:57:150,0,0,0,0,1454,1,69
0:57:150,0,0,0,0,1454,1,69
0:57:150,0,0,0,0,1454,1,69
0:57:150,0,0,0,0,1454,1,69
0:57:150,0,0,0,0,1454,1,69
0:57:150,0,0,0,0,1454,1,69
0:57:150,0,0,0,0,1454,1,69
0:57:150,0,0,0,0,1454,1,69
0:57:150,0,0,0,0,1454,1,69
0:57:150,0,0,0,0,1454,1,69
0:57:150,0,0,0,0,1454,1,69
0:57:150,0,0,0,0,1454,1,69
0:57:150,0,0,0,0,1454,1,69
0:57:150,0,0,0,0,1454,1,69
0:57:150,0,0,0,0,1454,1,69
0:57:150,0,0,0,0,1454,1,69
0:57:150,0,0,0,0,1454,1,69
0:57:150,0,0,0,0,1454,1,69
0:57:150,0,0,0,0,1454,1,69
0:57:150,0,0,0,0,1454,1,69
0:57:150,0,0,0,0,1454,1,69
0:57:150,0,0,0,0,1454,1,69
0:57:150,0,0,0,0,1454,1,69
0:57:150,0,0,0,0,1454,1,69
0:57:249,3088,63,0,229031,2560,1,69
0:57:256,3600,83,0,229035,2562,1,69
0:57:260,1512,89,0,229033,2564,1,69
0:57:270,3600,115,0,229034,2568,1,69
0:57:274,1512,92,0,229036,2570,1,69
0:57:277,3600,111,0,229027,2571,1,69
0:57:281,1512,91,0,229035,2573,1,69
0:57:284,3600,108,0,229038,2574,1,69
0:57:291,3600,107,0,229037,2577,1,69
0:57:295,1512,110,0,229040,2578,1,69
0:57:298,3600,110,0,229031,2580,1,69
0:57:302,1512,101,0,229027,2581,1,69
0:57:305,3600,129,0,229030,2582,1,69
0:57:312,3600,115,0,229035,2585,1,69
0:57:316,1512,90,0,229037,2587,1,69
0:57:319,3600,81,0,229040,2588,1,69
0:57:326,3600,104,0,229033,2591,1,69
0:57:330,1512,74,0,229041,2593,1,69
0:57:337,1512,77,0,229040,2595,1,69
0:57:340,3600,107,0,229031,2597,1,69
0:57:347,3600,88,0,229030,2600,1,69
0:57:351,1512,59,0,229038,2601,1,69
0:57:358,1512,88,0,229037,2604,1,69
0:57:361,3600,88,0,229040,2605,1,69
0:57:365,232,88,0,229043,2607,1,69
0:57:368,2576,129,0,229034,2608,1,69
0:57:372,1512,80,0,229048,2610,1,69
0:57:379,1480,80,0,229047,2613,1,69
0:57:382,3600,78,0,229043,2614,1,69
0:57:403,3600,79,0,229040,2623,1,69
0:57:414,1504,81,0,229042,2627,1,69
0:57:417,2064,64,0,229050,2628,1,69
0:57:446,0,0,0,3221225472,1454,1,70
0:57:446,0,0,0,0,1454,1,70
0:57:446,0,0,0,0,1454,1,70
0:57:446,0,0,0,0,1454,1,70
0:57:446,0,0,0,0,1454,1,70
0:57:446,0,0,0,0,1454,1,70
0:57:446,0,0,0,0,1454,1,70
0:57:446,0,0,0,0,1454,1,70
0:57:446,0,0,0,0,1454,1,70
0:57:446,0,0,0,0,1454,1,70
0:57:446,0,0,0,0,1454,1,70
0:57:446,0,0,0,0,1454,1,70
0:57:446,0,0,0,0,1454,1,70
0:57:446,0,0,0,0,1454,1,70
0:57:446,0,0,0,0,1454,1,70
0:57:446,0,0,0,0,1454,1,70
0:57:446,0,0,0,0,1454,1,70
0:57:446,0,0,0,0,1454,1,70
0:57:446,0,0,0,0,1454,1,70
0:57:446,0,0,0,0,1454,1,70
0:57:446,0,0,0,0,1454,1,70
0:57:446,0,0,0,0,1454,1,70
0:57:446,0,0,0,0,1454,1,70
0:57:446,0,0,0,0,1454,1,70
0:57:446,0,0,0,0,1454,1,70
0:57:446,0,0,0,0,1454,1,70
0:57:446,0,0,0,0,1454,1,70
0:57:446,0,0,0,0,1454,1,70
0:57:446,0,0,0,0,1454,1,70
0:57:697,1024,64,0,111608,2743,1,70
0:57:792,16,233,0,485512,2781,1,70
0:57:830,512,91,0,211766,2797,1,70
0:57:841,3344,91,0,93450,2802,1,70
0:58:187,16,91,0,313083,2943,1,70
0:58:229,36,78,0,464077,2960,1,70
0:58:229,36,65535,65535,0,2960,1,70
0:58:726,256,65535,65535,411559,3164,1,70
0:58:733,2080,180,0,426791,3167,1,70
0:58:775,2068,180,0,321701,3184,1,70
0:58:775,513,180,0,331756,3184,1,70
0:58:803,17,180,0,461781,3195,1,70
0:58:866,37,233,75,218248,3221,1,70
0:58:912,2069,292,81,402390,3240,1,70
0:58:996,1216,292,81,242682,3274,1,70
0:58:996,26,163,73,245904,3274,1,70
0:58:996,1154,489,96,249132,3274,1,70
0:58:996,10,489,96,252438,3274,1,70
0:59:152,0,0,0,2147483648,1454,1,71
0:59:152,0,0,0,0,1454,1,71
0:59:152,0,0,0,0,1454,1,71
0:59:152,0,0,0,0,1454,1,71
0:59:152,0,0,0,0,1454,1,71
0:59:152,0,0,0,0,1454,1,71
0:59:152,0,0,0,0,1454,1,71
0:59:152,0,0,0,0,1454,1,71
0:59:152,0,0,0,0,1454,1,71
0:59:152,0,0,0,0,1454,1,71
0:59:152,0,0,0,0,1454,1,71
0:59:152,0,0,0,0,1454,1,71
0:59:152,0,0,0,0,1454,1,71
0:59:152,0,0,0,0,1454,1,71
0:59:152,0,0,0,0,1454,1,71
0:59:152,0,0,0,0,1454,1,71
0:59:152,0,0,0,0,1454,1,71
0:59:152,0,0,0,0,1454,1,71
0:59:152,0,0,0,0,1454,1,71
0:59:152,0,0,0,0,1454,1,71
0:59:152,0,0,0,0,1454,1,71
0:59:152,0,0,0,0,1454,1,71
0:59:152,0,0,0,0,1454,1,71
0:59:152,0,0,0,0,1454,1,71
0:59:152,0,0,0,0,1454,1,71
0:59:152,0,0,0,0,1454,1,71
0:59:152,0,0,0,0,1454,1,71
0:59:152,0,0,0,0,1454,1,71
0:59:152,0,0,0,0,1454,1,71
0:59:153,1552,114,0,230274,3338,1,71
0:59:157,144,338,102,170572,3340,1,71
0:59:157,144,65535,65535,170600,3340,1,71
0:59:160,1552,117,0,230262,3341,1,71
0:59:167,1552,133,0,230267,3344,1,71
0:59:174,528,126,0,230266,3347,1,71
0:59:178,1511,125,0,230257,3348,1,71
0:59:181,1552,122,0,230265,3350,1,71
0:59:185,1511,146,0,230263,3351,1,71
0:59:188,1552,146,0,230265,3353,1,71
0:59:192,1511,125,0,230267,3354,1,71
0:59:192,3028,93,0,303286,3354,1,71
0:59:199,1511,140,0,230261,3357,1,71
0:59:202,1552,149,0,230258,3358,1,71
0:59:202,3028,66,0,246049,3358,1,71
0:59:206,1511,139,0,230261,3360,1,71
0:59:206,1514,75,0,483714,3360,1,71
0:59:216,1552,167,0,230263,3364,1,71
0:59:220,1511,137,0,230259,3366,1,71
0:59:223,2768,70,0,138685,3367,1,71
0:59:223,1552,145,0,230255,3367,1,71
0:59:227,1511,151,0,230258,3368,1,71
0:59:227,1512,91,0,373127,3368,1,71
0:59:230,1552,158,0,230261,3370,1,71
0:59:234,1511,172,0,230257,3371,1,71
0:59:237,1552,156,0,230248,3373,1,71
0:59:241,1511,163,0,230263,3374,1,71
0:59:244,1552,166,0,230253,3376,1,71
0:59:248,1511,165,0,230250,3377,1,71
0:59:248,1514,99,0,246216,3377,1,71
0:59:251,1552,180,0,230259,3378,1,71
0:59:251,3028,83,0,478696,3378,1,71
0:59:255,1511,162,0,230255,3380,1,71
0:59:258,1258,76,0,188049,3381,1,71
0:59:258,1552,174,0,230251,3381,1,71
0:59:262,1511,163,0,230249,3383,1,71
0:59:265,1552,146,0,230251,3384,1,71
0:59:272,1552,167,0,230250,3387,1,71
0:59:272,3008,78,0,342160,3387,1,71
0:59:276,1511,151,0,230252,3388,1,71
0:59:279,1552,158,54,230255,3390,1,71
0:59:283,1511,163,0,230246,3391,1,71
0:59:283,3028,84,0,290767,3391,1,71
0:59:286,1552,168,15,230243,3393,1,71
0:59:290,1511,165,0,230245,3394,1,71
0:59:293,1552,151,0,230253,3396,1,71
0:59:293,2768,79,0,240298,3396,1,71
0:59:297,1511,156,0,230256,3397,1,71
0:59:300,1552,153,0,230253,3398,1,71
0:59:304,1511,138,0,230244,3400,1,71
0:59:311,1511,160,0,230243,3403,1,71
0:59:314,1552,178,0,230251,3404,1,71
0:59:318,1511,165,0,230254,3406,1,71
0:59:321,1552,160,0,230250,3407,1,71
0:59:328,1552,172,0,230244,3410,1,71
0:59:332,1511,140,0,230247,3411,1,71
0:59:335,1552,128,0,230249,3413,1,71
0:59:339,1511,118,0,230258,3414,1,71
0:59:342,1040,173,0,230254,3416,1,71
0:59:346,1447,131,0,230239,3417,1,71
0:59:349,1552,133,0,230235,3419,1,71
0:59:353,1511,146,0,230244,3420,1,71
0:59:360,1511,133,0,230243,3423,1,71
0:59:363,1552,133,0,230246,3424,1,71
0:59:367,1511,125,0,230242,3426,1,71
0:59:374,1511,146,0,230242,3429,1,71
0:59:377,1552,96,0,230238,3430,1,71
0:59:381,487,115,0,230252,3431,1,71
0:59:448,0,0,0,3221225472,1454,1,72
0:59:448,0,0,0,0,1454,1,72
0:59:448,0,0,0,0,1454,1,72
0:59:448,0,0,0,0,1454,1,72
0:59:448,0,0,0,0,1454,1,72
0:59:448,0,0,0,0,1454,1,72
0:59:448,0,0,0,0,1454,1,72
0:59:448,0,0,0,0,1454,1,72
0:59:448,0,0,0,0,1454,1,72
0:59:448,0,0,0,0,1454,1,72
0:59:448,0,0,0,0,1454,1,72
0:59:448,0,0,0,0,1454,1,72
0:59:448,0,0,0,0,1454,1,72
0:59:448,0,0,0,0,1454,1,72
0:59:448,0,0,0,0,1454,1,72
0:59:448,0,0,0,0,1454,1,72
0:59:448,0,0,0,0,1454,1,72
0:59:448,0,0,0,0,1454,1,72
0:59:448,0,0,0,0,1454,1,72
0:59:448,0,0,0,0,1454,1,72
0:59:448,0,0,0,0,1454,1,72
0:59:448,0,0,0,0,1454,1,72
0:59:448,0,0,0,0,1454,1,72
0:59:448,0,0,0,0,1454,1,72
0:59:448,0,0,0,0,1454,1,72
0:59:448,0,0,0,0,1454,1,72
0:59:448,0,0,0,0,1454,1,72
0:59:448,0,0,0,0,1454,1,72
0:59:448,0,0,0,0,1454,1,72
0:59:559,257,115,0,466728,3504,1,72
0:59:671,12,85,0,183360,3550,1,72
0:59:857,512,157,0,159626,3626,1,72
1:00:081,133,157,0,130710,3718,1,72
1:00:088,2208,157,0,130710,3721,1,72
1:00:091,384,157,0,130712,3722,1,72
1:00:102,549,157,0,130702,3727,1,72
1:00:105,462,86,0,90769,3728,1,72
1:00:109,3233,257,16,130701,3729,1,72
1:00:112,3632,100,0,62533,3731,1,72
1:00:112,2048,65535,65535,0,3731,1,72
1:00:112,128,99,0,104202,3731,1,72
1:00:112,1025,90,0,107454,3731,1,72
1:00:112,512,65535,65535,114056,3731,1,72
1:00:112,512,65535,65535,114075,3731,1,72
1:00:112,852,136,0,420798,3731,1,72
1:00:116,3173,245,0,130700,3732,1,72
1:00:119,206,88,0,90792,3734,1,72
1:00:123,2277,273,70,130699,3735,1,72
1:00:123,2510,161,52,510823,3735,1,72
1:00:126,3988,161,52,130695,3737,1,72
1:00:126,852,122,0,330823,3737,1,72
1:00:130,1761,261,0,130698,3738,1,72
1:00:130,2510,157,0,405841,3738,1,72
1:00:133,3732,157,0,130695,3739,1,72
1:00:133,592,131,0,180855,3739,1,72
1:00:137,3812,292,25,130704,3741,1,72
1:00:137,2510,143,0,255861,3741,1,72
1:00:140,3988,143,0,130700,3742,1,72
1:00:144,2510,124,0,105887,3744,1,72
1:00:144,3813,124,0,130696,3744,1,72
1:00:144,852,158,0,465881,3744,1,72
1:00:147,3988,301,58,130694,3745,1,72
1:00:151,3813,316,24,130696,3747,1,72
1:00:151,2510,134,0,135898,3747,1,72
1:00:151,852,140,0,495915,3747,1,72
1:00:154,3988,302,0,130693,3748,1,72
1:00:158,3813,326,0,130689,3749,1,72
1:00:158,2510,139,0,165920,3749,1,72
1:00:158,852,143,0,458421,3749,1,72
1:00:161,3988,304,0,130697,3751,1,72
1:00:165,2510,103,0,98433,3752,1,72
1:00:165,3813,329,0,130688,3752,1,72
1:00:165,852,157,0,398440,3752,1,72
1:00:168,3988,325,0,130691,3754,1,72
1:00:168,2510,168,0,473446,3754,1,72
1:00:172,3813,324,0,130694,3755,1,72
1:00:175,3988,314,18,130684,3757,1,72
1:00:175,2510,191,0,323478,3757,1,72
1:00:179,852,133,0,98467,3758,1,72
1:00:179,3813,311,81,130687,3758,1,72
1:00:182,2510,105,0,83494,3760,1,72
1:00:182,3988,338,18,130683,3760,1,72
1:00:182,852,196,0,443494,3760,1,72
1:00:186,3813,330,55,130692,3761,1,72
1:00:189,3988,341,62,130682,3762,1,72
1:00:193,3813,341,62,130680,3764,1,72
1:00:196,3988,326,78,130681,3765,1,72
1:00:200,3813,329,0,130691,3767,1,72
1:00:203,3988,337,77,130681,3768,1,72
1:00:207,3813,349,77,130683,3770,1,72
1:00:210,3988,335,86,130680,3771,1,72
1:00:214,3813,335,86,130682,3772,1,72
1:00:217,3988,324,83,130680,3774,1,72
1:00:221,3813,345,88,130670,3775,1,72
1:00:221,256,345,88,260640,3775,1,72
1:00:224,3988,338,66,130673,3777,1,72
1:00:228,3813,354,85,130675,3778,1,72
1:00:231,3988,314,94,130672,3779,1,72
1:00:231,852,168,0,156285,3779,1,72
1:00:235,3813,348,86,130674,3781,1,72
1:00:242,3813,300,56,130673,3784,1,72
1:00:245,3988,334,91,130664,3785,1,72
1:00:249,3813,364,92,130661,3787,1,72
1:00:252,3988,366,85,130669,3788,1,72
1:00:252,852,160,0,156288,3788,1,72
1:00:256,3813,331,100,130672,3790,1,72
1:00:259,3988,309,83,130668,3791,1,72
1:00:263,3813,313,101,130671,3793,1,72
1:00:266,3988,330,87,130662,3794,1,72
1:00:266,852,155,0,156293,3794,1,72
1:00:270,3813,345,82,130670,3795,1,72
1:00:273,3988,331,73,130666,3797,1,72
1:00:277,3813,324,69,130664,3798,1,72
1:00:277,2506,178,61,156295,3798,1,72
1:00:280,161,98,0,274441,3800,1,72
1:00:280,3297,65535,65535,274509,3800,1,72
1:00:280,2273,65535,65535,274516,3800,1,72
1:00:284,3813,312,81,130663,3801,1,72
1:00:287,3988,307,81,130665,3802,1,72
1:00:291,3813,327,90,130662,3804,1,72
1:00:294,3988,307,90,130658,3805,1,72
1:00:298,3813,316,94,130661,3807,1,72
1:00:301,3988,305,89,130657,3808,1,72
1:00:305,3813,294,76,130665,3810,1,72
1:00:308,3988,320,69,130663,3811,1,72
1:00:312,256,148,0,414712,3813,1,72
1:00:357,2051,148,0,398479,3831,1,72
1:00:571,16,66,0,213943,3918,1,72
1:00:578,128,54,0,151603,3921,1,72
1:00:581,16,106,0,519530,3923,1,72
1:00:588,4,62,0,413482,3926,1,72
1:00:725,1525,216,0,193835,3982,1,72
1:00:728,2640,217,0,193838,3983,1,72
1:00:732,1525,218,33,193829,3984,1,72
1:00:735,2640,217,38,193831,3986,1,72
1:00:739,1525,216,64,193833,3987,1,72
1:00:742,2640,195,16,193836,3989,1,72
1:00:749,2640,229,0,193841,3992,1,72
1:00:756,2640,205,0,193829,3995,1,72
1:00:763,2640,235,0,193840,3997,1,72
1:00:767,1525,242,14,193842,3999,1,72
1:00:770,2640,210,0,193839,4000,1,72
1:00:781,132,449,170,102666,4005,1,72
1:00:784,2128,211,0,193843,4006,1,72
1:00:784,149,200,66,374812,4006,1,72
1:00:791,2640,242,0,193830,4009,1,72
1:00:802,1525,228,0,193831,4013,1,72
1:00:805,2640,227,0,193841,4015,1,72
1:00:816,16,227,0,108859,4019,1,72
1:00:819,768,572,268,108862,4020,1,72
1:00:823,1525,221,0,193841,4022,1,72
1:00:823,2932,65535,65535,416204,4022,1,72
1:00:823,512,196,0,422881,4022,1,72
1:00:833,336,223,0,108860,4026,1,72
1:00:833,2640,209,0,193849,4026,1,72
1:00:837,5,156,52,87245,4028,1,72
1:00:837,1525,206,0,193840,4028,1,72
1:00:840,80,206,0,108878,4029,1,72
1:00:847,2640,211,0,193841,4032,1,72
1:00:851,1525,208,0,193850,4033,1,72
1:00:851,16,208,0,276445,4033,1,72
1:00:858,129,203,97,108872,4036,1,72
1:00:858,1525,209,0,193844,4036,1,72
1:00:858,976,815,322,207523,4036,1,72
1:00:861,64,657,291,108875,4037,1,72
1:00:861,2640,196,0,193852,4037,1,72
1:00:861,976,241,100,220683,4037,1,72
1:00:865,133,856,320,272021,4039,1,72
1:00:865,149,856,320,460628,4039,1,72
1:00:868,264,819,320,159568,4040,1,72
1:00:875,512,819,320,108874,4043,1,72
1:00:875,2640,208,0,193857,4043,1,72
1:00:879,132,716,339,108877,4045,1,72
1:00:879,1525,173,0,193847,4045,1,72
1:00:879,149,864,322,419894,4045,1,72
1:00:882,2679,65535,65535,297396,4046,1,72
1:00:882,1024,910,337,303846,4046,1,72
1:00:882,4,895,393,307074,4046,1,72
1:00:882,1536,903,344,310296,4046,1,72
1:00:882,1024,65535,65535,307141,4046,1,72
1:00:882,1024,65535,65535,307155,4046,1,72
1:00:886,976,982,338,500135,4048,1,72
1:00:896,576,184,0,193855,4052,1,72
1:00:914,4,160,0,108880,4059,1,72
1:00:914,1525,172,0,193862,4059,1,72
1:00:921,128,172,0,108885,4062,1,72
1:00:921,1525,172,0,193867,4062,1,72
1:00:924,128,824,392,108887,4063,1,72
1:00:924,2128,153,0,193864,4063,1,72
1:00:928,21,846,395,108885,4065,1,72
1:00:928,1525,145,0,193860,4065,1,72
1:00:931,848,145,0,108886,4066,1,72
1:00:931,2128,133,0,193875,4066,1,72
1:00:935,149,133,0,108889,4067,1,72
1:00:935,1509,148,0,193878,4067,1,72
1:00:938,464,889,396,108886,4069,1,72
1:00:938,2624,104,0,193869,4069,1,72
1:00:942,149,896,386,108888,4070,1,72
1:00:945,960,897,369,108891,4072,1,72
1:00:949,149,915,401,108894,4073,1,72
1:00:949,1525,102,0,193882,4073,1,72
1:00:952,976,905,409,108890,4075,1,72
1:00:952,2640,112,0,193867,4075,1,72
1:00:956,149,946,414,108893,4076,1,72
1:00:956,1524,106,15,193875,4076,1,72
1:00:959,976,942,387,108889,4078,1,72
1:00:963,149,954,391,108899,4079,1,72
1:00:963,2640,64,0,161781,4079,1,72
1:00:966,976,944,352,108895,4080,1,72
1:00:966,2640,107,0,193890,4080,1,72
1:00:970,149,978,377,108891,4082,1,72
1:00:970,1520,978,377,193880,4082,1,72
1:00:977,149,1002,381,108897,4085,1,72
1:00:977,1073,1002,381,193885,4085,1,72
1:00:977,1121,1002,381,330293,4085,1,72
1:00:980,976,972,386,108900,4086,1,72
1:00:984,149,1013,370,108902,4088,1,72
1:00:987,976,1035,363,108899,4089,1,72
1:00:987,1153,1035,363,274406,4089,1,72
1:00:991,149,1038,369,108896,4090,1,72
1:00:991,485,1038,369,193896,4090,1,72
1:00:991,2064,1038,369,502500,4090,1,72
1:00:994,976,1037,341,108899,4092,1,72
1:00:998,149,1047,341,108901,4093,1,72
1:00:998,1444,1047,341,193895,4093,1,72
1:00:998,148,1047,341,207677,4093,1,72
1:01:001,976,1067,333,108904,4095,1,72
1:01:005,149,1082,336,108906,4096,1,72
1:01:008,976,1061,322,108909,2,1,73
1:01:012,149,1100,353,108900,3,1,73
1:01:015,960,1082,355,108903,4,1,73
1:01:019,149,1110,319,108906,6,1,73
1:01:022,976,1096,292,108909,7,1,73
1:01:026,149,1113,311,108912,9,1,73
1:01:029,976,1091,305,108902,10,1,73
1:01:033,149,1116,267,108905,12,1,73
1:01:036,976,1116,260,108908,13,1,73
1:01:040,149,1088,239,108911,15,1,73
1:01:040,17,1088,239,267200,15,1,73
1:01:043,976,1118,236,108914,16,1,73
1:01:047,149,1134,259,108916,17,1,73
1:01:050,976,1138,241,108908,19,1,73
1:01:050,132,387,74,484489,19,1,73
1:01:050,2932,65535,65535,484639,19,1,73
1:01:050,516,343,57,488011,19,1,73
1:01:050,2582,354,54,491317,19,1,73
1:01:050,2167,65535,65535,491385,19,1,73
1:01:050,2326,65535,65535,491399,19,1,73
1:01:050,522,371,78,494833,19,1,73
1:01:050,520,65535,65535,491385,19,1,73
1:01:050,520,65535,65535,491399,19,1,73
1:01:050,4,367,70,498139,19,1,73
1:01:054,149,1105,226,108911,20,1,73
1:01:057,976,1122,243,108914,22,1,73
1:01:061,149,1122,238,108916,23,1,73
1:01:064,976,1118,228,108919,25,1,73
1:01:068,149,1137,229,108911,26,1,73
1:01:071,976,1143,215,108914,27,1,73
1:01:075,149,1140,205,108916,29,1,73
1:01:078,976,1132,196,108919,30,1,73
1:01:082,149,1107,211,108922,32,1,73
1:01:085,976,1119,221,108919,33,1,73
1:01:089,149,1135,192,108915,34,1,73
1:01:092,976,1103,191,108918,36,1,73
1:01:096,149,1118,222,108921,37,1,73
1:01:099,976,1111,184,108924,39,1,73
1:01:103,149,1091,181,108927,40,1,73
1:01:106,976,1083,184,108924,42,1,73
1:01:110,149,1097,213,108921,43,1,73
1:01:113,976,1074,184,108924,45,1,73
1:01:117,149,1059,211,108927,46,1,73
1:01:120,976,1083,182,108930,48,1,73
1:01:124,149,1043,179,108927,49,1,73
1:01:127,976,1060,192,108923,50,1,73
1:01:131,149,1015,182,108926,52,1,73
1:01:134,976,1013,186,108929,53,1,73
1:01:138,149,1014,218,108931,55,1,73
1:01:141,976,977,204,108934,56,1,73
1:01:145,149,977,190,108931,57,1,73
1:01:148,976,959,208,108928,59,1,73
1:01:152,149,976,208,108930,60,1,73
1:01:154,0,0,0,2147483648,1454,1,73
1:01:154,0,0,0,0,1454,1,73
1:01:154,0,0,0,0,1454,1,73
1:01:154,0,0,0,0,1454,1,73
1:01:154,0,0,0,0,1454,1,73
1:01:154,0,0,0,0,1454,1,73
1:01:154,0,0,0,0,1454,1,73
1:01:154,0,0,0,0,1454,1,73
1:01:154,0,0,0,0,1454,1,73
1:01:154,0,0,0,0,1454,1,73
1:01:154,0,0,0,0,1454,1,73
1:01:154,0,0,0,0,1454,1,73
1:01:154,0,0,0,0,1454,1,73
1:01:154,0,0,0,0,1454,1,73
1:01:154,0,0,0,0,1454,1,73
1:01:154,0,0,0,0,1454,1,73
1:01:154,0,0,0,0,1454,1,73
1:01:154,0,0,0,0,1454,1,73
1:01:154,0,0,0,0,1454,1,73
1:01:154,0,0,0,0,1454,1,73
1:01:154,0,0,0,0,1454,1,73
1:01:154,0,0,0,0,1454,1,73
1:01:154,0,0,0,0,1454,1,73
1:01:154,0,0,0,0,1454,1,73
1:01:154,0,0,0,0,1454,1,73
1:01:154,0,0,0,0,1454,1,73
1:01:154,0,0,0,0,1454,1,73
1:01:154,0,0,0,0,1454,1,73
1:01:154,0,0,0,0,1454,1,73
1:01:155,976,951,214,108933,62,1,74
1:01:159,149,901,191,108936,63,1,74
1:01:162,976,916,238,108939,65,1,74
1:01:166,149,900,238,108930,66,1,74
1:01:169,976,873,226,108932,68,1,74
1:01:173,149,879,247,108935,69,1,74
1:01:176,976,850,236,108938,70,1,74
1:01:180,149,839,228,108941,72,1,74
1:01:183,976,829,237,108943,73,1,74
1:01:187,149,790,224,108940,75,1,74
1:01:190,976,777,223,108936,76,1,74
1:01:197,976,758,240,108942,79,1,74
1:01:201,149,752,259,108945,80,1,74
1:01:201,10,752,259,249984,80,1,74
1:01:204,976,710,252,108941,82,1,74
1:01:208,149,702,259,108944,83,1,74
1:01:211,976,686,254,108941,85,1,74
1:01:211,1,686,254,176883,85,1,74
1:01:215,149,679,264,108944,86,1,74
1:01:218,976,661,269,108945,88,1,74
1:01:218,149,179,79,405839,88,1,74
1:01:222,149,649,248,108943,89,1,74
1:01:222,976,180,0,411217,89,1,74
1:01:225,976,611,265,108945,90,1,74
1:01:225,1024,187,58,358211,90,1,74
1:01:229,149,601,255,108948,92,1,74
1:01:229,149,200,35,511541,92,1,74
1:01:232,960,600,255,108945,93,1,74
1:01:232,976,193,0,497246,93,1,74
1:01:236,148,564,247,108953,95,1,74
1:01:246,576,564,247,64280,99,1,74
1:01:253,149,149,0,184997,102,1,74
1:01:257,336,147,0,170240,103,1,74
1:01:264,149,171,0,277763,106,1,74
1:01:309,128,171,0,260565,125,1,74
1:01:316,17,84,0,189142,128,1,74
1:01:316,896,84,0,192359,128,1,74
1:01:316,512,90,0,195520,128,1,74
1:01:320,725,90,0,260567,129,1,74
1:01:323,532,90,0,260570,131,1,74
1:01:327,453,296,85,260566,132,1,74
1:01:330,2708,295,102,260564,134,1,74
1:01:334,981,304,109,260572,135,1,74
1:01:337,2708,304,109,260569,136,1,74
1:01:344,2708,317,106,260562,139,1,74
1:01:348,981,346,96,260565,141,1,74
1:01:351,660,311,98,260567,142,1,74
1:01:355,981,333,98,260564,144,1,74
1:01:358,2708,331,109,260561,145,1,74
1:01:362,469,362,133,260563,146,1,74
1:01:365,2708,351,102,260560,148,1,74
1:01:369,981,351,102,260563,149,1,74
1:01:372,2708,371,121,260559,151,1,74
1:01:379,2708,371,98,260558,153,1,74
1:01:383,981,377,98,260554,155,1,74
1:01:386,2708,379,103,260557,156,1,74
1:01:390,981,370,94,260554,158,1,74
1:01:393,2708,406,114,260556,159,1,74
1:01:397,981,384,86,260553,161,1,74
1:01:400,128,178,51,57891,162,1,74
1:01:400,2,222,92,65319,162,1,74
1:01:400,2,65535,65535,65386,162,1,74
1:01:404,981,413,106,260552,164,1,74
1:01:407,2708,428,112,260549,165,1,74
1:01:411,981,396,77,260551,166,1,74
1:01:414,2708,385,76,260548,168,1,74
1:01:418,981,423,78,260550,169,1,74
1:01:421,2708,421,110,260548,171,1,74
1:01:425,981,438,106,260550,172,1,74
1:01:428,2708,444,97,260547,174,1,74
1:01:432,981,423,97,260549,175,1,74
1:01:435,2708,416,72,260551,176,1,74
1:01:439,981,416,72,260549,178,1,74
1:01:442,2708,420,92,260545,179,1,74
1:01:446,981,399,86,260541,181,1,74
1:01:449,2708,434,86,260544,182,1,74
1:01:450,0,0,0,3221225472,1454,1,74
1:01:450,0,0,0,0,1454,1,74
1:01:450,0,0,0,0,1454,1,74
1:01:450,0,0,0,0,1454,1,74
1:01:450,0,0,0,0,1454,1,74
1:01:450,0,0,0,0,1454,1,74
1:01:450,0,0,0,0,1454,1,74
1:01:450,0,0,0,0,1454,1,74
1:01:450,0,0,0,0,1454,1,74
1:01:450,0,0,0,0,1454,1,74
1:01:450,0,0,0,0,1454,1,74
1:01:450,0,0,0,0,1454,1,74
1:01:450,0,0,0,0,1454,1,74
1:01:450,0,0,0,0,1454,1,74
1:01:450,0,0,0,0,1454,1,74
1:01:450,0,0,0,0,1454,1,74
1:01:450,0,0,0,0,1454,1,74
1:01:450,0,0,0,0,1454,1,74
1:01:450,0,0,0,0,1454,1,74
1:01:450,0,0,0,0,1454,1,74
1:01:450,0,0,0,0,1454,1,74
1:01:450,0,0,0,0,1454,1,74
1:01:450,0,0,0,0,1454,1,74
1:01:450,0,0,0,0,1454,1,74
1:01:450,0,0,0,0,1454,1,74
1:01:450,0,0,0,0,1454,1,74
1:01:450,0,0,0,0,1454,1,74
1:01:450,0,0,0,0,1454,1,74
1:01:450,0,0,0,0,1454,1,74
1:01:453,6,267,120,76254,184,1,75
1:01:456,2708,402,86,260543,185,1,75
1:01:460,981,424,96,260546,187,1,75
1:01:463,2708,433,99,260543,188,1,75
1:01:467,981,406,71,260539,190,1,75
1:01:470,2708,424,98,260542,191,1,75
1:01:474,981,442,82,260538,192,1,75
1:01:477,2708,423,67,260541,194,1,75
1:01:481,981,411,95,260537,195,1,75
1:01:484,2708,415,95,260540,197,1,75
1:01:488,981,410,115,260537,198,1,75
1:01:491,2708,273,30,88661,199,1,75
1:01:491,2708,386,49,260539,199,1,75
1:01:495,981,421,95,260536,201,1,75
1:01:498,981,422,79,190418,202,1,75
1:01:498,2708,415,93,260533,202,1,75
1:01:505,3063,65535,65535,119300,205,1,75
1:01:512,981,390,97,257382,208,1,75
1:01:516,981,389,113,260535,209,1,75
1:01:519,2708,394,64,260531,211,1,75
1:01:519,981,365,69,380715,211,1,75
1:01:523,981,379,105,260528,212,1,75
1:01:523,2708,399,120,361152,212,1,75
1:01:526,2708,399,120,260530,214,1,75
1:01:530,981,375,98,260527,215,1,75
1:01:530,981,331,86,478263,215,1,75
1:01:533,2708,371,110,260530,217,1,75
1:01:533,2708,343,73,470940,217,1,75
1:01:537,981,353,95,260526,218,1,75
1:01:540,2708,364,110,260529,220,1,75
1:01:544,981,342,90,260526,221,1,75
1:01:547,2708,335,96,260529,222,1,75
1:01:551,981,335,96,260525,224,1,75
1:01:554,2708,332,100,260522,225,1,75
1:01:558,981,332,121,260525,227,1,75
1:01:561,2708,308,114,260528,228,1,75
1:01:565,981,322,98,260524,230,1,75
1:01:568,2708,297,93,260521,231,1,75
1:01:575,2708,317,108,260520,234,1,75
1:01:582,144,271,87,260514,237,1,75
1:01:589,2196,271,87,260525,240,1,75
1:01:596,2580,248,113,260513,242,1,75
1:01:600,68,248,113,260516,244,1,75
1:01:691,1,248,113,286830,281,1,75
1:01:694,1,360,0,392786,283,1,75
1:01:810,8,360,0,426929,330,1,75
1:01:820,513,610,0,282873,334,1,75
1:01:820,1024,50,0,286101,334,1,75
1:01:831,1281,397,0,72153,338,1,75
1:01:838,2,105,0,501918,341,1,75
1:01:841,2560,78,0,223994,343,1,75
1:01:852,912,89,0,166313,347,1,75
1:01:852,2060,89,0,516503,347,1,75
1:01:890,2816,475,0,439139,363,1,75
1:01:897,1472,116,0,141322,366,1,75
1:01:915,132,490,124,461861,373,1,75
1:01:915,2900,65535,65535,462011,373,1,75
1:01:915,1622,514,139,465706,373,1,75
1:01:929,512,614,252,111802,379,1,75
1:01:936,512,623,266,111801,381,1,75
1:01:936,480,141,0,349624,381,1,75
1:01:939,3760,641,260,111804,383,1,75
1:01:939,3028,641,260,349621,383,1,75
1:01:943,512,626,235,111806,384,1,75
1:01:943,1258,626,235,349624,384,1,75
1:01:946,3760,672,260,111803,386,1,75
1:01:946,2964,144,60,349620,386,1,75
1:01:950,512,692,285,111806,387,1,75
1:01:950,1514,166,0,349629,387,1,75
1:01:953,3760,718,259,111808,388,1,75
1:01:953,3024,173,70,349620,388,1,75
1:01:957,512,739,260,111805,390,1,75
1:01:957,1512,146,0,349628,390,1,75
1:01:960,3760,720,231,111808,391,1,75
1:01:960,3028,161,0,349625,391,1,75
1:01:964,512,704,250,111804,393,1,75
1:01:964,1378,169,36,349634,393,1,75
1:01:967,3760,770,238,111807,394,1,75
1:01:967,3028,156,62,349624,394,1,75
1:01:971,512,768,223,111810,396,1,75
1:01:971,1226,168,0,349633,396,1,75
1:01:974,3760,773,233,111811,397,1,75
1:01:974,3028,163,55,349623,397,1,75
1:01:978,512,796,238,111809,399,1,75
1:01:978,1514,190,0,349632,399,1,75
1:01:981,3760,774,244,111811,400,1,75
1:01:981,3028,204,0,349629,400,1,75
1:01:985,512,808,243,111813,401,1,75
1:01:988,3760,832,244,111810,403,1,75
1:01:988,3028,185,57,349628,403,1,75
1:01:992,512,830,207,111812,404,1,75
1:01:992,1514,180,0,349636,404,1,75
1:01:995,3760,841,219,111815,406,1,75
1:01:995,3028,206,77,349633,406,1,75
1:01:999,512,855,225,111818,407,1,75
1:01:999,1514,178,0,349635,407,1,75
1:02:002,3760,859,215,111814,409,1,75
1:02:002,3028,170,66,349633,409,1,75
1:02:006,512,876,197,111817,410,1,75
1:02:006,1514,198,39,349641,410,1,75
1:02:009,3760,881,225,111813,411,1,75
1:02:009,3028,181,54,349637,411,1,75
1:02:013,512,869,202,111816,413,1,75
1:02:013,128,810,157,238846,413,1,75
1:02:013,2933,65535,65535,238996,413,1,75
1:02:013,256,779,136,249424,413,1,75
1:02:013,4091,65535,65535,249574,413,1,75
1:02:016,3760,887,201,111819,414,1,75
1:02:016,3028,185,0,349636,414,1,75
1:02:020,512,891,183,111822,416,1,75
1:02:020,1514,179,0,349645,416,1,75
1:02:023,3760,907,214,111818,417,1,75
1:02:023,3028,198,0,349635,417,1,75
1:02:027,512,894,184,111821,419,1,75
1:02:027,1514,184,0,349644,419,1,75
1:02:030,3760,916,199,111817,420,1,75
1:02:030,3028,187,0,349647,420,1,75
1:02:034,512,912,163,111820,422,1,75
1:02:034,1514,183,0,349644,422,1,75
1:02:037,3760,909,165,111823,423,1,75
1:02:037,3028,193,35,349646,423,1,75
1:02:041,512,931,168,111825,425,1,75
1:02:041,1514,202,57,349649,425,1,75
1:02:044,3760,932,199,111827,426,1,75
1:02:044,3028,194,0,349651,426,1,75
1:02:048,512,930,159,111825,428,1,75
1:02:048,1514,195,0,349648,428,1,75
1:02:051,3760,924,190,111826,429,1,75
1:02:051,3028,199,0,349645,429,1,75
1:02:055,512,940,167,111824,430,1,75
1:02:055,1514,191,0,349641,430,1,75
1:02:058,3760,942,193,111826,432,1,75
1:02:058,3028,176,0,349650,432,1,75
1:02:062,512,928,179,111828,433,1,75
1:02:062,1514,210,0,349647,433,1,75
1:02:065,3760,954,178,111825,434,1,75
1:02:065,3028,201,0,349655,434,1,75
1:02:065,132,887,148,512570,434,1,75
1:02:065,2932,65535,65535,512720,434,1,75
1:02:065,516,897,151,516092,434,1,75
1:02:069,1514,168,0,349651,436,1,75
1:02:072,3760,922,185,111830,437,1,75
1:02:072,3028,206,0,349654,437,1,75
1:02:076,512,930,196,111827,439,1,75
1:02:076,1514,169,0,349645,439,1,75
1:02:079,3760,942,196,111830,440,1,75
1:02:079,3028,176,0,349660,440,1,75
1:02:083,512,919,183,111832,442,1,75
1:02:083,1506,194,0,349644,442,1,75
1:02:086,3760,907,175,111829,443,1,75
1:02:090,512,900,208,111831,444,1,75
1:02:090,1514,176,0,349661,444,1,75
1:02:093,3760,932,201,111834,446,1,75
1:02:093,3028,169,0,349658,446,1,75
1:02:097,512,883,182,111831,447,1,75
1:02:100,3760,910,195,111833,449,1,75
1:02:100,3028,171,0,349663,449,1,75
1:02:104,512,888,183,111836,450,1,75
1:02:104,1514,169,0,349654,450,1,75
1:02:107,3760,876,204,111833,452,1,75
1:02:107,3028,169,0,349668,452,1,75
1:02:111,512,895,242,111835,453,1,75
1:02:111,1514,147,0,349653,453,1,75
1:02:114,3760,866,213,111832,455,1,75
1:02:114,3028,147,0,349667,455,1,75
1:02:118,512,848,209,111840,456,1,75
1:02:118,1514,173,51,349665,456,1,75
1:02:121,3760,837,234,111837,457,1,75
1:02:121,3028,160,0,349666,457,1,75
1:02:125,512,838,228,111840,459,1,75
1:02:125,1514,167,0,349664,459,1,75
1:02:128,3760,804,211,111842,460,1,75
1:02:128,3028,128,0,349666,460,1,75
1:02:132,512,813,235,111839,462,1,75
1:02:135,3760,803,226,111841,463,1,75
1:02:135,2516,176,0,349659,463,1,75
1:02:139,512,802,259,111839,464,1,75
1:02:142,3760,785,242,111840,466,1,75
1:02:142,3028,145,0,349670,466,1,75
1:02:146,512,768,224,111843,467,1,75
1:02:146,1514,141,0,349661,467,1,75
1:02:149,3760,768,263,111846,469,1,75
1:02:149,3028,135,0,349670,469,1,75
1:02:153,512,744,249,111842,470,1,75
1:02:153,3028,127,0,447885,470,1,75
1:02:156,3760,709,250,111845,472,1,75
1:02:160,512,724,261,111842,473,1,75
1:02:160,1514,130,0,161893,473,1,75
1:02:160,1450,112,0,349683,473,1,75
1:02:163,3760,692,246,111844,475,1,75
1:02:163,3012,125,0,349680,475,1,75
1:02:163,2516,131,0,399953,475,1,75
1:02:167,512,694,275,111847,476,1,75
1:02:170,3760,688,297,111843,477,1,75
1:02:174,512,655,268,111853,479,1,75
1:02:174,2388,655,268,348146,479,1,75
1:02:177,3760,657,274,111843,480,1,75
1:02:181,1090,51,0,59556,482,1,75
1:02:181,512,621,272,111852,482,1,75
1:02:184,3760,629,265,111848,483,1,75
1:02:195,2964,109,0,229556,488,1,75
1:02:198,362,109,0,457596,489,1,75
1:02:205,980,109,0,170026,492,1,75
1:02:254,288,109,0,47276,512,1,75
1:02:261,1096,418,200,142277,515,1,75
1:02:282,3672,553,182,142275,523,1,75
1:02:286,512,527,200,142271,525,1,75
1:02:296,1608,287,105,52809,529,1,75
1:02:296,3664,65535,65535,52876,529,1,75
1:02:296,1600,65535,65535,52884,529,1,75
1:02:300,512,564,194,142270,531,1,75
1:02:303,3672,581,209,142266,532,1,75
1:02:307,512,576,179,142269,533,1,75
1:02:310,3672,595,198,142265,535,1,75
1:02:314,2932,65535,65535,129675,536,1,75
1:02:314,516,583,190,133052,536,1,75
1:02:314,24,571,168,138164,536,1,75
1:02:317,3672,585,180,142264,538,1,75
1:02:321,512,623,194,142267,539,1,75
1:02:324,3672,607,154,142263,541,1,75
1:02:328,512,635,187,142266,542,1,75
1:02:331,3672,666,179,142263,544,1,75
1:02:335,512,655,171,142265,545,1,75
1:02:338,3672,651,157,142268,546,1,75
1:02:342,512,684,175,142264,548,1,75
1:02:345,3672,658,149,142261,549,1,75
1:02:349,512,709,160,142263,551,1,75
1:02:352,3672,719,183,142260,552,1,75
1:02:356,512,682,177,142263,553,1,75
1:02:359,3672,699,150,142260,555,1,75
1:02:363,512,722,156,142256,556,1,75
1:02:366,3672,688,164,142259,558,1,75
1:02:370,512,710,144,142255,559,1,75
1:02:373,3672,712,161,142258,561,1,75
1:02:377,512,707,139,142254,562,1,75
1:02:380,3672,723,133,142257,563,1,75
1:02:384,512,726,162,142253,565,1,75
1:02:387,3672,698,137,142256,566,1,75
1:02:391,512,725,160,142253,568,1,75
1:02:394,3672,715,140,142249,569,1,75
1:02:398,512,719,136,142252,571,1,75
1:02:401,3672,714,127,142254,572,1,75
1:02:405,512,731,137,142251,574,1,75
1:02:408,3672,699,111,142247,575,1,75
1:02:412,512,708,121,142250,576,1,75
1:02:415,3672,704,130,142246,578,1,75
1:02:419,512,734,109,142249,579,1,75
1:02:422,3672,736,114,142245,581,1,75
1:02:426,512,703,131,142248,582,1,75
1:02:429,3672,713,124,142245,584,1,75
1:02:433,512,704,109,142247,585,1,75
1:02:436,3672,688,146,142245,586,1,75
1:02:440,512,714,107,142246,588,1,75
1:02:443,3672,693,108,142244,589,1,75
1:02:447,512,671,107,142240,591,1,75
1:02:450,3672,671,118,142243,592,1,75
1:02:450,8,671,118,319348,592,1,75
1:02:450,8,671,118,327448,592,1,75
1:02:450,512,671,118,331875,592,1,75
1:02:454,512,681,118,142239,594,1,75
1:02:457,3672,667,111,142242,595,1,75
1:02:461,512,657,105,142238,596,1,75
1:02:464,3672,668,126,142241,598,1,75
1:02:468,512,604,114,142237,599,1,75
1:02:471,3672,626,120,142234,601,1,75
1:02:475,512,629,102,142237,602,1,75
1:02:478,3672,581,95,142233,604,1,75
1:02:482,512,615,123,142236,605,1,75
1:02:485,3672,572,105,142239,607,1,75
1:02:489,512,570,137,142235,608,1,75
1:02:492,3672,582,127,142231,609,1,75
1:02:496,512,564,97,142234,611,1,75
1:02:496,3956,65535,65535,359413,611,1,75
1:02:499,3672,539,129,142230,612,1,75
1:02:503,512,543,110,142228,614,1,75
1:02:506,3672,525,157,142230,615,1,75
1:02:510,512,516,88,142232,617,1,75
1:02:513,3672,512,107,142230,618,1,75
1:02:517,512,492,122,142226,619,1,75
1:02:517,0,37,1808,0,0,1,76
1:02:520,3672,487,106,142229,621,1,76
1:02:524,512,472,108,142231,622,1,76
1:02:527,3672,438,125,142228,624,1,76
1:02:531,512,430,124,142230,625,1,76
1:02:534,3672,431,100,142227,627,1,76
1:02:534,2644,310,124,251340,627,1,76
1:02:538,512,398,135,142230,628,1,76
1:02:541,3672,426,134,142226,629,1,76
1:02:541,2644,332,124,251340,629,1,76
1:02:545,512,417,118,142223,631,1,76
1:02:545,512,360,125,251337,631,1,76
1:02:548,3672,396,139,142225,632,1,76
1:02:548,2644,331,147,251340,632,1,76
1:02:552,512,377,124,142222,634,1,76
1:02:555,3672,362,113,142225,635,1,76
1:02:555,2644,399,132,251344,635,1,76
1:02:559,512,357,111,142221,637,1,76
1:02:559,512,403,147,251341,637,1,76
1:02:562,3672,343,124,142217,638,1,76
1:02:562,2644,396,128,251350,638,1,76
1:02:566,512,318,137,142220,640,1,76
1:02:566,512,409,145,251340,640,1,76
1:02:569,3672,313,134,142223,641,1,76
1:02:569,2644,414,136,251349,641,1,76
1:02:573,512,313,114,142219,642,1,76
1:02:573,512,465,136,251345,642,1,76
1:02:576,1544,298,121,142216,644,1,76
1:02:576,2644,473,150,251348,644,1,76
1:02:580,512,449,134,251345,645,1,76
1:02:587,512,505,142,251350,648,1,76
1:02:590,2644,475,145,251346,649,1,76
1:02:594,512,517,120,251349,651,1,76
1:02:597,2644,481,124,251352,652,1,76
1:02:601,512,533,139,251348,654,1,76
1:02:604,2644,527,147,251351,655,1,76
1:02:608,512,560,134,251354,657,1,76
1:02:611,2644,560,120,251356,658,1,76
1:02:615,512,562,116,251353,660,1,76
1:02:618,2644,578,124,251355,661,1,76
1:02:622,512,607,138,251358,662,1,76
1:02:625,2644,594,125,251360,664,1,76
1:02:629,512,627,127,251357,665,1,76
1:02:629,2900,65535,65535,258227,665,1,76
1:02:632,2644,603,99,251360,667,1,76
1:02:636,512,619,113,251356,668,1,76
1:02:639,2644,628,117,251365,670,1,76
1:02:643,512,654,115,251362,671,1,76
1:02:646,2644,645,122,251364,672,1,76
1:02:650,512,671,120,251361,674,1,76
1:02:653,2644,679,130,251364,675,1,76
1:02:657,512,658,92,251366,677,1,76
1:02:660,2644,658,84,251369,678,1,76
1:02:664,512,683,96,251365,680,1,76
1:02:667,2644,666,123,251368,681,1,76
1:02:671,512,725,99,251365,682,1,76
1:02:674,2644,672,107,251367,684,1,76
1:02:678,512,742,90,251370,685,1,76
1:02:681,2644,722,109,251372,687,1,76
1:02:688,2644,685,81,251371,690,1,76
1:02:692,512,719,71,251374,691,1,76
1:02:695,2644,711,84,251377,693,1,76
1:02:699,512,730,92,251373,694,1,76
1:02:702,192,730,92,93201,695,1,76
1:02:706,1296,1644,0,198790,697,1,76
1:02:709,2644,702,84,251375,698,1,76
1:02:713,512,766,119,251378,700,1,76
1:02:716,2644,718,86,251381,701,1,76
1:02:720,512,759,93,251377,703,1,76
1:02:723,2644,719,104,251380,704,1,76
1:02:727,512,748,72,251383,705,1,76
1:02:730,2644,750,88,251385,707,1,76
1:02:734,512,733,85,251382,708,1,76
1:02:737,2644,732,96,251378,710,1,76
1:02:741,512,745,92,251387,711,1,76
1:02:744,2644,704,89,251384,713,1,76
1:02:748,512,737,88,251386,714,1,76
1:02:751,2644,697,80,251389,715,1,76
1:02:755,512,697,81,251391,717,1,76
1:02:758,2644,668,85,251388,718,1,76
1:02:762,512,722,105,251391,720,1,76
1:02:765,2644,671,110,251393,721,1,76
1:02:769,512,708,116,251390,723,1,76
1:02:772,2644,669,105,251393,724,1,76
1:02:776,512,680,127,251389,726,1,76
1:02:779,2644,666,93,251392,727,1,76
1:02:783,512,673,111,251395,728,1,76
1:02:786,2644,631,122,251397,730,1,76
1:02:790,512,684,109,251394,731,1,76
1:02:793,2644,615,89,251396,733,1,76
1:02:797,512,636,90,251399,734,1,76
1:02:800,2644,597,111,251396,735,1,76
1:02:804,512,633,103,251398,737,1,76
1:02:807,2644,589,124,251400,738,1,76
1:02:811,512,594,111,251398,740,1,76
1:02:814,2644,564,124,251400,741,1,76
1:02:818,512,591,122,251402,743,1,76
1:02:821,2644,546,128,251405,744,1,76
1:02:825,512,569,119,251408,746,1,76
1:02:828,2932,65535,65535,144450,747,1,76
1:02:828,516,409,97,147822,747,1,76
1:02:832,512,512,142,251400,749,1,76
1:02:835,2644,494,132,251403,750,1,76
1:02:835,593,105,0,389370,750,1,76
1:02:839,512,528,121,251406,752,1,76
1:02:842,2644,473,130,251409,753,1,76
1:02:846,512,491,147,251405,754,1,76
1:02:849,2644,455,126,251408,756,1,76
1:02:853,512,457,148,251410,757,1,76
1:02:856,2628,446,138,251413,759,1,76
1:02:860,512,449,138,251415,760,1,76
1:02:863,2648,449,138,215400,761,1,76
1:02:863,2644,396,133,251412,761,1,76
1:02:867,512,422,129,251415,763,1,76
1:02:870,2644,386,119,251411,764,1,76
1:02:874,512,397,143,251414,766,1,76
1:02:877,2644,360,139,251416,767,1,76
1:02:881,512,383,144,251413,769,1,76
1:02:892,2644,366,131,251415,770,1,76
1:02:892,512,384,147,251418,771,1,76
1:02:898,2112,384,147,251432,776,1,76
1:03:077,8,84,0,6487,849,1,76
1:03:154,128,71,0,7354,880,1,76
1:03:156,0,0,0,2147483648,1454,1,76
1:03:156,0,0,0,0,1454,1,76
1:03:156,0,0,0,0,1454,1,76
1:03:156,0,0,0,0,1454,1,76
1:03:156,0,0,0,0,1454,1,76
1:03:156,0,0,0,0,1454,1,76
1:03:156,0,0,0,0,1454,1,76
1:03:156,0,0,0,0,1454,1,76
1:03:156,0,0,0,0,1454,1,76
1:03:156,0,0,0,0,1454,1,76
1:03:156,0,0,0,0,1454,1,76
1:03:156,0,0,0,0,1454,1,76
1:03:156,0,0,0,0,1454,1,76
1:03:156,0,0,0,0,1454,1,76
1:03:156,0,0,0,0,1454,1,76
1:03:156,0,0,0,0,1454,1,76
1:03:156,0,0,0,0,1454,1,76
1:03:156,0,0,0,0,1454,1,76
1:03:156,0,0,0,0,1454,1,76
1:03:156,0,0,0,0,1454,1,76
1:03:156,0,0,0,0,1454,1,76
1:03:156,0,0,0,0,1454,1,76
1:03:156,0,0,0,0,1454,1,76
1:03:156,0,0,0,0,1454,1,76
1:03:156,0,0,0,0,1454,1,76
1:03:156,0,0,0,0,1454,1,76
1:03:156,0,0,0,0,1454,1,76
1:03:156,0,0,0,0,1454,1,76
1:03:156,0,0,0,0,1454,1,76
1:03:161,2048,84,0,7360,883,1,77
1:03:452,0,0,0,3221225472,1454,1,77
1:03:452,0,0,0,0,1454,1,77
1:03:452,0,0,0,0,1454,1,77
1:03:452,0,0,0,0,1454,1,77
1:03:452,0,0,0,0,1454,1,77
1:03:452,0,0,0,0,1454,1,77
1:03:452,0,0,0,0,1454,1,77
1:03:452,0,0,0,0,1454,1,77
1:03:452,0,0,0,0,1454,1,77
1:03:452,0,0,0,0,1454,1,77
1:03:452,0,0,0,0,1454,1,77
1:03:452,0,0,0,0,1454,1,77
1:03:452,0,0,0,0,1454,1,77
1:03:452,0,0,0,0,1454,1,77
1:03:452,0,0,0,0,1454,1,77
1:03:452,0,0,0,0,1454,1,77
1:03:452,0,0,0,0,1454,1,77
1:03:452,0,0,0,0,1454,1,77
1:03:452,0,0,0,0,1454,1,77
1:03:452,0,0,0,0,1454,1,77
1:03:452,0,0,0,0,1454,1,77
1:03:452,0,0,0,0,1454,1,77
1:03:452,0,0,0,0,1454,1,77
1:03:452,0,0,0,0,1454,1,77
1:03:452,0,0,0,0,1454,1,77
1:03:452,0,0,0,0,1454,1,77
1:03:452,0,0,0,0,1454,1,77
1:03:452,0,0,0,0,1454,1,77
1:03:452,0,0,0,0,1454,1,77
1:03:532,896,84,0,445975,1035,1,78
1:03:542,44,84,0,457142,1039,1,78
1:03:553,16,84,0,144483,1044,1,78
1:03:591,136,84,0,285371,1059,1,78
1:03:591,8,396,141,288731,1059,1,78
1:03:665,2050,94,0,387051,1090,1,78
1:03:665,12,72,0,394593,1090,1,78
1:03:668,4,69,0,461326,1091,1,78
1:03:675,32,70,0,351672,1094,1,78
1:03:675,16,70,0,443458,1094,1,78
1:03:675,2064,70,0,446902,1094,1,78
1:03:675,32,71,0,474645,1094,1,78
1:03:913,3616,324,136,229100,1191,1,78
1:03:920,1024,259,105,229099,1194,1,78
1:03:924,1512,341,127,229102,1196,1,78
1:03:927,3616,341,127,229104,1197,1,78
1:03:931,1512,306,100,229095,1199,1,78
1:03:934,3632,395,146,229092,1200,1,78
1:03:938,1512,366,155,229100,1201,1,78
1:03:941,3632,349,131,229096,1203,1,78
1:03:945,1512,365,135,229093,1204,1,78
1:03:948,3632,414,133,229095,1206,1,78
1:03:952,1512,391,127,229098,1207,1,78
1:03:955,3632,391,127,229101,1208,1,78
1:03:959,1512,456,139,229097,1210,1,78
1:03:962,3632,426,132,229100,1211,1,78
1:03:966,1512,399,134,229102,1213,1,78
1:03:969,3632,486,183,229105,1214,1,78
1:03:973,1512,463,112,229095,1216,1,78
1:03:980,1512,488,168,229095,1219,1,78
1:03:983,3632,482,154,229097,1220,1,78
1:03:990,3632,513,144,229102,1223,1,78
1:03:990,258,553,157,316311,1223,1,78
1:03:990,2,65535,65535,316379,1223,1,78
1:03:990,2,65535,65535,316393,1223,1,78
1:03:997,3632,438,80,229101,1226,1,78
1:04:001,1512,537,149,229098,1227,1,78
1:04:004,3632,546,130,229100,1229,1,78
1:04:008,1512,479,89,229103,1230,1,78
1:04:011,3632,497,119,229099,1231,1,78
1:04:015,1512,566,139,229096,1233,1,78
1:04:018,3632,512,137,229099,1234,1,78
1:04:022,1512,488,121,229095,1236,1,78
1:04:025,3632,607,140,229098,1237,1,78
1:04:029,1512,558,142,229101,1239,1,78
1:04:036,1512,642,140,229106,1241,1,78
1:04:039,3632,574,111,229102,1243,1,78
1:04:043,1512,530,122,229105,1244,1,78
1:04:050,1512,624,138,229104,1247,1,78
1:04:053,3632,543,104,229095,1249,1,78
1:04:057,1512,650,130,229097,1250,1,78
1:04:060,576,281,0,55637,1251,1,78
1:04:064,1512,536,125,229096,1253,1,78
1:04:067,3632,628,138,229099,1254,1,78
1:04:071,1512,637,126,229102,1256,1,78
1:04:074,3632,572,125,229105,1257,1,78
1:04:078,1512,621,126,229107,1259,1,78
1:04:081,8,621,126,184968,1260,1,78
1:04:085,1512,106,0,229107,1261,1,78
1:04:088,3632,537,101,229103,1263,1,78
1:04:092,1512,682,113,229100,1264,1,78
1:04:095,3632,603,114,229103,1266,1,78
1:04:099,1512,557,93,229099,1267,1,78
1:04:102,3632,655,115,229096,1269,1,78
1:04:106,1512,610,127,229099,1270,1,78
1:04:109,3632,559,94,229102,1272,1,78
1:04:113,1512,639,120,229105,1273,1,78
1:04:116,3632,656,123,229108,1274,1,78
1:04:120,1512,529,83,229105,1276,1,78
1:04:123,3632,633,108,229108,1277,1,78
1:04:127,1512,645,107,229105,1279,1,78
1:04:130,3632,564,83,229108,1280,1,78
1:04:134,1512,587,114,229098,1282,1,78
1:04:137,3632,617,114,229101,1283,1,78
1:04:141,1512,544,94,229104,1284,1,78
1:04:144,3632,570,96,229107,1286,1,78
1:04:148,1512,619,123,229103,1287,1,78
1:04:151,3632,559,69,229106,1289,1,78
1:04:155,1512,506,77,229109,1290,1,78
1:04:158,3632,587,82,229106,1292,1,78
1:04:162,1512,533,77,229109,1293,1,78
1:04:165,3632,498,89,229105,1294,1,78
1:04:169,1512,555,108,229108,1296,1,78
1:04:172,3120,533,94,229110,1297,1,78
1:04:176,1512,457,83,229101,1299,1,78
1:04:179,3632,527,114,229104,1300,1,78
1:04:183,1512,529,132,229107,1302,1,78
1:04:186,3632,454,107,229103,1303,1,78
1:04:190,1512,501,103,229106,1305,1,78
1:04:193,2608,517,116,229109,1306,1,78
1:04:197,1512,449,100,229106,1307,1,78
1:04:200,3600,431,88,229109,1309,1,78
1:04:204,1512,480,106,229110,1310,1,78
1:04:207,3632,436,104,229113,1312,1,78
1:04:211,1512,345,55,229110,1313,1,78
1:04:214,3632,467,127,229112,1315,1,78
1:04:218,1512,396,112,229110,1316,1,78
1:04:221,3632,379,108,229100,1317,1,78
1:04:225,1512,460,151,229109,1319,1,78
1:04:228,3632,419,88,229105,1320,1,78
1:04:232,1512,332,103,229102,1322,1,78
1:04:239,1512,395,137,229107,1324,1,78
1:04:242,3632,303,103,229110,1326,1,78
1:04:246,1480,342,124,229112,1327,1,78
1:04:249,3632,357,104,229109,1329,1,78
1:04:253,1512,267,113,229111,1330,1,78
1:04:256,3120,328,112,229108,1332,1,78
1:04:260,1480,316,112,229105,1333,1,78
1:04:270,1552,311,126,229107,1337,1,78
1:04:459,1684,196,81,264406,1415,1,78
1:04:466,256,196,81,264401,1418,1,78
1:04:477,656,196,81,264403,1422,1,78
1:04:484,150,230,94,264396,1425,1,78
1:04:491,134,249,84,264390,1428,1,78
1:04:494,3988,242,85,264392,1429,1,78
1:04:498,727,229,93,264395,1431,1,78
1:04:501,3988,229,93,264391,1432,1,78
1:04:508,3732,273,85,264385,1435,1,78
1:04:512,727,274,106,264394,1436,1,78
1:04:515,3860,259,90,264385,1438,1,78
1:04:519,727,299,101,264388,1439,1,78
1:04:522,3988,270,94,264384,1441,1,78
1:04:526,727,291,89,264387,1442,1,78
1:04:529,3988,298,121,264390,1444,1,78
1:04:533,727,295,88,264387,1445,1,78
1:04:536,3988,291,76,264377,1446,1,78
1:04:540,727,326,99,264380,1448,1,78
1:04:543,3988,325,86,264383,1449,1,78
1:04:547,727,329,96,264380,1451,1,78
1:04:550,3988,340,83,264383,1452,1,78
1:04:554,727,321,77,264375,1454,1,78
1:04:557,3988,353,83,264377,1455,1,78
1:04:561,727,329,81,264375,1457,1,78
1:04:564,3988,334,93,264383,1458,1,78
1:04:568,727,353,91,264375,1459,1,78
1:04:571,3988,366,74,264365,1461,1,78
1:04:575,727,352,81,264375,1462,1,78
1:04:578,3988,391,98,264384,1464,1,78
1:04:582,727,369,89,264369,1465,1,78
1:04:585,3988,365,74,264372,1467,1,78
1:04:589,727,400,90,264369,1468,1,78
1:04:592,3988,359,78,264372,1469,1,78
1:04:596,727,361,90,264363,1471,1,78
1:04:599,3988,369,57,264366,1472,1,78
1:04:603,727,358,56,264370,1474,1,78
1:04:606,3988,380,68,264367,1475,1,78
1:04:610,727,381,53,264370,1477,1,78
1:04:613,3988,353,56,264361,1478,1,78
1:04:617,727,388,34,264359,1480,1,78
1:04:620,3988,393,0,264361,1481,1,78
1:04:624,727,385,53,264359,1483,1,78
1:04:627,3988,404,71,264356,1484,1,78
1:04:631,727,393,47,264353,1486,1,78
1:04:634,3988,394,89,264356,1487,1,78
1:04:638,727,396,80,264353,1488,1,78
1:04:645,2097,138,0,242562,1491,1,78
1:04:645,727,405,38,264347,1491,1,78
1:04:648,3988,365,74,264350,1492,1,78
1:04:652,727,378,0,264347,1494,1,78
1:04:659,136,146,0,52245,1497,1,78
1:04:659,727,357,0,264354,1497,1,78
1:04:662,8,357,0,160054,1498,1,78
1:04:662,2101,160,0,476813,1498,1,78
1:04:666,2176,160,0,258917,1499,1,78
1:04:666,2336,135,0,416811,1499,1,78
1:04:669,3988,315,12,264345,1501,1,78
1:04:673,727,373,58,264347,1502,1,78
1:04:673,2101,142,0,285917,1502,1,78
1:04:676,2336,121,0,218043,1504,1,78
1:04:680,727,346,0,264342,1505,1,78
1:04:683,3988,359,56,264350,1507,1,78
1:04:683,1024,359,56,466511,1507,1,78
1:04:687,727,360,64,264347,1508,1,78
1:04:690,3988,347,64,264338,1509,1,78
1:04:690,10,347,64,318811,1509,1,78
1:04:694,727,354,67,264341,1511,1,78
1:04:697,3988,322,69,264338,1512,1,78
1:04:701,727,320,0,264341,1514,1,78
1:04:704,3988,322,0,264338,1515,1,78
1:04:708,663,322,69,264341,1517,1,78
1:04:711,3988,315,90,264338,1518,1,78
1:04:711,727,309,63,289249,1518,1,78
1:04:715,3988,322,71,249406,1520,1,78
1:04:715,727,315,0,264334,1520,1,78
1:04:718,2896,65535,65535,202899,1521,1,78
1:04:722,727,262,0,133620,1522,1,78
1:04:722,727,301,0,264334,1522,1,78
1:04:729,4,85,0,31077,1525,1,78
1:04:729,3232,67,0,34449,1525,1,78
1:04:729,3232,65535,65535,34516,1525,1,78
1:04:729,3232,65535,65535,34530,1525,1,78
1:04:732,3988,286,60,264326,1527,1,78
1:04:732,280,306,117,282116,1527,1,78
1:04:732,3988,294,102,417491,1527,1,78
1:04:736,727,259,0,264329,1528,1,78
1:04:736,526,259,0,282112,1528,1,78
1:04:736,256,285,74,372861,1528,1,78
1:04:736,16,290,64,376161,1528,1,78
1:04:736,1088,275,0,435601,1528,1,78
1:04:736,3518,65535,65535,435751,1528,1,78
1:04:736,6,245,90,442358,1528,1,78
1:04:736,266,277,67,445651,1528,1,78
1:04:736,1536,216,0,498570,1528,1,78
1:04:736,1024,65535,65535,498638,1528,1,78
1:04:736,1024,65535,65535,498646,1528,1,78
1:04:739,3988,283,66,264320,1529,1,78
1:04:739,792,324,122,282116,1529,1,78
1:04:739,727,286,63,292586,1529,1,78
1:04:743,3988,262,107,225647,1531,1,78
1:04:743,727,281,77,264329,1531,1,78
1:04:743,574,328,120,282119,1531,1,78
1:04:750,727,184,0,100742,1534,1,78
1:04:750,727,285,36,264323,1534,1,78
1:04:750,558,350,135,282119,1534,1,78
1:04:753,3988,265,105,264327,1535,1,78
1:04:753,792,382,127,282122,1535,1,78
1:04:753,132,239,89,487264,1535,1,78
1:04:757,727,252,76,264330,1537,1,78
1:04:757,574,385,116,282120,1537,1,78
1:04:757,727,251,74,386961,1537,1,78
1:04:760,3988,245,61,264321,1538,1,78
1:04:760,792,383,133,282117,1538,1,78
1:04:760,3988,240,76,305852,1538,1,78
1:04:760,384,180,68,336901,1538,1,78
1:04:760,4,162,73,340129,1538,1,78
1:04:760,512,164,0,343436,1538,1,78
1:04:764,132,235,73,238728,1540,1,78
1:04:764,128,253,92,242100,1540,1,78
1:04:767,727,198,75,159221,1541,1,78
1:04:767,727,199,77,238618,1541,1,78
1:04:767,3988,223,65,264321,1541,1,78
1:04:767,792,223,65,282117,1541,1,78
1:04:774,128,348,68,111078,1544,1,78
1:04:778,727,219,37,264318,1545,1,78
1:04:778,574,405,141,282120,1545,1,78
1:04:781,3476,206,60,186150,1547,1,78
1:04:781,3732,211,74,264315,1547,1,78
1:04:781,792,440,137,282123,1547,1,78
1:04:785,663,217,74,231158,1548,1,78
1:04:785,663,208,41,264313,1548,1,78
1:04:785,558,439,136,282127,1548,1,78
1:04:788,3988,199,86,264316,1550,1,78
1:04:788,792,434,113,282124,1550,1,78
1:04:792,597,434,113,264314,1551,1,78
1:04:792,574,455,133,282127,1551,1,78
1:04:795,3204,455,133,264311,1552,1,78
1:04:795,792,470,136,282130,1552,1,78
1:04:802,1280,470,136,264311,1555,1,78
1:04:802,792,507,117,282131,1555,1,78
1:04:806,574,495,161,282134,1557,1,78
1:04:823,1,520,137,238776,1564,1,78
1:04:827,574,523,115,282135,1565,1,78
1:04:827,131,545,134,373741,1565,1,78
1:04:827,130,65535,65535,373809,1565,1,78
1:04:827,386,65535,65535,373816,1565,1,78
1:04:830,792,495,93,282138,1567,1,78
1:04:830,574,495,93,300168,1567,1,78
1:04:834,536,508,121,254968,1568,1,78
1:04:834,574,542,138,282135,1568,1,78
1:04:837,792,560,114,282138,1570,1,78
1:04:841,574,560,114,146130,1571,1,78
1:04:841,574,562,129,282135,1571,1,78
1:04:844,792,347,125,74476,1573,1,78
1:04:848,4095,65535,65535,28749,1574,1,78
1:04:848,528,334,115,82418,1574,1,78
1:04:848,574,550,131,282142,1574,1,78
1:04:848,574,555,110,437714,1574,1,78
1:04:851,792,546,112,282140,1576,1,78
1:04:851,792,518,124,357235,1576,1,78
1:04:855,130,575,116,290465,1577,1,78
1:04:855,130,65535,65535,290533,1577,1,78
1:04:855,386,65535,65535,290541,1577,1,78
1:04:855,16,575,116,293765,1577,1,78
1:04:858,574,547,113,210910,1578,1,78
1:04:858,792,545,98,282146,1578,1,78
1:04:858,131,196,0,446262,1578,1,78
1:04:858,134,65535,65535,446329,1578,1,78
1:04:858,386,65535,65535,446343,1578,1,78
1:04:858,12,205,0,454283,1578,1,78
1:04:858,3584,194,0,460890,1578,1,78
1:04:862,792,515,111,140204,1580,1,78
1:04:862,574,593,140,282144,1580,1,78
1:04:865,131,416,90,100517,1581,1,78
1:04:865,130,65535,65535,100585,1581,1,78
1:04:865,386,65535,65535,100599,1581,1,78
1:04:865,792,575,117,282141,1581,1,78
1:04:869,570,132,38,34822,1583,1,78
1:04:869,574,521,146,282144,1583,1,78
1:04:869,131,589,114,362884,1583,1,78
1:04:869,130,65535,65535,362952,1583,1,78
1:04:869,386,65535,65535,362959,1583,1,78
1:04:869,516,604,101,369713,1583,1,78
1:04:872,792,593,89,282148,1584,1,78
1:04:876,130,552,209,173498,1585,1,78
1:04:876,574,584,114,282150,1585,1,78
1:04:879,792,575,111,282148,1587,1,78
1:04:883,130,576,193,173499,1588,1,78
1:04:883,574,576,193,282150,1588,1,78
1:04:886,3664,583,239,173502,1590,1,78
1:04:890,130,618,177,173499,1591,1,78
1:04:890,574,566,108,282151,1591,1,78
1:04:893,3664,611,189,173502,1593,1,78
1:04:893,792,583,101,282154,1593,1,78
1:04:897,130,653,220,173499,1594,1,78
1:04:897,574,566,88,282157,1594,1,78
1:04:900,3664,690,206,173503,1596,1,78
1:04:900,792,578,90,282154,1596,1,78
1:04:904,130,711,174,267601,1597,1,78
1:04:904,574,556,76,282157,1597,1,78
1:04:907,3664,673,194,173496,1598,1,78
1:04:907,3664,726,198,212010,1598,1,78
1:04:911,2900,65535,65535,180003,1600,1,78
1:04:911,574,543,72,282151,1600,1,78
1:04:914,130,521,145,95606,1601,1,78
1:04:914,3664,716,214,173503,1601,1,78
1:04:914,792,570,78,282161,1601,1,78
1:04:921,3664,728,210,173504,1604,1,78
1:04:921,792,588,79,282155,1604,1,78
1:04:921,130,787,211,418059,1604,1,78
1:04:925,130,765,226,173506,1606,1,78
1:04:925,574,765,226,282159,1606,1,78
1:04:925,3664,805,214,342931,1606,1,78
1:04:928,3664,750,212,173504,1607,1,78
1:04:928,792,591,100,282162,1607,1,78
1:04:928,2900,65535,65535,301175,1607,1,78
1:04:932,130,777,223,173506,1609,1,78
1:04:932,130,842,202,234088,1609,1,78
1:04:932,574,553,75,282159,1609,1,78
1:04:935,3664,797,227,173504,1610,1,78
1:04:935,3664,829,238,192044,1610,1,78
1:04:935,792,542,79,282162,1610,1,78
1:04:939,3392,771,176,148937,1611,1,78
1:04:939,2782,65535,65535,149087,1611,1,78
1:04:939,392,510,108,155765,1611,1,78
1:04:939,128,792,200,158903,1611,1,78
1:04:939,128,65535,65535,158970,1611,1,78
1:04:939,128,65535,65535,158985,1611,1,78
1:04:939,388,830,210,223690,1611,1,78
1:04:939,3833,65535,65535,223840,1611,1,78
1:04:942,130,556,217,74698,1613,1,78
1:04:942,3648,807,212,173505,1613,1,78
1:04:942,792,525,71,282168,1613,1,78
1:04:946,3664,225,88,31388,1614,1,78
1:04:946,130,854,204,173502,1614,1,78
1:04:946,574,527,85,282165,1614,1,78
1:04:953,130,858,246,173508,1617,1,78
1:04:953,574,528,77,282172,1617,1,78
1:04:953,852,611,266,344493,1617,1,78
1:04:953,3664,906,220,361082,1617,1,78
1:04:956,256,620,266,290773,1619,1,78
1:04:956,256,65535,65535,290840,1619,1,78
1:04:956,256,65535,65535,290849,1619,1,78
1:04:956,1024,918,216,298639,1619,1,78
1:04:956,1024,65535,65535,298707,1619,1,78
1:04:956,1024,65535,65535,298721,1619,1,78
1:04:956,259,911,203,312967,1619,1,78
1:04:956,387,65535,65535,313035,1619,1,78
1:04:956,259,65535,65535,313049,1619,1,78
1:04:960,2446,911,203,156258,1620,1,78
1:04:960,130,889,196,173508,1620,1,78
1:04:960,2510,662,292,217697,1620,1,78
1:04:960,574,480,48,282172,1620,1,78
1:04:963,3664,922,192,189405,1621,1,78
1:04:963,792,493,105,282169,1621,1,78
1:04:967,135,600,212,146010,1623,1,78
1:04:967,388,65535,65535,146078,1623,1,78
1:04:967,132,65535,65535,146092,1623,1,78
1:04:967,128,900,238,162613,1623,1,78
1:04:967,2118,1019,219,504019,1623,1,78
1:04:974,2510,656,281,156259,1626,1,78
1:04:974,130,937,192,173503,1626,1,78
1:04:974,574,937,192,282173,1626,1,78
1:04:977,2807,65535,65535,135136,1627,1,78
1:04:977,512,637,239,138514,1627,1,78
1:04:977,792,626,212,141736,1627,1,78
1:04:977,280,65535,65535,135054,1627,1,78
1:04:977,280,65535,65535,135068,1627,1,78
1:04:977,8,653,237,145036,1627,1,78
1:04:977,512,627,225,148575,1627,1,78
1:04:981,2510,691,235,156253,1629,1,78
1:04:981,130,942,217,173508,1629,1,78
1:04:981,574,942,217,282173,1629,1,78
1:04:981,852,757,249,382485,1629,1,78
1:04:984,852,757,249,156255,1630,1,78
1:04:984,256,752,263,329065,1630,1,78
1:04:984,256,65535,65535,329132,1630,1,78
1:04:984,256,65535,65535,329152,1630,1,78
1:04:988,2508,724,237,156253,1631,1,78
1:04:988,130,943,216,173508,1631,1,78
1:04:988,2506,758,245,233952,1631,1,78
1:04:988,558,456,87,282179,1631,1,78
1:04:988,2775,65535,65535,370371,1631,1,78
1:04:988,520,690,136,373599,1631,1,78
1:04:988,516,65535,65535,373666,1631,1,78
1:04:988,512,65535,65535,373675,1631,1,78
1:04:991,852,748,254,156255,1633,1,78
1:04:991,3664,973,219,173505,1633,1,78
1:04:991,852,739,246,177729,1633,1,78
1:04:991,792,436,96,282176,1633,1,78
1:04:998,852,769,229,156255,1636,1,78
1:04:998,3664,960,211,173511,1636,1,78
1:04:998,776,418,100,282176,1636,1,78
1:05:002,2510,782,264,156258,1637,1,78
1:05:002,130,983,214,173508,1637,1,78
1:05:002,574,409,101,282179,1637,1,78
1:05:002,135,836,222,480325,1637,1,78
1:05:002,388,65535,65535,480392,1637,1,78
1:05:002,132,65535,65535,480406,1637,1,78
1:05:005,852,797,241,156255,1639,1,78
1:05:005,3664,980,237,173511,1639,1,78
1:05:005,792,428,85,282175,1639,1,78
1:05:009,2510,818,236,156258,1640,1,78
1:05:009,130,1001,226,173508,1640,1,78
1:05:009,574,380,120,282184,1640,1,78
1:05:012,852,380,120,156255,1642,1,78
1:05:016,2510,837,230,156252,1643,1,78
1:05:016,130,1000,242,173507,1643,1,78
1:05:016,574,383,83,282184,1643,1,78
1:05:019,852,827,220,156255,1644,1,78
1:05:019,3664,999,192,173510,1644,1,78
1:05:019,776,369,111,282187,1644,1,78
1:05:023,2510,864,202,156257,1646,1,78
1:05:023,130,1001,209,173507,1646,1,78
1:05:023,574,340,104,282183,1646,1,78
1:05:026,852,867,218,156255,1647,1,78
1:05:026,3664,990,206,173510,1647,1,78
1:05:026,792,990,206,282186,1647,1,78
1:05:030,135,733,206,120648,1649,1,78
1:05:030,388,65535,65535,120716,1649,1,78
1:05:030,132,65535,65535,120730,1649,1,78
1:05:030,128,822,196,127247,1649,1,78
1:05:030,128,822,185,133847,1649,1,78
1:05:030,8,875,217,137147,1649,1,78
1:05:030,136,104,0,263529,1649,1,78
1:05:033,852,877,231,156260,1650,1,78
1:05:033,3664,1005,198,173510,1650,1,78
1:05:033,792,331,89,282186,1650,1,78
1:05:037,2510,883,205,156256,1652,1,78
1:05:037,130,1001,209,173512,1652,1,78
1:05:037,574,327,91,282189,1652,1,78
1:05:040,852,916,208,156259,1653,1,78
1:05:040,3664,993,202,173515,1653,1,78
1:05:040,792,343,121,282192,1653,1,78
1:05:044,2510,908,208,156256,1654,1,78
1:05:044,130,1005,217,173512,1654,1,78
1:05:044,62,327,107,282195,1654,1,78
1:05:047,852,930,195,156259,1656,1,78
1:05:047,3664,978,227,173515,1656,1,78
1:05:047,792,304,95,282191,1656,1,78
1:05:051,2510,950,193,156255,1657,1,78
1:05:051,130,981,201,173511,1657,1,78
1:05:054,852,961,198,156258,1659,1,78
1:05:054,3664,962,184,173514,1659,1,78
1:05:058,2510,936,210,156261,1660,1,78
1:05:058,130,976,212,173511,1660,1,78
1:05:058,562,976,212,282193,1660,1,78
1:05:061,852,983,184,156258,1662,1,78
1:05:061,3664,980,199,173514,1662,1,78
1:05:065,2510,952,201,156255,1663,1,78
1:05:065,130,964,185,173510,1663,1,78
1:05:068,852,957,177,156257,1665,1,78
1:05:068,3664,935,209,173513,1665,1,78
1:05:072,2510,987,188,156255,1666,1,78
1:05:072,130,947,216,173510,1666,1,78
1:05:075,852,1000,182,156257,1667,1,78
1:05:075,3664,963,212,173513,1667,1,78
1:05:079,2510,1015,192,156259,1669,1,78
1:05:079,130,932,197,173509,1669,1,78
1:05:079,4,932,197,282197,1669,1,78
1:05:082,852,1023,174,156262,1670,1,78
1:05:082,3664,951,218,173512,1670,1,78
1:05:086,2510,982,172,156259,1672,1,78
1:05:086,130,921,218,173515,1672,1,78
1:05:089,852,985,350,156255,1673,1,78
1:05:089,3664,930,203,173518,1673,1,78
1:05:093,2510,991,209,156258,1674,1,78
1:05:093,130,905,216,173514,1674,1,78
1:05:096,852,1015,194,156255,1676,1,78
1:05:096,3664,897,204,173517,1676,1,78
1:05:100,2510,1010,197,156258,1677,1,78
1:05:100,130,886,216,173514,1677,1,78
1:05:103,852,1020,159,156261,1679,1,78
1:05:103,3664,870,217,173517,1679,1,78
1:05:107,2510,995,158,156257,1680,1,78
1:05:107,130,878,223,173520,1680,1,78
1:05:110,852,981,148,156260,1682,1,78
1:05:110,3664,853,249,173516,1682,1,78
1:05:114,2510,1012,165,156257,1683,1,78
1:05:114,130,838,207,173513,1683,1,78
1:05:117,852,997,159,156259,1685,1,78
1:05:117,3664,820,220,173515,1685,1,78
1:05:121,2510,1000,156,156256,1686,1,78
1:05:121,130,813,240,173518,1686,1,78
1:05:124,852,813,240,156259,1687,1,78
1:05:128,2510,975,164,156261,1689,1,78
1:05:128,130,794,223,173518,1689,1,78
1:05:131,852,989,158,156258,1690,1,78
1:05:131,3664,784,251,173520,1690,1,78
1:05:135,2510,983,140,156261,1692,1,78
1:05:135,130,735,240,173517,1692,1,78
1:05:138,852,968,172,156257,1693,1,78
1:05:138,3664,730,241,173520,1693,1,78
1:05:142,2510,730,241,156260,1694,1,78
1:05:145,852,938,143,156256,1696,1,78
1:05:145,132,735,226,161974,1696,1,78
1:05:145,2900,65535,65535,162124,1696,1,78
1:05:149,2510,956,141,156259,1697,1,78
1:05:149,130,734,246,173521,1697,1,78
1:05:152,852,957,177,156262,1699,1,78
1:05:152,3664,708,254,173518,1699,1,78
1:05:156,2510,934,166,156258,1700,1,78
1:05:156,130,694,256,173520,1700,1,78
1:05:158,0,0,0,2147483648,1454,1,79
1:05:158,0,0,0,0,1454,1,79
1:05:158,0,0,0,0,1454,1,79
1:05:158,0,0,0,0,1454,1,79
1:05:158,0,0,0,0,1454,1,79
1:05:158,0,0,0,0,1454,1,79
1:05:158,0,0,0,0,1454,1,79
1:05:158,0,0,0,0,1454,1,79
1:05:158,0,0,0,0,1454,1,79
1:05:158,0,0,0,0,1454,1,79
1:05:158,0,0,0,0,1454,1,79
1:05:158,0,0,0,0,1454,1,79
1:05:158,0,0,0,0,1454,1,79
1:05:158,0,0,0,0,1454,1,79
1:05:158,0,0,0,0,1454,1,79
1:05:158,0,0,0,0,1454,1,79
1:05:158,0,0,0,0,1454,1,79
1:05:158,0,0,0,0,1454,1,79
1:05:158,0,0,0,0,1454,1,79
1:05:158,0,0,0,0,1454,1,79
1:05:158,0,0,0,0,1454,1,79
1:05:158,0,0,0,0,1454,1,79
1:05:158,0,0,0,0,1454,1,79
1:05:158,0,0,0,0,1454,1,79
1:05:158,0,0,0,0,1454,1,79
1:05:158,0,0,0,0,1454,1,79
1:05:158,0,0,0,0,1454,1,79
1:05:158,0,0,0,0,1454,1,79
1:05:158,0,0,0,0,1454,1,79
1:05:159,852,928,182,156261,1702,1,79
1:05:159,3664,669,259,173517,1702,1,79
1:05:163,2510,669,259,156258,1703,1,79
1:05:166,852,913,187,156260,1704,1,79
1:05:166,3664,624,274,173522,1704,1,79
1:05:170,2510,908,190,156257,1706,1,79
1:05:170,130,614,259,173519,1706,1,79
1:05:173,852,889,173,156260,1707,1,79
1:05:173,3664,608,274,173521,1707,1,79
1:05:177,2510,888,167,156262,1709,1,79
1:05:177,130,587,260,173519,1709,1,79
1:05:180,852,902,186,156259,1710,1,79
1:05:180,3152,566,262,173520,1710,1,79
1:05:184,2510,862,195,156262,1712,1,79
1:05:187,852,865,191,156258,1713,1,79
1:05:191,2510,842,227,156261,1715,1,79
1:05:194,852,839,195,156257,1716,1,79
1:05:198,2510,780,194,156260,1717,1,79
1:05:201,852,826,177,156263,1719,1,79
1:05:205,2510,785,220,156259,1720,1,79
1:05:208,852,778,217,156262,1722,1,79
1:05:212,2510,778,217,156259,1723,1,79
1:05:215,852,754,205,156261,1725,1,79
1:05:219,2510,733,193,156258,1726,1,79
1:05:222,852,728,225,156261,1727,1,79
1:05:226,2510,706,226,156263,1729,1,79
1:05:229,852,690,217,156260,1730,1,79
1:05:233,2510,677,220,156263,1732,1,79
1:05:236,852,649,212,156259,1733,1,79
1:05:240,2510,634,212,156262,1735,1,79
1:05:243,852,635,194,156258,1736,1,79
1:05:247,2510,607,217,156261,1737,1,79
1:05:250,852,600,237,156264,1739,1,79
1:05:254,2510,601,229,156260,1740,1,79
1:05:257,852,592,222,156263,1742,1,79
1:05:261,2510,548,241,156260,1743,1,79
1:05:264,852,557,217,156262,1745,1,79
1:05:268,2506,557,217,156259,1746,1,79
1:05:454,0,0,0,3221225472,1454,1,80
1:05:454,0,0,0,0,1454,1,80
1:05:454,0,0,0,0,1454,1,80
1:05:454,0,0,0,0,1454,1,80
1:05:454,0,0,0,0,1454,1,80
1:05:454,0,0,0,0,1454,1,80
1:05:454,0,0,0,0,1454,1,80
1:05:454,0,0,0,0,1454,1,80
1:05:454,0,0,0,0,1454,1,80
1:05:454,0,0,0,0,1454,1,80
1:05:454,0,0,0,0,1454,1,80
1:05:454,0,0,0,0,1454,1,80
1:05:454,0,0,0,0,1454,1,80
1:05:454,0,0,0,0,1454,1,80
1:05:454,0,0,0,0,1454,1,80
1:05:454,0,0,0,0,1454,1,80
1:05:454,0,0,0,0,1454,1,80
1:05:454,0,0,0,0,1454,1,80
1:05:454,0,0,0,0,1454,1,80
1:05:454,0,0,0,0,1454,1,80
1:05:454,0,0,0,0,1454,1,80
1:05:454,0,0,0,0,1454,1,80
1:05:454,0,0,0,0,1454,1,80
1:05:454,0,0,0,0,1454,1,80
1:05:454,0,0,0,0,1454,1,80
1:05:454,0,0,0,0,1454,1,80
1:05:454,0,0,0,0,1454,1,80
1:05:454,0,0,0,0,1454,1,80
1:05:454,0,0,0,0,1454,1,80
1:05:579,128,78,0,451609,1873,1,80
1:05:856,8,134,0,107091,1987,1,80
1:05:863,3072,134,0,472641,1990,1,80
1:05:866,1289,134,0,80725,1991,1,80
1:05:877,1,148,0,257930,1995,1,80
1:05:891,1072,219,0,403824,2001,1,80
1:05:891,1056,65535,65535,0,2001,1,80
1:05:985,512,219,0,129625,2040,1,80
1:06:090,1168,219,0,129486,2082,1,80
1:06:090,384,219,0,404611,2082,1,80
1:06:090,32,707,334,415489,2082,1,80
1:06:094,3685,661,293,129489,2084,1,80
1:06:097,3476,661,293,129486,2085,1,80
1:06:101,3813,609,248,129488,2087,1,80
1:06:104,3988,713,295,129491,2088,1,80
1:06:108,3813,681,291,129488,2090,1,80
1:06:111,3988,745,297,129491,2091,1,80
1:06:115,3813,727,270,129487,2093,1,80
1:06:118,3988,698,262,129478,2094,1,80
1:06:122,3813,803,297,129486,2095,1,80
1:06:125,3988,760,255,129483,2097,1,80
1:06:129,3813,780,278,129486,2098,1,80
1:06:132,3988,824,247,129488,2100,1,80
1:06:136,3813,782,234,129480,2101,1,80
1:06:139,3988,880,264,129488,2103,1,80
1:06:139,32,69,0,442227,2103,1,80
1:06:143,3813,843,256,129479,2104,1,80
1:06:146,3988,842,246,129481,2106,1,80
1:06:150,3813,893,274,129478,2107,1,80
1:06:153,3988,833,225,129480,2108,1,80
1:06:157,3813,945,272,129477,2110,1,80
1:06:160,3988,915,245,129480,2111,1,80
1:06:164,3813,909,228,129477,2113,1,80
1:06:167,3988,983,236,129480,2114,1,80
1:06:171,3813,933,234,129476,2116,1,80
1:06:174,3988,1007,218,129479,2117,1,80
1:06:178,3813,1000,206,129476,2118,1,80
1:06:181,3988,958,197,129479,2120,1,80
1:06:185,3813,1018,200,129475,2121,1,80
1:06:188,3988,999,182,129478,2123,1,80
1:06:192,3813,1028,179,129468,2124,1,80
1:06:195,3988,1056,177,129478,2126,1,80
1:06:199,3813,968,177,129468,2127,1,80
1:06:202,3988,1083,201,129471,2128,1,80
1:06:206,3813,1047,201,129467,2130,1,80
1:06:209,3988,1071,174,129470,2131,1,80
1:06:213,3813,1105,168,129467,2133,1,80
1:06:216,3988,1019,167,129469,2134,1,80
1:06:220,3813,1111,199,129466,2136,1,80
1:06:223,3988,1121,182,129469,2137,1,80
1:06:227,3813,1044,169,129465,2138,1,80
1:06:230,3988,1143,160,129468,2140,1,80
1:06:234,3813,1064,165,129465,2141,1,80
1:06:237,3988,1113,161,129467,2143,1,80
1:06:241,3813,1129,188,129465,2144,1,80
1:06:244,3988,1055,157,129461,2145,1,80
1:06:248,3813,1143,169,129458,2147,1,80
1:06:251,3988,1059,170,129461,2148,1,80
1:06:255,3813,1095,185,129457,2150,1,80
1:06:258,3988,1136,153,129460,2151,1,80
1:06:262,3813,1038,152,129456,2153,1,80
1:06:265,3988,1165,174,129459,2154,1,80
1:06:269,3813,1083,146,129456,2156,1,80
1:06:272,3988,1056,169,129459,2157,1,80
1:06:276,3813,1122,177,129455,2159,1,80
1:06:279,3988,1032,142,129458,2160,1,80
1:06:283,3813,1117,186,129461,2161,1,80
1:06:286,3988,1057,162,129457,2163,1,80
1:06:290,3813,1025,197,129448,2164,1,80
1:06:293,3988,1095,132,129457,2166,1,80
1:06:297,3813,1021,165,129448,2167,1,80
1:06:300,3988,1059,154,129456,2168,1,80
1:06:304,3813,1062,167,129447,2170,1,80
1:06:307,3988,979,176,129450,2171,1,80
1:06:311,3813,1036,157,129458,2173,1,80
1:06:314,3988,988,177,129449,2174,1,80
1:06:318,3813,968,185,129451,2176,1,80
1:06:321,3988,1020,194,129448,2177,1,80
1:06:325,3813,917,167,129445,2178,1,80
1:06:328,3988,1014,225,129448,2180,1,80
1:06:332,3813,938,190,129450,2181,1,80
1:06:335,3988,911,204,129447,2183,1,80
1:06:339,3813,967,210,129450,2184,1,80
1:06:342,3988,862,183,129446,2186,1,80
1:06:346,3813,942,210,129449,2187,1,80
1:06:349,3988,914,118,129446,2189,1,80
1:06:353,3813,841,184,129448,2190,1,80
1:06:356,3988,900,197,129445,2191,1,80
1:06:360,3813,816,185,129441,2193,1,80
1:06:363,3988,834,213,129438,2194,1,80
1:06:367,3813,802,206,129447,2196,1,80
1:06:370,3988,738,187,129437,2197,1,80
1:06:374,3813,796,218,129440,2199,1,80
1:06:377,3988,767,211,129436,2200,1,80
1:06:381,3813,775,221,129439,2201,1,80
1:06:384,3988,734,228,129436,2203,1,80
1:06:388,3813,671,198,129438,2204,1,80
1:06:391,3988,726,217,129435,2206,1,80
1:06:391,16,735,226,264733,2206,1,80
1:06:391,16,725,247,267960,2206,1,80
1:06:395,3813,677,204,129438,2207,1,80
1:06:398,3988,637,192,129435,2208,1,80
1:06:402,3813,661,239,129437,2210,1,80
1:06:405,3988,599,213,129434,2211,1,80
1:06:409,3813,660,219,129436,2213,1,80
1:06:412,3988,590,223,129434,2214,1,80
1:06:416,3813,553,224,129435,2216,1,80
1:06:419,3988,553,224,129433,2217,1,80
1:06:423,3809,539,228,129435,2219,1,80
1:06:426,3988,583,214,129432,2220,1,80
1:06:430,3813,541,213,129435,2222,1,80
1:06:433,3988,476,217,129431,2223,1,80
1:06:437,3813,476,217,129428,2224,1,80
1:06:440,2832,454,219,129424,2226,1,80
1:06:440,1696,513,226,408755,2226,1,80
1:06:440,2432,513,226,412037,2226,1,80
1:06:440,4095,65535,65535,412080,2226,1,80
1:06:440,1536,570,255,449279,2226,1,80
1:06:440,1074,65535,65535,449346,2226,1,80
1:06:440,1026,65535,65535,449355,2226,1,80
1:06:440,3346,570,255,452729,2226,1,80
1:06:440,2328,570,255,459701,2226,1,80
1:06:444,1765,570,255,129427,2227,1,80
1:06:587,2080,570,255,35607,2286,1,80
1:06:846,8,570,255,348720,2392,1,80
1:06:860,192,287,0,466718,2398,1,80
1:06:864,593,287,0,391662,2399,1,80
1:07:133,512,65,0,101695,2509,1,80
1:07:140,8,58,0,6908,2512,1,80
1:07:160,0,0,0,2147483648,1454,1,81
1:07:160,0,0,0,0,1454,1,81
1:07:160,0,0,0,0,1454,1,81
1:07:160,0,0,0,0,1454,1,81
1:07:160,0,0,0,0,1454,1,81
1:07:160,0,0,0,0,1454,1,81
1:07:160,0,0,0,0,1454,1,81
1:07:160,0,0,0,0,1454,1,81
1:07:160,0,0,0,0,1454,1,81
1:07:160,0,0,0,0,1454,1,81
1:07:160,0,0,0,0,1454,1,81
1:07:160,0,0,0,0,1454,1,81
1:07:160,0,0,0,0,1454,1,81
1:07:160,0,0,0,0,1454,1,81
1:07:160,0,0,0,0,1454,1,81
1:07:160,0,0,0,0,1454,1,81
1:07:160,0,0,0,0,1454,1,81
1:07:160,0,0,0,0,1454,1,81
1:07:160,0,0,0,0,1454,1,81
1:07:160,0,0,0,0,1454,1,81
1:07:160,0,0,0,0,1454,1,81
1:07:160,0,0,0,0,1454,1,81
1:07:160,0,0,0,0,1454,1,81
1:07:160,0,0,0,0,1454,1,81
1:07:160,0,0,0,0,1454,1,81
1:07:160,0,0,0,0,1454,1,81
1:07:160,0,0,0,0,1454,1,81
1:07:160,0,0,0,0,1454,1,81
1:07:160,0,0,0,0,1454,1,81
1:07:196,8,58,0,6911,2535,1,81
1:07:252,3632,92,0,229414,2558,1,81
1:07:256,1512,130,0,229417,2559,1,81
1:07:259,3632,139,0,229414,2561,1,81
1:07:263,1513,121,0,229417,2562,1,81
1:07:266,3632,92,0,229408,2564,1,81
1:07:273,3632,139,0,229408,2566,1,81
1:07:277,1512,110,0,229416,2568,1,81
1:07:280,3632,137,0,229407,2569,1,81
1:07:284,1512,130,0,229410,2571,1,81
1:07:287,3632,106,0,229407,2572,1,81
1:07:291,1512,124,0,229422,2574,1,81
1:07:294,3632,122,0,229425,2575,1,81
1:07:298,1512,131,0,229415,2576,1,81
1:07:301,3632,150,0,229412,2578,1,81
1:07:305,1512,125,0,229409,2579,1,81
1:07:308,3632,120,0,229418,2581,1,81
1:07:312,1512,107,0,229403,2582,1,81
1:07:315,3632,128,0,229411,2584,1,81
1:07:319,1512,129,0,229409,2585,1,81
1:07:322,3632,133,0,229406,2586,1,81
1:07:326,1512,150,0,229414,2588,1,81
1:07:329,3632,127,0,229417,2589,1,81
1:07:333,1512,115,0,229421,2591,1,81
1:07:336,3632,147,0,229417,2592,1,81
1:07:340,1512,123,0,229421,2594,1,81
1:07:343,3632,118,0,229424,2595,1,81
1:07:347,1512,99,0,229420,2597,1,81
1:07:350,3632,135,0,229411,2598,1,81
1:07:350,2050,135,0,325157,2598,1,81
1:07:350,58,135,0,328265,2598,1,81
1:07:350,2256,191,53,334607,2598,1,81
1:07:354,1512,110,0,229414,2599,1,81
1:07:357,3632,142,0,229411,2601,1,81
1:07:361,1512,139,0,229414,2602,1,81
1:07:364,1584,119,0,229411,2604,1,81
1:07:368,1512,137,0,229414,2605,1,81
1:07:371,3632,124,0,229417,2607,1,81
1:07:382,1512,127,0,229413,2611,1,81
1:07:385,3632,118,0,229422,2612,1,81
1:07:389,1512,82,0,229419,2614,1,81
1:07:392,3632,113,0,229410,2615,1,81
1:07:396,1512,101,0,229407,2616,1,81
1:07:399,3632,92,0,229415,2618,1,81
1:07:403,1512,126,0,229412,2619,1,81
1:07:406,3616,115,0,229415,2621,1,81
1:07:410,1512,75,0,229411,2622,1,81
1:07:413,3632,128,0,229414,2624,1,81
1:07:417,1512,104,0,229424,2625,1,81
1:07:420,3632,84,0,229414,2627,1,81
1:07:424,1512,104,0,229417,2628,1,81
1:07:427,3632,74,0,229413,2629,1,81
1:07:431,1480,79,0,229416,2631,1,81
1:07:434,3104,84,0,229419,2632,1,81
1:07:438,1512,84,0,229410,2634,1,81
1:07:445,1504,83,0,229421,2637,1,81
1:07:448,3632,83,0,229418,2638,1,81
1:07:452,2048,105,0,90030,2639,1,81
1:07:455,0,0,0,3221225472,1454,1,82
1:07:455,0,0,0,0,1454,1,82
1:07:455,0,0,0,0,1454,1,82
1:07:455,0,0,0,0,1454,1,82
1:07:455,0,0,0,0,1454,1,82
1:07:455,0,0,0,0,1454,1,82
1:07:455,0,0,0,0,1454,1,82
1:07:455,0,0,0,0,1454,1,82
1:07:455,0,0,0,0,1454,1,82
1:07:455,0,0,0,0,1454,1,82
1:07:455,0,0,0,0,1454,1,82
1:07:455,0,0,0,0,1454,1,82
1:07:455,0,0,0,0,1454,1,82
1:07:455,0,0,0,0,1454,1,82
1:07:455,0,0,0,0,1454,1,82
1:07:455,0,0,0,0,1454,1,82
1:07:455,0,0,0,0,1454,1,82
1:07:455,0,0,0,0,1454,1,82
1:07:455,0,0,0,0,1454,1,82
1:07:455,0,0,0,0,1454,1,82
1:07:455,0,0,0,0,1454,1,82
1:07:455,0,0,0,0,1454,1,82
1:07:455,0,0,0,0,1454,1,82
1:07:455,0,0,0,0,1454,1,82
1:07:455,0,0,0,0,1454,1,82
1:07:455,0,0,0,0,1454,1,82
1:07:455,0,0,0,0,1454,1,82
1:07:455,0,0,0,0,1454,1,82
1:07:455,0,0,0,0,1454,1,82
1:07:469,3600,50,0,229416,2647,1,82
1:07:473,424,50,0,229430,2648,1,82
1:07:480,1032,94,0,229424,2651,1,82
1:07:501,72,94,0,229434,2659,1,82
1:07:634,16,94,0,475428,2714,1,82
1:07:641,64,94,0,506687,2717,1,82
1:07:704,256,94,0,139589,2743,1,82
1:07:728,4,94,0,230653,2753,1,82
1:07:886,1024,63,0,251212,2817,1,82
1:08:173,2,84,0,441842,2934,1,82
1:08:173,2,65535,65535,441882,2934,1,82
1:08:670,2048,84,0,6735,3138,1,82
1:08:680,136,3069,1305,6737,3142,1,82
1:08:684,2176,2935,1212,6735,3144,1,82
1:08:684,1032,418,116,204136,3144,1,82
1:08:684,2048,495,169,516161,3144,1,82
1:08:687,8,495,169,6731,3145,1,82
1:08:691,2176,3385,1364,6727,3146,1,82
1:08:694,136,3385,1364,6730,3148,1,82
1:08:698,2048,3269,1278,6727,3149,1,82
1:08:698,2060,3269,1278,308185,3149,1,82
1:08:701,136,2982,1060,6729,3151,1,82
1:08:705,2176,3529,1355,6737,3152,1,82
1:08:708,128,3226,1373,6728,3154,1,82
1:08:796,264,7016,3172,441736,3189,1,82
1:08:887,16,7016,3172,99936,3227,1,82
1:09:030,16,290,0,426454,3285,1,82
1:09:030,1,290,0,429676,3285,1,82
1:09:044,1056,290,0,440282,3291,1,82
1:09:111,137,90,0,472791,3318,1,82
1:09:135,384,101,0,47981,3328,1,82
1:09:135,512,104,0,228931,3328,1,82
1:09:139,2065,96,0,47984,3330,1,82
1:09:139,1443,127,0,228928,3330,1,82
1:09:139,128,58,0,383954,3330,1,82
1:09:142,384,79,0,47992,3331,1,82
1:09:142,1552,137,0,228925,3331,1,82
1:09:146,2065,88,0,47988,3332,1,82
1:09:149,384,82,0,47991,3334,1,82
1:09:153,1511,82,0,228915,3335,1,82
1:09:156,2432,80,0,47990,3337,1,82
1:09:156,1536,124,51,228923,3337,1,82
1:09:160,17,77,0,47999,3338,1,82
1:09:160,1511,136,0,228931,3338,1,82
1:09:160,1312,51,0,246086,3338,1,82
1:09:162,0,0,0,2147483648,1454,1,83
1:09:162,0,0,0,0,1454,1,83
1:09:162,0,0,0,0,1454,1,83
1:09:162,0,0,0,0,1454,1,83
1:09:162,0,0,0,0,1454,1,83
1:09:162,0,0,0,0,1454,1,83
1:09:162,0,0,0,0,1454,1,83
1:09:162,0,0,0,0,1454,1,83
1:09:162,0,0,0,0,1454,1,83
1:09:162,0,0,0,0,1454,1,83
1:09:162,0,0,0,0,1454,1,83
1:09:162,0,0,0,0,1454,1,83
1:09:162,0,0,0,0,1454,1,83
1:09:162,0,0,0,0,1454,1,83
1:09:162,0,0,0,0,1454,1,83
1:09:162,0,0,0,0,1454,1,83
1:09:162,0,0,0,0,1454,1,83
1:09:162,0,0,0,0,1454,1,83
1:09:162,0,0,0,0,1454,1,83
1:09:162,0,0,0,0,1454,1,83
1:09:162,0,0,0,0,1454,1,83
1:09:162,0,0,0,0,1454,1,83
1:09:162,0,0,0,0,1454,1,83
1:09:162,0,0,0,0,1454,1,83
1:09:162,0,0,0,0,1454,1,83
1:09:162,0,0,0,0,1454,1,83
1:09:162,0,0,0,0,1454,1,83
1:09:162,0,0,0,0,1454,1,83
1:09:162,0,0,0,0,1454,1,83
1:09:163,2432,81,0,48001,3340,1,83
1:09:163,1552,157,0,228922,3340,1,83
1:09:170,1154,157,0,179681,3342,1,83
1:09:170,1552,151,0,228915,3342,1,83
1:09:174,2065,151,0,47998,3344,1,83
1:09:174,1511,126,0,228912,3344,1,83
1:09:174,3012,126,0,411261,3344,1,83
1:09:177,1552,166,0,228921,3345,1,83
1:09:181,487,148,0,228917,3347,1,83
1:09:184,1552,142,0,228926,3348,1,83
1:09:184,3008,142,0,356400,3348,1,83
1:09:188,1511,165,0,228916,3350,1,83
1:09:195,1511,172,17,228922,3353,1,83
1:09:195,3028,172,17,299900,3353,1,83
1:09:198,1552,172,0,228918,3354,1,83
1:09:202,1511,174,0,228921,3355,1,83
1:09:205,1552,167,0,228912,3357,1,83
1:09:205,3024,66,0,248711,3357,1,83
1:09:209,1511,140,0,228915,3358,1,83
1:09:212,1552,162,0,228911,3360,1,83
1:09:216,1511,149,0,228914,3361,1,83
1:09:219,1552,150,0,228915,3363,1,83
1:09:219,1378,72,0,431503,3363,1,83
1:09:223,1511,177,0,228918,3364,1,83
1:09:226,1552,194,0,228921,3365,1,83
1:09:230,1024,61,0,102050,3367,1,83
1:09:230,1024,65535,65535,102108,3367,1,83
1:09:230,1,59,0,108608,3367,1,83
1:09:233,1552,189,0,228908,3368,1,83
1:09:240,1552,189,0,228914,3371,1,83
1:09:240,200,73,0,306630,3371,1,83
1:09:244,1511,188,0,228916,3373,1,83
1:09:247,1552,176,0,228907,3374,1,83
1:09:251,1511,218,0,228903,3375,1,83
1:09:251,1218,80,0,246507,3375,1,83
1:09:254,1552,188,0,228906,3377,1,83
1:09:254,3028,64,0,478027,3377,1,83
1:09:258,1511,174,0,228909,3378,1,83
1:09:261,1552,190,0,228911,3380,1,83
1:09:265,1511,180,0,228914,3381,1,83
1:09:268,1552,196,0,228910,3383,1,83
1:09:275,1552,196,0,228910,3386,1,83
1:09:275,3024,165,0,349867,3386,1,83
1:09:279,1511,185,0,228906,3387,1,83
1:09:282,1552,167,0,228909,3388,1,83
1:09:286,1511,167,0,228900,3390,1,83
1:09:289,1552,218,0,228901,3391,1,83
1:09:293,1511,183,0,228904,3393,1,83
1:09:303,1552,195,0,228906,3397,1,83
1:09:307,2688,195,0,150478,3398,1,83
1:09:307,1511,183,0,228902,3398,1,83
1:09:310,1552,156,0,228905,3400,1,83
1:09:314,1511,151,0,228896,3401,1,83
1:09:321,1511,149,0,228901,3404,1,83
1:09:321,1536,121,0,476762,3404,1,83
1:09:324,1552,164,0,228903,3405,1,83
1:09:328,1511,156,0,228900,3407,1,83
1:09:331,1552,144,0,228897,3408,1,83
1:09:335,1511,163,0,228893,3410,1,83
1:09:338,1552,163,0,228896,3411,1,83
1:09:342,1511,165,0,228899,3413,1,83
1:09:345,1552,165,0,228895,3414,1,83
1:09:349,1511,174,0,228904,3416,1,83
1:09:352,1552,162,0,228888,3417,1,83
1:09:356,1511,146,0,228897,3419,1,83
1:09:359,1552,153,0,228894,3420,1,83
1:09:363,1511,136,0,228902,3421,1,83
1:09:366,1552,121,0,228899,3423,1,83
1:09:370,1511,162,0,228896,3424,1,83
1:09:377,1255,105,0,228895,3427,1,83
1:09:380,1552,139,0,228891,3428,1,83
1:09:384,1511,140,0,228894,3430,1,83
1:09:387,1552,115,0,228897,3431,1,83
1:09:391,1478,111,0,228900,3433,1,83
1:09:391,4,111,0,383720,3433,1,83
1:09:457,0,0,0,3221225472,1454,1,84
1:09:457,0,0,0,0,1454,1,84
1:09:457,0,0,0,0,1454,1,84
1:09:457,0,0,0,0,1454,1,84
1:09:457,0,0,0,0,1454,1,84
1:09:457,0,0,0,0,1454,1,84
1:09:457,0,0,0,0,1454,1,84
1:09:457,0,0,0,0,1454,1,84
1:09:457,0,0,0,0,1454,1,84
1:09:457,0,0,0,0,1454,1,84
1:09:457,0,0,0,0,1454,1,84
1:09:457,0,0,0,0,1454,1,84
1:09:457,0,0,0,0,1454,1,84
1:09:457,0,0,0,0,1454,1,84
1:09:457,0,0,0,0,1454,1,84
1:09:457,0,0,0,0,1454,1,84
1:09:457,0,0,0,0,1454,1,84
1:09:457,0,0,0,0,1454,1,84
1:09:457,0,0,0,0,1454,1,84
1:09:457,0,0,0,0,1454,1,84
1:09:457,0,0,0,0,1454,1,84
1:09:457,0,0,0,0,1454,1,84
1:09:457,0,0,0,0,1454,1,84
1:09:457,0,0,0,0,1454,1,84
1:09:457,0,0,0,0,1454,1,84
1:09:457,0,0,0,0,1454,1,84
1:09:457,0,0,0,0,1454,1,84
1:09:457,0,0,0,0,1454,1,84
1:09:457,0,0,0,0,1454,1,84
1:09:461,11,148,0,248369,3461,1,84
1:09:643,24,148,0,23627,3536,1,84
1:09:657,512,148,0,125936,3541,1,84
1:09:849,556,80,0,469421,3620,1,84
1:09:849,32,65535,65535,465705,3620,1,84
1:09:849,768,80,0,472781,3620,1,84
1:09:849,32,68,0,475883,3620,1,84
1:09:905,1,77,0,174502,3643,1,84
1:10:066,784,57,0,128914,3709,1,84
1:10:070,1568,57,0,128910,3711,1,84
1:10:080,1680,57,0,128907,3715,1,84
1:10:084,3813,252,107,128903,3716,1,84
1:10:087,3988,268,104,128906,3718,1,84
1:10:091,3813,244,65,128902,3719,1,84
1:10:094,3988,294,80,128893,3721,1,84
1:10:098,3813,263,81,128895,3722,1,84
1:10:101,3988,277,83,128898,3724,1,84
1:10:105,3813,285,78,128895,3725,1,84
1:10:108,3988,276,79,128891,3726,1,84
1:10:112,3813,302,0,128894,3728,1,84
1:10:115,3988,270,82,128896,3729,1,84
1:10:119,3813,289,93,128887,3731,1,84
1:10:122,1940,289,93,128883,3732,1,84
1:10:126,3813,294,85,128892,3734,1,84
1:10:129,3988,333,0,128882,3735,1,84
1:10:133,3813,310,20,128892,3736,1,84
1:10:136,3988,320,98,128882,3738,1,84
1:10:140,3812,277,0,128884,3739,1,84
1:10:143,3988,300,0,128894,3741,1,84
1:10:143,398,300,0,409425,3741,1,84
1:10:147,3813,322,0,128884,3742,1,84
1:10:147,1792,73,0,384695,3742,1,84
1:10:150,3988,273,0,128886,3744,1,84
1:10:150,1442,135,61,362348,3744,1,84
1:10:154,3813,323,0,128883,3745,1,84
1:10:157,3988,335,0,128892,3746,1,84
1:10:157,1186,132,0,322148,3746,1,84
1:10:161,3813,329,0,128882,3748,1,84
1:10:161,1888,329,0,304307,3748,1,84
1:10:164,3988,365,0,128879,3749,1,84
1:10:168,2720,87,0,258533,3751,1,84
1:10:171,3988,331,0,128884,3752,1,84
1:10:175,3813,360,71,128880,3754,1,84
1:10:175,1568,94,0,217913,3754,1,84
1:10:178,3988,332,0,128883,3755,1,84
1:10:182,3813,355,94,128880,3756,1,84
1:10:182,864,75,0,176201,3756,1,84
1:10:185,3988,364,89,128882,3758,1,84
1:10:185,1314,161,0,153854,3758,1,84
1:10:192,1632,93,0,97718,3761,1,84
1:10:192,1312,150,0,113660,3761,1,84
1:10:192,3988,375,79,128881,3761,1,84
1:10:199,3988,376,70,128881,3764,1,84
1:10:203,3813,342,0,128872,3765,1,84
1:10:203,2510,75,0,156501,3765,1,84
1:10:206,3988,355,76,128874,3767,1,84
1:10:210,3813,362,77,128877,3768,1,84
1:10:210,130,76,0,516560,3768,1,84
1:10:213,3988,349,72,128873,3769,1,84
1:10:213,3680,100,0,492706,3769,1,84
1:10:217,3813,365,71,128870,3771,1,84
1:10:217,128,365,71,470378,3771,1,84
1:10:220,3988,344,80,128873,3772,1,84
1:10:224,3813,329,96,128869,3774,1,84
1:10:227,3988,372,85,128872,3775,1,84
1:10:227,852,81,0,156508,3775,1,84
1:10:227,12,119,0,519171,3775,1,84
1:10:231,3813,337,0,128868,3776,1,84
1:10:234,3988,356,81,128871,3778,1,84
1:10:238,3813,393,84,128867,3779,1,84
1:10:245,3813,371,0,128867,3782,1,84
1:10:248,3988,339,0,128869,3784,1,84
1:10:252,3813,352,77,128860,3785,1,84
1:10:255,3988,395,68,128869,3787,1,84
1:10:259,3813,352,56,128860,3788,1,84
1:10:262,3988,358,0,128862,3790,1,84
1:10:266,3813,324,79,128859,3791,1,84
1:10:269,3988,362,71,128862,3792,1,84
1:10:273,3813,371,97,128864,3794,1,84
1:10:276,3988,327,59,128861,3795,1,84
1:10:276,832,103,0,156508,3795,1,84
1:10:280,3813,350,69,128857,3797,1,84
1:10:283,3988,340,0,128860,3798,1,84
1:10:287,3813,359,86,128856,3799,1,84
1:10:290,3988,348,70,128859,3801,1,84
1:10:294,3813,326,69,128856,3802,1,84
1:10:297,3988,343,57,128859,3804,1,84
1:10:301,3813,328,72,128855,3805,1,84
1:10:304,3988,334,0,128852,3807,1,84
1:10:308,3813,326,85,128849,3808,1,84
1:10:311,3988,317,52,128858,3809,1,84
1:10:315,3813,316,93,128849,3811,1,84
1:10:318,3988,305,99,128851,3812,1,84
1:10:322,3813,300,74,128848,3814,1,84
1:10:322,256,360,115,181125,3814,1,84
1:10:322,256,65535,65535,181192,3814,1,84
1:10:322,256,65535,65535,181206,3814,1,84
1:10:322,3584,371,102,220580,3814,1,84
1:10:322,3104,65535,65535,220648,3814,1,84
1:10:322,3072,65535,65535,220662,3814,1,84
1:10:322,768,357,137,231080,3814,1,84
1:10:322,516,65535,65535,231148,3814,1,84
1:10:322,512,65535,65535,231162,3814,1,84
1:10:325,3988,337,81,128850,3815,1,84
1:10:329,3813,283,63,128848,3817,1,84
1:10:332,3988,309,80,128850,3818,1,84
1:10:336,3813,307,81,128840,3820,1,84
1:10:336,4,57,0,271326,3820,1,84
1:10:343,3813,307,79,128846,3822,1,84
1:10:346,3988,285,73,128849,3824,1,84
1:10:350,3813,285,72,128846,3825,1,84
1:10:353,3988,285,72,128849,3827,1,84
1:10:357,3813,250,71,128845,3828,1,84
1:10:360,3988,260,67,128842,3830,1,84
1:10:364,3813,240,67,128838,3831,1,84
1:10:367,3988,285,76,128841,3832,1,84
1:10:371,3813,253,91,128850,3834,1,84
1:10:378,2789,264,93,128849,3837,1,84
1:10:381,3860,264,93,128846,3838,1,84
1:10:388,3988,236,100,128845,3841,1,84
1:10:392,1636,236,100,128848,3842,1,84
1:10:395,2580,213,84,128856,3844,1,84
1:10:507,514,79,0,339950,3890,1,84
1:10:507,1,71,0,349820,3890,1,84
1:10:616,836,85,0,371842,3934,1,84
1:10:619,2434,68,0,438647,3936,1,84
1:10:623,3089,83,0,508837,3937,1,84
1:10:623,17,65535,65535,0,3937,1,84
1:10:637,2380,83,0,193906,3943,1,84
1:10:640,12,83,0,263010,3944,1,84
1:10:644,516,340,71,476045,3946,1,84
1:10:647,68,323,86,402399,3947,1,84
1:10:658,512,88,0,241184,3951,1,84
1:10:763,8,95,0,233121,3994,1,84
1:10:798,1525,219,0,196080,4009,1,84
1:10:812,1525,201,0,196084,4014,1,84
1:10:815,608,207,0,196087,4016,1,84
1:10:819,1525,208,0,196078,4017,1,84
1:10:822,608,213,0,196080,4019,1,84
1:10:826,1525,215,0,196082,4020,1,84
1:10:829,608,195,0,196080,4021,1,84
1:10:833,1525,227,0,196081,4023,1,84
1:10:836,608,188,0,196079,4024,1,84
1:10:840,1525,197,0,196087,4026,1,84
1:10:843,608,184,0,196090,4027,1,84
1:10:843,80,120,0,294271,4027,1,84
1:10:847,1525,207,0,196080,4029,1,84
1:10:850,128,185,0,129904,4030,1,84
1:10:854,1525,187,0,196085,4032,1,84
1:10:857,608,191,0,196082,4033,1,84
1:10:861,1525,181,0,196091,4034,1,84
1:10:864,608,199,0,196087,4036,1,84
1:10:868,1525,198,0,196096,4037,1,84
1:10:868,516,183,0,439986,4037,1,84
1:10:871,608,170,0,196093,4039,1,84
1:10:875,149,424,89,110873,4040,1,84
1:10:875,132,151,0,115253,4040,1,84
1:10:875,2929,65535,65535,115396,4040,1,84
1:10:875,2,117,0,122069,4040,1,84
1:10:875,264,131,0,125302,4040,1,84
1:10:875,258,130,0,128531,4040,1,84
1:10:878,976,437,115,110876,4042,1,84
1:10:878,608,192,0,196098,4042,1,84
1:10:882,149,440,109,110878,4043,1,84
1:10:882,1525,191,0,196089,4043,1,84
1:10:885,976,448,94,110880,4044,1,84
1:10:885,608,178,0,196097,4044,1,84
1:10:889,149,446,107,110878,4046,1,84
1:10:889,1525,177,0,196100,4046,1,84
1:10:892,976,428,87,110880,4047,1,84
1:10:892,608,174,0,196091,4047,1,84
1:10:896,149,450,101,110882,4049,1,84
1:10:896,1525,175,0,196093,4049,1,84
1:10:899,976,462,124,110880,4050,1,84
1:10:899,608,161,0,196095,4050,1,84
1:10:903,149,442,101,110881,4052,1,84
1:10:903,1525,159,0,196098,4052,1,84
1:10:906,608,163,0,196101,4053,1,84
1:10:910,149,455,105,110881,4054,1,84
1:10:913,976,477,100,110883,4056,1,84
1:10:913,608,165,0,196106,4056,1,84
1:10:917,260,165,0,79920,4057,1,84
1:10:924,149,481,118,110885,4060,1,84
1:10:924,1525,159,0,196108,4060,1,84
1:10:927,976,496,116,110888,4062,1,84
1:10:927,608,135,0,196105,4062,1,84
1:10:931,149,499,115,110884,4063,1,84
1:10:931,1524,134,0,196107,4063,1,84
1:10:934,976,485,121,110887,4064,1,84
1:10:934,608,142,0,196104,4064,1,84
1:10:938,149,485,136,110890,4066,1,84
1:10:938,1525,135,0,196106,4066,1,84
1:10:941,976,511,135,110893,4067,1,84
1:10:941,576,128,0,196109,4067,1,84
1:10:945,149,499,130,110895,4069,1,84
1:10:945,1525,110,0,196111,4069,1,84
1:10:948,976,527,121,110897,4070,1,84
1:10:948,608,111,0,196108,4070,1,84
1:10:952,149,511,137,110888,4072,1,84
1:10:955,976,540,143,110891,4073,1,84
1:10:955,608,127,0,196113,4073,1,84
1:10:959,149,527,128,110894,4074,1,84
1:10:962,976,534,140,110896,4076,1,84
1:10:966,149,512,133,110898,4077,1,84
1:10:966,132,621,109,182172,4077,1,84
1:10:966,2933,65535,65535,182322,4077,1,84
1:10:966,2433,683,123,189623,4077,1,84
1:10:966,10,644,151,192893,4077,1,84
1:10:966,512,652,91,196193,4077,1,84
1:10:969,976,538,157,110901,4079,1,84
1:10:973,149,531,116,110897,4080,1,84
1:10:976,976,541,112,110895,4082,1,84
1:10:980,149,542,122,110897,4083,1,84
1:10:983,976,550,123,110899,4084,1,84
1:10:987,149,548,120,110902,4086,1,84
1:10:990,976,562,118,110899,4087,1,84
1:10:994,149,555,124,110901,4089,1,84
1:10:997,976,563,124,110898,4090,1,84
1:11:001,149,567,122,110900,4092,1,84
1:11:004,976,576,119,110903,4093,1,84
1:11:008,149,559,117,110906,4094,1,84
1:11:011,976,563,78,110902,4096,1,84
1:11:015,149,515,12,110905,1,1,85
1:11:015,384,73,0,178818,1,1,85
1:11:015,520,62,0,188712,1,1,85
1:11:015,520,65535,65535,178886,1,1,85
1:11:015,520,65535,65535,185338,1,1,85
1:11:015,2,60,0,192017,1,1,85
1:11:015,256,65535,65535,192085,1,1,85
1:11:015,260,65535,65535,192111,1,1,85
1:11:018,976,577,97,110908,3,1,85
1:11:018,2919,65535,65535,514617,3,1,85
1:11:018,1046,88,0,517845,3,1,85
1:11:025,976,583,121,110907,6,1,85
1:11:025,1024,71,0,333461,6,1,85
1:11:029,149,584,95,110910,7,1,85
1:11:029,226,75,0,176789,7,1,85
1:11:032,976,585,135,110906,8,1,85
1:11:036,149,578,108,110909,10,1,85
1:11:036,2644,81,0,146434,10,1,85
1:11:039,976,589,117,110911,11,1,85
1:11:039,128,73,0,142909,11,1,85
1:11:043,64,62,0,102022,13,1,85
1:11:043,149,587,123,110914,13,1,85
1:11:046,976,588,132,110917,14,1,85
1:11:050,149,592,92,110913,16,1,85
1:11:053,976,589,115,110910,17,1,85
1:11:057,149,602,99,110912,19,1,85
1:11:060,976,593,130,110915,20,1,85
1:11:064,149,592,101,110918,21,1,85
1:11:067,976,604,109,110920,23,1,85
1:11:071,149,596,113,110917,24,1,85
1:11:074,976,602,108,110920,26,1,85
1:11:078,149,590,115,110916,27,1,85
1:11:081,976,596,104,110919,28,1,85
1:11:085,149,586,118,110922,30,1,85
1:11:088,976,586,129,110924,31,1,85
1:11:092,149,585,135,110921,33,1,85
1:11:095,976,590,144,110924,34,1,85
1:11:099,149,577,136,110920,36,1,85
1:11:102,976,571,130,110923,37,1,85
1:11:106,149,580,175,110925,38,1,85
1:11:109,976,566,153,110922,40,1,85
1:11:113,149,566,150,110925,41,1,85
1:11:116,976,586,161,110927,43,1,85
1:11:116,128,176,0,399234,43,1,85
1:11:120,149,589,153,110924,44,1,85
1:11:123,976,582,174,110932,46,1,85
1:11:130,976,550,143,110925,49,1,85
1:11:134,149,550,154,110928,50,1,85
1:11:137,976,547,160,110930,51,1,85
1:11:141,149,536,139,110933,53,1,85
1:11:141,976,661,198,441420,53,1,85
1:11:144,976,538,159,110936,54,1,85
1:11:144,2900,65535,65535,404685,54,1,85
1:11:148,149,534,169,110939,56,1,85
1:11:148,149,654,178,317773,56,1,85
1:11:151,976,524,214,110935,57,1,85
1:11:155,149,533,173,110932,58,1,85
1:11:158,132,399,153,79945,60,1,85
1:11:158,976,506,155,110934,60,1,85
1:11:162,8,635,174,458289,61,1,85
1:11:162,516,618,177,468117,61,1,85
1:11:162,516,647,171,471417,61,1,85
1:11:164,0,0,0,2147483648,1454,1,85
1:11:164,0,0,0,0,1454,1,85
1:11:164,0,0,0,0,1454,1,85
1:11:164,0,0,0,0,1454,1,85
1:11:164,0,0,0,0,1454,1,85
1:11:164,0,0,0,0,1454,1,85
1:11:164,0,0,0,0,1454,1,85
1:11:164,0,0,0,0,1454,1,85
1:11:164,0,0,0,0,1454,1,85
1:11:164,0,0,0,0,1454,1,85
1:11:164,0,0,0,0,1454,1,85
1:11:164,0,0,0,0,1454,1,85
1:11:164,0,0,0,0,1454,1,85
1:11:164,0,0,0,0,1454,1,85
1:11:164,0,0,0,0,1454,1,85
1:11:164,0,0,0,0,1454,1,85
1:11:164,0,0,0,0,1454,1,85
1:11:164,0,0,0,0,1454,1,85
1:11:164,0,0,0,0,1454,1,85
1:11:164,0,0,0,0,1454,1,85
1:11:164,0,0,0,0,1454,1,85
1:11:164,0,0,0,0,1454,1,85
1:11:164,0,0,0,0,1454,1,85
1:11:164,0,0,0,0,1454,1,85
1:11:164,0,0,0,0,1454,1,85
1:11:164,0,0,0,0,1454,1,85
1:11:164,0,0,0,0,1454,1,85
1:11:164,0,0,0,0,1454,1,85
1:11:164,0,0,0,0,1454,1,85
1:11:169,149,489,191,110936,64,1,86
1:11:169,976,630,170,329170,64,1,86
1:11:172,976,504,179,110939,66,1,86
1:11:172,132,599,207,278426,66,1,86
1:11:176,149,493,169,110936,67,1,86
1:11:176,149,592,174,207096,67,1,86
1:11:179,976,489,207,110938,69,1,86
1:11:179,976,576,205,162843,69,1,86
1:11:183,149,470,179,110940,70,1,86
1:11:183,16,122,0,136362,70,1,86
1:11:190,149,463,169,110940,73,1,86
1:11:197,149,437,185,110939,76,1,86
1:11:197,976,563,173,423227,76,1,86
1:11:200,912,452,175,110948,77,1,86
1:11:200,132,556,191,366831,77,1,86
1:11:200,2900,65535,65535,366981,77,1,86
1:11:204,149,410,174,110950,79,1,86
1:11:207,848,428,196,110940,80,1,86
1:11:316,976,291,113,258673,124,1,86
1:11:319,2564,291,113,258669,126,1,86
1:11:323,213,304,52,258672,127,1,86
1:11:326,2708,317,90,258668,129,1,86
1:11:330,980,325,100,258677,130,1,86
1:11:333,2708,325,100,258668,132,1,86
1:11:337,981,341,105,258664,133,1,86
1:11:340,2708,341,106,258667,135,1,86
1:11:344,981,364,127,258663,136,1,86
1:11:347,2708,369,88,258666,138,1,86
1:11:351,981,373,87,258662,139,1,86
1:11:354,2708,386,131,258660,140,1,86
1:11:361,2708,417,139,258664,143,1,86
1:11:365,981,407,104,258660,145,1,86
1:11:368,2708,411,107,258663,146,1,86
1:11:372,981,434,92,258660,147,1,86
1:11:375,2708,420,104,258662,149,1,86
1:11:379,981,470,96,258660,150,1,86
1:11:382,2708,447,95,258656,152,1,86
1:11:386,981,449,100,258659,153,1,86
1:11:389,2708,457,94,258655,155,1,86
1:11:393,981,443,107,258658,156,1,86
1:11:396,2708,483,122,258655,158,1,86
1:11:400,981,472,107,258657,159,1,86
1:11:403,2708,486,96,258654,160,1,86
1:11:407,24,415,105,104711,162,1,86
1:11:407,16,65535,65535,101478,162,1,86
1:11:407,16,65535,65535,101480,162,1,86
1:11:410,2708,418,116,162043,163,1,86
1:11:410,2708,508,109,258653,163,1,86
1:11:414,128,320,80,96184,165,1,86
1:11:414,2900,65535,65535,96334,165,1,86
1:11:417,2708,493,90,258652,166,1,86
1:11:417,2708,526,113,494256,166,1,86
1:11:421,981,514,98,258649,168,1,86
1:11:421,128,481,141,443512,168,1,86
1:11:424,2708,502,123,258652,169,1,86
1:11:424,981,432,114,349814,169,1,86
1:11:428,981,521,106,258654,170,1,86
1:11:428,2708,448,102,294534,170,1,86
1:11:435,981,466,104,167107,173,1,86
1:11:435,981,538,93,258647,173,1,86
1:11:438,2580,363,118,121906,175,1,86
1:11:438,2708,515,98,258650,175,1,86
1:11:442,528,291,99,77834,176,1,86
1:11:442,24,338,78,87511,176,1,86
1:11:445,2708,530,109,258649,178,1,86
1:11:445,2708,500,102,450022,178,1,86
1:11:449,981,548,98,258646,179,1,86
1:11:449,2900,65535,65535,418339,179,1,86
1:11:452,2708,484,116,258648,180,1,86
1:11:452,981,478,76,356303,180,1,86
1:11:456,981,542,89,258639,182,1,86
1:11:456,2708,502,87,294411,182,1,86
1:11:459,2901,65535,65535,259266,183,1,86
1:11:459,0,0,0,3221225472,1454,1,86
1:11:459,0,0,0,0,1454,1,86
1:11:459,0,0,0,0,1454,1,86
1:11:459,0,0,0,0,1454,1,86
1:11:459,0,0,0,0,1454,1,86
1:11:459,0,0,0,0,1454,1,86
1:11:459,0,0,0,0,1454,1,86
1:11:459,0,0,0,0,1454,1,86
1:11:459,0,0,0,0,1454,1,86
1:11:459,0,0,0,0,1454,1,86
1:11:459,0,0,0,0,1454,1,86
1:11:459,0,0,0,0,1454,1,86
1:11:459,0,0,0,0,1454,1,86
1:11:459,0,0,0,0,1454,1,86
1:11:459,0,0,0,0,1454,1,86
1:11:459,0,0,0,0,1454,1,86
1:11:459,0,0,0,0,1454,1,86
1:11:459,0,0,0,0,1454,1,86
1:11:459,0,0,0,0,1454,1,86
1:11:459,0,0,0,0,1454,1,86
1:11:459,0,0,0,0,1454,1,86
1:11:459,0,0,0,0,1454,1,86
1:11:459,0,0,0,0,1454,1,86
1:11:459,0,0,0,0,1454,1,86
1:11:459,0,0,0,0,1454,1,86
1:11:459,0,0,0,0,1454,1,86
1:11:459,0,0,0,0,1454,1,86
1:11:459,0,0,0,0,1454,1,86
1:11:459,0,0,0,0,1454,1,86
1:11:463,965,466,95,195645,185,1,87
1:11:463,981,541,104,258645,185,1,87
1:11:466,2708,463,78,133124,186,1,87
1:11:466,2708,515,95,258642,186,1,87
1:11:470,981,543,114,258644,188,1,87
1:11:473,2708,552,82,258641,189,1,87
1:11:477,981,532,84,258644,191,1,87
1:11:480,2708,526,107,258640,192,1,87
1:11:487,2708,548,83,258639,195,1,87
1:11:491,981,530,81,258636,196,1,87
1:11:494,2708,537,90,258638,198,1,87
1:11:498,981,538,94,258635,199,1,87
1:11:501,2708,543,90,258637,201,1,87
1:11:505,981,516,93,258640,202,1,87
1:11:508,8,462,84,145101,203,1,87
1:11:508,1040,479,85,151695,203,1,87
1:11:512,981,499,109,258633,205,1,87
1:11:515,2708,507,126,258630,206,1,87
1:11:519,981,519,109,258632,208,1,87
1:11:522,2708,486,108,258629,209,1,87
1:11:526,981,483,87,258631,211,1,87
1:11:529,2708,508,156,258634,212,1,87
1:11:533,981,499,120,258630,213,1,87
1:11:536,2708,503,110,258628,215,1,87
1:11:540,981,503,119,258630,216,1,87
1:11:543,2708,442,108,258627,218,1,87
1:11:554,596,470,145,258629,222,1,87
1:11:557,2708,442,128,258625,224,1,87
1:11:561,981,429,111,258628,225,1,87
1:11:564,2708,420,107,258624,226,1,87
1:11:568,981,419,112,258621,228,1,87
1:11:571,2708,419,114,258624,229,1,87
1:11:575,981,423,124,258620,231,1,87
1:11:578,2708,394,139,258623,232,1,87
1:11:582,977,381,115,258619,233,1,87
1:11:585,2708,382,111,258622,235,1,87
1:11:585,128,383,119,366758,235,1,87
1:11:585,512,379,121,369980,235,1,87
1:11:585,4,65535,65535,373353,235,1,87
1:11:585,64,382,109,376730,235,1,87
1:11:589,981,351,122,258618,236,1,87
1:11:592,2708,364,122,258621,238,1,87
1:11:596,981,364,122,258618,239,1,87
1:11:599,2708,360,124,258615,241,1,87
1:11:603,981,349,125,258617,242,1,87
1:11:606,2196,358,134,258614,244,1,87
1:11:610,981,326,117,258616,245,1,87
1:11:613,2692,341,135,258613,246,1,87
1:11:620,2708,341,135,258618,249,1,87
1:11:620,36,309,125,429315,249,1,87
1:11:624,981,309,125,258615,251,1,87
1:11:627,660,309,125,258611,252,1,87
1:11:631,581,309,125,258620,254,1,87
1:11:904,400,309,125,344777,365,1,87
1:11:914,2260,116,0,284607,370,1,87
1:11:918,1480,133,0,351915,371,1,87
1:11:918,1514,140,0,510727,371,1,87
1:11:925,512,636,253,113774,374,1,87
1:11:925,3063,65535,65535,187542,374,1,87
1:11:925,896,592,160,191070,374,1,87
1:11:925,3451,65535,65535,191220,374,1,87
1:11:925,536,599,137,194520,374,1,87
1:11:925,528,65535,65535,194587,374,1,87
1:11:925,528,65535,65535,194601,374,1,87
1:11:925,256,563,157,197892,374,1,87
1:11:925,384,606,157,201198,374,1,87
1:11:932,512,675,276,113773,377,1,87
1:11:932,3063,65535,65535,199373,377,1,87
1:11:932,3827,65535,65535,206345,377,1,87
1:11:939,256,645,179,216028,380,1,87
1:11:939,512,648,198,219328,380,1,87
1:11:942,3720,726,293,113775,381,1,87
1:11:942,3012,148,0,351929,381,1,87
1:11:946,16,94,0,84030,382,1,87
1:11:946,512,742,280,113777,382,1,87
1:11:946,1514,143,58,351925,382,1,87
1:11:949,3720,760,277,113774,384,1,87
1:11:949,1450,152,0,309479,384,1,87
1:11:949,3720,683,171,421448,384,1,87
1:11:953,512,778,300,113776,385,1,87
1:11:953,1514,778,300,351936,385,1,87
1:11:956,3720,800,297,113779,387,1,87
1:11:963,3720,826,313,113778,390,1,87
1:11:963,3024,164,0,351926,390,1,87
1:11:963,3028,150,0,487242,390,1,87
1:11:967,512,837,283,113781,391,1,87
1:11:967,1512,162,0,351929,391,1,87
1:11:970,3720,841,314,113777,393,1,87
1:11:970,1514,175,0,192862,393,1,87
1:11:970,3720,871,163,231345,393,1,87
1:11:970,3028,158,0,351931,393,1,87
1:11:974,512,869,312,113780,394,1,87
1:11:974,1514,172,60,351934,394,1,87
1:11:974,2576,172,0,428162,394,1,87
1:11:974,516,110,0,517309,394,1,87
1:11:977,3720,887,285,113777,396,1,87
1:11:981,512,881,258,113779,397,1,87
1:11:981,1514,159,0,135241,397,1,87
1:11:981,1514,166,0,351928,397,1,87
1:11:984,3720,905,275,113782,398,1,87
1:11:984,3028,182,0,351936,398,1,87
1:11:984,2948,182,0,370392,398,1,87
1:11:988,512,929,272,113779,400,1,87
1:11:988,1514,159,0,351932,400,1,87
1:11:991,352,159,0,71152,401,1,87
1:11:991,3720,922,273,113788,401,1,87
1:11:995,512,937,282,113784,403,1,87
1:11:995,2640,937,282,299709,403,1,87
1:11:995,1514,203,0,351931,403,1,87
1:11:998,3720,937,225,113787,404,1,87
1:11:998,3028,192,0,351934,404,1,87
1:12:002,512,951,283,113790,406,1,87
1:12:002,1514,184,0,351937,406,1,87
1:12:005,3720,965,270,113786,407,1,87
1:12:005,2960,188,0,243972,407,1,87
1:12:005,3028,204,0,351933,407,1,87
1:12:009,512,973,227,113789,408,1,87
1:12:009,1386,183,61,475366,408,1,87
1:12:012,3720,977,241,113785,410,1,87
1:12:012,3028,205,0,351939,410,1,87
1:12:016,512,1002,234,113788,411,1,87
1:12:016,3028,1002,234,190377,411,1,87
1:12:016,1514,196,0,351935,411,1,87
1:12:019,3720,981,248,113790,413,1,87
1:12:023,512,1014,272,113793,414,1,87
1:12:023,1514,182,0,351941,414,1,87
1:12:026,3720,1021,229,113790,416,1,87
1:12:026,2900,204,0,133475,416,1,87
1:12:026,3028,183,0,351944,416,1,87
1:12:030,512,1042,195,113792,417,1,87
1:12:030,10,185,0,315881,417,1,87
1:12:033,3720,1037,233,113790,419,1,87
1:12:033,3028,185,0,140441,419,1,87
1:12:033,3028,206,0,351943,419,1,87
1:12:037,256,178,0,286691,420,1,87
1:12:037,1521,65535,65535,286841,420,1,87
1:12:037,2,180,0,293584,420,1,87
1:12:037,52,65535,65535,296958,420,1,87
1:12:037,32,65535,65535,296972,420,1,87
1:12:037,3,172,36,359139,420,1,87
1:12:037,2,65535,65535,359206,420,1,87
1:12:037,2,65535,65535,359214,420,1,87
1:12:040,3720,1057,216,113794,421,1,87
1:12:040,1450,186,0,321913,421,1,87
1:12:040,3028,169,0,351948,421,1,87
1:12:044,512,1045,215,113797,423,1,87
1:12:051,512,1068,203,113796,426,1,87
1:12:051,512,917,314,253215,426,1,87
1:12:054,3720,1051,195,113799,427,1,87
1:12:054,3028,196,0,351953,427,1,87
1:12:054,3720,907,423,478875,427,1,87
1:12:058,512,1040,198,113795,429,1,87
1:12:058,1514,200,0,351949,429,1,87
1:12:061,3720,1059,191,113798,430,1,87
1:12:061,512,893,365,189427,430,1,87
1:12:065,384,234,0,25236,431,1,87
1:12:065,256,65535,65535,25304,431,1,87
1:12:065,256,65535,65535,25318,431,1,87
1:12:065,3720,975,175,421655,431,1,87
1:12:068,3720,1060,216,113798,433,1,87
1:12:068,3028,186,0,351951,433,1,87
1:12:072,512,1044,212,113800,434,1,87
1:12:072,512,859,159,131265,434,1,87
1:12:072,520,932,173,398795,434,1,87
1:12:072,10,963,162,402023,434,1,87
1:12:072,12,65535,65535,402090,434,1,87
1:12:072,8,65535,65535,402105,434,1,87
1:12:075,3720,1059,221,113803,436,1,87
1:12:075,3028,168,0,351957,436,1,87
1:12:075,3720,953,190,371037,436,1,87
1:12:079,512,1058,216,113800,437,1,87
1:12:079,1514,176,0,351960,437,1,87
1:12:082,512,611,175,81775,438,1,87
1:12:086,512,1069,247,113805,440,1,87
1:12:086,3720,967,181,307547,440,1,87
1:12:089,3720,1040,203,113802,441,1,87
1:12:089,3028,179,0,351955,441,1,87
1:12:093,512,1034,216,113804,443,1,87
1:12:093,1514,183,0,351958,443,1,87
1:12:093,3028,193,0,461461,443,1,87
1:12:096,3720,1053,230,113806,444,1,87
1:12:096,3720,941,186,250448,444,1,87
1:12:100,512,1040,249,113804,446,1,87
1:12:100,1514,193,0,351963,446,1,87
1:12:100,512,946,181,490297,446,1,87
1:12:103,3720,1024,300,113806,447,1,87
1:12:103,3028,181,0,351954,447,1,87
1:12:103,132,1280,242,446596,447,1,87
1:12:103,2901,65535,65535,446746,447,1,87
1:12:107,512,1007,233,113808,449,1,87
1:12:107,3720,920,199,195617,449,1,87
1:12:110,3720,1001,209,113805,450,1,87
1:12:110,2516,178,0,351971,450,1,87
1:12:110,2900,65535,65535,414885,450,1,87
1:12:114,512,1018,257,113808,451,1,87
1:12:114,1514,161,0,351968,451,1,87
1:12:117,3720,981,239,113810,453,1,87
1:12:117,3720,802,186,141206,453,1,87
1:12:121,512,980,242,113807,454,1,87
1:12:121,1514,173,0,351960,454,1,87
1:12:121,512,906,202,375396,454,1,87
1:12:124,3720,961,268,113810,456,1,87
1:12:124,24,138,0,267947,456,1,87
1:12:124,8,93,0,307181,456,1,87
1:12:124,512,117,0,313702,456,1,87
1:12:124,64,1215,255,404397,456,1,87
1:12:124,4031,65535,65535,404547,456,1,87
1:12:124,2,1183,262,407847,456,1,87
1:12:124,2,65535,65535,407914,456,1,87
1:12:124,258,65535,65535,407923,456,1,87
1:12:128,64,690,219,59393,457,1,87
1:12:128,4031,65535,65535,59543,457,1,87
1:12:128,2,685,218,62843,457,1,87
1:12:128,2,65535,65535,62910,457,1,87
1:12:128,2,65535,65535,62918,457,1,87
1:12:128,4,1176,274,414407,457,1,87
1:12:131,3720,940,246,113809,459,1,87
1:12:131,1514,174,0,317421,459,1,87
1:12:131,3028,158,0,351957,459,1,87
1:12:135,512,925,250,113812,460,1,87
1:12:135,1514,157,65,351972,460,1,87
1:12:135,4,1154,263,364205,460,1,87
1:12:135,2935,65535,65535,364355,460,1,87
1:12:135,64,1142,282,426532,460,1,87
1:12:135,4031,65535,65535,426682,460,1,87
1:12:135,1536,1162,255,485637,460,1,87
1:12:135,1024,65535,65535,485704,460,1,87
1:12:135,1024,65535,65535,485718,460,1,87
1:12:138,3720,923,232,113815,461,1,87
1:12:138,3028,148,0,351968,461,1,87
1:12:142,512,922,278,113817,463,1,87
1:12:142,1514,143,0,263646,463,1,87
1:12:142,1514,132,13,351971,463,1,87
1:12:145,3720,910,253,113814,464,1,87
1:12:145,3028,156,0,351967,464,1,87
1:12:145,3028,137,0,496151,464,1,87
1:12:149,512,885,261,113817,466,1,87
1:12:149,1506,153,0,351964,466,1,87
1:12:149,512,1091,255,408411,466,1,87
1:12:149,1514,125,0,414315,466,1,87
1:12:152,3720,878,264,113819,467,1,87
1:12:152,1514,127,0,199503,467,1,87
1:12:152,3028,151,0,351973,467,1,87
1:12:152,3720,1082,276,368250,467,1,87
1:12:152,1506,106,0,434507,467,1,87
1:12:156,512,845,277,113816,469,1,87
1:12:156,3063,65535,65535,360507,469,1,87
1:12:156,3827,65535,65535,367479,469,1,87
1:12:156,1024,1063,301,374229,469,1,87
1:12:156,4,1051,288,422150,469,1,87
1:12:156,4038,1044,300,466184,469,1,87
1:12:156,384,65535,65535,425518,469,1,87
1:12:156,384,65535,65535,425537,469,1,87
1:12:156,672,1032,268,472784,469,1,87
1:12:159,3720,830,293,113819,470,1,87
1:12:159,512,1035,269,300043,470,1,87
1:12:159,128,806,255,329490,470,1,87
1:12:159,2933,65535,65535,329640,470,1,87
1:12:159,1024,779,253,332868,470,1,87
1:12:159,3053,65535,65535,333018,470,1,87
1:12:159,48,792,241,343140,470,1,87
1:12:159,4,65535,65535,457380,470,1,87
1:12:159,512,1083,365,464068,470,1,87
1:12:163,512,818,278,113815,471,1,87
1:12:163,1482,125,0,134118,471,1,87
1:12:163,3720,1010,288,253582,471,1,87
1:12:163,1512,122,0,351969,471,1,87
1:12:170,512,775,281,113820,474,1,87
1:12:170,3024,104,0,136157,474,1,87
1:12:170,512,968,276,204593,474,1,87
1:12:177,512,752,309,113820,477,1,87
1:12:177,2900,65535,65535,174329,477,1,87
1:12:180,512,736,314,110402,479,1,87
1:12:180,16,90,0,313696,479,1,87
1:12:180,6,70,0,316919,479,1,87
1:12:180,6,65535,65535,316986,479,1,87
1:12:180,6,65535,65535,316988,479,1,87
1:12:184,512,726,302,113819,480,1,87
1:12:184,1514,89,0,358584,480,1,87
1:12:187,3712,687,301,113821,482,1,87
1:12:187,2516,128,0,242699,482,1,87
1:12:187,2772,86,0,395607,482,1,87
1:12:191,545,81,0,478161,483,1,87
1:12:191,1536,67,0,489105,483,1,87
1:12:194,2048,69,0,130926,484,1,87
1:12:194,6,69,0,138132,484,1,87
1:12:198,512,69,0,113823,486,1,87
1:12:198,964,118,0,185024,486,1,87
1:12:201,32,118,0,413160,487,1,87
1:12:208,192,60,0,120857,490,1,87
1:12:208,128,60,0,139756,490,1,87
1:12:215,1288,92,0,238238,493,1,87
1:12:222,1024,52,0,231050,496,1,87
1:12:257,1024,457,217,140400,510,1,87
1:12:264,32,457,217,140405,513,1,87
1:12:264,193,554,230,265647,513,1,87
1:12:264,128,65535,65535,0,513,1,87
1:12:264,128,65535,65535,265663,513,1,87
1:12:271,3680,518,220,140399,516,1,87
1:12:275,2096,518,220,47942,518,1,87
1:12:275,512,521,216,140401,518,1,87
1:12:278,3680,546,226,140404,519,1,87
1:12:285,2480,559,236,47939,522,1,87
1:12:285,3680,566,215,140397,522,1,87
1:12:289,2101,613,267,47947,523,1,87
1:12:289,512,582,224,140394,523,1,87
1:12:292,2480,596,225,47944,525,1,87
1:12:292,3648,598,215,140397,525,1,87
1:12:296,2101,616,223,47940,526,1,87
1:12:296,512,591,220,140393,526,1,87
1:12:299,2480,600,234,47943,527,1,87
1:12:299,3680,606,228,140396,527,1,87
1:12:303,2101,595,232,47952,529,1,87
1:12:303,512,618,237,140392,529,1,87
1:12:306,2480,617,232,47949,530,1,87
1:12:306,3680,628,244,140395,530,1,87
1:12:310,2101,606,187,47945,532,1,87
1:12:310,512,629,227,140392,532,1,87
1:12:313,2480,583,197,47942,533,1,87
1:12:313,3680,685,225,140394,533,1,87
1:12:317,2101,602,204,47944,535,1,87
1:12:317,512,665,194,140391,535,1,87
1:12:320,2480,589,175,47947,536,1,87
1:12:320,3680,671,209,140394,536,1,87
1:12:324,2101,595,178,47950,538,1,87
1:12:324,512,691,208,140396,538,1,87
1:12:327,2480,596,177,47946,539,1,87
1:12:327,3680,692,213,140393,539,1,87
1:12:331,2101,598,196,47943,540,1,87
1:12:331,512,725,198,140389,540,1,87
1:12:334,2480,577,180,47952,542,1,87
1:12:334,3680,762,225,140392,542,1,87
1:12:338,2101,566,173,47949,543,1,87
1:12:338,512,732,195,140389,543,1,87
1:12:341,3680,737,207,140391,545,1,87
1:12:345,2101,562,126,47948,546,1,87
1:12:345,512,750,198,140388,546,1,87
1:12:348,2480,558,143,47944,548,1,87
1:12:348,3680,725,187,140385,548,1,87
1:12:352,2101,572,156,47954,549,1,87
1:12:352,512,769,187,140387,549,1,87
1:12:355,2480,549,142,47950,550,1,87
1:12:355,3680,782,201,140385,550,1,87
1:12:359,2101,533,151,47946,552,1,87
1:12:359,512,773,182,140386,552,1,87
1:12:362,128,83,0,10114,553,1,87
1:12:366,2101,542,156,47952,555,1,87
1:12:366,512,793,171,140386,555,1,87
1:12:369,2480,530,156,47955,556,1,87
1:12:369,3680,781,194,140383,556,1,87
1:12:373,2101,510,152,47951,558,1,87
1:12:373,512,809,202,140380,558,1,87
1:12:376,2480,500,165,47948,559,1,87
1:12:376,3680,790,169,140382,559,1,87
1:12:380,2101,502,135,47951,560,1,87
1:12:380,512,777,182,140379,560,1,87
1:12:383,2480,490,151,47953,562,1,87
1:12:383,3680,843,192,140382,562,1,87
1:12:387,2101,491,138,47950,563,1,87
1:12:387,512,830,178,140378,563,1,87
1:12:390,2480,488,163,47953,565,1,87
1:12:390,3680,807,153,140381,565,1,87
1:12:394,2101,474,139,47949,566,1,87
1:12:394,512,837,190,140377,566,1,87
1:12:397,2480,464,145,47957,568,1,87
1:12:397,3680,812,169,140374,568,1,87
1:12:401,2101,468,160,47955,569,1,87
1:12:401,512,807,167,140377,569,1,87
1:12:401,386,1268,199,237995,569,1,87
1:12:401,256,1268,199,241216,569,1,87
1:12:401,512,1242,164,247816,569,1,87
1:12:404,2480,446,166,47951,571,1,87
1:12:404,3680,838,167,140373,571,1,87
1:12:408,2101,450,177,47947,572,1,87
1:12:408,512,818,165,140376,572,1,87
1:12:411,2480,453,157,47950,573,1,87
1:12:411,3680,790,173,140372,573,1,87
1:12:415,2101,444,185,47953,575,1,87
1:12:415,512,838,159,140375,575,1,87
1:12:418,2480,401,143,47955,576,1,87
1:12:418,3680,805,190,140371,576,1,87
1:12:422,52,805,190,47952,578,1,87
1:12:422,512,801,175,140369,578,1,87
1:12:425,16,801,175,47949,579,1,87
1:12:425,3680,820,186,140371,579,1,87
1:12:429,512,793,180,140373,581,1,87
1:12:432,3680,805,151,140370,582,1,87
1:12:436,512,799,151,140367,584,1,87
1:12:439,3680,794,165,140370,585,1,87
1:12:443,512,824,136,140372,586,1,87
1:12:446,3680,778,164,140369,588,1,87
1:12:450,512,776,134,140366,589,1,87
1:12:453,3680,776,153,140369,591,1,87
1:12:457,512,767,157,140365,592,1,87
1:12:460,3680,736,152,140368,593,1,87
1:12:464,512,752,181,140365,595,1,87
1:12:467,3680,728,152,140367,596,1,87
1:12:471,512,718,148,140364,598,1,87
1:12:474,3680,746,153,140360,599,1,87
1:12:481,3680,702,138,140360,602,1,87
1:12:485,512,700,157,140363,604,1,87
1:12:488,3680,685,160,140365,605,1,87
1:12:488,384,763,201,440402,605,1,87
1:12:488,2933,65535,65535,440552,605,1,87
1:12:488,2048,734,178,450530,605,1,87
1:12:488,2064,65535,65535,450598,605,1,87
1:12:488,3072,65535,65535,450618,605,1,87
1:12:492,512,645,143,140362,607,1,87
1:12:495,3680,676,166,140358,608,1,87
1:12:499,512,666,140,140361,609,1,87
1:12:502,3680,642,129,140358,611,1,87
1:12:506,512,625,170,140361,612,1,87
1:12:509,3680,619,168,140357,614,1,87
1:12:513,512,596,153,140354,615,1,87
1:12:516,3680,601,156,140356,616,1,87
1:12:520,512,600,176,140354,618,1,87
1:12:520,0,37,1808,0,0,1,88
1:12:523,3680,574,157,140356,619,1,88
1:12:527,512,566,157,140353,621,1,88
1:12:530,3680,545,149,140355,622,1,88
1:12:534,512,538,156,140352,624,1,88
1:12:544,3680,481,149,140348,628,1,88
1:12:548,512,475,158,140351,629,1,88
1:12:548,512,475,158,253622,629,1,88
1:12:551,3680,457,153,140347,631,1,88
1:12:551,2644,353,146,253625,631,1,88
1:12:555,512,463,143,140350,632,1,88
1:12:555,512,390,162,253628,632,1,88
1:12:558,3680,461,168,140346,634,1,88
1:12:558,2644,366,115,253624,634,1,88
1:12:562,512,452,165,140343,635,1,88
1:12:562,512,418,133,253627,635,1,88
1:12:565,3680,425,164,140346,637,1,88
1:12:569,512,416,166,140349,638,1,88
1:12:569,512,416,166,253633,638,1,88
1:12:572,1632,393,170,140351,639,1,88
1:12:572,2644,421,135,253629,639,1,88
1:12:576,512,401,161,140341,641,1,88
1:12:576,512,452,132,253632,641,1,88
1:12:579,3680,387,171,140344,642,1,88
1:12:579,2644,405,127,253635,642,1,88
1:12:590,512,491,134,253636,647,1,88
1:12:597,512,516,146,253635,649,1,88
1:12:600,2644,505,137,253638,651,1,88
1:12:604,512,570,116,253641,652,1,88
1:12:607,512,206,77,164335,654,1,88
1:12:607,2644,537,112,253637,654,1,88
1:12:614,2644,549,145,253636,657,1,88
1:12:618,512,586,113,253639,658,1,88
1:12:621,2644,586,140,253642,660,1,88
1:12:621,2644,224,59,272080,660,1,88
1:12:625,512,604,130,253638,661,1,88
1:12:628,2644,594,134,253641,662,1,88
1:12:628,512,233,73,368804,662,1,88
1:12:632,512,627,104,253644,664,1,88
1:12:632,2644,236,71,344201,664,1,88
1:12:635,2644,636,111,253647,665,1,88
1:12:639,512,253,87,462506,667,1,88
1:12:642,2644,630,106,253646,668,1,88
1:12:642,2644,267,60,449429,668,1,88
1:12:646,512,676,123,253649,670,1,88
1:12:649,2644,662,138,253651,671,1,88
1:12:656,2644,662,98,253650,674,1,88
1:12:660,144,1361,631,130997,675,1,88
1:12:660,144,65535,65535,131049,675,1,88
1:12:663,2644,706,100,253656,677,1,88
1:12:667,512,712,104,253652,678,1,88
1:12:670,2644,708,102,253655,680,1,88
1:12:674,2186,708,102,233265,681,1,88
1:12:677,2644,700,81,253654,682,1,88
1:12:681,512,742,82,253657,684,1,88
1:12:684,2644,728,85,253660,685,1,88
1:12:688,512,765,87,253656,687,1,88
1:12:695,512,777,89,253656,690,1,88
1:12:698,2644,746,94,253659,691,1,88
1:12:702,512,758,60,253661,693,1,88
1:12:705,2644,750,83,253664,694,1,88
1:12:709,512,743,75,253661,695,1,88
1:12:712,2644,729,69,253664,697,1,88
1:12:716,512,767,83,253660,698,1,88
1:12:719,2644,750,88,253668,700,1,88
1:12:719,132,654,0,347146,700,1,88
1:12:719,2932,65535,65535,347296,700,1,88
1:12:719,516,642,59,350669,700,1,88
1:12:719,24,661,53,360346,700,1,88
1:12:719,24,65535,65535,357186,700,1,88
1:12:719,24,65535,65535,357200,700,1,88
1:12:723,512,780,72,253665,701,1,88
1:12:726,2644,753,70,253667,703,1,88
1:12:730,512,771,73,253665,704,1,88
1:12:733,2644,763,72,253667,705,1,88
1:12:737,512,767,242,253670,707,1,88
1:12:740,2644,764,0,253672,708,1,88
1:12:744,512,776,80,253669,710,1,88
1:12:747,2644,739,80,253672,711,1,88
1:12:751,512,772,76,253675,713,1,88
1:12:754,2644,731,62,253677,714,1,88
1:12:758,512,747,99,253674,715,1,88
1:12:761,2644,735,71,253670,717,1,88
1:12:765,512,747,99,253673,718,1,88
1:12:768,2644,717,78,253676,720,1,88
1:12:772,512,748,103,253679,721,1,88
1:12:775,2644,696,110,253675,723,1,88
1:12:779,512,709,102,253678,724,1,88
1:12:782,2644,679,94,253680,726,1,88
1:12:786,512,711,93,253678,727,1,88
1:12:789,2644,681,229,253680,728,1,88
1:12:793,512,687,110,253682,730,1,88
1:12:796,2644,657,86,253680,731,1,88
1:12:800,512,680,105,253682,733,1,88
1:12:803,2644,630,114,253684,734,1,88
1:12:807,512,644,133,253681,735,1,88
1:12:810,2644,644,96,253684,737,1,88
1:12:814,512,640,107,253687,738,1,88
1:12:817,2644,601,124,253690,740,1,88
1:12:821,512,612,104,253686,741,1,88
1:12:824,2644,579,124,253689,743,1,88
1:12:828,512,591,139,253692,744,1,88
1:12:831,2644,572,129,253695,746,1,88
1:12:835,512,548,151,253697,747,1,88
1:12:842,512,549,125,253690,750,1,88
1:12:849,512,511,140,253695,753,1,88
1:12:852,2644,494,102,253693,754,1,88
1:12:856,512,439,138,253695,756,1,88
1:12:859,2644,476,114,253697,757,1,88
1:12:863,512,454,143,253695,758,1,88
1:12:866,2644,454,143,253697,760,1,88
1:12:870,512,437,158,253699,761,1,88
1:12:873,2644,423,137,253696,763,1,88
1:12:877,512,397,153,253699,764,1,88
1:12:880,2644,409,118,253702,766,1,88
1:12:884,512,391,159,253704,767,1,88
1:12:887,2644,339,119,253707,768,1,88
1:12:891,512,369,155,253704,770,1,88
1:12:894,596,350,134,253707,771,1,88
1:12:898,512,326,145,253710,773,1,88
1:12:901,2068,300,124,253706,774,1,88
1:13:166,0,0,0,2147483648,1454,1,88
1:13:166,0,0,0,0,1454,1,88
1:13:166,0,0,0,0,1454,1,88
1:13:166,0,0,0,0,1454,1,88
1:13:166,0,0,0,0,1454,1,88
1:13:166,0,0,0,0,1454,1,88
1:13:166,0,0,0,0,1454,1,88
1:13:166,0,0,0,0,1454,1,88
1:13:166,0,0,0,0,1454,1,88
1:13:166,0,0,0,0,1454,1,88
1:13:166,0,0,0,0,1454,1,88
1:13:166,0,0,0,0,1454,1,88
1:13:166,0,0,0,0,1454,1,88
1:13:166,0,0,0,0,1454,1,88
1:13:166,0,0,0,0,1454,1,88
1:13:166,0,0,0,0,1454,1,88
1:13:166,0,0,0,0,1454,1,88
1:13:166,0,0,0,0,1454,1,88
1:13:166,0,0,0,0,1454,1,88
1:13:166,0,0,0,0,1454,1,88
1:13:166,0,0,0,0,1454,1,88
1:13:166,0,0,0,0,1454,1,88
1:13:166,0,0,0,0,1454,1,88
1:13:166,0,0,0,0,1454,1,88
1:13:166,0,0,0,0,1454,1,88
1:13:166,0,0,0,0,1454,1,88
1:13:166,0,0,0,0,1454,1,88
1:13:166,0,0,0,0,1454,1,88
1:13:166,0,0,0,0,1454,1,88
1:13:363,208,112,0,10703,963,1,89
1:13:367,592,112,0,10706,965,1,89
1:13:461,0,0,0,3221225472,1454,1,89
1:13:461,0,0,0,0,1454,1,89
1:13:461,0,0,0,0,1454,1,89
1:13:461,0,0,0,0,1454,1,89
1:13:461,0,0,0,0,1454,1,89
1:13:461,0,0,0,0,1454,1,89
1:13:461,0,0,0,0,1454,1,89
1:13:461,0,0,0,0,1454,1,89
1:13:461,0,0,0,0,1454,1,89
1:13:461,0,0,0,0,1454,1,89
1:13:461,0,0,0,0,1454,1,89
1:13:461,0,0,0,0,1454,1,89
1:13:461,0,0,0,0,1454,1,89
1:13:461,0,0,0,0,1454,1,89
1:13:461,0,0,0,0,1454,1,89
1:13:461,0,0,0,0,1454,1,89
1:13:461,0,0,0,0,1454,1,89
1:13:461,0,0,0,0,1454,1,89
1:13:461,0,0,0,0,1454,1,89
1:13:461,0,0,0,0,1454,1,89
1:13:461,0,0,0,0,1454,1,89
1:13:461,0,0,0,0,1454,1,89
1:13:461,0,0,0,0,1454,1,89
1:13:461,0,0,0,0,1454,1,89
1:13:461,0,0,0,0,1454,1,89
1:13:461,0,0,0,0,1454,1,89
1:13:461,0,0,0,0,1454,1,89
1:13:461,0,0,0,0,1454,1,89
1:13:461,0,0,0,0,1454,1,89
1:13:843,648,268,99,370736,1160,1,90
1:13:853,2420,268,99,219978,1164,1,90
1:13:860,1040,268,99,514045,1167,1,90
1:13:871,128,208,0,301447,1171,1,90
1:13:871,128,65535,65535,301515,1171,1,90
1:13:871,128,65535,65535,301559,1171,1,90
1:13:874,1546,208,0,244673,1173,1,90
1:13:927,1256,240,104,229494,1194,1,90
1:13:934,1504,239,70,229481,1197,1,90
1:13:934,593,239,70,428719,1197,1,90
1:13:937,3616,270,109,229478,1199,1,90
1:13:937,208,403,0,373452,1199,1,90
1:13:941,1256,264,92,229486,1200,1,90
1:13:944,3616,242,83,229477,1201,1,90
1:13:948,208,547,159,217516,1203,1,90
1:13:955,1512,283,78,229473,1206,1,90
1:13:958,3616,324,99,229476,1207,1,90
1:13:958,132,317,99,358768,1207,1,90
1:13:958,1537,297,75,365595,1207,1,90
1:13:958,1031,65535,65535,365663,1207,1,90
1:13:958,1025,65535,65535,365671,1207,1,90
1:13:962,1512,304,108,229473,1208,1,90
1:13:965,3616,304,85,229482,1210,1,90
1:13:969,1512,348,109,229478,1211,1,90
1:13:972,3616,306,75,229481,1213,1,90
1:13:976,1512,305,67,229484,1214,1,90
1:13:979,3616,368,110,229481,1216,1,90
1:13:983,1512,355,99,229477,1217,1,90
1:13:986,3616,321,74,229474,1219,1,90
1:13:990,1512,354,96,229477,1220,1,90
1:13:990,3029,65535,65535,426189,1220,1,90
1:13:993,3616,350,96,229479,1221,1,90
1:13:997,1512,318,101,229476,1223,1,90
1:14:000,3616,363,103,229472,1224,1,90
1:14:004,1512,394,94,229482,1226,1,90
1:14:011,2176,185,0,7287,1229,1,90
1:14:011,1512,355,87,229487,1229,1,90
1:14:014,3616,410,89,229484,1230,1,90
1:14:018,1512,384,74,229486,1231,1,90
1:14:021,3616,384,114,229483,1233,1,90
1:14:025,1512,442,92,229485,1234,1,90
1:14:028,3616,399,83,229476,1236,1,90
1:14:035,3616,434,102,229482,1239,1,90
1:14:039,1512,432,106,229485,1240,1,90
1:14:042,3616,385,78,229482,1242,1,90
1:14:046,1512,464,100,229485,1243,1,90
1:14:053,1512,376,80,229484,1246,1,90
1:14:056,3616,403,78,229486,1247,1,90
1:14:060,1512,458,80,229483,1249,1,90
1:14:063,3616,378,69,229485,1250,1,90
1:14:070,2773,65535,65535,58812,1253,1,90
1:14:074,1512,423,77,229482,1254,1,90
1:14:077,3616,403,84,229478,1256,1,90
1:14:081,1512,470,90,229487,1257,1,90
1:14:084,3616,428,81,229478,1259,1,90
1:14:088,1512,387,0,229481,1260,1,90
1:14:091,3616,468,91,229483,1261,1,90
1:14:095,1512,455,77,229485,1263,1,90
1:14:098,3616,375,56,229488,1264,1,90
1:14:102,1512,477,87,229485,1266,1,90
1:14:105,3616,442,84,229487,1267,1,90
1:14:109,1512,419,82,229485,1269,1,90
1:14:112,3616,488,0,229481,1270,1,90
1:14:116,1512,466,54,229484,1272,1,90
1:14:119,3616,395,72,229481,1273,1,90
1:14:123,1512,409,36,229477,1274,1,90
1:14:126,17,76,0,129570,1276,1,90
1:14:126,3616,460,55,229480,1276,1,90
1:14:130,1512,378,59,229488,1277,1,90
1:14:133,3616,350,55,229485,1279,1,90
1:14:137,1512,449,95,229488,1280,1,90
1:14:140,3616,393,69,229490,1282,1,90
1:14:144,1512,371,68,229487,1283,1,90
1:14:147,3616,417,76,229490,1285,1,90
1:14:147,1048,439,51,518529,1285,1,90
1:14:147,1040,65535,65535,511996,1285,1,90
1:14:147,1040,65535,65535,512005,1285,1,90
1:14:154,3616,349,79,229484,1287,1,90
1:14:158,1512,420,101,229480,1289,1,90
1:14:161,3616,403,77,229483,1290,1,90
1:14:165,1512,362,77,229479,1292,1,90
1:14:168,3616,409,56,229488,1293,1,90
1:14:172,1512,371,82,229485,1294,1,90
1:14:175,3616,312,68,229487,1296,1,90
1:14:179,1512,371,42,229490,1297,1,90
1:14:182,3616,396,68,229486,1299,1,90
1:14:186,1512,338,82,229484,1300,1,90
1:14:189,3616,310,101,229485,1302,1,90
1:14:193,1512,347,88,229488,1303,1,90
1:14:196,3616,306,68,229485,1305,1,90
1:14:203,3616,340,92,229479,1307,1,90
1:14:207,1512,306,94,229481,1309,1,90
1:14:210,3616,291,72,229490,1310,1,90
1:14:214,1512,308,81,229486,1312,1,90
1:14:217,3616,267,92,229489,1313,1,90
1:14:221,1512,272,74,229492,1315,1,90
1:14:224,3616,287,94,229495,1316,1,90
1:14:228,1512,272,89,229491,1317,1,90
1:14:231,1568,220,62,229494,1319,1,90
1:14:235,1512,274,82,229490,1320,1,90
1:14:238,3616,261,87,229487,1322,1,90
1:14:245,1568,219,89,229481,1324,1,90
1:14:270,64,185,85,229505,1335,1,90
1:14:441,1280,185,85,261754,1405,1,90
1:14:445,704,185,85,261763,1406,1,90
1:14:455,3204,185,85,261748,1410,1,90
1:14:469,1408,258,102,261758,1416,1,90
1:14:476,1412,259,111,261751,1419,1,90
1:14:480,599,259,111,261749,1421,1,90
1:14:487,727,295,100,261748,1424,1,90
1:14:490,3988,274,83,261750,1425,1,90
1:14:494,723,278,113,261741,1426,1,90
1:14:497,3988,317,82,261750,1428,1,90
1:14:501,727,323,108,261740,1429,1,90
1:14:504,3988,316,103,261737,1431,1,90
1:14:508,727,326,113,261740,1432,1,90
1:14:511,3988,347,111,261742,1434,1,90
1:14:515,727,339,123,261745,1435,1,90
1:14:518,3988,368,103,261735,1436,1,90
1:14:522,727,374,121,261733,1438,1,90
1:14:525,3988,361,112,261735,1439,1,90
1:14:529,727,360,88,261732,1441,1,90
1:14:532,3988,356,136,261735,1442,1,90
1:14:536,2768,290,113,282599,1444,1,90
1:14:536,2288,65535,65535,282666,1444,1,90
1:14:536,2256,65535,65535,282680,1444,1,90
1:14:539,3988,388,98,261734,1445,1,90
1:14:546,3988,390,96,261727,1448,1,90
1:14:550,727,411,102,261736,1449,1,90
1:14:557,727,426,107,261730,1452,1,90
1:14:560,3988,401,91,261726,1454,1,90
1:14:564,727,429,95,261729,1455,1,90
1:14:564,727,420,104,289388,1455,1,90
1:14:567,3988,424,97,261725,1457,1,90
1:14:567,3988,424,94,366538,1457,1,90
1:14:571,727,410,99,261728,1458,1,90
1:14:571,727,420,95,427631,1458,1,90
1:14:578,727,434,90,261721,1461,1,90
1:14:581,3988,463,104,261718,1462,1,90
1:14:585,3988,352,78,114525,1464,1,90
1:14:585,727,448,93,261720,1464,1,90
1:14:588,727,418,113,173321,1465,1,90
1:14:588,3988,447,77,261723,1465,1,90
1:14:592,3988,436,72,236263,1466,1,90
1:14:592,727,459,52,261720,1466,1,90
1:14:595,3988,473,100,261717,1468,1,90
1:14:595,727,444,83,292952,1468,1,90
1:14:599,727,465,79,261720,1469,1,90
1:14:599,3988,463,92,375123,1469,1,90
1:14:602,3988,447,45,261716,1471,1,90
1:14:602,727,450,86,435353,1471,1,90
1:14:606,727,454,96,261713,1472,1,90
1:14:606,3988,476,67,509760,1472,1,90
1:14:609,3988,445,88,261721,1474,1,90
1:14:613,706,139,65,37868,1475,1,90
1:14:613,727,478,57,261712,1475,1,90
1:14:616,3988,342,54,102454,1477,1,90
1:14:616,3988,451,80,261709,1477,1,90
1:14:620,727,460,103,261712,1478,1,90
1:14:623,3988,470,58,261714,1479,1,90
1:14:627,727,475,80,261711,1481,1,90
1:14:630,3988,442,88,261707,1482,1,90
1:14:634,727,486,93,261710,1484,1,90
1:14:637,3988,451,51,261701,1485,1,90
1:14:641,727,473,74,261704,1487,1,90
1:14:644,3988,442,78,261706,1488,1,90
1:14:648,727,452,67,261704,1489,1,90
1:14:651,3988,423,56,261705,1491,1,90
1:14:655,727,465,60,261696,1492,1,90
1:14:658,3988,425,74,261705,1494,1,90
1:14:662,727,465,73,261696,1495,1,90
1:14:665,3988,454,13,261699,1497,1,90
1:14:669,727,437,36,261695,1498,1,90
1:14:672,3988,461,101,261698,1499,1,90
1:14:676,727,426,68,261694,1501,1,90
1:14:679,3988,421,61,261697,1502,1,90
1:14:683,727,437,76,261694,1504,1,90
1:14:686,3988,410,68,261697,1505,1,90
1:14:690,727,408,74,261699,1507,1,90
1:14:693,3988,422,55,261696,1508,1,90
1:14:697,727,385,76,261687,1509,1,90
1:14:700,3988,404,73,261690,1511,1,90
1:14:704,727,378,79,261686,1512,1,90
1:14:707,3988,378,83,261689,1514,1,90
1:14:711,727,378,72,261685,1515,1,90
1:14:718,727,378,74,261690,1518,1,90
1:14:721,3988,388,57,261688,1520,1,90
1:14:725,727,342,60,261690,1521,1,90
1:14:728,3988,347,90,261687,1522,1,90
1:14:732,727,344,81,261683,1524,1,90
1:14:735,3988,339,70,261680,1525,1,90
1:14:735,128,226,73,349860,1525,1,90
1:14:735,2048,228,0,359766,1525,1,90
1:14:739,727,340,104,261676,1527,1,90
1:14:742,3988,334,77,261674,1528,1,90
1:14:746,727,303,81,261676,1529,1,90
1:14:746,34,233,87,284584,1529,1,90
1:14:749,3988,294,70,261673,1531,1,90
1:14:749,896,294,70,284580,1531,1,90
1:14:753,727,292,71,261681,1532,1,90
1:14:756,3988,281,0,261672,1534,1,90
1:14:756,544,222,87,284586,1534,1,90
1:14:760,727,293,85,261675,1535,1,90
1:14:760,46,293,85,284582,1535,1,90
1:14:763,3860,270,80,261677,1537,1,90
1:14:767,727,276,81,261675,1538,1,90
1:14:770,3988,276,76,261671,1540,1,90
1:14:770,928,261,81,284584,1540,1,90
1:14:774,727,252,88,261674,1541,1,90
1:14:774,566,342,112,284594,1541,1,90
1:14:777,3988,267,81,261671,1542,1,90
1:14:777,928,267,81,284584,1542,1,90
1:14:781,727,223,91,261673,1544,1,90
1:14:784,3972,225,95,261670,1545,1,90
1:14:784,928,299,102,284589,1545,1,90
1:14:791,1684,235,40,261663,1548,1,90
1:14:791,928,319,89,284595,1548,1,90
1:14:795,574,308,86,284597,1550,1,90
1:14:798,2820,221,90,261662,1551,1,90
1:14:798,928,320,100,284595,1551,1,90
1:14:802,574,309,84,284596,1552,1,90
1:14:812,928,348,109,284599,1557,1,90
1:14:819,928,341,91,284598,1559,1,90
1:14:823,574,365,89,284595,1561,1,90
1:14:823,2,96,0,449070,1561,1,90
1:14:823,1544,98,0,452370,1561,1,90
1:14:823,1664,65535,65535,449137,1561,1,90
1:14:823,1152,65535,65535,452433,1561,1,90
1:14:826,928,346,81,284604,1562,1,90
1:14:830,574,372,111,284600,1564,1,90
1:14:833,928,387,33,284603,1565,1,90
1:14:837,574,357,85,284606,1567,1,90
1:14:840,928,387,88,284602,1568,1,90
1:14:840,8,120,0,498163,1568,1,90
1:14:844,574,360,104,284605,1570,1,90
1:14:847,928,380,91,284608,1571,1,90
1:14:851,574,405,94,284610,1573,1,90
1:14:854,928,372,67,284607,1574,1,90
1:14:858,574,391,76,284610,1575,1,90
1:14:861,928,398,66,284612,1577,1,90
1:14:865,574,369,96,284609,1578,1,90
1:14:868,928,395,86,284611,1580,1,90
1:14:872,574,389,101,284609,1581,1,90
1:14:875,4,65535,65535,53665,1582,1,90
1:14:875,16,187,0,56969,1582,1,90
1:14:879,1,101,0,204491,1584,1,90
1:14:882,928,392,65,284616,1585,1,90
1:14:886,558,386,79,284619,1587,1,90
1:14:889,928,396,49,284616,1588,1,90
1:14:893,574,425,77,284618,1590,1,90
1:14:896,624,472,206,174199,1591,1,90
1:14:896,928,430,64,284615,1591,1,90
1:14:900,128,506,203,174195,1592,1,90
1:14:900,257,70,0,338029,1592,1,90
1:14:903,1648,505,223,174198,1594,1,90
1:14:907,130,505,223,174201,1595,1,90
1:14:907,574,421,72,284617,1595,1,90
1:14:910,1648,552,196,174197,1597,1,90
1:14:910,928,419,57,284620,1597,1,90
1:14:914,130,545,214,174200,1598,1,90
1:14:914,558,421,64,284623,1598,1,90
1:14:917,1648,541,235,174203,1600,1,90
1:14:917,928,405,84,284625,1600,1,90
1:14:921,130,554,224,174194,1601,1,90
1:14:921,574,398,57,284622,1601,1,90
1:14:924,1648,577,224,174196,1603,1,90
1:14:924,928,400,65,284625,1603,1,90
1:14:928,130,586,211,174206,1604,1,90
1:14:928,574,402,100,284622,1604,1,90
1:14:931,1648,615,214,174202,1606,1,90
1:14:931,928,381,69,284624,1606,1,90
1:14:935,130,643,224,174198,1607,1,90
1:14:935,574,384,79,284626,1607,1,90
1:14:938,1648,642,226,174201,1608,1,90
1:14:938,928,397,48,284629,1608,1,90
1:14:942,130,657,220,174198,1610,1,90
1:14:942,574,384,79,284639,1610,1,90
1:14:945,1648,660,197,174201,1611,1,90
1:14:945,928,387,78,284640,1611,1,90
1:14:949,130,687,220,174204,1613,1,90
1:14:949,574,351,35,284625,1613,1,90
1:14:952,1648,688,218,174200,1614,1,90
1:14:952,928,371,67,284628,1614,1,90
1:14:956,128,531,159,86706,1615,1,90
1:14:956,1056,517,159,96823,1615,1,90
1:14:956,1536,521,138,100128,1615,1,90
1:14:959,1648,717,197,174206,1617,1,90
1:14:959,928,395,59,284640,1617,1,90
1:14:963,130,733,193,174202,1618,1,90
1:14:963,574,340,57,284630,1618,1,90
1:14:966,1648,731,216,174205,1620,1,90
1:14:970,130,753,191,174202,1621,1,90
1:14:970,574,330,42,284636,1621,1,90
1:14:973,1648,771,195,174205,1623,1,90
1:14:973,928,348,71,284632,1623,1,90
1:14:977,130,764,200,174201,1624,1,90
1:14:977,574,324,41,284635,1624,1,90
1:14:980,1648,787,200,174204,1626,1,90
1:14:980,928,326,60,284638,1626,1,90
1:14:984,130,779,194,174207,1627,1,90
1:14:984,574,336,76,284646,1627,1,90
1:14:987,1648,798,183,174203,1628,1,90
1:14:987,928,798,183,284638,1628,1,90
1:14:987,2775,65535,65535,481470,1628,1,90
1:14:987,512,560,113,484692,1628,1,90
1:14:998,2378,679,307,156494,1633,1,90
1:14:998,130,822,185,174206,1633,1,90
1:14:998,574,300,64,284640,1633,1,90
1:15:001,340,698,304,156496,1634,1,90
1:15:001,1648,817,176,174208,1634,1,90
1:15:001,928,274,72,284642,1634,1,90
1:15:005,2510,702,303,156493,1636,1,90
1:15:005,130,840,185,174205,1636,1,90
1:15:005,574,310,104,284645,1636,1,90
1:15:008,852,726,303,156495,1637,1,90
1:15:008,1648,855,177,174208,1637,1,90
1:15:008,928,285,86,284648,1637,1,90
1:15:012,2510,732,302,156498,1638,1,90
1:15:012,130,836,175,174210,1638,1,90
1:15:012,574,301,68,284644,1638,1,90
1:15:015,852,756,317,156495,1640,1,90
1:15:015,1648,863,190,174207,1640,1,90
1:15:015,928,863,190,284640,1640,1,90
1:15:019,2510,770,304,156498,1641,1,90
1:15:019,130,875,164,174204,1641,1,90
1:15:022,852,774,309,156495,1643,1,90
1:15:022,1648,874,137,174207,1643,1,90
1:15:022,928,251,69,284646,1643,1,90
1:15:026,2510,795,333,156497,1644,1,90
1:15:026,130,858,163,174203,1644,1,90
1:15:026,574,858,163,284643,1644,1,90
1:15:029,852,766,261,156494,1646,1,90
1:15:029,1648,856,137,174206,1646,1,90
1:15:029,928,274,81,284646,1646,1,90
1:15:033,2510,805,294,156491,1647,1,90
1:15:033,130,873,158,174209,1647,1,90
1:15:033,574,873,158,284655,1647,1,90
1:15:036,852,821,311,156494,1648,1,90
1:15:036,1648,887,150,174211,1648,1,90
1:15:036,928,233,77,284651,1648,1,90
1:15:040,2510,855,286,156496,1650,1,90
1:15:040,130,887,134,174208,1650,1,90
1:15:043,852,857,301,156498,1651,1,90
1:15:043,1648,892,133,174210,1651,1,90
1:15:043,928,229,86,284656,1651,1,90
1:15:047,2510,870,294,156495,1653,1,90
1:15:047,130,875,167,174207,1653,1,90
1:15:047,558,232,82,284653,1653,1,90
1:15:050,135,423,120,57158,1654,1,90
1:15:050,388,65535,65535,57225,1654,1,90
1:15:050,132,65535,65535,57234,1654,1,90
1:15:054,2510,901,298,156495,1656,1,90
1:15:054,130,907,140,174207,1656,1,90
1:15:054,44,199,79,284653,1656,1,90
1:15:057,852,929,272,156497,1657,1,90
1:15:057,1648,880,118,174210,1657,1,90
1:15:057,672,880,118,284661,1657,1,90
1:15:061,2510,929,259,156495,1659,1,90
1:15:061,130,893,131,174211,1659,1,90
1:15:061,574,198,41,284658,1659,1,90
1:15:064,852,931,269,156496,1660,1,90
1:15:064,1648,891,117,174209,1660,1,90
1:15:068,2510,981,248,156499,1662,1,90
1:15:068,130,902,115,174211,1662,1,90
1:15:071,852,975,267,156496,1663,1,90
1:15:071,1648,889,116,174208,1663,1,90
1:15:071,32,889,116,284660,1663,1,90
1:15:075,2510,956,247,156499,1664,1,90
1:15:075,130,888,116,174210,1664,1,90
1:15:078,852,975,249,156495,1666,1,90
1:15:078,1648,889,134,174213,1666,1,90
1:15:082,2510,997,259,156498,1667,1,90
1:15:082,130,878,104,174210,1667,1,90
1:15:085,852,1003,254,156495,1669,1,90
1:15:085,1648,863,117,174212,1669,1,90
1:15:089,2510,1012,234,156497,1670,1,90
1:15:089,130,844,112,174215,1670,1,90
1:15:092,852,999,232,156500,1671,1,90
1:15:096,2510,1014,220,156497,1673,1,90
1:15:096,130,866,136,174214,1673,1,90
1:15:099,1648,849,128,174217,1674,1,90
1:15:103,2510,1005,208,156496,1676,1,90
1:15:103,130,850,135,174214,1676,1,90
1:15:106,852,1028,206,156493,1677,1,90
1:15:106,1648,839,95,174210,1677,1,90
1:15:110,2510,946,209,156495,1679,1,90
1:15:110,130,856,148,174213,1679,1,90
1:15:113,852,1039,199,156498,1680,1,90
1:15:113,1648,824,126,174216,1680,1,90
1:15:117,2510,1036,195,156501,1681,1,90
1:15:117,130,806,101,174212,1681,1,90
1:15:120,852,1079,197,156497,1683,1,90
1:15:120,1648,809,136,174215,1683,1,90
1:15:124,2510,1026,181,156495,1684,1,90
1:15:124,130,785,142,174218,1684,1,90
1:15:127,852,1042,191,156497,1686,1,90
1:15:127,1648,786,138,174215,1686,1,90
1:15:131,2510,1034,191,156494,1687,1,90
1:15:131,130,754,138,174217,1687,1,90
1:15:134,852,1059,172,156496,1689,1,90
1:15:134,1648,763,164,174220,1689,1,90
1:15:134,391,1073,179,444557,1689,1,90
1:15:134,132,65535,65535,444625,1689,1,90
1:15:134,132,65535,65535,444645,1689,1,90
1:15:134,16,1075,168,454607,1689,1,90
1:15:138,2510,1042,176,156499,1690,1,90
1:15:138,130,768,165,174210,1690,1,90
1:15:141,852,1039,171,156502,1692,1,90
1:15:141,1648,732,147,174213,1692,1,90
1:15:145,2510,1056,183,156498,1693,1,90
1:15:145,130,708,134,174216,1693,1,90
1:15:148,852,1055,161,156495,1694,1,90
1:15:148,1648,715,162,174219,1694,1,90
1:15:152,2510,715,162,156498,1696,1,90
1:15:155,852,1046,164,156495,1697,1,90
1:15:155,1648,680,164,174218,1697,1,90
1:15:159,2510,1007,159,156497,1699,1,90
1:15:159,130,666,157,174215,1699,1,90
1:15:159,387,1089,159,395491,1699,1,90
1:15:159,128,65535,65535,395559,1699,1,90
1:15:159,132,65535,65535,395580,1699,1,90
1:15:159,8,1052,152,408769,1699,1,90
1:15:162,852,1005,183,156500,1700,1,90
1:15:162,1648,671,155,174218,1700,1,90
1:15:166,2510,1025,169,156503,1701,1,90
1:15:166,130,658,165,174221,1701,1,90
1:15:168,0,0,0,2147483648,1454,1,91
1:15:168,0,0,0,0,1454,1,91
1:15:168,0,0,0,0,1454,1,91
1:15:168,0,0,0,0,1454,1,91
1:15:168,0,0,0,0,1454,1,91
1:15:168,0,0,0,0,1454,1,91
1:15:168,0,0,0,0,1454,1,91
1:15:168,0,0,0,0,1454,1,91
1:15:168,0,0,0,0,1454,1,91
1:15:168,0,0,0,0,1454,1,91
1:15:168,0,0,0,0,1454,1,91
1:15:168,0,0,0,0,1454,1,91
1:15:168,0,0,0,0,1454,1,91
1:15:168,0,0,0,0,1454,1,91
1:15:168,0,0,0,0,1454,1,91
1:15:168,0,0,0,0,1454,1,91
1:15:168,0,0,0,0,1454,1,91
1:15:168,0,0,0,0,1454,1,91
1:15:168,0,0,0,0,1454,1,91
1:15:168,0,0,0,0,1454,1,91
1:15:168,0,0,0,0,1454,1,91
1:15:168,0,0,0,0,1454,1,91
1:15:168,0,0,0,0,1454,1,91
1:15:168,0,0,0,0,1454,1,91
1:15:168,0,0,0,0,1454,1,91
1:15:168,0,0,0,0,1454,1,91
1:15:168,0,0,0,0,1454,1,91
1:15:168,0,0,0,0,1454,1,91
1:15:168,0,0,0,0,1454,1,91
1:15:169,852,1036,150,156499,1703,1,91
1:15:169,1648,626,186,174217,1703,1,91
1:15:173,2510,1009,158,156502,1704,1,91
1:15:173,130,612,157,174213,1704,1,91
1:15:176,852,992,166,156498,1706,1,91
1:15:176,1648,590,185,174216,1706,1,91
1:15:180,8,72,0,147820,1707,1,91
1:15:183,852,976,164,156498,1709,1,91
1:15:183,1648,577,170,174216,1709,1,91
1:15:187,2510,991,166,156501,1710,1,91
1:15:187,130,567,183,174219,1710,1,91
1:15:190,852,988,175,156504,1712,1,91
1:15:190,1648,540,183,174215,1712,1,91
1:15:194,2510,952,156,156500,1713,1,91
1:15:194,130,534,192,174218,1713,1,91
1:15:197,852,953,160,156496,1714,1,91
1:15:197,1648,519,186,174221,1714,1,91
1:15:201,2510,959,150,156499,1716,1,91
1:15:204,852,935,160,156496,1717,1,91
1:15:204,1648,479,187,174220,1717,1,91
1:15:204,4,505,186,261788,1717,1,91
1:15:204,3060,65535,65535,261938,1717,1,91
1:15:204,518,521,211,265310,1717,1,91
1:15:204,2,482,186,268610,1717,1,91
1:15:204,256,532,190,271838,1717,1,91
1:15:204,256,65535,65535,271905,1717,1,91
1:15:204,256,65535,65535,271920,1717,1,91
1:15:211,852,910,130,156502,1720,1,91
1:15:211,1648,453,189,174220,1720,1,91
1:15:211,976,87,0,443969,1720,1,91
1:15:215,2510,891,175,156505,1722,1,91
1:15:215,130,891,175,174222,1722,1,91
1:15:215,16,891,175,408014,1722,1,91
1:15:218,852,881,151,156501,1723,1,91
1:15:222,2510,876,194,156497,1724,1,91
1:15:225,852,876,194,156500,1726,1,91
1:15:225,18,876,194,214669,1726,1,91
1:15:225,256,876,194,218029,1726,1,91
1:15:236,2510,831,157,156503,1730,1,91
1:15:239,852,813,170,156499,1732,1,91
1:15:243,2510,811,178,156502,1733,1,91
1:15:246,852,763,186,156498,1734,1,91
1:15:250,2510,733,176,156501,1736,1,91
1:15:253,852,773,181,156504,1737,1,91
1:15:257,2510,720,195,156501,1739,1,91
1:15:260,852,727,191,156503,1740,1,91
1:15:264,2510,701,199,156500,1742,1,91
1:15:267,852,686,186,156503,1743,1,91
1:15:271,2510,664,190,156499,1744,1,91
1:15:274,852,613,179,156502,1746,1,91
1:15:278,2510,630,170,156499,1747,1,91
1:15:281,852,600,194,156502,1749,1,91
1:15:285,2510,592,212,156504,1750,1,91
1:15:288,852,592,212,156501,1752,1,91
1:15:292,2510,548,202,156497,1753,1,91
1:15:295,852,536,212,156500,1755,1,91
1:15:299,2510,523,221,156503,1756,1,91
1:15:302,852,493,204,156500,1757,1,91
1:15:306,2510,493,213,156502,1759,1,91
1:15:309,852,469,206,156505,1760,1,91
1:15:316,260,452,202,156498,1763,1,91
1:15:463,0,0,0,3221225472,1454,1,92
1:15:463,0,0,0,0,1454,1,92
1:15:463,0,0,0,0,1454,1,92
1:15:463,0,0,0,0,1454,1,92
1:15:463,0,0,0,0,1454,1,92
1:15:463,0,0,0,0,1454,1,92
1:15:463,0,0,0,0,1454,1,92
1:15:463,0,0,0,0,1454,1,92
1:15:463,0,0,0,0,1454,1,92
1:15:463,0,0,0,0,1454,1,92
1:15:463,0,0,0,0,1454,1,92
1:15:463,0,0,0,0,1454,1,92
1:15:463,0,0,0,0,1454,1,92
1:15:463,0,0,0,0,1454,1,92
1:15:463,0,0,0,0,1454,1,92
1:15:463,0,0,0,0,1454,1,92
1:15:463,0,0,0,0,1454,1,92
1:15:463,0,0,0,0,1454,1,92
1:15:463,0,0,0,0,1454,1,92
1:15:463,0,0,0,0,1454,1,92
1:15:463,0,0,0,0,1454,1,92
1:15:463,0,0,0,0,1454,1,92
1:15:463,0,0,0,0,1454,1,92
1:15:463,0,0,0,0,1454,1,92
1:15:463,0,0,0,0,1454,1,92
1:15:463,0,0,0,0,1454,1,92
1:15:463,0,0,0,0,1454,1,92
1:15:463,0,0,0,0,1454,1,92
1:15:463,0,0,0,0,1454,1,92
1:16:069,1,68,0,448774,2071,1,92
1:16:069,2048,59,0,452008,2071,1,92
1:16:076,256,74,0,116931,2074,1,92
1:16:076,256,65535,65535,63974,2074,1,92
1:16:079,256,65535,65535,255983,2075,1,92
1:16:086,832,66,0,190258,2078,1,92
1:16:097,448,64,0,351160,2082,1,92
1:16:111,536,123,0,241439,2088,1,92
1:16:111,16,65535,65535,234606,2088,1,92
1:16:111,24,65535,65535,234680,2088,1,92
1:16:111,512,67,0,251716,2088,1,92
1:16:111,512,65535,65535,251780,2088,1,92
1:16:167,3813,636,295,127700,2111,1,92
1:16:177,3988,681,279,127696,2115,1,92
1:16:181,3813,715,251,127699,2117,1,92
1:16:181,128,786,302,333117,2117,1,92
1:16:181,130,812,317,336273,2117,1,92
1:16:181,130,65535,65535,336341,2117,1,92
1:16:181,130,65535,65535,336348,2117,1,92
1:16:181,3825,65535,65535,386966,2117,1,92
1:16:184,3988,706,271,127690,2118,1,92
1:16:188,3813,718,250,127698,2120,1,92
1:16:191,3988,754,256,127689,2121,1,92
1:16:195,3813,756,250,127692,2122,1,92
1:16:198,3988,791,250,127689,2124,1,92
1:16:202,3813,796,239,127692,2125,1,92
1:16:202,21,83,0,267639,2125,1,92
1:16:205,3988,778,235,127688,2127,1,92
1:16:205,1024,65535,65535,146435,2127,1,92
1:16:209,3813,807,242,127691,2128,1,92
1:16:212,20,763,268,111398,2130,1,92
1:16:216,3813,833,212,127691,2131,1,92
1:16:219,3988,860,214,127687,2133,1,92
1:16:223,3813,825,215,127691,2134,1,92
1:16:226,3988,843,241,127681,2135,1,92
1:16:230,3813,877,212,127684,2137,1,92
1:16:237,3813,790,239,118564,2140,1,92
1:16:237,3813,885,213,127683,2140,1,92
1:16:240,3988,891,197,127680,2141,1,92
1:16:244,3813,899,195,127689,2142,1,92
1:16:247,3685,263,75,32564,2144,1,92
1:16:247,3988,906,221,127680,2144,1,92
1:16:251,3813,942,162,127683,2145,1,92
1:16:254,3988,927,188,127680,2147,1,92
1:16:254,3813,1015,222,435018,2147,1,92
1:16:258,3813,930,172,127683,2148,1,92
1:16:261,3988,959,200,127674,2150,1,92
1:16:265,3813,929,187,127677,2151,1,92
1:16:265,3813,1060,204,313740,2151,1,92
1:16:268,3988,944,184,127674,2153,1,92
1:16:272,3813,959,164,127677,2154,1,92
1:16:275,3988,937,182,127674,2155,1,92
1:16:275,3813,1032,192,222400,2155,1,92
1:16:279,3813,958,191,127677,2157,1,92
1:16:282,3988,941,200,127673,2158,1,92
1:16:286,3813,957,168,127677,2160,1,92
1:16:289,3988,970,172,127673,2161,1,92
1:16:293,3813,952,166,127677,2163,1,92
1:16:296,3988,937,177,127673,2164,1,92
1:16:300,3813,944,183,127677,2165,1,92
1:16:303,3988,945,203,127674,2167,1,92
1:16:307,3813,931,179,127671,2168,1,92
1:16:310,3988,927,188,127674,2170,1,92
1:16:314,3813,932,193,127671,2171,1,92
1:16:317,3988,943,179,127674,2173,1,92
1:16:321,3813,943,163,127671,2174,1,92
1:16:324,3988,909,177,127674,2175,1,92
1:16:328,3813,913,203,127665,2177,1,92
1:16:331,3988,897,201,127668,2178,1,92
1:16:335,3813,890,203,127665,2180,1,92
1:16:338,3988,896,194,127668,2181,1,92
1:16:342,3813,896,211,127665,2183,1,92
1:16:345,3988,880,225,127668,2184,1,92
1:16:349,3813,877,206,127665,2186,1,92
1:16:352,3988,883,214,127668,2187,1,92
1:16:356,3813,865,223,127665,2188,1,92
1:16:359,3988,868,248,127663,2190,1,92
1:16:363,3813,825,248,127659,2191,1,92
1:16:366,3988,796,253,127662,2193,1,92
1:16:370,3813,799,242,127659,2194,1,92
1:16:373,3988,813,241,127662,2196,1,92
1:16:377,3813,807,254,127659,2197,1,92
1:16:380,3988,774,244,127662,2198,1,92
1:16:384,3813,762,220,127659,2200,1,92
1:16:387,3988,757,242,127662,2201,1,92
1:16:391,3813,740,254,127652,2203,1,92
1:16:394,3988,723,238,127655,2204,1,92
1:16:398,3813,722,254,127652,2206,1,92
1:16:401,3988,658,245,127661,2207,1,92
1:16:405,3813,671,238,127652,2208,1,92
1:16:412,3813,645,239,127651,2211,1,92
1:16:415,3476,647,257,127654,2213,1,92
1:16:422,3476,598,249,127654,2216,1,92
1:16:566,16,355,0,33821,2274,1,92
1:16:961,8,355,0,7074,2436,1,92
1:16:989,65,84,0,33063,2448,1,92
1:17:129,16,84,0,7077,2505,1,92
1:17:170,0,0,0,2147483648,1454,1,93
1:17:170,0,0,0,0,1454,1,93
1:17:170,0,0,0,0,1454,1,93
1:17:170,0,0,0,0,1454,1,93
1:17:170,0,0,0,0,1454,1,93
1:17:170,0,0,0,0,1454,1,93
1:17:170,0,0,0,0,1454,1,93
1:17:170,0,0,0,0,1454,1,93
1:17:170,0,0,0,0,1454,1,93
1:17:170,0,0,0,0,1454,1,93
1:17:170,0,0,0,0,1454,1,93
1:17:170,0,0,0,0,1454,1,93
1:17:170,0,0,0,0,1454,1,93
1:17:170,0,0,0,0,1454,1,93
1:17:170,0,0,0,0,1454,1,93
1:17:170,0,0,0,0,1454,1,93
1:17:170,0,0,0,0,1454,1,93
1:17:170,0,0,0,0,1454,1,93
1:17:170,0,0,0,0,1454,1,93
1:17:170,0,0,0,0,1454,1,93
1:17:170,0,0,0,0,1454,1,93
1:17:170,0,0,0,0,1454,1,93
1:17:170,0,0,0,0,1454,1,93
1:17:170,0,0,0,0,1454,1,93
1:17:170,0,0,0,0,1454,1,93
1:17:170,0,0,0,0,1454,1,93
1:17:170,0,0,0,0,1454,1,93
1:17:170,0,0,0,0,1454,1,93
1:17:170,0,0,0,0,1454,1,93
1:17:182,408,84,0,337105,2526,1,93
1:17:182,320,65535,65535,340605,2526,1,93
1:17:182,64,65535,65535,340553,2526,1,93
1:17:227,448,126,0,512150,2545,1,93
1:17:227,1160,129,0,518750,2545,1,93
1:17:227,1152,65535,65535,0,2545,1,93
1:17:227,1160,65535,65535,512166,2545,1,93
1:17:241,64,63,0,409443,2551,1,93
1:17:241,1024,63,0,412701,2551,1,93
1:17:248,3616,141,0,229806,2554,1,93
1:17:255,3616,170,53,229793,2556,1,93
1:17:259,1512,164,0,229796,2558,1,93
1:17:269,3616,157,0,229798,2562,1,93
1:17:273,1512,159,0,229800,2564,1,93
1:17:280,1480,175,0,229800,2566,1,93
1:17:283,3616,170,0,229797,2568,1,93
1:17:287,1512,159,12,229805,2569,1,93
1:17:290,3616,180,0,229796,2571,1,93
1:17:294,1512,173,0,229799,2572,1,93
1:17:297,3616,164,0,229795,2574,1,93
1:17:301,1512,198,0,229798,2575,1,93
1:17:308,1512,177,0,229803,2578,1,93
1:17:311,3616,191,0,229800,2579,1,93
1:17:315,1512,175,0,229802,2581,1,93
1:17:318,3616,175,0,229800,2582,1,93
1:17:322,1512,164,0,229802,2584,1,93
1:17:325,3616,200,0,229804,2585,1,93
1:17:329,1512,164,0,229801,2586,1,93
1:17:332,3616,199,0,229798,2588,1,93
1:17:336,2176,135,0,7031,2589,1,93
1:17:336,1512,190,0,229800,2589,1,93
1:17:339,136,190,0,7039,2591,1,93
1:17:339,3616,177,0,229791,2591,1,93
1:17:343,1512,199,0,229800,2592,1,93
1:17:346,24,199,0,7050,2594,1,93
1:17:346,3616,192,0,229803,2594,1,93
1:17:350,1512,197,0,229800,2595,1,93
1:17:353,3616,187,0,229797,2597,1,93
1:17:357,1512,162,0,229799,2598,1,93
1:17:360,16,162,0,7044,2599,1,93
1:17:360,3616,193,0,229801,2599,1,93
1:17:364,1512,166,0,229804,2601,1,93
1:17:367,8,166,0,7043,2602,1,93
1:17:367,3616,184,0,229807,2602,1,93
1:17:371,1512,202,56,229798,2604,1,93
1:17:374,3616,157,0,229806,2605,1,93
1:17:378,1512,180,0,229798,2607,1,93
1:17:378,1536,108,0,443297,2607,1,93
1:17:381,3616,175,0,229800,2608,1,93
1:17:385,1512,191,0,229797,2609,1,93
1:17:388,3616,167,0,229800,2611,1,93
1:17:392,1512,186,0,229796,2612,1,93
1:17:395,3616,177,0,229805,2614,1,93
1:17:399,1512,147,0,229808,2615,1,93
1:17:402,3616,186,0,229810,2617,1,93
1:17:406,1512,166,0,229807,2618,1,93
1:17:413,1512,168,0,229800,2621,1,93
1:17:416,3616,161,0,229803,2622,1,93
1:17:420,1512,145,0,229800,2624,1,93
1:17:423,3616,176,0,229802,2625,1,93
1:17:427,1512,163,0,229805,2627,1,93
1:17:430,3616,157,0,229796,2628,1,93
1:17:434,1512,133,0,229804,2630,1,93
1:17:437,3616,144,0,229807,2631,1,93
1:17:441,1512,150,0,229804,2632,1,93
1:17:444,3616,146,0,229800,2634,1,93
1:17:448,1512,138,0,229803,2635,1,93
1:17:451,3616,144,0,229812,2637,1,93
1:17:451,272,92,0,375622,2637,1,93
1:17:455,1512,115,0,229809,2638,1,93
1:17:458,2085,97,0,156493,2640,1,93
1:17:458,3616,138,0,229805,2640,1,93
1:17:462,1512,120,0,229802,2641,1,93
1:17:465,3616,94,0,229811,2642,1,93
1:17:465,0,0,0,3221225472,1454,1,94
1:17:465,0,0,0,0,1454,1,94
1:17:465,0,0,0,0,1454,1,94
1:17:465,0,0,0,0,1454,1,94
1:17:465,0,0,0,0,1454,1,94
1:17:465,0,0,0,0,1454,1,94
1:17:465,0,0,0,0,1454,1,94
1:17:465,0,0,0,0,1454,1,94
1:17:465,0,0,0,0,1454,1,94
1:17:465,0,0,0,0,1454,1,94
1:17:465,0,0,0,0,1454,1,94
1:17:465,0,0,0,0,1454,1,94
1:17:465,0,0,0,0,1454,1,94
1:17:465,0,0,0,0,1454,1,94
1:17:465,0,0,0,0,1454,1,94
1:17:465,0,0,0,0,1454,1,94
1:17:465,0,0,0,0,1454,1,94
1:17:465,0,0,0,0,1454,1,94
1:17:465,0,0,0,0,1454,1,94
1:17:465,0,0,0,0,1454,1,94
1:17:465,0,0,0,0,1454,1,94
1:17:465,0,0,0,0,1454,1,94
1:17:465,0,0,0,0,1454,1,94
1:17:465,0,0,0,0,1454,1,94
1:17:465,0,0,0,0,1454,1,94
1:17:465,0,0,0,0,1454,1,94
1:17:465,0,0,0,0,1454,1,94
1:17:465,0,0,0,0,1454,1,94
1:17:465,0,0,0,0,1454,1,94
1:17:469,1512,145,0,229808,2644,1,94
1:17:476,1448,126,0,229807,2647,1,94
1:17:479,3616,121,0,229803,2648,1,94
1:17:483,1512,110,0,229818,2650,1,94
1:17:504,52,148,0,371156,2658,1,94
1:17:521,152,1716,0,255360,2665,1,94
1:17:560,49,91,0,152977,2681,1,94
1:17:878,2176,102,0,40781,2812,1,94
1:17:906,3,102,0,457753,2823,1,94
1:17:924,81,94,0,108080,2830,1,94
1:17:931,65,88,0,433364,2833,1,94
1:17:959,1024,62,0,94865,2845,1,94
1:18:155,1026,62,0,466025,2925,1,94
1:18:652,1024,70,0,389244,3128,1,94
1:18:767,593,16192,3968,424581,3175,1,94
1:18:995,8,121,0,390530,3268,1,94
1:18:995,20,218,0,401114,3268,1,94
1:19:026,152,2606,914,6777,3281,1,94
1:19:065,16,2606,914,152100,3297,1,94
1:19:131,128,2606,914,405783,3324,1,94
1:19:131,1536,103,0,411105,3324,1,94
1:19:131,1536,103,0,414849,3324,1,94
1:19:142,1386,96,0,193695,3328,1,94
1:19:156,1255,120,0,227587,3334,1,94
1:19:159,1552,122,0,227590,3335,1,94
1:19:163,1479,122,0,227586,3337,1,94
1:19:170,1511,125,0,227586,3339,1,94
1:19:172,0,0,0,2147483648,1454,1,95
1:19:172,0,0,0,0,1454,1,95
1:19:172,0,0,0,0,1454,1,95
1:19:172,0,0,0,0,1454,1,95
1:19:172,0,0,0,0,1454,1,95
1:19:172,0,0,0,0,1454,1,95
1:19:172,0,0,0,0,1454,1,95
1:19:172,0,0,0,0,1454,1,95
1:19:172,0,0,0,0,1454,1,95
1:19:172,0,0,0,0,1454,1,95
1:19:172,0,0,0,0,1454,1,95
1:19:172,0,0,0,0,1454,1,95
1:19:172,0,0,0,0,1454,1,95
1:19:172,0,0,0,0,1454,1,95
1:19:172,0,0,0,0,1454,1,95
1:19:172,0,0,0,0,1454,1,95
1:19:172,0,0,0,0,1454,1,95
1:19:172,0,0,0,0,1454,1,95
1:19:172,0,0,0,0,1454,1,95
1:19:172,0,0,0,0,1454,1,95
1:19:172,0,0,0,0,1454,1,95
1:19:172,0,0,0,0,1454,1,95
1:19:172,0,0,0,0,1454,1,95
1:19:172,0,0,0,0,1454,1,95
1:19:172,0,0,0,0,1454,1,95
1:19:172,0,0,0,0,1454,1,95
1:19:172,0,0,0,0,1454,1,95
1:19:172,0,0,0,0,1454,1,95
1:19:172,0,0,0,0,1454,1,95
1:19:173,1552,131,0,227577,3341,1,95
1:19:177,1511,101,0,227580,3342,1,95
1:19:184,1509,144,0,227584,3345,1,95
1:19:187,1552,143,0,227569,3347,1,95
1:19:191,1511,120,0,227572,3348,1,95
1:19:194,1552,137,0,227580,3350,1,95
1:19:198,1509,134,0,227571,3351,1,95
1:19:201,1552,172,0,227580,3352,1,95
1:19:205,1511,136,0,227570,3354,1,95
1:19:208,3028,136,0,200825,3355,1,95
1:19:212,1511,162,0,227576,3357,1,95
1:19:215,1552,147,0,227572,3358,1,95
1:19:219,3028,147,0,135752,3360,1,95
1:19:219,1511,187,0,227569,3360,1,95
1:19:222,1552,128,0,227578,3361,1,95
1:19:222,1514,74,0,373921,3361,1,95
1:19:233,1511,166,0,227567,3365,1,95
1:19:236,1552,148,0,227570,3367,1,95
1:19:240,1511,163,52,227567,3368,1,95
1:19:240,256,74,0,450025,3368,1,95
1:19:240,256,65535,65535,0,3368,1,95
1:19:240,256,65535,65535,450041,3368,1,95
1:19:243,1552,160,0,227576,3370,1,95
1:19:247,1511,138,0,227566,3371,1,95
1:19:250,1552,141,0,227563,3372,1,95
1:19:250,1514,88,0,436383,3372,1,95
1:19:254,1511,173,0,227565,3374,1,95
1:19:257,1552,169,0,227575,3375,1,95
1:19:261,1511,159,0,227571,3377,1,95
1:19:264,1552,156,0,227562,3378,1,95
1:19:268,1511,160,0,227565,3380,1,95
1:19:271,1552,169,0,227561,3381,1,95
1:19:275,1511,165,0,227564,3383,1,95
1:19:278,1552,144,0,227566,3384,1,95
1:19:282,1511,155,0,227569,3385,1,95
1:19:285,1552,175,0,227565,3387,1,95
1:19:289,1511,175,0,227563,3388,1,95
1:19:292,1552,128,0,227559,3390,1,95
1:19:292,1514,110,0,483736,3390,1,95
1:19:296,1511,173,0,227562,3391,1,95
1:19:299,33,81,0,170440,3393,1,95
1:19:299,577,73,0,177399,3393,1,95
1:19:299,65,65535,65535,174115,3393,1,95
1:19:299,2048,73,0,223682,3393,1,95
1:19:299,66,73,0,227048,3393,1,95
1:19:299,16,73,0,230192,3393,1,95
1:19:299,256,81,0,233348,3393,1,95
1:19:299,520,81,0,285566,3393,1,95
1:19:303,1511,153,0,227561,3394,1,95
1:19:306,1552,159,0,227570,3395,1,95
1:19:310,1511,135,0,227554,3397,1,95
1:19:313,1552,142,0,227563,3398,1,95
1:19:320,1552,165,0,227563,3401,1,95
1:19:324,1511,104,0,227565,3403,1,95
1:19:327,1552,140,0,227562,3404,1,95
1:19:331,1511,174,0,227552,3405,1,95
1:19:334,1552,148,0,227555,3407,1,95
1:19:334,1514,85,0,252821,3407,1,95
1:19:338,1511,140,0,227558,3408,1,95
1:19:341,1552,144,0,227560,3410,1,95
1:19:345,1511,143,0,227557,3411,1,95
1:19:348,1552,138,0,227548,3413,1,95
1:19:352,1511,154,0,227556,3414,1,95
1:19:359,1511,127,0,227550,3417,1,95
1:19:359,2512,89,0,362679,3417,1,95
1:19:362,1552,143,0,227558,3418,1,95
1:19:366,1511,121,0,227549,3420,1,95
1:19:369,1536,122,0,227546,3421,1,95
1:19:376,1552,129,0,227550,3424,1,95
1:19:380,1511,129,0,227548,3425,1,95
1:19:383,1552,118,0,227550,3427,1,95
1:19:394,1507,131,0,227546,3431,1,95
1:19:467,0,0,0,3221225472,1454,1,96
1:19:467,0,0,0,0,1454,1,96
1:19:467,0,0,0,0,1454,1,96
1:19:467,0,0,0,0,1454,1,96
1:19:467,0,0,0,0,1454,1,96
1:19:467,0,0,0,0,1454,1,96
1:19:467,0,0,0,0,1454,1,96
1:19:467,0,0,0,0,1454,1,96
1:19:467,0,0,0,0,1454,1,96
1:19:467,0,0,0,0,1454,1,96
1:19:467,0,0,0,0,1454,1,96
1:19:467,0,0,0,0,1454,1,96
1:19:467,0,0,0,0,1454,1,96
1:19:467,0,0,0,0,1454,1,96
1:19:467,0,0,0,0,1454,1,96
1:19:467,0,0,0,0,1454,1,96
1:19:467,0,0,0,0,1454,1,96
1:19:467,0,0,0,0,1454,1,96
1:19:467,0,0,0,0,1454,1,96
1:19:467,0,0,0,0,1454,1,96
1:19:467,0,0,0,0,1454,1,96
1:19:467,0,0,0,0,1454,1,96
1:19:467,0,0,0,0,1454,1,96
1:19:467,0,0,0,0,1454,1,96
1:19:467,0,0,0,0,1454,1,96
1:19:467,0,0,0,0,1454,1,96
1:19:467,0,0,0,0,1454,1,96
1:19:467,0,0,0,0,1454,1,96
1:19:467,0,0,0,0,1454,1,96
1:19:579,152,127,51,504960,3507,1,96
1:19:590,164,195,0,494943,3511,1,96
1:19:677,3,78,0,181833,3547,1,96
1:19:698,512,70,0,299633,3556,1,96
1:19:856,2,78,0,198127,3620,1,96
1:19:873,2048,80,0,321030,3627,1,96
1:19:961,260,112,0,333223,3663,1,96
1:19:961,128,98,0,336595,3663,1,96
1:19:961,513,78,0,339913,3663,1,96
1:19:999,8,78,0,461902,3679,1,96
1:20:031,3813,180,0,329400,3692,1,96
1:20:080,3813,180,0,261514,3712,1,96
1:20:122,1024,59,0,94012,3729,1,96
1:20:181,256,353,0,261606,3753,1,96
1:20:181,288,353,0,268200,3753,1,96
1:20:181,1024,353,0,301122,3753,1,96
1:20:181,1556,330,0,310805,3753,1,96
1:20:199,3813,312,0,127126,3761,1,96
1:20:223,3988,304,0,127140,3771,1,96
1:20:227,4,65535,65535,446595,3772,1,96
1:20:234,3813,331,0,127117,3775,1,96
1:20:293,3988,193,0,82123,3799,1,96
1:20:307,64,193,0,501580,3805,1,96
1:20:314,3813,330,0,315306,3808,1,96
1:20:349,2,68,0,456810,3822,1,96
1:20:447,259,61,0,406949,3862,1,96
1:20:447,4,61,0,410093,3862,1,96
1:20:503,20,61,0,227433,3885,1,96
1:20:654,1,111,0,267803,3947,1,96
1:20:654,8,84,0,274199,3947,1,96
1:20:664,8,68,0,25331,3951,1,96
1:20:682,1026,68,0,121511,3958,1,96
1:20:685,16,68,0,309173,3960,1,96
1:20:717,17,68,0,481358,3973,1,96
1:20:727,1,176,43,513292,3977,1,96
1:20:727,257,65535,65535,513360,3977,1,96
1:20:727,1,65535,65535,513367,3977,1,96
1:20:727,1540,180,0,516748,3977,1,96
1:20:783,256,179,0,442410,4000,1,96
1:20:783,4,181,0,445633,4000,1,96
1:20:797,3072,181,0,126886,4005,1,96
1:20:822,160,181,0,126887,4015,1,96
1:20:839,1152,181,0,126877,4023,1,96
1:20:885,34,60,0,357806,4041,1,96
1:20:885,2050,60,0,453804,4041,1,96
1:20:895,132,646,254,169195,4046,1,96
1:20:895,24,640,248,175795,4046,1,96
1:20:895,4,661,255,179017,4046,1,96
1:20:895,4,648,262,182323,4046,1,96
1:20:902,128,719,276,318214,4049,1,96
1:20:902,8,708,254,324814,4049,1,96
1:20:902,516,697,258,328042,4049,1,96
1:20:902,516,65535,65535,328110,4049,1,96
1:20:902,516,65535,65535,328124,4049,1,96
1:20:958,976,695,256,112899,4071,1,96
1:20:965,976,709,271,112899,4074,1,96
1:20:969,149,722,250,112901,4076,1,96
1:20:972,976,730,248,112904,4077,1,96
1:20:979,720,724,247,112904,4080,1,96
1:20:983,149,733,240,112905,4082,1,96
1:20:986,976,759,222,112903,4083,1,96
1:20:990,149,763,247,112905,4084,1,96
1:20:993,976,769,231,112908,4086,1,96
1:20:997,149,769,232,112910,4087,1,96
1:21:000,976,770,206,112907,4089,1,96
1:21:004,149,781,213,112904,4090,1,96
1:21:007,976,776,204,112906,4091,1,96
1:21:011,149,798,228,112909,4093,1,96
1:21:018,149,790,212,112915,4096,1,96
1:21:021,976,821,203,112911,1,1,97
1:21:025,149,832,191,112908,3,1,97
1:21:028,976,818,160,112911,4,1,97
1:21:032,149,849,180,112914,5,1,97
1:21:035,976,832,151,112917,7,1,97
1:21:039,149,865,156,112919,8,1,97
1:21:042,976,854,156,112921,10,1,97
1:21:046,149,866,172,112912,11,1,97
1:21:049,976,854,167,112915,13,1,97
1:21:053,149,871,149,112918,14,1,97
1:21:056,976,883,105,112920,16,1,97
1:21:060,976,799,87,93820,17,1,97
1:21:060,149,852,141,112923,17,1,97
1:21:063,640,488,82,50131,18,1,97
1:21:067,149,894,126,112917,20,1,97
1:21:067,149,1097,118,212850,20,1,97
1:21:070,976,860,88,112920,21,1,97
1:21:070,976,1092,93,207442,21,1,97
1:21:074,149,841,109,112922,23,1,97
1:21:077,976,886,95,112925,24,1,97
1:21:077,149,1094,100,300799,24,1,97
1:21:081,149,884,100,112927,25,1,97
1:21:081,976,1117,87,281956,25,1,97
1:21:084,976,848,83,112924,27,1,97
1:21:088,149,893,92,112920,28,1,97
1:21:088,149,1099,94,386355,28,1,97
1:21:091,976,878,79,112923,30,1,97
1:21:091,976,1090,94,376631,30,1,97
1:21:095,149,891,109,112926,31,1,97
1:21:098,976,880,61,112929,33,1,97
1:21:098,149,1096,86,492062,33,1,97
1:21:102,149,872,75,112926,34,1,97
1:21:105,976,884,79,112928,35,1,97
1:21:109,149,854,75,112931,37,1,97
1:21:112,976,855,75,112928,38,1,97
1:21:116,149,863,61,112931,40,1,97
1:21:119,976,861,60,112933,41,1,97
1:21:123,149,830,65,112930,43,1,97
1:21:126,976,838,13,112933,44,1,97
1:21:130,149,831,62,112935,46,1,97
1:21:133,976,838,78,112938,47,1,97
1:21:137,149,813,82,112935,48,1,97
1:21:140,976,828,75,112932,50,1,97
1:21:144,149,804,78,112935,51,1,97
1:21:147,976,799,78,112936,53,1,97
1:21:151,149,779,90,112939,54,1,97
1:21:154,976,773,95,112942,56,1,97
1:21:158,149,779,80,112939,57,1,97
1:21:161,976,772,72,112935,58,1,97
1:21:165,149,740,101,112938,60,1,97
1:21:168,976,737,90,112941,61,1,97
1:21:172,149,723,108,112944,63,1,97
1:21:174,0,0,0,2147483648,1454,1,97
1:21:174,0,0,0,0,1454,1,97
1:21:174,0,0,0,0,1454,1,97
1:21:174,0,0,0,0,1454,1,97
1:21:174,0,0,0,0,1454,1,97
1:21:174,0,0,0,0,1454,1,97
1:21:174,0,0,0,0,1454,1,97
1:21:174,0,0,0,0,1454,1,97
1:21:174,0,0,0,0,1454,1,97
1:21:174,0,0,0,0,1454,1,97
1:21:174,0,0,0,0,1454,1,97
1:21:174,0,0,0,0,1454,1,97
1:21:174,0,0,0,0,1454,1,97
1:21:174,0,0,0,0,1454,1,97
1:21:174,0,0,0,0,1454,1,97
1:21:174,0,0,0,0,1454,1,97
1:21:174,0,0,0,0,1454,1,97
1:21:174,0,0,0,0,1454,1,97
1:21:174,0,0,0,0,1454,1,97
1:21:174,0,0,0,0,1454,1,97
1:21:174,0,0,0,0,1454,1,97
1:21:174,0,0,0,0,1454,1,97
1:21:174,0,0,0,0,1454,1,97
1:21:174,0,0,0,0,1454,1,97
1:21:174,0,0,0,0,1454,1,97
1:21:174,0,0,0,0,1454,1,97
1:21:174,0,0,0,0,1454,1,97
1:21:174,0,0,0,0,1454,1,97
1:21:174,0,0,0,0,1454,1,97
1:21:175,976,712,75,112947,64,1,98
1:21:179,149,723,100,112944,66,1,98
1:21:182,976,710,104,112940,67,1,98
1:21:186,149,691,106,112943,68,1,98
1:21:189,976,680,89,112946,70,1,98
1:21:193,149,652,111,112950,71,1,98
1:21:196,976,642,118,112951,73,1,98
1:21:200,149,643,112,112943,74,1,98
1:21:203,976,600,100,112946,76,1,98
1:21:207,149,609,122,112949,77,1,98
1:21:210,976,606,125,112951,79,1,98
1:21:214,149,584,125,112954,80,1,98
1:21:217,976,562,117,112945,81,1,98
1:21:221,149,563,126,112948,83,1,98
1:21:224,976,540,134,112950,84,1,98
1:21:228,149,516,129,112952,86,1,98
1:21:231,976,525,142,112955,87,1,98
1:21:235,149,518,147,112952,88,1,98
1:21:238,976,494,135,112949,90,1,98
1:21:242,149,479,154,112951,91,1,98
1:21:245,976,480,113,112954,93,1,98
1:21:249,149,443,140,112957,94,1,98
1:21:252,976,453,148,112960,96,1,98
1:21:256,149,435,138,112950,97,1,98
1:21:259,976,414,116,112953,99,1,98
1:21:263,149,401,163,112963,100,1,98
1:21:266,848,397,138,112959,101,1,98
1:21:270,149,393,130,112962,103,1,98
1:21:273,960,379,136,112958,104,1,98
1:21:277,149,347,112,112961,106,1,98
1:21:280,960,358,140,112964,107,1,98
1:21:284,17,354,146,112961,109,1,98
1:21:291,149,322,148,112960,111,1,98
1:21:298,128,322,148,112965,114,1,98
1:21:319,512,77,0,156655,123,1,98
1:21:319,512,85,0,263285,123,1,98
1:21:319,512,65535,65535,259968,123,1,98
1:21:319,768,65535,65535,263348,123,1,98
1:21:329,4,221,98,256771,127,1,98
1:21:336,516,221,98,256770,130,1,98
1:21:340,452,221,98,256773,131,1,98
1:21:343,2052,256,97,256770,133,1,98
1:21:347,405,236,77,256767,134,1,98
1:21:350,2580,254,49,256764,136,1,98
1:21:354,917,254,49,256767,137,1,98
1:21:357,656,292,102,256770,139,1,98
1:21:361,981,279,109,256771,140,1,98
1:21:364,2708,266,83,256763,142,1,98
1:21:368,981,296,96,256771,143,1,98
1:21:371,2708,294,92,256762,144,1,98
1:21:375,981,294,92,256765,146,1,98
1:21:378,2708,303,87,256767,147,1,98
1:21:378,2900,65535,65535,450210,147,1,98
1:21:382,981,294,105,256764,149,1,98
1:21:385,2708,311,99,256767,150,1,98
1:21:389,981,311,78,256763,151,1,98
1:21:392,2708,337,71,256760,153,1,98
1:21:396,981,348,91,256762,154,1,98
1:21:399,2708,358,83,256765,156,1,98
1:21:403,981,358,83,256762,157,1,98
1:21:406,2708,364,86,256758,159,1,98
1:21:410,981,345,126,256761,160,1,98
1:21:413,2708,351,80,256757,162,1,98
1:21:417,981,371,71,256760,163,1,98
1:21:420,2708,375,93,256757,164,1,98
1:21:424,981,372,83,256760,166,1,98
1:21:427,2708,378,111,256763,167,1,98
1:21:431,981,367,77,256754,169,1,98
1:21:434,2708,390,100,256756,170,1,98
1:21:438,981,390,100,256753,172,1,98
1:21:441,2708,400,95,256755,173,1,98
1:21:448,2708,383,93,256749,176,1,98
1:21:452,981,398,119,256752,177,1,98
1:21:455,2708,413,86,256748,179,1,98
1:21:459,981,412,105,256751,180,1,98
1:21:462,2708,418,82,256748,182,1,98
1:21:466,981,407,75,256751,183,1,98
1:21:469,2708,397,59,256747,185,1,98
1:21:469,0,0,0,3221225472,1454,1,98
1:21:469,0,0,0,0,1454,1,98
1:21:469,0,0,0,0,1454,1,98
1:21:469,0,0,0,0,1454,1,98
1:21:469,0,0,0,0,1454,1,98
1:21:469,0,0,0,0,1454,1,98
1:21:469,0,0,0,0,1454,1,98
1:21:469,0,0,0,0,1454,1,98
1:21:469,0,0,0,0,1454,1,98
1:21:469,0,0,0,0,1454,1,98
1:21:469,0,0,0,0,1454,1,98
1:21:469,0,0,0,0,1454,1,98
1:21:469,0,0,0,0,1454,1,98
1:21:469,0,0,0,0,1454,1,98
1:21:469,0,0,0,0,1454,1,98
1:21:469,0,0,0,0,1454,1,98
1:21:469,0,0,0,0,1454,1,98
1:21:469,0,0,0,0,1454,1,98
1:21:469,0,0,0,0,1454,1,98
1:21:469,0,0,0,0,1454,1,98
1:21:469,0,0,0,0,1454,1,98
1:21:469,0,0,0,0,1454,1,98
1:21:469,0,0,0,0,1454,1,98
1:21:469,0,0,0,0,1454,1,98
1:21:469,0,0,0,0,1454,1,98
1:21:469,0,0,0,0,1454,1,98
1:21:469,0,0,0,0,1454,1,98
1:21:469,0,0,0,0,1454,1,98
1:21:469,0,0,0,0,1454,1,98
1:21:473,981,444,85,256744,186,1,99
1:21:476,2708,444,85,256746,187,1,99
1:21:480,981,411,75,256749,189,1,99
1:21:483,2708,419,89,256746,190,1,99
1:21:487,981,421,88,256742,192,1,99
1:21:490,2708,408,44,256745,193,1,99
1:21:494,981,420,85,256742,195,1,99
1:21:497,2708,425,88,256739,196,1,99
1:21:501,981,402,85,256741,197,1,99
1:21:508,981,419,95,256740,200,1,99
1:21:511,2708,391,81,256738,202,1,99
1:21:515,981,391,81,256740,203,1,99
1:21:518,2708,427,84,256743,205,1,99
1:21:522,981,396,83,256740,206,1,99
1:21:525,2708,391,60,256737,207,1,99
1:21:529,2932,65535,65535,148609,209,1,99
1:21:529,2755,351,82,155280,209,1,99
1:21:529,3587,65535,65535,155348,209,1,99
1:21:529,2563,65535,65535,155356,209,1,99
1:21:529,10,375,86,158580,209,1,99
1:21:529,268,65535,65535,158648,209,1,99
1:21:529,8,65535,65535,158656,209,1,99
1:21:532,2708,386,63,256736,210,1,99
1:21:536,1152,214,0,92366,212,1,99
1:21:539,2708,367,60,256735,213,1,99
1:21:543,981,396,68,256732,215,1,99
1:21:546,2708,350,80,256735,216,1,99
1:21:550,981,350,80,256738,217,1,99
1:21:553,2708,358,97,256734,219,1,99
1:21:557,981,355,73,256731,220,1,99
1:21:560,2708,366,0,256727,222,1,99
1:21:564,981,352,93,256730,223,1,99
1:21:567,2708,352,93,256727,225,1,99
1:21:571,981,320,87,256730,226,1,99
1:21:574,2708,363,106,256726,227,1,99
1:21:578,981,310,81,256723,229,1,99
1:21:581,2708,319,83,256725,230,1,99
1:21:585,981,318,80,256728,232,1,99
1:21:592,981,318,80,256728,235,1,99
1:21:595,2708,323,112,256725,236,1,99
1:21:599,981,280,122,256722,237,1,99
1:21:602,2708,280,122,256725,239,1,99
1:21:606,981,275,96,256721,240,1,99
1:21:609,2704,270,102,256724,242,1,99
1:21:613,977,263,100,256720,243,1,99
1:21:616,2196,263,100,256723,245,1,99
1:21:620,837,244,84,256720,246,1,99
1:21:630,528,244,84,256716,250,1,99
1:21:865,16,244,84,214717,346,1,99
1:21:879,3008,92,0,290152,352,1,99
1:21:886,192,109,0,365097,355,1,99
1:21:889,916,79,0,456478,356,1,99
1:21:893,1536,497,181,391465,358,1,99
1:21:893,8,470,161,394687,358,1,99
1:21:893,12,473,182,401509,358,1,99
1:21:914,1096,142,0,354216,367,1,99
1:21:921,512,574,261,115744,369,1,99
1:21:921,1248,116,0,354227,369,1,99
1:21:921,1186,147,0,443152,369,1,99
1:21:924,2192,592,283,115746,371,1,99
1:21:928,512,600,251,115749,372,1,99
1:21:928,1226,600,251,157970,372,1,99
1:21:931,3984,637,290,115746,374,1,99
1:21:931,2500,159,66,354236,374,1,99
1:21:938,8,120,0,298125,377,1,99
1:21:938,1,128,0,304784,377,1,99
1:21:942,512,678,257,115748,378,1,99
1:21:942,1514,156,59,334169,378,1,99
1:21:942,1514,171,12,354225,378,1,99
1:21:945,3984,697,273,115751,379,1,99
1:21:945,144,697,273,359148,379,1,99
1:21:949,4,532,0,41751,381,1,99
1:21:952,3984,698,291,115750,382,1,99
1:21:956,512,721,271,115753,384,1,99
1:21:956,1514,129,0,354242,384,1,99
1:21:956,2516,165,76,517608,384,1,99
1:21:963,512,765,264,115753,386,1,99
1:21:963,1514,181,32,223132,386,1,99
1:21:966,3984,764,275,115755,388,1,99
1:21:966,3028,179,62,354227,388,1,99
1:21:970,512,179,62,115758,389,1,99
1:21:970,3080,179,62,354229,389,1,99
1:21:973,3984,779,248,115755,391,1,99
1:21:973,1514,160,13,165716,391,1,99
1:21:977,512,817,262,115757,392,1,99
1:21:977,256,817,262,254523,392,1,99
1:21:980,3984,807,272,115755,394,1,99
1:21:980,1,138,0,162259,394,1,99
1:21:987,3984,833,285,115754,397,1,99
1:21:987,3028,180,81,326224,397,1,99
1:21:987,3028,206,0,354231,397,1,99
1:21:991,512,860,280,115756,398,1,99
1:21:991,1514,208,12,354234,398,1,99
1:21:994,3984,875,259,115759,399,1,99
1:21:994,68,875,259,399512,399,1,99
1:21:998,512,884,247,115755,401,1,99
1:21:998,3028,191,70,268075,401,1,99
1:21:998,1514,220,61,354234,401,1,99
1:22:001,3984,884,234,115758,402,1,99
1:22:001,3028,182,0,354237,402,1,99
1:22:001,1514,221,0,496698,402,1,99
1:22:005,512,915,265,115761,404,1,99
1:22:008,3984,910,259,115758,405,1,99
1:22:008,3028,217,0,206902,405,1,99
1:22:008,3028,205,56,354242,405,1,99
1:22:012,512,921,252,115761,407,1,99
1:22:012,1514,216,0,354239,407,1,99
1:22:012,1514,218,34,438249,407,1,99
1:22:015,3984,929,234,115764,408,1,99
1:22:015,2932,65535,65535,295107,408,1,99
1:22:015,516,1136,206,298485,408,1,99
1:22:015,258,1148,228,308685,408,1,99
1:22:015,6,65535,65535,308752,408,1,99
1:22:015,2,65535,65535,308760,408,1,99
1:22:019,512,933,226,115767,409,1,99
1:22:019,3028,176,72,145364,409,1,99
1:22:019,1514,209,0,354244,409,1,99
1:22:022,3984,943,226,115770,411,1,99
1:22:022,3028,213,54,354247,411,1,99
1:22:022,1514,213,0,373015,411,1,99
1:22:026,512,943,239,115766,412,1,99
1:22:026,1514,241,51,354243,412,1,99
1:22:033,512,981,233,115766,415,1,99
1:22:033,1514,223,0,319498,415,1,99
1:22:033,1514,224,0,354243,415,1,99
1:22:036,3984,996,211,115768,417,1,99
1:22:036,3028,220,0,354246,417,1,99
1:22:040,512,974,222,115765,418,1,99
1:22:040,1514,200,0,354249,418,1,99
1:22:043,3984,982,199,115768,420,1,99
1:22:043,1514,183,0,258001,420,1,99
1:22:043,3028,236,62,354252,420,1,99
1:22:050,3984,1005,205,115767,423,1,99
1:22:050,3028,216,0,354251,423,1,99
1:22:054,512,1010,222,115776,424,1,99
1:22:054,1514,226,0,354254,424,1,99
1:22:057,3984,994,216,115772,425,1,99
1:22:057,3028,228,0,354250,425,1,99
1:22:061,512,1014,179,115770,427,1,99
1:22:061,1514,220,0,354253,427,1,99
1:22:064,3984,1021,195,115772,428,1,99
1:22:064,3028,191,0,354255,428,1,99
1:22:068,512,1019,225,115775,430,1,99
1:22:068,1514,207,0,354253,430,1,99
1:22:075,512,1013,181,115774,433,1,99
1:22:075,1514,207,0,354252,433,1,99
1:22:078,3984,1021,186,115771,434,1,99
1:22:078,3028,215,0,354255,434,1,99
1:22:082,512,996,192,115773,435,1,99
1:22:082,1514,194,0,354270,435,1,99
1:22:085,3984,987,220,115776,437,1,99
1:22:085,3028,216,0,354255,437,1,99
1:22:089,512,1026,204,115779,438,1,99
1:22:089,3028,203,0,253290,438,1,99
1:22:089,1514,229,0,354251,438,1,99
1:22:092,3984,983,202,115782,440,1,99
1:22:092,3028,196,0,354259,440,1,99
1:22:092,1514,193,0,493073,440,1,99
1:22:096,512,1012,180,115779,441,1,99
1:22:096,1514,185,0,354262,441,1,99
1:22:099,3984,985,175,115782,442,1,99
1:22:099,3028,202,0,354265,442,1,99
1:22:103,512,995,211,115784,444,1,99
1:22:103,1514,191,0,354262,444,1,99
1:22:103,1514,212,0,433100,444,1,99
1:22:106,3984,976,210,115781,445,1,99
1:22:106,3028,191,0,354265,445,1,99
1:22:110,512,965,224,115784,447,1,99
1:22:110,3028,168,0,133681,447,1,99
1:22:110,1514,187,0,354268,447,1,99
1:22:113,3984,958,234,115786,448,1,99
1:22:113,3028,196,0,354264,448,1,99
1:22:113,1514,197,0,364860,448,1,99
1:22:117,512,961,223,115783,450,1,99
1:22:117,1514,192,0,354267,450,1,99
1:22:120,3028,99,0,76061,451,1,99
1:22:120,3984,953,223,115785,451,1,99
1:22:120,3028,189,0,354263,451,1,99
1:22:124,512,944,250,115788,453,1,99
1:22:124,1514,162,51,304065,453,1,99
1:22:124,1514,183,0,354272,453,1,99
1:22:127,3984,931,223,115785,454,1,99
1:22:127,3028,189,0,354269,454,1,99
1:22:131,512,919,250,115788,455,1,99
1:22:131,1514,182,0,354271,455,1,99
1:22:134,3984,895,221,115785,457,1,99
1:22:134,1514,177,0,251658,457,1,99
1:22:134,3028,198,0,354269,457,1,99
1:22:138,512,893,234,115787,458,1,99
1:22:138,1514,196,0,354271,458,1,99
1:22:138,3028,184,0,482795,458,1,99
1:22:141,3984,887,251,115790,460,1,99
1:22:141,3028,188,0,354274,460,1,99
1:22:145,512,863,251,115787,461,1,99
1:22:145,1514,182,0,184228,461,1,99
1:22:145,1514,160,0,354265,461,1,99
1:22:148,3984,871,241,115789,463,1,99
1:22:148,3028,178,0,354273,463,1,99
1:22:148,3028,171,0,414770,463,1,99
1:22:152,1024,1517,703,89141,464,1,99
1:22:152,1514,163,0,354276,464,1,99
1:22:155,3984,814,282,115789,465,1,99
1:22:155,3028,814,282,354267,465,1,99
1:22:159,512,817,296,115792,467,1,99
1:22:159,1514,151,55,354276,467,1,99
1:22:162,3984,808,262,115788,468,1,99
1:22:162,3028,165,0,354279,468,1,99
1:22:166,512,800,265,115791,470,1,99
1:22:166,1514,160,0,354281,470,1,99
1:22:169,3984,782,271,115788,471,1,99
1:22:169,2101,2522,885,349214,471,1,99
1:22:169,3028,165,0,354278,471,1,99
1:22:173,512,165,0,115797,473,1,99
1:22:173,1514,142,0,354275,473,1,99
1:22:176,3984,728,285,115794,474,1,99
1:22:176,3028,151,0,354271,474,1,99
1:22:180,512,752,288,115797,476,1,99
1:22:180,490,134,0,354280,476,1,99
1:22:187,512,699,289,115796,478,1,99
1:22:187,1514,149,14,354273,478,1,99
1:22:190,3984,686,289,115793,480,1,99
1:22:190,2324,145,0,354283,480,1,99
1:22:194,512,670,305,115801,481,1,99
1:22:194,1514,121,0,353079,481,1,99
1:22:197,3968,623,288,115798,483,1,99
1:22:197,2516,147,0,354287,483,1,99
1:22:201,1512,122,13,354290,484,1,99
1:22:208,512,122,13,115800,487,1,99
1:22:211,16,441,208,90573,489,1,99
1:22:211,64,441,208,97005,489,1,99
1:22:211,2048,441,208,100137,489,1,99
1:22:211,1152,441,208,103191,489,1,99
1:22:236,162,92,0,174081,498,1,99
1:22:267,2448,1555,684,48635,511,1,99
1:22:271,2101,1600,709,48638,513,1,99
1:22:274,2448,1620,701,48635,514,1,99
1:22:274,1616,563,271,138543,514,1,99
1:22:278,2101,1629,692,48644,516,1,99
1:22:282,2448,1675,701,48640,517,1,99
1:22:282,1616,602,263,138542,517,1,99
1:22:285,2101,1698,731,48637,519,1,99
1:22:285,512,624,271,138540,519,1,99
1:22:288,2448,1672,656,48633,520,1,99
1:22:288,1616,627,261,138536,520,1,99
1:22:288,2101,4374,679,513871,520,1,99
1:22:292,2101,1688,677,48636,522,1,99
1:22:292,512,615,236,138539,522,1,99
1:22:295,2448,1687,613,48639,523,1,99
1:22:295,1616,687,272,138536,523,1,99
1:22:299,2101,687,272,48642,524,1,99
1:22:299,512,661,230,138539,524,1,99
1:22:302,2448,1742,679,48639,526,1,99
1:22:302,1616,676,258,138535,526,1,99
1:22:306,2101,1771,685,48635,527,1,99
1:22:306,512,689,258,138532,527,1,99
1:22:309,2448,1761,666,48645,529,1,99
1:22:309,1616,722,240,138535,529,1,99
1:22:313,2101,1775,669,48641,530,1,99
1:22:313,512,701,238,138531,530,1,99
1:22:316,2448,1743,627,48638,531,1,99
1:22:316,1616,746,245,138534,531,1,99
1:22:320,2069,1767,654,48641,533,1,99
1:22:320,512,754,235,138531,533,1,99
1:22:323,2448,1746,602,48643,534,1,99
1:22:323,1616,758,234,138527,534,1,99
1:22:327,2101,1770,636,48645,536,1,99
1:22:327,512,784,244,138530,536,1,99
1:22:330,2448,1787,639,48643,537,1,99
1:22:330,1616,781,239,138527,537,1,99
1:22:330,386,4303,608,305354,537,1,99
1:22:330,2768,4169,642,318926,537,1,99
1:22:330,2256,65535,65535,318993,537,1,99
1:22:330,2256,65535,65535,319002,537,1,99
1:22:334,2085,1809,668,48639,539,1,99
1:22:334,512,794,236,138529,539,1,99
1:22:337,2448,1767,631,48642,540,1,99
1:22:337,1616,825,222,138526,540,1,99
1:22:341,2101,1777,629,48645,542,1,99
1:22:341,512,836,222,138529,542,1,99
1:22:344,2448,1766,644,48642,543,1,99
1:22:344,1616,816,208,138525,543,1,99
1:22:348,2097,1776,612,48645,545,1,99
1:22:348,512,867,230,138528,545,1,99
1:22:351,2448,1790,640,48641,546,1,99
1:22:351,1616,847,195,138525,546,1,99
1:22:351,386,3994,591,160149,546,1,99
1:22:351,2929,65535,65535,160299,546,1,99
1:22:351,512,3870,608,174999,546,1,99
1:22:355,2101,1788,659,48638,547,1,99
1:22:355,512,857,218,138528,547,1,99
1:22:358,2448,1742,652,48646,549,1,99
1:22:358,1616,882,231,138525,549,1,99
1:22:362,2101,1750,644,48643,550,1,99
1:22:362,512,876,205,138522,550,1,99
1:22:365,2448,1482,573,48645,552,1,99
1:22:365,1616,882,199,138525,552,1,99
1:22:369,2101,1736,650,48643,553,1,99
1:22:369,512,908,202,138527,553,1,99
1:22:372,2448,1701,649,48645,555,1,99
1:22:372,1616,914,201,138524,555,1,99
1:22:376,2101,1700,650,48648,556,1,99
1:22:376,512,886,223,138521,556,1,99
1:22:379,400,886,223,48645,557,1,99
1:22:379,1616,943,195,138523,557,1,99
1:22:383,2101,1674,666,48642,559,1,99
1:22:383,512,931,184,138520,559,1,99
1:22:386,2448,1656,661,48650,560,1,99
1:22:386,1616,919,181,138517,560,1,99
1:22:390,2101,1658,699,48647,562,1,99
1:22:390,512,972,183,138519,562,1,99
1:22:393,2101,1394,630,41161,563,1,99
1:22:393,1616,938,184,138516,563,1,99
1:22:397,2096,1616,676,48646,565,1,99
1:22:397,512,934,182,138519,565,1,99
1:22:400,2448,1571,682,48644,566,1,99
1:22:400,1616,979,185,138515,566,1,99
1:22:404,2085,979,185,48645,567,1,99
1:22:404,512,957,162,138518,567,1,99
1:22:407,2192,1567,711,48648,569,1,99
1:22:407,1616,930,178,138515,569,1,99
1:22:414,1616,977,158,138514,572,1,99
1:22:418,512,963,157,138517,573,1,99
1:22:421,1616,955,174,138514,575,1,99
1:22:425,512,954,152,138517,576,1,99
1:22:428,1616,955,162,138513,578,1,99
1:22:432,512,986,144,138516,579,1,99
1:22:435,1616,947,136,138512,580,1,99
1:22:439,512,930,158,138510,582,1,99
1:22:442,1616,955,160,138512,583,1,99
1:22:442,132,995,186,474795,583,1,99
1:22:442,2933,65535,65535,474945,583,1,99
1:22:442,516,986,189,478316,583,1,99
1:22:446,512,920,151,138509,585,1,99
1:22:449,1616,909,155,138511,586,1,99
1:22:453,512,922,144,138508,588,1,99
1:22:456,1616,909,143,138510,589,1,99
1:22:460,512,894,175,138508,590,1,99
1:22:463,1616,939,151,138504,592,1,99
1:22:467,512,906,144,138507,593,1,99
1:22:470,1616,892,150,138504,595,1,99
1:22:470,132,992,196,440520,595,1,99
1:22:470,2900,65535,65535,440670,595,1,99
1:22:470,6,991,170,444042,595,1,99
1:22:474,512,915,174,138507,596,1,99
1:22:477,1616,855,157,138503,598,1,99
1:22:481,512,856,168,138506,599,1,99
1:22:484,1616,854,174,138502,600,1,99
1:22:488,512,842,137,138499,602,1,99
1:22:495,512,876,171,138498,605,1,99
1:22:498,1616,794,159,138501,606,1,99
1:22:502,512,795,153,138498,608,1,99
1:22:505,1616,786,165,138495,609,1,99
1:22:509,512,767,168,138497,611,1,99
1:22:512,1616,751,167,138500,612,1,99
1:22:516,512,778,165,138497,613,1,99
1:22:519,1616,728,164,138494,615,1,99
1:22:523,512,715,160,138496,616,1,99
1:22:523,0,37,1808,0,0,1,100
1:22:526,1616,726,168,138493,618,1,100
1:22:530,512,698,169,138490,619,1,100
1:22:533,1616,674,182,138493,621,1,100
1:22:537,512,676,193,138495,622,1,100
1:22:540,1616,659,176,138492,623,1,100
1:22:544,512,636,184,138489,625,1,100
1:22:547,1616,653,192,138492,626,1,100
1:22:554,2644,341,127,255915,629,1,100
1:22:558,512,583,183,138488,631,1,100
1:22:558,512,365,152,255912,631,1,100
1:22:561,1616,565,183,138490,632,1,100
1:22:561,2644,342,127,255915,632,1,100
1:22:565,512,571,181,138487,634,1,100
1:22:565,512,386,136,255917,634,1,100
1:22:568,1616,535,171,138490,635,1,100
1:22:568,2644,386,140,255919,635,1,100
1:22:572,512,539,191,138486,636,1,100
1:22:572,512,400,153,255922,636,1,100
1:22:575,1616,520,186,138483,638,1,100
1:22:575,2644,413,112,255919,638,1,100
1:22:579,2176,126,0,7286,639,1,100
1:22:579,512,515,194,138486,639,1,100
1:22:579,512,449,131,255915,639,1,100
1:22:582,1616,472,191,138482,641,1,100
1:22:582,2644,418,113,255918,641,1,100
1:22:586,512,476,197,138485,642,1,100
1:22:586,512,453,147,255921,642,1,100
1:22:589,144,100,0,7294,643,1,100
1:22:589,1616,457,182,138482,643,1,100
1:22:593,144,483,133,288788,645,1,100
1:22:596,592,430,191,138481,646,1,100
1:22:596,2644,481,113,255923,646,1,100
1:22:596,144,5741,2099,393512,646,1,100
1:22:600,2176,92,0,7284,648,1,100
1:22:600,512,498,139,255920,648,1,100
1:22:603,2132,491,124,255934,649,1,100
1:22:607,512,537,150,255926,651,1,100
1:22:607,144,6691,2378,391079,651,1,100
1:22:610,2644,520,117,255928,652,1,100
1:22:614,512,566,142,255925,654,1,100
1:22:617,2644,532,104,255928,655,1,100
1:22:624,2644,577,118,255927,658,1,100
1:22:628,512,598,143,255930,659,1,100
1:22:631,2644,598,112,255932,661,1,100
1:22:635,512,644,126,255930,662,1,100
1:22:638,2644,621,111,255932,664,1,100
1:22:642,512,650,127,255934,665,1,100
1:22:645,2644,628,131,255937,667,1,100
1:22:656,512,694,114,255933,671,1,100
1:22:659,2644,690,127,255936,672,1,100
1:22:666,2644,712,110,255942,675,1,100
1:22:670,512,726,117,255939,677,1,100
1:22:673,2644,735,125,255941,678,1,100
1:22:680,2644,730,105,255941,681,1,100
1:22:684,512,777,92,255944,682,1,100
1:22:691,512,786,80,255943,685,1,100
1:22:701,132,238,30,220168,689,1,100
1:22:701,1600,259,33,226540,689,1,100
1:22:701,4,231,0,233289,689,1,100
1:22:705,512,803,103,255947,691,1,100
1:22:708,2644,786,66,255950,692,1,100
1:22:712,512,837,122,255947,694,1,100
1:22:715,2644,792,105,255949,695,1,100
1:22:726,160,107,0,7586,699,1,100
1:22:726,512,816,79,255952,699,1,100
1:22:729,2176,94,0,6341,701,1,100
1:22:729,2644,795,105,255955,701,1,100
1:22:736,2644,783,88,255954,704,1,100
1:22:740,512,825,70,255957,705,1,100
1:22:743,2644,766,96,255960,707,1,100
1:22:747,2176,117,0,7375,708,1,100
1:22:747,512,810,79,255956,708,1,100
1:22:750,2644,801,105,255959,709,1,100
1:22:754,512,831,95,255956,711,1,100
1:22:761,2048,102,0,7590,714,1,100
1:22:761,512,794,117,255960,714,1,100
1:22:764,2644,768,105,255958,715,1,100
1:22:768,512,806,84,255960,717,1,100
1:22:771,2644,762,103,255963,718,1,100
1:22:778,2644,739,104,255962,721,1,100
1:22:782,512,782,108,255965,722,1,100
1:22:785,2644,741,106,255968,724,1,100
1:22:789,512,749,112,255971,725,1,100
1:22:792,2644,722,101,255967,727,1,100
1:22:796,512,744,126,255970,728,1,100
1:22:799,2644,697,122,255966,730,1,100
1:22:803,512,734,130,255969,731,1,100
1:22:806,2644,695,101,255972,732,1,100
1:22:813,2644,707,140,255972,735,1,100
1:22:817,512,686,131,255974,737,1,100
1:22:820,2644,657,135,255976,738,1,100
1:22:824,512,662,144,255974,739,1,100
1:22:827,2644,640,138,255976,741,1,100
1:22:831,512,639,156,255973,742,1,100
1:22:834,2644,619,152,255975,744,1,100
1:22:838,512,609,175,255978,745,1,100
1:22:841,2644,582,138,255981,747,1,100
1:22:845,512,584,171,255977,748,1,100
1:22:848,2644,578,151,255980,750,1,100
1:22:852,512,565,161,255983,751,1,100
1:22:855,2644,517,149,255979,752,1,100
1:22:859,512,536,156,255982,754,1,100
1:22:862,2644,516,153,255979,755,1,100
1:22:866,512,521,142,255981,757,1,100
1:22:869,2644,482,149,255984,758,1,100
1:22:873,22,355,104,128663,759,1,100
1:22:873,264,372,111,131963,759,1,100
1:22:873,264,65535,65535,0,759,1,100
1:22:873,264,65535,65535,118491,759,1,100
1:22:876,2644,457,164,255990,761,1,100
1:22:880,512,449,163,255992,762,1,100
1:22:880,3063,65535,65535,405066,762,1,100
1:22:887,512,422,155,255991,765,1,100
1:22:890,2644,404,181,255989,767,1,100
1:22:894,512,432,176,255991,768,1,100
1:22:897,596,383,172,215986,769,1,100
1:22:897,2644,395,159,255988,769,1,100
1:22:999,154,465,97,197975,811,1,100
1:23:016,16,90,0,349216,818,1,100
1:23:051,1155,960,69,244012,832,1,100
1:23:058,16,960,69,174881,835,1,100
1:23:076,593,1079,324,253919,843,1,100
1:23:176,0,0,0,2147483648,1454,1,100
1:23:176,0,0,0,0,1454,1,100
1:23:176,0,0,0,0,1454,1,100
1:23:176,0,0,0,0,1454,1,100
1:23:176,0,0,0,0,1454,1,100
1:23:176,0,0,0,0,1454,1,100
1:23:176,0,0,0,0,1454,1,100
1:23:176,0,0,0,0,1454,1,100
1:23:176,0,0,0,0,1454,1,100
1:23:176,0,0,0,0,1454,1,100
1:23:176,0,0,0,0,1454,1,100
1:23:176,0,0,0,0,1454,1,100
1:23:176,0,0,0,0,1454,1,100
1:23:176,0,0,0,0,1454,1,100
1:23:176,0,0,0,0,1454,1,100
1:23:176,0,0,0,0,1454,1,100
1:23:176,0,0,0,0,1454,1,100
1:23:176,0,0,0,0,1454,1,100
1:23:176,0,0,0,0,1454,1,100
1:23:176,0,0,0,0,1454,1,100
1:23:176,0,0,0,0,1454,1,100
1:23:176,0,0,0,0,1454,1,100
1:23:176,0,0,0,0,1454,1,100
1:23:176,0,0,0,0,1454,1,100
1:23:176,0,0,0,0,1454,1,100
1:23:176,0,0,0,0,1454,1,100
1:23:176,0,0,0,0,1454,1,100
1:23:176,0,0,0,0,1454,1,100
1:23:176,0,0,0,0,1454,1,100
1:23:412,2056,1079,324,184406,980,1,101
1:23:412,32,1079,324,188168,980,1,101
1:23:412,512,107,0,222176,980,1,101
1:23:471,0,0,0,3221225472,1454,1,101
1:23:471,0,0,0,0,1454,1,101
1:23:471,0,0,0,0,1454,1,101
1:23:471,0,0,0,0,1454,1,101
1:23:471,0,0,0,0,1454,1,101
1:23:471,0,0,0,0,1454,1,101
1:23:471,0,0,0,0,1454,1,101
1:23:471,0,0,0,0,1454,1,101
1:23:471,0,0,0,0,1454,1,101
1:23:471,0,0,0,0,1454,1,101
1:23:471,0,0,0,0,1454,1,101
1:23:471,0,0,0,0,1454,1,101
1:23:471,0,0,0,0,1454,1,101
1:23:471,0,0,0,0,1454,1,101
1:23:471,0,0,0,0,1454,1,101
1:23:471,0,0,0,0,1454,1,101
1:23:471,0,0,0,0,1454,1,101
1:23:471,0,0,0,0,1454,1,101
1:23:471,0,0,0,0,1454,1,101
1:23:471,0,0,0,0,1454,1,101
1:23:471,0,0,0,0,1454,1,101
1:23:471,0,0,0,0,1454,1,101
1:23:471,0,0,0,0,1454,1,101
1:23:471,0,0,0,0,1454,1,101
1:23:471,0,0,0,0,1454,1,101
1:23:471,0,0,0,0,1454,1,101
1:23:471,0,0,0,0,1454,1,101
1:23:471,0,0,0,0,1454,1,101
1:23:471,0,0,0,0,1454,1,101
1:23:517,144,1059,197,169494,1023,1,102
1:23:531,144,1292,285,280467,1029,1,102
1:23:797,256,1292,285,249839,1138,1,102
1:23:902,1024,1292,285,409049,1181,1,102
1:23:912,8,147,0,204281,1185,1,102
1:23:916,53,147,0,130029,1187,1,102
1:23:926,2592,268,117,229863,1191,1,102
1:23:926,2312,175,0,387756,1191,1,102
1:23:930,1440,175,0,229865,1193,1,102
1:23:933,33,223,94,228200,1194,1,102
1:23:940,1,120,0,130708,1197,1,102
1:23:940,8,145,0,251845,1197,1,102
1:23:940,512,145,0,362993,1197,1,102
1:23:944,1512,265,90,229864,1198,1,102
1:23:944,2456,167,0,520571,1198,1,102
1:23:947,2592,313,93,229867,1200,1,102
1:23:951,1512,270,104,229864,1201,1,102
1:23:951,2069,182,37,411733,1201,1,102
1:23:954,2592,308,106,229866,1202,1,102
1:23:954,2328,149,0,362429,1202,1,102
1:23:958,1512,345,112,229869,1204,1,102
1:23:961,2592,310,100,229872,1205,1,102
1:23:961,2101,176,55,250752,1205,1,102
1:23:965,1512,296,111,229869,1207,1,102
1:23:968,2592,374,115,229872,1208,1,102
1:23:972,1512,336,121,229874,1209,1,102
1:23:975,2592,301,98,229864,1211,1,102
1:23:979,1512,359,104,229867,1212,1,102
1:23:982,2592,382,105,229864,1214,1,102
1:23:989,130,355,88,216310,1217,1,102
1:23:989,2,65535,65535,216377,1217,1,102
1:23:989,2,65535,65535,216385,1217,1,102
1:23:993,1512,381,111,229866,1218,1,102
1:23:996,2592,360,83,229869,1220,1,102
1:24:000,1512,369,91,229871,1221,1,102
1:24:003,2592,418,101,229874,1223,1,102
1:24:007,1512,387,114,229871,1224,1,102
1:24:010,2592,343,95,229867,1225,1,102
1:24:014,1512,437,98,229876,1227,1,102
1:24:017,2592,414,85,229867,1228,1,102
1:24:021,1512,392,54,229869,1230,1,102
1:24:024,2592,450,113,229860,1231,1,102
1:24:028,1512,432,72,229869,1232,1,102
1:24:031,2592,401,105,229872,1234,1,102
1:24:035,1512,464,98,229868,1235,1,102
1:24:038,2592,436,83,229871,1237,1,102
1:24:038,3031,65535,65535,336327,1237,1,102
1:24:042,1512,400,78,229874,1238,1,102
1:24:045,2592,509,117,229876,1240,1,102
1:24:049,1512,459,104,229873,1241,1,102
1:24:052,544,459,104,229875,1243,1,102
1:24:056,1512,441,82,229872,1244,1,102
1:24:059,2592,479,87,229869,1245,1,102
1:24:063,1512,426,84,229872,1247,1,102
1:24:066,2592,438,75,229875,1248,1,102
1:24:070,132,437,79,143994,1250,1,102
1:24:070,2932,65535,65535,144144,1250,1,102
1:24:070,516,416,82,147516,1250,1,102
1:24:070,8,469,80,157716,1250,1,102
1:24:077,1512,432,100,229870,1253,1,102
1:24:080,2592,493,76,229873,1254,1,102
1:24:084,1512,471,83,229875,1255,1,102
1:24:087,2592,423,60,229878,1257,1,102
1:24:091,1512,487,106,229875,1258,1,102
1:24:094,2592,468,73,229877,1260,1,102
1:24:098,1512,421,95,229875,1261,1,102
1:24:101,2592,478,71,229865,1262,1,102
1:24:105,1512,488,88,229874,1264,1,102
1:24:108,2592,414,89,229870,1265,1,102
1:24:112,1512,503,81,229867,1267,1,102
1:24:115,2592,466,84,229870,1268,1,102
1:24:122,2592,428,90,229875,1271,1,102
1:24:126,1512,458,104,229877,1273,1,102
1:24:129,2592,416,80,229880,1274,1,102
1:24:133,1512,420,84,229877,1276,1,102
1:24:136,2592,463,77,229879,1277,1,102
1:24:140,1512,420,78,229870,1278,1,102
1:24:143,2592,399,0,229873,1280,1,102
1:24:147,1512,448,88,229870,1281,1,102
1:24:150,2592,440,86,229873,1283,1,102
1:24:154,1512,385,94,229875,1284,1,102
1:24:164,2592,342,72,229876,1288,1,102
1:24:168,1512,429,85,229879,1290,1,102
1:24:175,1512,355,76,229879,1293,1,102
1:24:178,2592,416,41,229882,1294,1,102
1:24:182,1512,373,103,229873,1295,1,102
1:24:185,2592,338,69,229869,1297,1,102
1:24:189,1512,338,87,229872,1298,1,102
1:24:192,2592,356,86,229875,1300,1,102
1:24:196,1512,329,73,229871,1301,1,102
1:24:199,2592,294,90,229874,1303,1,102
1:24:203,1512,348,120,229876,1304,1,102
1:24:206,2592,348,120,229879,1306,1,102
1:24:210,1512,258,86,229882,1307,1,102
1:24:213,2592,326,102,229878,1309,1,102
1:24:217,1512,281,107,229875,1310,1,102
1:24:220,2592,265,100,229884,1311,1,102
1:24:224,1512,265,100,229881,1313,1,102
1:24:227,2592,297,75,229877,1314,1,102
1:24:231,1512,230,102,229880,1316,1,102
1:24:234,2592,284,107,229871,1317,1,102
1:24:234,328,128,0,330015,1317,1,102
1:24:234,256,65535,65535,0,1317,1,102
1:24:238,1512,283,111,229874,1318,1,102
1:24:245,1512,242,97,229879,1321,1,102
1:24:248,544,242,97,229888,1323,1,102
1:24:469,596,200,75,259110,1413,1,102
1:24:476,727,200,75,259103,1416,1,102
1:24:483,151,223,80,259102,1419,1,102
1:24:486,3972,208,89,259105,1420,1,102
1:24:490,199,224,85,259102,1422,1,102
1:24:497,727,224,67,259095,1425,1,102
1:24:500,3988,275,94,259092,1426,1,102
1:24:507,3988,253,83,259097,1429,1,102
1:24:511,727,262,97,259089,1430,1,102
1:24:514,3988,265,76,259097,1432,1,102
1:24:518,727,269,87,259088,1433,1,102
1:24:521,3988,265,75,259091,1435,1,102
1:24:525,727,264,81,259087,1436,1,102
1:24:528,3988,289,89,259084,1437,1,102
1:24:532,727,295,0,259087,1439,1,102
1:24:535,3988,299,82,259090,1440,1,102
1:24:539,727,313,82,259086,1442,1,102
1:24:542,3988,296,83,259083,1443,1,102
1:24:546,727,329,66,259080,1445,1,102
1:24:549,3137,223,71,153623,1446,1,102
1:24:549,3169,65535,65535,153690,1446,1,102
1:24:549,3137,65535,65535,153705,1446,1,102
1:24:549,3072,201,71,160672,1446,1,102
1:24:553,727,294,75,259080,1447,1,102
1:24:556,3988,318,109,259095,1449,1,102
1:24:560,727,305,73,259079,1450,1,102
1:24:563,3988,314,61,259081,1452,1,102
1:24:567,727,312,68,259084,1453,1,102
1:24:570,3988,311,38,259075,1455,1,102
1:24:574,727,296,72,259083,1456,1,102
1:24:577,3988,331,64,259074,1458,1,102
1:24:581,727,310,50,259077,1459,1,102
1:24:584,3988,337,94,259074,1460,1,102
1:24:588,727,340,63,259077,1462,1,102
1:24:591,3988,332,69,259073,1463,1,102
1:24:595,727,333,80,259064,1465,1,102
1:24:598,3988,366,89,259066,1466,1,102
1:24:602,727,332,84,259075,1468,1,102
1:24:605,3988,338,80,259065,1469,1,102
1:24:609,727,347,66,259063,1470,1,102
1:24:612,3988,314,53,259065,1472,1,102
1:24:616,727,361,72,259068,1473,1,102
1:24:619,3988,334,72,259071,1475,1,102
1:24:623,727,329,0,259062,1476,1,102
1:24:626,3988,344,64,259064,1478,1,102
1:24:630,727,315,55,259061,1479,1,102
1:24:633,3988,347,79,259057,1481,1,102
1:24:637,727,361,68,259060,1482,1,102
1:24:640,3988,320,12,259057,1483,1,102
1:24:644,727,339,0,259060,1485,1,102
1:24:647,3988,346,64,259056,1486,1,102
1:24:651,727,331,53,259059,1488,1,102
1:24:654,3988,351,58,259062,1489,1,102
1:24:658,727,306,71,259052,1491,1,102
1:24:661,3988,323,0,259055,1492,1,102
1:24:665,727,339,77,259051,1493,1,102
1:24:672,727,321,88,259051,1496,1,102
1:24:675,3988,319,84,259048,1498,1,102
1:24:679,727,287,51,259050,1499,1,102
1:24:682,3988,324,76,259053,1500,1,102
1:24:686,727,333,50,259044,1502,1,102
1:24:689,3988,291,68,259047,1503,1,102
1:24:693,727,307,72,259043,1505,1,102
1:24:696,3988,292,61,259046,1506,1,102
1:24:700,727,284,68,259049,1508,1,102
1:24:703,3988,280,76,259039,1509,1,102
1:24:707,727,298,0,259036,1510,1,102
1:24:710,3988,280,0,259039,1512,1,102
1:24:714,727,275,79,259035,1513,1,102
1:24:717,3988,241,0,259044,1515,1,102
1:24:721,727,263,0,259035,1516,1,102
1:24:724,3988,241,75,259032,1518,1,102
1:24:728,727,227,64,259028,1519,1,102
1:24:731,3988,245,84,259037,1521,1,102
1:24:735,727,229,40,259034,1522,1,102
1:24:738,3988,234,53,259031,1523,1,102
1:24:738,536,234,53,287026,1523,1,102
1:24:742,727,218,68,259034,1525,1,102
1:24:745,3988,218,68,259030,1526,1,102
1:24:749,132,216,35,220484,1528,1,102
1:24:752,3988,205,38,259029,1529,1,102
1:24:756,727,193,62,259038,1530,1,102
1:24:756,56,294,115,287033,1530,1,102
1:24:759,3988,210,76,259029,1532,1,102
1:24:759,920,283,109,287036,1532,1,102
1:24:759,1808,135,0,514894,1532,1,102
1:24:759,768,65535,65535,0,1532,1,102
1:24:759,1792,65535,65535,514951,1532,1,102
1:24:759,8,145,0,518320,1532,1,102
1:24:763,62,145,0,287033,1533,1,102
1:24:766,3348,177,39,259034,1535,1,102
1:24:777,647,177,39,259024,1539,1,102
1:24:777,574,327,102,287038,1539,1,102
1:24:780,3220,327,102,259020,1541,1,102
1:24:784,3,327,102,259029,1542,1,102
1:24:784,574,303,80,287031,1542,1,102
1:24:787,532,303,80,259026,1544,1,102
1:24:787,920,332,107,287040,1544,1,102
1:24:794,2560,110,0,259013,1546,1,102
1:24:794,920,356,113,287039,1546,1,102
1:24:812,574,377,105,287040,1553,1,102
1:24:815,2048,377,105,259005,1555,1,102
1:24:819,574,428,125,287045,1556,1,102
1:24:822,920,398,108,287048,1558,1,102
1:24:829,920,408,114,287047,1561,1,102
1:24:833,574,424,73,287050,1562,1,102
1:24:836,920,419,110,287047,1563,1,102
1:24:840,574,445,106,287050,1565,1,102
1:24:843,920,445,106,287052,1566,1,102
1:24:847,574,462,89,287055,1568,1,102
1:24:850,920,451,104,287057,1569,1,102
1:24:854,574,457,97,287055,1571,1,102
1:24:857,920,471,101,287057,1572,1,102
1:24:861,574,465,99,287054,1574,1,102
1:24:864,920,480,91,287056,1575,1,102
1:24:868,574,461,74,287053,1576,1,102
1:24:871,920,450,109,287055,1578,1,102
1:24:875,574,480,89,287058,1579,1,102
1:24:878,920,455,74,287061,1581,1,102
1:24:882,574,454,77,287057,1582,1,102
1:24:885,920,487,96,287067,1583,1,102
1:24:889,574,473,83,287069,1585,1,102
1:24:892,920,483,104,287059,1586,1,102
1:24:896,574,498,88,287062,1588,1,102
1:24:899,920,484,76,287071,1589,1,102
1:24:903,574,465,86,287068,1591,1,102
1:24:906,920,478,80,287064,1592,1,102
1:24:913,920,495,80,287064,1595,1,102
1:24:917,392,226,0,518494,1596,1,102
1:24:917,392,65535,65535,0,1596,1,102
1:24:917,392,65535,65535,0,1596,1,102
1:24:924,574,445,85,287066,1599,1,102
1:24:924,792,445,85,407465,1599,1,102
1:24:927,920,454,67,287074,1601,1,102
1:24:931,574,467,71,287077,1602,1,102
1:24:931,128,527,227,347442,1602,1,102
1:24:934,1872,519,252,174917,1604,1,102
1:24:934,920,488,80,287080,1604,1,102
1:24:934,1880,417,162,325869,1604,1,102
1:24:938,3575,65535,65535,304164,1605,1,102
1:24:938,4,591,234,307614,1605,1,102
1:24:938,256,555,215,317664,1605,1,102
1:24:938,3063,65535,65535,355613,1605,1,102
1:24:938,16,576,259,362435,1605,1,102
1:24:938,258,560,255,365735,1605,1,102
1:24:938,528,561,225,417256,1605,1,102
1:24:941,1304,568,246,174923,1607,1,102
1:24:941,130,588,246,259870,1607,1,102
1:24:941,920,436,65,287079,1607,1,102
1:24:945,130,569,235,174919,1608,1,102
1:24:948,1880,579,222,174922,1609,1,102
1:24:948,920,442,45,287078,1609,1,102
1:24:952,130,584,226,174925,1611,1,102
1:24:952,574,461,55,287081,1611,1,102
1:24:955,1880,616,239,170560,1612,1,102
1:24:955,920,471,67,287084,1612,1,102
1:24:959,2900,65535,65535,174774,1614,1,102
1:24:962,1880,614,242,174921,1615,1,102
1:24:962,920,412,37,287083,1615,1,102
1:24:966,130,412,37,174924,1616,1,102
1:24:966,574,434,97,287085,1616,1,102
1:24:973,130,696,229,174923,1619,1,102
1:24:973,574,407,73,287085,1619,1,102
1:24:980,130,701,283,174922,1622,1,102
1:24:980,574,389,46,287090,1622,1,102
1:24:983,1880,680,245,174925,1624,1,102
1:24:983,920,415,86,287087,1624,1,102
1:24:987,920,415,86,138052,1625,1,102
1:24:987,130,725,235,174922,1625,1,102
1:24:987,574,408,80,287090,1625,1,102
1:24:990,131,330,92,111278,1627,1,102
1:24:990,130,65535,65535,111345,1627,1,102
1:24:990,386,65535,65535,111353,1627,1,102
1:24:990,1880,724,250,174925,1627,1,102
1:24:990,920,394,79,287093,1627,1,102
1:24:997,1880,746,230,174924,1629,1,102
1:24:997,3776,368,80,454885,1629,1,102
1:24:997,3264,65535,65535,454952,1629,1,102
1:24:997,3264,65535,65535,454961,1629,1,102
1:25:001,130,764,240,174927,1631,1,102
1:25:001,574,373,83,287088,1631,1,102
1:25:001,46,349,94,384731,1631,1,102
1:25:004,1880,784,246,174923,1632,1,102
1:25:004,920,381,82,287091,1632,1,102
1:25:004,920,376,79,338900,1632,1,102
1:25:008,130,786,244,174926,1634,1,102
1:25:008,131,394,98,289458,1634,1,102
1:25:008,130,65535,65535,289526,1634,1,102
1:25:008,386,65535,65535,289534,1634,1,102
1:25:011,1880,783,234,174929,1635,1,102
1:25:011,574,329,63,196361,1635,1,102
1:25:011,920,366,60,287097,1635,1,102
1:25:015,920,310,69,141392,1637,1,102
1:25:015,130,800,210,174926,1637,1,102
1:25:015,574,354,73,287094,1637,1,102
1:25:018,8,299,94,161356,1638,1,102
1:25:018,2560,319,70,164584,1638,1,102
1:25:018,2608,65535,65535,164652,1638,1,102
1:25:018,2560,65535,65535,164654,1638,1,102
1:25:018,266,324,84,167956,1638,1,102
1:25:018,264,65535,65535,164652,1638,1,102
1:25:018,264,65535,65535,164654,1638,1,102
1:25:022,130,819,225,174925,1639,1,102
1:25:022,574,335,59,287099,1639,1,102
1:25:022,920,320,84,460700,1639,1,102
1:25:025,1880,814,211,174928,1641,1,102
1:25:025,920,338,104,287096,1641,1,102
1:25:039,852,338,104,156771,1647,1,102
1:25:039,1880,863,214,174932,1647,1,102
1:25:039,912,292,102,287100,1647,1,102
1:25:043,2506,292,102,156773,1648,1,102
1:25:046,340,292,102,156776,1649,1,102
1:25:046,1880,882,190,174931,1649,1,102
1:25:046,920,281,97,287106,1649,1,102
1:25:050,2510,677,265,156773,1651,1,102
1:25:050,130,884,219,174929,1651,1,102
1:25:050,62,285,83,287102,1651,1,102
1:25:053,852,685,288,156776,1652,1,102
1:25:053,1880,884,218,174925,1652,1,102
1:25:053,920,265,94,287105,1652,1,102
1:25:057,2510,698,274,156772,1654,1,102
1:25:057,130,898,199,174928,1654,1,102
1:25:057,574,898,199,287108,1654,1,102
1:25:060,852,898,199,156775,1655,1,102
1:25:064,2510,753,304,156771,1657,1,102
1:25:064,130,878,179,174927,1657,1,102
1:25:067,852,752,287,156774,1658,1,102
1:25:067,1880,918,177,174930,1658,1,102
1:25:067,512,918,177,287110,1658,1,102
1:25:071,2510,746,286,156777,1660,1,102
1:25:071,130,880,213,174932,1660,1,102
1:25:071,568,880,213,287106,1660,1,102
1:25:074,852,766,300,156774,1661,1,102
1:25:074,1880,915,178,174930,1661,1,102
1:25:078,2510,807,264,156776,1662,1,102
1:25:078,130,900,179,174931,1662,1,102
1:25:078,2,900,179,287112,1662,1,102
1:25:081,852,900,179,156773,1664,1,102
1:25:085,2510,831,275,156776,1665,1,102
1:25:085,130,902,192,174931,1665,1,102
1:25:088,1880,250,77,34716,1667,1,102
1:25:088,852,815,260,156772,1667,1,102
1:25:088,1880,895,188,174928,1667,1,102
1:25:092,2510,837,263,156775,1668,1,102
1:25:092,130,874,151,174930,1668,1,102
1:25:092,130,937,173,436694,1668,1,102
1:25:095,852,846,288,156772,1670,1,102
1:25:095,1880,899,153,174933,1670,1,102
1:25:095,1880,936,157,370080,1670,1,102
1:25:102,852,877,270,156777,1672,1,102
1:25:102,1880,886,173,174932,1672,1,102
1:25:102,130,949,155,245167,1672,1,102
1:25:106,2510,885,246,156774,1674,1,102
1:25:106,130,902,158,174935,1674,1,102
1:25:106,1880,920,142,193043,1674,1,102
1:25:109,3063,65535,65535,141830,1675,1,102
1:25:109,256,811,124,148880,1675,1,102
1:25:109,512,885,152,155552,1675,1,102
1:25:109,3070,65535,65535,155702,1675,1,102
1:25:109,10,907,155,215221,1675,1,102
1:25:109,10,889,145,282990,1675,1,102
1:25:109,266,65535,65535,283057,1675,1,102
1:25:109,10,65535,65535,283071,1675,1,102
1:25:109,6,898,148,286440,1675,1,102
1:25:113,130,532,147,68136,1677,1,102
1:25:113,2510,904,246,156773,1677,1,102
1:25:113,130,871,138,174934,1677,1,102
1:25:113,387,1016,254,496853,1677,1,102
1:25:113,128,65535,65535,496920,1677,1,102
1:25:113,132,65535,65535,496940,1677,1,102
1:25:116,852,930,229,156776,1678,1,102
1:25:116,1880,868,145,174937,1678,1,102
1:25:116,2900,65535,65535,488534,1678,1,102
1:25:120,2510,898,209,156779,1680,1,102
1:25:120,130,877,146,174934,1680,1,102
1:25:120,130,913,135,423660,1680,1,102
1:25:123,852,950,234,156775,1681,1,102
1:25:123,1880,842,145,174937,1681,1,102
1:25:123,1880,899,143,360508,1681,1,102
1:25:127,2510,930,222,156778,1682,1,102
1:25:127,130,854,137,174933,1682,1,102
1:25:127,2900,65535,65535,302365,1682,1,102
1:25:130,852,934,221,156774,1684,1,102
1:25:130,1880,842,136,174936,1684,1,102
1:25:130,2510,1013,220,209712,1684,1,102
1:25:130,130,871,143,227099,1684,1,102
1:25:134,852,894,201,141208,1685,1,102
1:25:134,2510,943,249,156777,1685,1,102
1:25:137,1536,658,250,83617,1687,1,102
1:25:137,1024,65535,65535,83685,1687,1,102
1:25:137,1024,65535,65535,83699,1687,1,102
1:25:137,3953,65535,65535,101898,1687,1,102
1:25:141,2510,955,229,156777,1688,1,102
1:25:141,130,813,127,174938,1688,1,102
1:25:141,852,1014,227,482240,1688,1,102
1:25:141,1880,937,136,499622,1688,1,102
1:25:144,852,967,219,156779,1690,1,102
1:25:144,1880,803,112,174934,1690,1,102
1:25:144,391,1043,216,454500,1690,1,102
1:25:144,388,65535,65535,454567,1690,1,102
1:25:144,132,65535,65535,454581,1690,1,102
1:25:148,2510,862,137,156776,1691,1,102
1:25:148,2510,1029,168,372454,1691,1,102
1:25:151,852,990,207,156779,1692,1,102
1:25:151,1880,772,122,174934,1692,1,102
1:25:151,852,1031,204,300481,1692,1,102
1:25:155,2510,950,197,156775,1694,1,102
1:25:155,130,800,126,174937,1694,1,102
1:25:155,135,1027,228,260135,1694,1,102
1:25:155,388,65535,65535,260203,1694,1,102
1:25:155,132,65535,65535,260217,1694,1,102
1:25:155,7,1035,203,263657,1694,1,102
1:25:155,7,65535,65535,263725,1694,1,102
1:25:155,7,65535,65535,263739,1694,1,102
1:25:158,852,981,190,156778,1695,1,102
1:25:158,2510,981,190,171790,1695,1,102
1:25:162,852,840,216,119035,1697,1,102
1:25:162,2510,986,190,156774,1697,1,102
1:25:162,130,750,127,174936,1697,1,102
1:25:162,132,645,112,502524,1697,1,102
1:25:162,2932,65535,65535,502674,1697,1,102
1:25:162,516,619,117,506052,1697,1,102
1:25:162,980,611,111,509352,1697,1,102
1:25:162,2548,65535,65535,509419,1697,1,102
1:25:162,468,65535,65535,509439,1697,1,102
1:25:162,512,629,125,512874,1697,1,102
1:25:165,4,645,175,80711,1698,1,102
1:25:165,2,914,174,140295,1698,1,102
1:25:165,262,65535,65535,140363,1698,1,102
1:25:165,2,65535,65535,140383,1698,1,102
1:25:169,2510,979,197,156780,1700,1,102
1:25:169,130,725,132,174942,1700,1,102
1:25:169,852,1030,175,440538,1700,1,102
1:25:172,852,971,193,156777,1701,1,102
1:25:172,1536,984,188,167852,1701,1,102
1:25:172,1024,65535,65535,167920,1701,1,102
1:25:172,1024,65535,65535,167940,1701,1,102
1:25:172,2048,991,171,178352,1701,1,102
1:25:172,264,1007,181,388420,1701,1,102
1:25:172,2,65535,65535,391716,1701,1,102
1:25:172,2,65535,65535,391736,1701,1,102
1:25:176,2510,959,217,156779,1702,1,102
1:25:176,130,713,113,174935,1702,1,102
1:25:176,2510,1007,208,290432,1702,1,102
1:25:178,0,0,0,2147483648,1454,1,103
1:25:178,0,0,0,0,1454,1,103
1:25:178,0,0,0,0,1454,1,103
1:25:178,0,0,0,0,1454,1,103
1:25:178,0,0,0,0,1454,1,103
1:25:178,0,0,0,0,1454,1,103
1:25:178,0,0,0,0,1454,1,103
1:25:178,0,0,0,0,1454,1,103
1:25:178,0,0,0,0,1454,1,103
1:25:178,0,0,0,0,1454,1,103
1:25:178,0,0,0,0,1454,1,103
1:25:178,0,0,0,0,1454,1,103
1:25:178,0,0,0,0,1454,1,103
1:25:178,0,0,0,0,1454,1,103
1:25:178,0,0,0,0,1454,1,103
1:25:178,0,0,0,0,1454,1,103
1:25:178,0,0,0,0,1454,1,103
1:25:178,0,0,0,0,1454,1,103
1:25:178,0,0,0,0,1454,1,103
1:25:178,0,0,0,0,1454,1,103
1:25:178,0,0,0,0,1454,1,103
1:25:178,0,0,0,0,1454,1,103
1:25:178,0,0,0,0,1454,1,103
1:25:178,0,0,0,0,1454,1,103
1:25:178,0,0,0,0,1454,1,103
1:25:178,0,0,0,0,1454,1,103
1:25:178,0,0,0,0,1454,1,103
1:25:178,0,0,0,0,1454,1,103
1:25:178,0,0,0,0,1454,1,103
1:25:179,852,967,180,156776,1704,1,103
1:25:179,1880,684,122,174937,1704,1,103
1:25:179,852,1023,180,234210,1704,1,103
1:25:183,2510,1023,180,156779,1705,1,103
1:25:183,260,1019,189,203542,1705,1,103
1:25:183,14,1026,180,263630,1705,1,103
1:25:183,130,1037,190,266930,1705,1,103
1:25:183,262,65535,65535,266998,1705,1,103
1:25:183,2,65535,65535,267018,1705,1,103
1:25:186,2510,923,189,139537,1707,1,103
1:25:186,852,966,183,156781,1707,1,103
1:25:186,1880,673,124,174937,1707,1,103
1:25:190,852,673,124,100013,1708,1,103
1:25:193,514,467,91,56925,1710,1,103
1:25:193,514,65535,65535,56992,1710,1,103
1:25:193,514,65535,65535,57006,1710,1,103
1:25:197,2510,930,180,156777,1711,1,103
1:25:197,130,638,132,174939,1711,1,103
1:25:200,852,936,179,156780,1713,1,103
1:25:200,1880,936,179,174935,1713,1,103
1:25:204,2510,945,187,156777,1714,1,103
1:25:204,130,618,107,174938,1714,1,103
1:25:207,852,946,147,156780,1715,1,103
1:25:207,1880,606,168,174941,1715,1,103
1:25:211,2510,957,191,156776,1717,1,103
1:25:211,130,590,144,174938,1717,1,103
1:25:214,852,922,169,156779,1718,1,103
1:25:214,1880,573,109,174940,1718,1,103
1:25:218,2510,924,169,156775,1720,1,103
1:25:218,130,554,145,174943,1720,1,103
1:25:218,128,580,136,350464,1720,1,103
1:25:218,2644,65535,65535,350614,1720,1,103
1:25:221,852,580,136,156778,1721,1,103
1:25:225,2510,887,172,156780,1723,1,103
1:25:225,130,538,137,174943,1723,1,103
1:25:228,852,538,137,156777,1724,1,103
1:25:232,2510,895,196,156780,1725,1,103
1:25:232,130,493,149,174942,1725,1,103
1:25:235,852,888,149,156777,1727,1,103
1:25:235,1880,497,145,174945,1727,1,103
1:25:239,2510,853,152,156780,1728,1,103
1:25:239,130,464,141,174941,1728,1,103
1:25:242,852,839,182,156781,1730,1,103
1:25:242,1880,470,157,174944,1730,1,103
1:25:246,2510,850,159,156779,1731,1,103
1:25:246,130,457,151,174946,1731,1,103
1:25:249,852,844,178,156781,1733,1,103
1:25:249,1880,437,165,174943,1733,1,103
1:25:253,2510,816,132,156778,1734,1,103
1:25:253,130,425,181,174945,1734,1,103
1:25:256,852,791,158,156780,1735,1,103
1:25:256,1880,400,135,174942,1735,1,103
1:25:260,2510,797,186,156777,1737,1,103
1:25:260,130,397,145,174945,1737,1,103
1:25:263,1880,406,158,174947,1738,1,103
1:25:267,2,368,173,174945,1740,1,103
1:25:270,852,757,178,156780,1741,1,103
1:25:270,1600,757,178,174953,1741,1,103
1:25:277,852,751,168,156779,1744,1,103
1:25:281,2510,709,167,156775,1745,1,103
1:25:284,852,704,163,156784,1747,1,103
1:25:288,2510,691,164,156780,1748,1,103
1:25:291,852,680,151,156783,1750,1,103
1:25:295,2510,648,206,156780,1751,1,103
1:25:298,852,616,188,156782,1753,1,103
1:25:302,2510,633,179,156780,1754,1,103
1:25:305,852,611,180,156782,1756,1,103
1:25:312,852,550,178,156781,1758,1,103
1:25:312,135,465,131,264054,1758,1,103
1:25:312,388,65535,65535,264121,1758,1,103
1:25:312,132,65535,65535,264135,1758,1,103
1:25:312,1024,444,143,270887,1758,1,103
1:25:316,2510,566,192,156778,1760,1,103
1:25:319,852,553,177,156780,1761,1,103
1:25:323,2510,514,179,156778,1763,1,103
1:25:326,852,535,191,156780,1764,1,103
1:25:330,2510,483,191,156782,1765,1,103
1:25:333,852,454,196,156780,1767,1,103
1:25:337,2508,479,196,156782,1768,1,103
1:25:340,852,449,205,156784,1770,1,103
1:25:351,10,415,186,156780,1774,1,103
1:25:473,0,0,0,3221225472,1454,1,104
1:25:473,0,0,0,0,1454,1,104
1:25:473,0,0,0,0,1454,1,104
1:25:473,0,0,0,0,1454,1,104
1:25:473,0,0,0,0,1454,1,104
1:25:473,0,0,0,0,1454,1,104
1:25:473,0,0,0,0,1454,1,104
1:25:473,0,0,0,0,1454,1,104
1:25:473,0,0,0,0,1454,1,104
1:25:473,0,0,0,0,1454,1,104
1:25:473,0,0,0,0,1454,1,104
1:25:473,0,0,0,0,1454,1,104
1:25:473,0,0,0,0,1454,1,104
1:25:473,0,0,0,0,1454,1,104
1:25:473,0,0,0,0,1454,1,104
1:25:473,0,0,0,0,1454,1,104
1:25:473,0,0,0,0,1454,1,104
1:25:473,0,0,0,0,1454,1,104
1:25:473,0,0,0,0,1454,1,104
1:25:473,0,0,0,0,1454,1,104
1:25:473,0,0,0,0,1454,1,104
1:25:473,0,0,0,0,1454,1,104
1:25:473,0,0,0,0,1454,1,104
1:25:473,0,0,0,0,1454,1,104
1:25:473,0,0,0,0,1454,1,104
1:25:473,0,0,0,0,1454,1,104
1:25:473,0,0,0,0,1454,1,104
1:25:473,0,0,0,0,1454,1,104
1:25:473,0,0,0,0,1454,1,104
1:25:620,72,415,186,214944,1884,1,104
1:25:932,2176,605,0,238545,2012,1,104
1:25:949,2048,141,0,410250,2019,1,104
1:25:960,1344,141,0,228456,2023,1,104
1:25:963,1,141,0,176260,2025,1,104
1:25:998,224,141,0,381302,2039,1,104
1:26:030,8,131,0,286054,2052,1,104
1:26:191,6,786,319,131662,2118,1,104
1:26:191,6,65535,65535,131730,2118,1,104
1:26:191,6,65535,65535,131737,2118,1,104
1:26:198,1189,816,302,125938,2121,1,104
1:26:208,3988,809,294,125940,2125,1,104
1:26:212,3813,850,278,125936,2126,1,104
1:26:215,3988,839,272,125939,2128,1,104
1:26:219,3813,866,278,125941,2129,1,104
1:26:222,3988,892,288,125938,2131,1,104
1:26:222,3813,987,335,297049,2131,1,104
1:26:226,3813,873,270,125928,2132,1,104
1:26:229,3988,883,278,125938,2134,1,104
1:26:233,3813,885,274,125940,2135,1,104
1:26:236,3988,906,259,125931,2136,1,104
1:26:240,3813,925,253,125933,2138,1,104
1:26:247,3813,960,263,125933,2141,1,104
1:26:250,3988,922,247,125929,2142,1,104
1:26:254,3813,946,240,125932,2144,1,104
1:26:257,3988,961,238,125929,2145,1,104
1:26:261,3813,944,214,125931,2146,1,104
1:26:264,3988,990,230,125928,2148,1,104
1:26:268,3813,957,250,125931,2149,1,104
1:26:271,3988,990,215,125927,2151,1,104
1:26:275,3813,991,218,125930,2152,1,104
1:26:278,3988,958,245,125927,2154,1,104
1:26:282,3813,967,205,125930,2155,1,104
1:26:285,3988,988,188,125926,2157,1,104
1:26:289,3813,1017,189,125929,2158,1,104
1:26:292,3988,985,218,125920,2159,1,104
1:26:296,3813,984,198,125928,2161,1,104
1:26:299,3988,997,198,125919,2162,1,104
1:26:303,3813,991,207,125922,2164,1,104
1:26:306,3988,1004,198,125919,2165,1,104
1:26:310,3813,958,204,125922,2166,1,104
1:26:313,3988,971,196,125918,2168,1,104
1:26:317,3813,973,199,125921,2169,1,104
1:26:320,3988,959,202,125917,2171,1,104
1:26:324,3813,997,190,125920,2172,1,104
1:26:327,3988,958,174,125917,2174,1,104
1:26:331,3813,970,216,125920,2175,1,104
1:26:334,3988,948,197,125916,2176,1,104
1:26:338,3813,943,178,125919,2178,1,104
1:26:341,3988,973,189,125915,2179,1,104
1:26:345,3813,965,206,125918,2181,1,104
1:26:348,3988,959,216,125909,2182,1,104
1:26:352,3813,929,194,125918,2184,1,104
1:26:355,3988,906,213,125909,2185,1,104
1:26:359,3813,906,206,125917,2187,1,104
1:26:362,3988,902,218,125908,2188,1,104
1:26:366,3813,910,224,125910,2189,1,104
1:26:369,3988,874,233,125907,2191,1,104
1:26:373,3813,878,214,125910,2192,1,104
1:26:376,3988,845,233,125907,2194,1,104
1:26:380,3813,843,211,125909,2195,1,104
1:26:383,3988,834,251,125906,2197,1,104
1:26:390,3988,821,229,125905,2199,1,104
1:26:394,3813,768,268,125908,2201,1,104
1:26:397,3988,777,242,125910,2202,1,104
1:26:401,3813,740,245,125907,2204,1,104
1:26:404,3988,741,243,125897,2205,1,104
1:26:408,3813,772,275,125907,2207,1,104
1:26:411,3988,698,251,125897,2208,1,104
1:26:415,741,739,265,125900,2209,1,104
1:26:418,1284,738,275,125896,2211,1,104
1:26:425,2436,697,293,125902,2214,1,104
1:26:541,146,526,135,460995,2261,1,104
1:26:548,8,526,135,351903,2264,1,104
1:27:034,80,526,135,409452,2463,1,104
1:27:143,2048,68,0,7033,2507,1,104
1:27:180,0,0,0,2147483648,1454,1,105
1:27:180,0,0,0,0,1454,1,105
1:27:180,0,0,0,0,1454,1,105
1:27:180,0,0,0,0,1454,1,105
1:27:180,0,0,0,0,1454,1,105
1:27:180,0,0,0,0,1454,1,105
1:27:180,0,0,0,0,1454,1,105
1:27:180,0,0,0,0,1454,1,105
1:27:180,0,0,0,0,1454,1,105
1:27:180,0,0,0,0,1454,1,105
1:27:180,0,0,0,0,1454,1,105
1:27:180,0,0,0,0,1454,1,105
1:27:180,0,0,0,0,1454,1,105
1:27:180,0,0,0,0,1454,1,105
1:27:180,0,0,0,0,1454,1,105
1:27:180,0,0,0,0,1454,1,105
1:27:180,0,0,0,0,1454,1,105
1:27:180,0,0,0,0,1454,1,105
1:27:180,0,0,0,0,1454,1,105
1:27:180,0,0,0,0,1454,1,105
1:27:180,0,0,0,0,1454,1,105
1:27:180,0,0,0,0,1454,1,105
1:27:180,0,0,0,0,1454,1,105
1:27:180,0,0,0,0,1454,1,105
1:27:180,0,0,0,0,1454,1,105
1:27:180,0,0,0,0,1454,1,105
1:27:180,0,0,0,0,1454,1,105
1:27:180,0,0,0,0,1454,1,105
1:27:180,0,0,0,0,1454,1,105
1:27:255,1512,134,0,230187,2553,1,105
1:27:258,2608,161,0,230184,2555,1,105
1:27:262,1512,127,0,230187,2556,1,105
1:27:269,1512,162,0,230187,2559,1,105
1:27:272,2608,123,0,230196,2560,1,105
1:27:276,1440,132,0,230187,2562,1,105
1:27:279,4,128,0,221670,2563,1,105
1:27:279,512,151,0,228048,2563,1,105
1:27:279,129,103,0,235128,2563,1,105
1:27:283,1512,199,0,230181,2565,1,105
1:27:286,2608,141,0,230178,2566,1,105
1:27:290,1512,177,0,230181,2568,1,105
1:27:297,1512,169,0,230188,2571,1,105
1:27:300,2608,148,0,230191,2572,1,105
1:27:304,1512,170,0,230189,2573,1,105
1:27:311,1512,178,0,230194,2576,1,105
1:27:314,2608,168,0,230192,2578,1,105
1:27:318,1512,171,0,230190,2579,1,105
1:27:321,2608,160,0,230180,2580,1,105
1:27:325,1512,202,0,230184,2582,1,105
1:27:328,2608,173,0,230193,2583,1,105
1:27:332,1512,184,0,230190,2585,1,105
1:27:335,2608,186,52,230188,2586,1,105
1:27:339,1512,174,0,230185,2588,1,105
1:27:342,2608,193,0,230194,2589,1,105
1:27:346,1512,214,0,230197,2590,1,105
1:27:349,2608,206,0,230195,2592,1,105
1:27:353,1512,183,0,230198,2593,1,105
1:27:356,512,183,0,151285,2595,1,105
1:27:360,1512,182,0,230181,2596,1,105
1:27:363,2608,196,0,230190,2598,1,105
1:27:367,1512,212,0,230193,2599,1,105
1:27:370,2608,195,0,230190,2601,1,105
1:27:374,1512,200,0,230188,2602,1,105
1:27:377,2608,199,0,230191,2603,1,105
1:27:381,1512,164,0,230182,2605,1,105
1:27:384,2608,188,0,230191,2606,1,105
1:27:388,1512,194,0,230195,2608,1,105
1:27:391,2608,190,0,230198,2609,1,105
1:27:395,1512,199,0,230201,2611,1,105
1:27:398,2608,180,0,230192,2612,1,105
1:27:402,1512,214,0,230195,2613,1,105
1:27:405,2608,212,0,230199,2615,1,105
1:27:409,1512,152,0,230202,2616,1,105
1:27:412,2608,203,0,230193,2618,1,105
1:27:416,1512,174,0,230190,2619,1,105
1:27:419,2608,141,0,230187,2621,1,105
1:27:423,1512,183,0,230190,2622,1,105
1:27:426,2608,177,0,230193,2623,1,105
1:27:430,1512,187,0,230197,2625,1,105
1:27:430,3072,148,37,402495,2625,1,105
1:27:433,2608,164,0,230200,2626,1,105
1:27:437,1512,209,0,230197,2628,1,105
1:27:440,2608,172,0,230194,2629,1,105
1:27:444,1512,160,0,230198,2631,1,105
1:27:447,2608,181,0,230201,2632,1,105
1:27:451,1512,166,0,230192,2633,1,105
1:27:454,2608,165,0,230195,2635,1,105
1:27:458,1512,197,0,230192,2636,1,105
1:27:461,2608,107,0,230184,2638,1,105
1:27:465,1512,120,0,230193,2639,1,105
1:27:468,2608,173,0,230196,2641,1,105
1:27:472,1512,178,0,230200,2642,1,105
1:27:475,2608,141,0,230203,2643,1,105
1:27:475,0,0,0,3221225472,1454,1,106
1:27:475,0,0,0,0,1454,1,106
1:27:475,0,0,0,0,1454,1,106
1:27:475,0,0,0,0,1454,1,106
1:27:475,0,0,0,0,1454,1,106
1:27:475,0,0,0,0,1454,1,106
1:27:475,0,0,0,0,1454,1,106
1:27:475,0,0,0,0,1454,1,106
1:27:475,0,0,0,0,1454,1,106
1:27:475,0,0,0,0,1454,1,106
1:27:475,0,0,0,0,1454,1,106
1:27:475,0,0,0,0,1454,1,106
1:27:475,0,0,0,0,1454,1,106
1:27:475,0,0,0,0,1454,1,106
1:27:475,0,0,0,0,1454,1,106
1:27:475,0,0,0,0,1454,1,106
1:27:475,0,0,0,0,1454,1,106
1:27:475,0,0,0,0,1454,1,106
1:27:475,0,0,0,0,1454,1,106
1:27:475,0,0,0,0,1454,1,106
1:27:475,0,0,0,0,1454,1,106
1:27:475,0,0,0,0,1454,1,106
1:27:475,0,0,0,0,1454,1,106
1:27:475,0,0,0,0,1454,1,106
1:27:475,0,0,0,0,1454,1,106
1:27:475,0,0,0,0,1454,1,106
1:27:475,0,0,0,0,1454,1,106
1:27:475,0,0,0,0,1454,1,106
1:27:475,0,0,0,0,1454,1,106
1:27:479,1512,156,0,230200,2645,1,106
1:27:482,2608,164,0,230204,2646,1,106
1:27:486,1512,155,0,230201,2648,1,106
1:27:493,1512,160,0,230195,2651,1,106
1:27:496,2608,138,0,230198,2652,1,106
1:27:500,1512,138,0,230189,2653,1,106
1:27:503,2608,134,0,230198,2655,1,106
1:27:507,1512,136,0,230189,2656,1,106
1:27:510,2608,115,0,230192,2658,1,106
1:27:514,1512,132,0,230207,2659,1,106
1:27:517,2608,122,0,230204,2661,1,106
1:27:524,2608,125,0,230204,2663,1,106
1:27:559,16,125,0,481641,2678,1,106
1:27:570,136,647,117,520200,2682,1,106
1:28:214,17,123,0,266846,2945,1,106
1:28:599,2,10158,3515,284102,3103,1,106
1:28:599,4,65535,65535,284170,3103,1,106
1:28:599,321,10101,3531,287456,3103,1,106
1:28:599,323,65535,65535,287523,3103,1,106
1:28:599,321,65535,65535,287531,3103,1,106
1:28:949,128,10101,3531,350147,3246,1,106
1:28:984,2101,59,0,125905,3260,1,106
1:29:019,1032,90,0,305385,3275,1,106
1:29:061,68,90,0,235273,3292,1,106
1:29:061,8,76,0,249378,3292,1,106
1:29:182,0,0,0,2147483648,1454,1,107
1:29:182,0,0,0,0,1454,1,107
1:29:182,0,0,0,0,1454,1,107
1:29:182,0,0,0,0,1454,1,107
1:29:182,0,0,0,0,1454,1,107
1:29:182,0,0,0,0,1454,1,107
1:29:182,0,0,0,0,1454,1,107
1:29:182,0,0,0,0,1454,1,107
1:29:182,0,0,0,0,1454,1,107
1:29:182,0,0,0,0,1454,1,107
1:29:182,0,0,0,0,1454,1,107
1:29:182,0,0,0,0,1454,1,107
1:29:182,0,0,0,0,1454,1,107
1:29:182,0,0,0,0,1454,1,107
1:29:182,0,0,0,0,1454,1,107
1:29:182,0,0,0,0,1454,1,107
1:29:182,0,0,0,0,1454,1,107
1:29:182,0,0,0,0,1454,1,107
1:29:182,0,0,0,0,1454,1,107
1:29:182,0,0,0,0,1454,1,107
1:29:182,0,0,0,0,1454,1,107
1:29:182,0,0,0,0,1454,1,107
1:29:182,0,0,0,0,1454,1,107
1:29:182,0,0,0,0,1454,1,107
1:29:182,0,0,0,0,1454,1,107
1:29:182,0,0,0,0,1454,1,107
1:29:182,0,0,0,0,1454,1,107
1:29:182,0,0,0,0,1454,1,107
1:29:182,0,0,0,0,1454,1,107
1:29:201,1511,100,0,226235,3349,1,107
1:29:215,1511,102,0,226234,3355,1,107
1:29:239,528,128,0,226230,3365,1,107
1:29:253,1552,119,0,226223,3371,1,107
1:29:260,1552,96,0,226222,3373,1,107
1:29:260,2896,96,0,435240,3373,1,107
1:29:267,224,72,0,144282,3376,1,107
1:29:271,1383,117,0,226213,3378,1,107
1:29:274,1552,100,0,226222,3379,1,107
1:29:281,1130,100,0,292118,3382,1,107
1:29:281,656,76,0,306596,3382,1,107
1:29:285,1510,103,0,226225,3384,1,107
1:29:285,468,84,0,281675,3384,1,107
1:29:288,2432,57,0,240837,3385,1,107
1:29:292,1511,115,0,226224,3386,1,107
1:29:292,3012,115,0,245850,3386,1,107
1:29:292,1504,81,0,376960,3386,1,107
1:29:295,490,64,0,479974,3388,1,107
1:29:299,1511,98,0,226224,3389,1,107
1:29:302,2896,73,0,194463,3391,1,107
1:29:306,1383,103,0,226217,3392,1,107
1:29:306,1386,53,0,425174,3392,1,107
1:29:316,1552,96,0,226226,3396,1,107
1:29:316,162,96,0,357522,3396,1,107
1:29:320,1511,92,0,226223,3398,1,107
1:29:323,1552,105,0,226219,3399,1,107
1:29:327,1507,82,0,226222,3401,1,107
1:29:330,2628,82,0,133442,3402,1,107
1:29:330,1552,89,0,226225,3402,1,107
1:29:330,2756,69,0,510764,3402,1,107
1:29:334,1511,109,0,226210,3404,1,107
1:29:341,1511,104,0,226221,3406,1,107
1:29:344,1552,95,0,226218,3408,1,107
1:29:355,1510,88,0,226209,3412,1,107
1:29:362,1511,102,0,226209,3415,1,107
1:29:365,1552,69,0,226217,3417,1,107
1:29:372,1552,80,0,226212,3419,1,107
1:29:376,1511,84,0,226215,3421,1,107
1:29:379,1552,108,0,226211,3422,1,107
1:29:477,0,0,0,3221225472,1454,1,108
1:29:477,0,0,0,0,1454,1,108
1:29:477,0,0,0,0,1454,1,108
1:29:477,0,0,0,0,1454,1,108
1:29:477,0,0,0,0,1454,1,108
1:29:477,0,0,0,0,1454,1,108
1:29:477,0,0,0,0,1454,1,108
1:29:477,0,0,0,0,1454,1,108
1:29:477,0,0,0,0,1454,1,108
1:29:477,0,0,0,0,1454,1,108
1:29:477,0,0,0,0,1454,1,108
1:29:477,0,0,0,0,1454,1,108
1:29:477,0,0,0,0,1454,1,108
1:29:477,0,0,0,0,1454,1,108
1:29:477,0,0,0,0,1454,1,108
1:29:477,0,0,0,0,1454,1,108
1:29:477,0,0,0,0,1454,1,108
1:29:477,0,0,0,0,1454,1,108
1:29:477,0,0,0,0,1454,1,108
1:29:477,0,0,0,0,1454,1,108
1:29:477,0,0,0,0,1454,1,108
1:29:477,0,0,0,0,1454,1,108
1:29:477,0,0,0,0,1454,1,108
1:29:477,0,0,0,0,1454,1,108
1:29:477,0,0,0,0,1454,1,108
1:29:477,0,0,0,0,1454,1,108
1:29:477,0,0,0,0,1454,1,108
1:29:477,0,0,0,0,1454,1,108
1:29:477,0,0,0,0,1454,1,108
1:29:642,128,108,0,291731,3530,1,108
1:29:649,513,108,0,502184,3532,1,108
1:29:656,512,109,0,396831,3535,1,108
1:29:967,132,92,0,201096,3663,1,108
1:29:974,2048,92,0,87219,3666,1,108
1:29:981,36,85,0,172807,3668,1,108
1:29:981,2048,185,0,390388,3668,1,108
1:29:981,1024,65535,65535,390409,3668,1,108
1:30:002,2176,185,0,30016,3677,1,108
1:30:093,2,121,0,516481,3714,1,108
1:30:520,2948,140,0,125268,3889,1,108
1:30:524,2245,140,0,125265,3891,1,108
1:30:524,1,140,0,477567,3891,1,108
1:30:531,1604,140,0,125270,3893,1,108
1:30:534,788,140,0,125267,3895,1,108
1:30:548,2308,140,0,125254,3901,1,108
1:30:650,128,192,0,35900,3942,1,108
1:30:650,256,97,0,353762,3942,1,108
1:30:653,16,97,0,354221,3944,1,108
1:30:653,264,82,0,360521,3944,1,108
1:30:653,8,82,0,364115,3944,1,108
1:30:653,516,79,0,367343,3944,1,108
1:30:744,128,551,232,231877,3981,1,108
1:30:758,1,551,232,294821,3987,1,108
1:30:772,384,551,232,357032,3992,1,108
1:30:776,512,67,0,125158,3994,1,108
1:30:779,1028,67,0,125160,3995,1,108
1:30:783,68,70,0,125151,3997,1,108
1:30:786,640,81,0,125165,3998,1,108
1:30:790,3744,81,0,125156,4000,1,108
1:30:793,976,467,138,114881,4001,1,108
1:30:800,148,467,138,125153,4004,1,108
1:30:804,149,488,189,114877,4005,1,108
1:30:804,69,488,189,125156,4005,1,108
1:30:807,976,501,173,114874,4007,1,108
1:30:807,6,615,161,393492,4007,1,108
1:30:811,149,487,154,114877,4008,1,108
1:30:811,3745,61,0,125155,4008,1,108
1:30:814,976,503,165,114880,4010,1,108
1:30:814,2964,503,165,125158,4010,1,108
1:30:821,976,508,183,114879,4012,1,108
1:30:821,260,93,0,125157,4012,1,108
1:30:825,149,523,178,114882,4014,1,108
1:30:828,976,515,172,114885,4015,1,108
1:30:832,149,531,195,114882,4017,1,108
1:30:835,976,534,181,114885,4018,1,108
1:30:839,149,526,182,114887,4020,1,108
1:30:842,976,540,156,114889,4021,1,108
1:30:846,149,553,186,114886,4023,1,108
1:30:849,976,552,197,114884,4024,1,108
1:30:853,149,556,200,114885,4025,1,108
1:30:853,16,168,0,434752,4025,1,108
1:30:853,536,130,0,444802,4025,1,108
1:30:853,24,65535,65535,438042,4025,1,108
1:30:853,24,65535,65535,438044,4025,1,108
1:30:856,976,560,185,114888,4027,1,108
1:30:860,149,581,224,114891,4028,1,108
1:30:863,976,564,232,114888,4030,1,108
1:30:867,149,551,243,114885,4031,1,108
1:30:870,976,551,243,114893,4033,1,108
1:30:874,149,551,243,114890,4034,1,108
1:30:877,976,611,258,114893,4035,1,108
1:30:881,149,568,235,114889,4037,1,108
1:30:884,976,605,252,114892,4038,1,108
1:30:888,149,646,273,114889,4040,1,108
1:30:891,976,631,257,114892,4041,1,108
1:30:895,149,646,270,114895,4043,1,108
1:30:898,976,663,274,114891,4044,1,108
1:30:902,149,643,281,114894,4045,1,108
1:30:902,16,643,281,179416,4045,1,108
1:30:905,976,670,302,114891,4047,1,108
1:30:909,149,661,282,114894,4048,1,108
1:30:909,600,123,0,169181,4048,1,108
1:30:912,976,123,0,114896,4050,1,108
1:30:912,1525,111,0,400365,4050,1,108
1:30:916,149,707,280,114899,4051,1,108
1:30:919,976,695,265,114896,4053,1,108
1:30:919,600,110,0,161869,4053,1,108
1:30:923,145,710,291,114899,4054,1,108
1:30:923,1525,102,0,395285,4054,1,108
1:30:926,976,732,296,114901,4056,1,108
1:30:930,600,92,0,109858,4057,1,108
1:30:930,149,735,303,114898,4057,1,108
1:30:933,976,757,297,114900,4058,1,108
1:30:933,2932,65535,65535,354015,4058,1,108
1:30:933,516,101,0,357398,4058,1,108
1:30:933,2,109,0,366320,4058,1,108
1:30:937,149,735,303,114903,4060,1,108
1:30:947,976,770,324,114905,4064,1,108
1:30:951,149,787,300,114902,4066,1,108
1:30:954,976,820,298,114905,4067,1,108
1:30:958,149,833,295,114908,4068,1,108
1:30:961,976,840,316,114904,4070,1,108
1:30:965,149,825,303,114907,4071,1,108
1:30:968,976,845,285,114910,4073,1,108
1:30:972,149,861,315,114907,4074,1,108
1:30:975,976,877,286,114910,4076,1,108
1:30:979,149,876,306,114912,4077,1,108
1:30:982,976,884,280,114909,4078,1,108
1:30:986,149,898,266,114912,4080,1,108
1:30:989,976,895,278,114915,4081,1,108
1:30:993,149,906,254,114917,4083,1,108
1:30:996,976,906,257,114914,4084,1,108
1:31:000,149,936,256,114916,4086,1,108
1:31:003,976,944,238,114914,4087,1,108
1:31:007,149,930,250,114916,4088,1,108
1:31:010,976,934,267,114919,4090,1,108
1:31:014,149,958,241,114915,4091,1,108
1:31:017,976,983,237,114918,4093,1,108
1:31:021,149,957,213,114915,4094,1,108
1:31:024,976,998,212,114918,4095,1,108
1:31:028,149,998,215,114920,4097,1,108
1:31:031,976,1011,196,114923,2,1,109
1:31:031,264,1245,213,393433,2,1,109
1:31:031,264,65535,65535,0,2,1,109
1:31:031,264,65535,65535,0,2,1,109
1:31:031,4,1250,206,403333,2,1,109
1:31:035,149,1016,217,114926,4,1,109
1:31:038,976,1004,195,114929,5,1,109
1:31:042,149,1021,184,114919,7,1,109
1:31:045,976,1034,202,114922,8,1,109
1:31:049,149,1008,199,114925,10,1,109
1:31:052,976,1048,184,114928,11,1,109
1:31:056,149,1046,173,114930,12,1,109
1:31:059,976,1048,169,114928,14,1,109
1:31:063,149,1067,186,114924,15,1,109
1:31:066,976,1056,144,114927,17,1,109
1:31:070,149,1038,136,114930,18,1,109
1:31:073,976,1067,176,114932,20,1,109
1:31:080,976,1055,155,114926,22,1,109
1:31:084,149,1054,146,114929,24,1,109
1:31:087,976,1038,150,114931,25,1,109
1:31:091,149,1047,186,114934,27,1,109
1:31:094,976,1051,179,114937,28,1,109
1:31:098,149,1029,148,114940,30,1,109
1:31:101,976,1022,162,114930,31,1,109
1:31:105,149,1024,164,114933,32,1,109
1:31:108,149,1027,166,113040,34,1,109
1:31:112,149,1036,141,114939,35,1,109
1:31:115,976,991,152,114942,37,1,109
1:31:119,149,1011,123,114938,38,1,109
1:31:122,976,1007,138,114935,40,1,109
1:31:126,149,990,130,114938,41,1,109
1:31:129,976,996,146,114941,43,1,109
1:31:133,149,981,129,114944,44,1,109
1:31:136,976,976,163,114945,45,1,109
1:31:136,2048,56,0,461865,45,1,109
1:31:140,149,966,146,114943,47,1,109
1:31:140,976,1180,147,429211,47,1,109
1:31:143,976,919,157,114940,48,1,109
1:31:147,149,948,144,114943,50,1,109
1:31:147,149,1036,149,130950,50,1,109
1:31:150,976,937,159,114945,51,1,109
1:31:150,976,1137,161,358451,51,1,109
1:31:154,149,904,167,114947,53,1,109
1:31:157,149,642,137,65931,54,1,109
1:31:157,976,916,176,114945,54,1,109
1:31:161,149,888,168,114947,55,1,109
1:31:161,976,1108,145,299312,55,1,109
1:31:164,976,864,189,114944,57,1,109
1:31:171,976,854,179,114949,60,1,109
1:31:171,976,1038,181,238343,60,1,109
1:31:175,149,854,229,114952,61,1,109
1:31:175,149,1053,185,477382,61,1,109
1:31:178,976,813,182,114949,62,1,109
1:31:182,149,806,188,114952,64,1,109
1:31:182,976,1002,181,185787,64,1,109
1:31:183,0,0,0,2147483648,1454,1,109
1:31:183,0,0,0,0,1454,1,109
1:31:183,0,0,0,0,1454,1,109
1:31:183,0,0,0,0,1454,1,109
1:31:183,0,0,0,0,1454,1,109
1:31:183,0,0,0,0,1454,1,109
1:31:183,0,0,0,0,1454,1,109
1:31:183,0,0,0,0,1454,1,109
1:31:183,0,0,0,0,1454,1,109
1:31:183,0,0,0,0,1454,1,109
1:31:183,0,0,0,0,1454,1,109
1:31:183,0,0,0,0,1454,1,109
1:31:183,0,0,0,0,1454,1,109
1:31:183,0,0,0,0,1454,1,109
1:31:183,0,0,0,0,1454,1,109
1:31:183,0,0,0,0,1454,1,109
1:31:183,0,0,0,0,1454,1,109
1:31:183,0,0,0,0,1454,1,109
1:31:183,0,0,0,0,1454,1,109
1:31:183,0,0,0,0,1454,1,109
1:31:183,0,0,0,0,1454,1,109
1:31:183,0,0,0,0,1454,1,109
1:31:183,0,0,0,0,1454,1,109
1:31:183,0,0,0,0,1454,1,109
1:31:183,0,0,0,0,1454,1,109
1:31:183,0,0,0,0,1454,1,109
1:31:183,0,0,0,0,1454,1,109
1:31:183,0,0,0,0,1454,1,109
1:31:183,0,0,0,0,1454,1,109
1:31:185,976,810,174,114948,65,1,110
1:31:189,149,782,206,114951,67,1,110
1:31:192,976,788,193,114954,68,1,110
1:31:192,976,877,181,135222,68,1,110
1:31:196,149,756,176,114951,70,1,110
1:31:196,149,911,214,371764,70,1,110
1:31:199,976,734,215,114954,71,1,110
1:31:203,976,584,189,72273,73,1,110
1:31:203,149,704,198,114957,73,1,110
1:31:206,976,724,236,114960,74,1,110
1:31:206,149,882,220,311606,74,1,110
1:31:210,149,715,189,114956,76,1,110
1:31:213,976,663,209,114964,77,1,110
1:31:217,149,667,204,114956,78,1,110
1:31:217,149,861,246,258227,78,1,110
1:31:220,976,649,214,114959,80,1,110
1:31:220,976,797,225,486885,80,1,110
1:31:224,149,652,219,114961,81,1,110
1:31:227,976,642,207,114963,83,1,110
1:31:227,149,752,216,187119,83,1,110
1:31:231,149,607,236,114960,84,1,110
1:31:231,976,736,223,415525,84,1,110
1:31:234,976,604,218,114957,85,1,110
1:31:238,149,564,218,114960,87,1,110
1:31:241,976,575,225,114962,88,1,110
1:31:245,149,525,209,114965,90,1,110
1:31:248,976,525,209,114968,91,1,110
1:31:252,149,524,207,114959,93,1,110
1:31:294,16,524,207,55359,110,1,110
1:31:315,704,226,70,254884,118,1,110
1:31:322,512,213,84,254890,121,1,110
1:31:322,4,213,84,409015,121,1,110
1:31:325,640,213,84,254887,123,1,110
1:31:329,981,260,73,254883,124,1,110
1:31:332,2708,248,42,254886,126,1,110
1:31:332,2708,222,94,355096,126,1,110
1:31:336,853,251,68,254883,127,1,110
1:31:339,2708,264,66,254886,128,1,110
1:31:343,1,264,66,254889,130,1,110
1:31:343,2180,264,66,293690,130,1,110
1:31:346,2708,260,66,254880,131,1,110
1:31:350,981,294,66,254876,133,1,110
1:31:353,128,54,0,98114,134,1,110
1:31:357,981,304,63,254881,136,1,110
1:31:357,981,246,70,460840,136,1,110
1:31:360,2708,324,99,254879,137,1,110
1:31:364,2708,269,72,164222,139,1,110
1:31:364,965,337,78,254881,139,1,110
1:31:367,2708,321,68,254878,140,1,110
1:31:367,981,278,94,389521,140,1,110
1:31:371,981,324,89,254880,141,1,110
1:31:374,2708,189,39,89844,143,1,110
1:31:374,2708,340,87,254878,143,1,110
1:31:378,981,358,35,254874,144,1,110
1:31:378,981,259,45,327076,144,1,110
1:31:381,2708,378,54,254877,146,1,110
1:31:385,2692,69,0,34918,147,1,110
1:31:385,981,387,46,254880,147,1,110
1:31:388,2708,350,37,254876,148,1,110
1:31:388,981,328,14,269324,148,1,110
1:31:392,981,372,39,254873,150,1,110
1:31:392,2708,335,78,498727,150,1,110
1:31:395,8,308,80,215522,151,1,110
1:31:399,981,317,65,206537,153,1,110
1:31:399,981,381,50,254872,153,1,110
1:31:402,2708,418,45,254875,154,1,110
1:31:402,2708,328,59,444700,154,1,110
1:31:406,981,395,34,254872,156,1,110
1:31:409,981,332,65,153879,157,1,110
1:31:409,2708,389,54,254868,157,1,110
1:31:413,981,389,54,254871,159,1,110
1:31:413,2708,358,80,383731,159,1,110
1:31:416,2708,432,85,254868,160,1,110
1:31:420,981,234,0,93600,162,1,110
1:31:420,981,442,34,254871,162,1,110
1:31:423,2708,431,48,254867,163,1,110
1:31:423,2708,317,41,327622,163,1,110
1:31:427,981,445,15,254865,164,1,110
1:31:430,981,87,0,31959,166,1,110
1:31:430,2708,440,12,254867,166,1,110
1:31:434,981,437,35,254864,167,1,110
1:31:437,2708,434,0,254861,169,1,110
1:31:441,981,388,45,253658,170,1,110
1:31:444,2708,449,55,254860,171,1,110
1:31:448,981,449,55,254863,173,1,110
1:31:448,981,357,14,451065,173,1,110
1:31:451,2708,458,0,254860,174,1,110
1:31:455,981,458,57,254863,176,1,110
1:31:458,2708,440,38,254859,177,1,110
1:31:458,981,378,35,450264,177,1,110
1:31:462,981,473,0,254856,179,1,110
1:31:465,2708,352,68,160979,180,1,110
1:31:465,2708,480,34,254859,180,1,110
1:31:469,981,447,72,254855,181,1,110
1:31:472,2708,466,43,254858,183,1,110
1:31:476,981,472,12,254855,184,1,110
1:31:479,2708,471,20,254858,186,1,110
1:31:479,0,0,0,3221225472,1454,1,110
1:31:479,0,0,0,0,1454,1,110
1:31:479,0,0,0,0,1454,1,110
1:31:479,0,0,0,0,1454,1,110
1:31:479,0,0,0,0,1454,1,110
1:31:479,0,0,0,0,1454,1,110
1:31:479,0,0,0,0,1454,1,110
1:31:479,0,0,0,0,1454,1,110
1:31:479,0,0,0,0,1454,1,110
1:31:479,0,0,0,0,1454,1,110
1:31:479,0,0,0,0,1454,1,110
1:31:479,0,0,0,0,1454,1,110
1:31:479,0,0,0,0,1454,1,110
1:31:479,0,0,0,0,1454,1,110
1:31:479,0,0,0,0,1454,1,110
1:31:479,0,0,0,0,1454,1,110
1:31:479,0,0,0,0,1454,1,110
1:31:479,0,0,0,0,1454,1,110
1:31:479,0,0,0,0,1454,1,110
1:31:479,0,0,0,0,1454,1,110
1:31:479,0,0,0,0,1454,1,110
1:31:479,0,0,0,0,1454,1,110
1:31:479,0,0,0,0,1454,1,110
1:31:479,0,0,0,0,1454,1,110
1:31:479,0,0,0,0,1454,1,110
1:31:479,0,0,0,0,1454,1,110
1:31:479,0,0,0,0,1454,1,110
1:31:479,0,0,0,0,1454,1,110
1:31:479,0,0,0,0,1454,1,110
1:31:483,981,488,19,254854,187,1,111
1:31:486,2708,474,48,254857,189,1,111
1:31:490,981,474,48,254854,190,1,111
1:31:493,2708,511,0,254857,192,1,111
1:31:497,981,485,38,254853,193,1,111
1:31:500,2708,446,30,254850,194,1,111
1:31:504,981,434,0,254852,196,1,111
1:31:507,2708,491,70,254850,197,1,111
1:31:511,981,442,0,254852,199,1,111
1:31:514,2708,442,0,254849,200,1,111
1:31:514,4,453,0,414116,200,1,111
1:31:518,981,447,0,254851,202,1,111
1:31:521,2708,441,37,254849,203,1,111
1:31:521,16,441,37,295750,203,1,111
1:31:525,16,441,37,400031,204,1,111
1:31:528,2708,439,0,254848,206,1,111
1:31:532,981,446,59,254845,207,1,111
1:31:535,2708,431,54,254848,209,1,111
1:31:539,981,421,0,254844,210,1,111
1:31:542,2708,429,65,254847,212,1,111
1:31:546,981,381,72,254844,213,1,111
1:31:549,2708,422,34,254847,214,1,111
1:31:553,981,416,53,254843,216,1,111
1:31:556,2708,430,59,254840,217,1,111
1:31:560,981,430,59,254843,219,1,111
1:31:563,2708,403,89,254839,220,1,111
1:31:567,981,371,39,254842,222,1,111
1:31:570,2708,398,60,254839,223,1,111
1:31:574,981,385,77,254835,225,1,111
1:31:577,2708,350,65,254838,226,1,111
1:31:577,981,312,18,318875,226,1,111
1:31:581,2708,312,18,238083,227,1,111
1:31:581,981,352,90,254841,227,1,111
1:31:584,128,284,17,193333,229,1,111
1:31:584,2896,65535,65535,193483,229,1,111
1:31:588,981,284,17,125147,230,1,111
1:31:588,981,333,102,254835,230,1,111
1:31:591,2708,333,102,82467,232,1,111
1:31:591,2708,313,80,254832,232,1,111
1:31:595,2900,65535,65535,57077,233,1,111
1:31:598,2708,311,106,254831,234,1,111
1:31:598,2708,273,73,451856,234,1,111
1:31:602,981,298,67,254834,236,1,111
1:31:602,2900,65535,65535,423004,236,1,111
1:31:605,2708,225,62,254831,237,1,111
1:31:609,981,288,69,254833,239,1,111
1:31:609,2708,229,71,290250,239,1,111
1:31:612,3061,65535,65535,239980,240,1,111
1:31:612,516,236,64,250108,240,1,111
1:31:612,1040,300,103,319155,240,1,111
1:31:612,3533,65535,65535,319305,240,1,111
1:31:619,132,191,66,122345,243,1,111
1:31:619,2708,288,87,254829,243,1,111
1:31:647,2560,94,0,56404,255,1,111
1:31:647,3588,65535,65535,56472,255,1,111
1:31:647,2564,65535,65535,56480,255,1,111
1:31:780,32,94,0,108090,309,1,111
1:31:861,8,90,0,241037,342,1,111
1:31:861,56,83,0,301055,342,1,111
1:31:861,40,65535,65535,251115,342,1,111
1:31:861,37,72,0,308326,342,1,111
1:31:861,256,67,0,360022,342,1,111
1:31:917,512,403,180,117730,365,1,111
1:31:920,4000,417,163,117726,366,1,111
1:31:924,512,417,163,117729,368,1,111
1:31:927,4000,414,161,117732,369,1,111
1:31:931,512,435,183,117729,371,1,111
1:31:934,4000,454,191,117731,372,1,111
1:31:934,1514,113,0,190035,372,1,111
1:31:938,512,488,170,117728,373,1,111
1:31:941,4000,503,178,117731,375,1,111
1:31:948,4000,502,181,117736,378,1,111
1:31:952,512,516,166,117733,379,1,111
1:31:955,4000,507,176,117730,381,1,111
1:31:959,512,544,188,117738,382,1,111
1:31:962,4000,549,163,117735,383,1,111
1:31:966,512,546,184,117737,385,1,111
1:31:966,426,134,0,476993,385,1,111
1:31:969,4000,561,181,117735,386,1,111
1:31:980,512,596,171,117736,391,1,111
1:31:980,3028,135,0,300907,391,1,111
1:31:980,1512,145,0,356544,391,1,111
1:31:983,4000,592,176,117739,392,1,111
1:31:983,192,97,0,131917,392,1,111
1:31:983,1,88,0,141895,392,1,111
1:31:987,512,615,142,117735,393,1,111
1:31:987,1514,142,60,356537,393,1,111
1:31:990,4000,631,184,117738,395,1,111
1:31:990,2900,147,0,244912,395,1,111
1:31:994,512,652,168,117741,396,1,111
1:31:994,1514,166,0,356537,396,1,111
1:31:994,3063,65535,65535,424102,396,1,111
1:31:994,768,779,187,430702,396,1,111
1:31:994,768,65535,65535,424020,396,1,111
1:31:994,768,65535,65535,424034,396,1,111
1:31:994,24,774,169,434002,396,1,111
1:31:994,16,65535,65535,424020,396,1,111
1:31:994,16,65535,65535,424034,396,1,111
1:31:997,4000,655,161,117738,398,1,111
1:31:997,3028,144,49,356540,398,1,111
1:32:001,512,665,186,117747,399,1,111
1:32:001,2900,147,12,174301,399,1,111
1:32:001,1450,154,0,356549,399,1,111
1:32:001,1280,815,143,378400,399,1,111
1:32:001,2815,65535,65535,378550,399,1,111
1:32:001,136,807,177,385450,399,1,111
1:32:001,8,65535,65535,385517,399,1,111
1:32:001,8,65535,65535,385531,399,1,111
1:32:004,4000,668,186,117743,401,1,111
1:32:004,512,789,156,169061,401,1,111
1:32:004,3028,151,0,356551,401,1,111
1:32:008,512,689,157,117746,402,1,111
1:32:008,3063,65535,65535,314764,402,1,111
1:32:008,256,838,167,321593,402,1,111
1:32:008,1792,827,177,380085,402,1,111
1:32:008,2287,65535,65535,380235,402,1,111
1:32:011,2964,163,0,112157,404,1,111
1:32:011,4000,672,131,117749,404,1,111
1:32:011,3028,155,52,356550,404,1,111
1:32:015,512,705,159,117746,405,1,111
1:32:015,4000,853,178,290824,405,1,111
1:32:015,1514,146,40,342813,405,1,111
1:32:015,1514,151,0,356541,405,1,111
1:32:018,3028,165,0,356550,406,1,111
1:32:022,768,165,0,49160,408,1,111
1:32:022,512,718,146,117751,408,1,111
1:32:022,1386,189,0,356553,408,1,111
1:32:025,4000,711,202,117748,409,1,111
1:32:025,1514,146,0,286927,409,1,111
1:32:029,132,636,125,96199,411,1,111
1:32:029,2932,65535,65535,96349,411,1,111
1:32:029,512,627,127,99720,411,1,111
1:32:029,262,702,193,106320,411,1,111
1:32:029,262,65535,65535,106388,411,1,111
1:32:029,262,65535,65535,106402,411,1,111
1:32:029,260,712,183,109848,411,1,111
1:32:029,1258,154,0,356547,411,1,111
1:32:029,3028,181,16,515010,411,1,111
1:32:032,4000,743,182,117753,412,1,111
1:32:032,4000,909,159,308604,412,1,111
1:32:032,3028,167,0,356550,412,1,111
1:32:036,512,751,158,117750,413,1,111
1:32:036,1514,149,0,220199,413,1,111
1:32:036,1514,167,15,356551,413,1,111
1:32:039,4000,765,146,117752,415,1,111
1:32:039,3028,163,59,356554,415,1,111
1:32:039,3028,159,0,458607,415,1,111
1:32:043,512,762,156,117750,416,1,111
1:32:043,1514,153,0,356551,416,1,111
1:32:046,4000,746,134,117752,418,1,111
1:32:046,1514,148,0,170977,418,1,111
1:32:046,3028,149,0,356548,418,1,111
1:32:050,512,746,171,117749,419,1,111
1:32:050,4000,943,152,315559,419,1,111
1:32:050,1514,167,0,356550,419,1,111
1:32:050,3028,169,0,408570,419,1,111
1:32:053,128,62,0,70377,421,1,111
1:32:053,2912,65535,65535,70527,421,1,111
1:32:053,2564,65,0,73910,421,1,111
1:32:053,512,67,0,84248,421,1,111
1:32:053,3028,164,0,356560,421,1,111
1:32:057,1258,108,0,112763,422,1,111
1:32:057,512,782,163,117754,422,1,111
1:32:060,4000,781,158,117751,424,1,111
1:32:060,3028,145,0,341709,424,1,111
1:32:060,3028,169,0,356547,424,1,111
1:32:064,512,775,166,117754,425,1,111
1:32:064,1514,172,0,356562,425,1,111
1:32:071,512,781,177,117760,428,1,111
1:32:071,3028,171,0,279283,428,1,111
1:32:071,1514,180,39,356561,428,1,111
1:32:074,4000,782,188,117756,429,1,111
1:32:074,3028,151,0,356558,429,1,111
1:32:074,1514,180,0,508277,429,1,111
1:32:078,512,775,179,117759,431,1,111
1:32:081,4000,771,157,117762,432,1,111
1:32:081,3028,182,0,213604,432,1,111
1:32:081,3028,163,0,356557,432,1,111
1:32:085,512,781,180,117758,434,1,111
1:32:085,1514,157,0,447152,434,1,111
1:32:088,4000,764,150,117761,435,1,111
1:32:088,3028,157,17,356557,435,1,111
1:32:092,2035,65535,65535,124021,436,1,111
1:32:095,4000,797,194,117761,438,1,111
1:32:095,3028,159,58,356556,438,1,111
1:32:095,1514,157,0,395675,438,1,111
1:32:099,512,787,185,117763,439,1,111
1:32:099,1514,157,0,356565,439,1,111
1:32:102,4000,758,198,117765,441,1,111
1:32:106,512,774,201,117763,442,1,111
1:32:106,1386,154,0,343587,442,1,111
1:32:106,1514,144,0,356570,442,1,111
1:32:109,4000,767,195,117765,444,1,111
1:32:109,980,137,0,356567,444,1,111
1:32:116,4000,748,197,117765,447,1,111
1:32:116,1514,112,0,288000,447,1,111
1:32:116,1514,143,0,331031,447,1,111
1:32:116,3028,155,0,356572,447,1,111
1:32:120,512,766,214,117767,448,1,111
1:32:123,4000,731,211,117770,449,1,111
1:32:123,2964,141,0,356565,449,1,111
1:32:127,512,738,224,117766,451,1,111
1:32:127,1514,130,0,225531,451,1,111
1:32:127,1226,149,0,356575,451,1,111
1:32:127,8,140,0,481432,451,1,111
1:32:130,137,131,0,123679,452,1,111
1:32:134,512,735,234,117766,454,1,111
1:32:137,4000,724,206,117769,455,1,111
1:32:137,1514,113,54,165846,455,1,111
1:32:137,2516,124,0,356577,455,1,111
1:32:141,512,702,235,117772,457,1,111
1:32:141,1514,702,235,356573,457,1,111
1:32:144,4000,724,253,117774,458,1,111
1:32:144,2900,724,253,356570,458,1,111
1:32:144,1258,724,253,379166,458,1,111
1:32:148,1480,114,53,109827,459,1,111
1:32:148,512,702,247,117771,459,1,111
1:32:151,4000,681,231,117774,461,1,111
1:32:155,512,672,248,117770,462,1,111
1:32:155,1514,672,248,356579,462,1,111
1:32:158,4000,679,256,117773,464,1,111
1:32:158,128,705,214,145739,464,1,111
1:32:158,2900,65535,65535,145889,464,1,111
1:32:162,512,679,267,117776,465,1,111
1:32:162,3028,133,0,280775,465,1,111
1:32:162,1472,133,0,356583,465,1,111
1:32:165,2976,634,276,117773,467,1,111
1:32:165,3028,125,0,356574,467,1,111
1:32:169,512,644,262,117775,468,1,111
1:32:169,1354,105,0,148399,468,1,111
1:32:172,4000,646,269,117778,469,1,111
1:32:172,3028,102,0,216158,469,1,111
1:32:176,512,641,255,117775,471,1,111
1:32:176,426,101,0,291003,471,1,111
1:32:179,4000,599,261,117778,472,1,111
1:32:183,512,614,276,117780,474,1,111
1:32:186,4000,608,258,117777,475,1,111
1:32:190,512,554,252,117780,477,1,111
1:32:193,2768,59,0,94539,478,1,111
1:32:197,2948,59,0,141616,479,1,111
1:32:197,1154,95,0,320281,479,1,111
1:32:211,8,643,282,269617,485,1,111
1:32:211,262,613,282,272839,485,1,111
1:32:211,4,65535,65535,272907,485,1,111
1:32:211,4,65535,65535,272921,485,1,111
1:32:232,2048,89,0,383818,494,1,111
1:32:235,1056,89,0,367825,495,1,111
1:32:260,386,2284,741,378229,505,1,111
1:32:277,1864,714,329,136687,513,1,111
1:32:281,512,730,319,136690,514,1,111
1:32:284,1864,762,328,136687,515,1,111
1:32:288,512,761,326,136683,517,1,111
1:32:291,1864,761,308,136686,518,1,111
1:32:295,512,800,317,136683,520,1,111
1:32:298,1864,824,313,136686,521,1,111
1:32:302,512,831,310,136682,523,1,111
1:32:305,1864,843,305,136685,524,1,111
1:32:309,512,864,303,136682,525,1,111
1:32:312,1864,899,344,136679,527,1,111
1:32:316,512,911,305,136681,528,1,111
1:32:319,1864,927,313,136679,530,1,111
1:32:323,512,958,311,136681,531,1,111
1:32:326,1864,964,297,136678,533,1,111
1:32:326,386,2793,563,146242,533,1,111
1:32:326,258,2789,569,149463,533,1,111
1:32:326,256,65535,65535,149531,533,1,111
1:32:326,256,65535,65535,149545,533,1,111
1:32:326,704,2850,620,159663,533,1,111
1:32:326,3776,65535,65535,159731,533,1,111
1:32:326,704,65535,65535,159745,533,1,111
1:32:330,512,971,295,136680,534,1,111
1:32:333,1864,984,286,136678,535,1,111
1:32:337,53,1463,660,49370,537,1,111
1:32:337,512,1007,280,136680,537,1,111
1:32:340,2440,1487,650,49366,538,1,111
1:32:340,1864,1027,338,136677,538,1,111
1:32:344,2101,1521,655,49364,540,1,111
1:32:344,512,1014,280,136674,540,1,111
1:32:347,2440,1489,609,49360,541,1,111
1:32:347,1864,1057,279,136677,541,1,111
1:32:351,2101,1537,644,49369,543,1,111
1:32:351,512,1079,260,136673,543,1,111
1:32:354,2440,1491,585,49365,544,1,111
1:32:354,1864,1088,304,136676,544,1,111
1:32:358,2101,1509,631,49363,546,1,111
1:32:358,512,1068,286,136673,546,1,111
1:32:361,2440,1532,617,49365,547,1,111
1:32:361,1864,1065,290,136676,547,1,111
1:32:365,2101,1537,597,49368,548,1,111
1:32:365,512,1091,246,136672,548,1,111
1:32:365,386,4294,694,375540,548,1,111
1:32:365,2928,65535,65535,375690,548,1,111
1:32:365,1536,4196,682,388962,548,1,111
1:32:365,1024,65535,65535,389029,548,1,111
1:32:365,1024,65535,65535,389043,548,1,111
1:32:368,2440,1560,597,49370,550,1,111
1:32:368,1864,1123,261,136669,550,1,111
1:32:372,2101,1563,616,49373,551,1,111
1:32:372,512,1107,256,136672,551,1,111
1:32:375,2440,1561,615,49365,553,1,111
1:32:375,1864,1135,263,136668,553,1,111
1:32:379,2101,1553,605,49367,554,1,111
1:32:379,3028,65535,65535,68273,554,1,111
1:32:382,2440,1569,620,49369,556,1,111
1:32:382,1864,1158,234,136668,556,1,111
1:32:386,2101,1575,580,49366,557,1,111
1:32:386,512,1144,228,136671,557,1,111
1:32:389,2440,1547,587,49369,558,1,111
1:32:389,1864,1108,222,136667,558,1,111
1:32:393,2101,1578,586,49366,560,1,111
1:32:393,512,1162,212,136665,560,1,111
1:32:396,2440,1533,572,49375,561,1,111
1:32:396,1864,1196,255,136667,561,1,111
1:32:400,2101,1562,587,49371,563,1,111
1:32:400,512,1209,236,136664,563,1,111
1:32:403,2432,1558,610,49368,564,1,111
1:32:403,1864,1211,220,136666,564,1,111
1:32:407,2101,1546,560,49365,566,1,111
1:32:407,512,1205,220,136664,566,1,111
1:32:410,2440,1554,593,49367,567,1,111
1:32:410,1864,1195,231,136666,567,1,111
1:32:414,2101,1503,549,49370,569,1,111
1:32:414,512,1169,226,136663,569,1,111
1:32:417,2440,1505,572,49373,570,1,111
1:32:417,1864,1165,220,136660,570,1,111
1:32:421,2101,1519,574,49370,571,1,111
1:32:421,512,1206,220,136663,571,1,111
1:32:424,2440,1479,576,49366,573,1,111
1:32:424,1864,1216,225,136659,573,1,111
1:32:428,2101,1505,578,49376,574,1,111
1:32:428,512,1229,230,136662,574,1,111
1:32:431,2440,1496,587,49372,576,1,111
1:32:431,1864,1229,207,136659,576,1,111
1:32:435,2101,1448,548,49369,577,1,111
1:32:435,512,1208,186,136662,577,1,111
1:32:438,2440,1439,586,49372,579,1,111
1:32:438,1864,1177,204,136658,579,1,111
1:32:442,2101,1433,587,49368,580,1,111
1:32:442,512,1169,209,136655,580,1,111
1:32:445,2440,1434,588,49371,581,1,111
1:32:445,1864,1156,207,136658,581,1,111
1:32:449,2101,1433,590,49374,583,1,111
1:32:449,2101,2211,309,96522,583,1,111
1:32:449,512,1149,183,136654,583,1,111
1:32:452,2312,1149,183,49371,584,1,111
1:32:452,1864,1158,218,136657,584,1,111
1:32:456,2101,1358,597,49367,586,1,111
1:32:456,512,1183,193,136654,586,1,111
1:32:459,2440,1367,612,49377,587,1,111
1:32:459,1864,1164,207,136657,587,1,111
1:32:463,2101,1360,608,49373,589,1,111
1:32:463,512,1154,191,136653,589,1,111
1:32:470,5,1154,191,49373,591,1,111
1:32:470,512,1117,220,136653,591,1,111
1:32:473,1864,1079,185,136650,593,1,111
1:32:477,512,1090,193,136652,594,1,111
1:32:480,1864,1095,186,136650,596,1,111
1:32:484,512,1115,209,136646,597,1,111
1:32:487,1864,1106,188,136649,599,1,111
1:32:487,2775,65535,65535,194265,599,1,111
1:32:487,520,1218,221,197488,599,1,111
1:32:487,516,65535,65535,197555,599,1,111
1:32:487,512,65535,65535,197576,599,1,111
1:32:491,512,1061,183,136646,600,1,111
1:32:494,1864,1072,202,136649,601,1,111
1:32:498,512,1035,187,136645,603,1,111
1:32:501,1864,1011,223,136648,604,1,111
1:32:505,512,1009,194,136645,606,1,111
1:32:508,1864,993,205,136641,607,1,111
1:32:512,512,982,194,136644,609,1,111
1:32:515,1864,984,204,136641,610,1,111
1:32:519,512,950,213,136644,611,1,111
1:32:522,1864,934,206,136640,613,1,111
1:32:526,512,914,203,136643,614,1,111
1:32:526,0,37,1808,0,0,1,112
1:32:529,1864,901,216,136640,616,1,112
1:32:533,512,872,223,136636,617,1,112
1:32:536,1864,894,215,136639,619,1,112
1:32:540,512,864,223,136636,620,1,112
1:32:540,1895,65535,65535,456023,620,1,112
1:32:540,2432,1818,609,459773,620,1,112
1:32:540,3472,65535,65535,459840,620,1,112
1:32:540,2432,65535,65535,459848,620,1,112
1:32:540,8,1793,571,463444,620,1,112
1:32:540,8,65535,65535,459840,620,1,112
1:32:540,8,65535,65535,459848,620,1,112
1:32:543,1864,842,227,136639,621,1,112
1:32:547,512,808,214,136635,623,1,112
1:32:550,1864,812,243,136638,624,1,112
1:32:554,512,761,210,136635,626,1,112
1:32:557,1864,744,223,136632,627,1,112
1:32:561,512,766,235,136635,629,1,112
1:32:564,1864,721,248,136632,630,1,112
1:32:568,512,720,239,136635,632,1,112
1:32:571,1864,679,226,136637,633,1,112
1:32:571,2644,297,96,258207,633,1,112
1:32:575,512,677,221,136634,634,1,112
1:32:575,512,346,141,258204,634,1,112
1:32:578,1864,666,234,136631,636,1,112
1:32:578,596,666,234,258200,636,1,112
1:32:582,512,644,217,136633,637,1,112
1:32:582,512,372,126,258203,637,1,112
1:32:585,1864,633,242,136630,639,1,112
1:32:585,2644,348,124,258206,639,1,112
1:32:589,144,3789,757,106195,640,1,112
1:32:589,144,65535,65535,106223,640,1,112
1:32:589,512,392,124,258202,640,1,112
1:32:592,1864,590,246,136629,642,1,112
1:32:596,512,582,239,136632,643,1,112
1:32:596,512,417,113,258208,643,1,112
1:32:603,512,531,251,136625,646,1,112
1:32:603,144,4564,410,203699,646,1,112
1:32:603,144,65535,65535,203720,646,1,112
1:32:603,512,458,139,258213,646,1,112
1:32:606,1536,546,229,136628,647,1,112
1:32:606,2644,418,134,258210,647,1,112
1:32:610,512,467,113,258213,649,1,112
1:32:617,512,501,119,258212,652,1,112
1:32:620,2644,490,117,258215,653,1,112
1:32:624,512,481,96,258212,655,1,112
1:32:627,2644,509,100,258215,656,1,112
1:32:631,512,505,120,258218,657,1,112
1:32:634,2644,499,84,258214,659,1,112
1:32:638,512,566,124,258217,660,1,112
1:32:641,2644,534,121,258220,662,1,112
1:32:645,512,575,103,258223,663,1,112
1:32:648,2644,576,111,258219,665,1,112
1:32:652,512,607,100,258222,666,1,112
1:32:655,2644,586,102,258225,667,1,112
1:32:659,512,610,120,258222,669,1,112
1:32:662,2644,628,123,258225,670,1,112
1:32:666,512,657,127,258227,672,1,112
1:32:669,2644,595,100,258224,673,1,112
1:32:673,512,658,117,258226,675,1,112
1:32:676,2644,630,108,258224,676,1,112
1:32:680,512,695,89,258226,677,1,112
1:32:680,512,671,97,326871,677,1,112
1:32:683,2644,655,85,258229,679,1,112
1:32:683,2644,666,92,276949,679,1,112
1:32:687,2900,65535,65535,262905,680,1,112
1:32:690,512,712,101,225121,682,1,112
1:32:690,2644,704,85,258229,682,1,112
1:32:694,2644,678,76,212999,683,1,112
1:32:694,512,698,90,258232,683,1,112
1:32:697,2644,702,88,258228,685,1,112
1:32:701,512,672,91,165581,686,1,112
1:32:701,512,713,102,258231,686,1,112
1:32:704,2644,609,69,146217,688,1,112
1:32:704,2644,691,104,258234,688,1,112
1:32:711,512,556,0,93759,690,1,112
1:32:711,2644,733,77,258234,690,1,112
1:32:715,2644,320,0,49813,692,1,112
1:32:715,512,731,61,258237,692,1,112
1:32:718,2644,733,71,258234,693,1,112
1:32:722,512,728,58,258237,695,1,112
1:32:725,2644,731,90,258240,696,1,112
1:32:729,512,781,65,258237,698,1,112
1:32:732,2644,720,69,258240,699,1,112
1:32:736,512,764,90,258236,701,1,112
1:32:743,512,772,75,258241,703,1,112
1:32:746,512,244,0,255101,705,1,112
1:32:750,512,765,59,258241,706,1,112
1:32:753,2644,744,65,258244,708,1,112
1:32:760,2644,715,71,258244,710,1,112
1:32:764,512,751,59,258247,712,1,112
1:32:767,2644,732,182,258250,713,1,112
1:32:771,512,763,60,258246,715,1,112
1:32:774,2644,716,66,258249,716,1,112
1:32:778,512,753,85,258252,718,1,112
1:32:781,2644,722,58,258249,719,1,112
1:32:785,512,733,69,258252,721,1,112
1:32:788,2644,712,53,258249,722,1,112
1:32:792,512,735,85,258252,724,1,112
1:32:795,2644,687,89,258255,725,1,112
1:32:799,512,710,95,258257,726,1,112
1:32:802,2644,674,96,258254,728,1,112
1:32:806,512,701,114,258256,729,1,112
1:32:809,2644,652,113,258259,731,1,112
1:32:813,512,685,94,258256,732,1,112
1:32:816,2644,648,106,258253,733,1,112
1:32:820,512,658,114,258262,735,1,112
1:32:823,2644,632,116,258258,736,1,112
1:32:827,512,625,114,258261,738,1,112
1:32:830,2644,625,133,258264,739,1,112
1:32:834,512,615,105,258261,741,1,112
1:32:837,2644,564,100,258264,742,1,112
1:32:844,2644,555,110,258263,745,1,112
1:32:848,512,557,128,258260,746,1,112
1:32:851,2644,539,121,258269,748,1,112
1:32:855,512,550,119,258266,749,1,112
1:32:858,2644,550,119,258269,751,1,112
1:32:862,512,535,129,258271,752,1,112
1:32:865,2644,515,142,258268,754,1,112
1:32:869,512,491,139,258270,755,1,112
1:32:872,2644,456,111,258273,757,1,112
1:32:876,512,469,117,258270,758,1,112
1:32:879,2644,450,122,258267,759,1,112
1:32:883,512,431,156,258276,761,1,112
1:32:886,2644,443,149,258279,762,1,112
1:32:890,512,425,145,258275,764,1,112
1:32:893,2644,425,145,258272,765,1,112
1:32:897,512,409,132,258274,766,1,112
1:32:900,2644,352,124,258277,768,1,112
1:32:904,512,361,133,258280,769,1,112
1:32:911,512,361,147,258280,772,1,112
1:32:914,2644,322,124,258283,774,1,112
1:32:921,68,320,137,258282,777,1,112
1:33:093,64,85,0,11004,847,1,112
1:33:093,64,65535,65535,11031,847,1,112
1:33:186,0,0,0,2147483648,1454,1,112
1:33:186,0,0,0,0,1454,1,112
1:33:186,0,0,0,0,1454,1,112
1:33:186,0,0,0,0,1454,1,112
1:33:186,0,0,0,0,1454,1,112
1:33:186,0,0,0,0,1454,1,112
1:33:186,0,0,0,0,1454,1,112
1:33:186,0,0,0,0,1454,1,112
1:33:186,0,0,0,0,1454,1,112
1:33:186,0,0,0,0,1454,1,112
1:33:186,0,0,0,0,1454,1,112
1:33:186,0,0,0,0,1454,1,112
1:33:186,0,0,0,0,1454,1,112
1:33:186,0,0,0,0,1454,1,112
1:33:186,0,0,0,0,1454,1,112
1:33:186,0,0,0,0,1454,1,112
1:33:186,0,0,0,0,1454,1,112
1:33:186,0,0,0,0,1454,1,112
1:33:186,0,0,0,0,1454,1,112
1:33:186,0,0,0,0,1454,1,112
1:33:186,0,0,0,0,1454,1,112
1:33:186,0,0,0,0,1454,1,112
1:33:186,0,0,0,0,1454,1,112
1:33:186,0,0,0,0,1454,1,112
1:33:186,0,0,0,0,1454,1,112
1:33:186,0,0,0,0,1454,1,112
1:33:186,0,0,0,0,1454,1,112
1:33:186,0,0,0,0,1454,1,112
1:33:186,0,0,0,0,1454,1,112
1:33:481,0,0,0,3221225472,1454,1,112
1:33:481,0,0,0,0,1454,1,112
1:33:481,0,0,0,0,1454,1,112
1:33:481,0,0,0,0,1454,1,112
1:33:481,0,0,0,0,1454,1,112
1:33:481,0,0,0,0,1454,1,112
1:33:481,0,0,0,0,1454,1,112
1:33:481,0,0,0,0,1454,1,112
1:33:481,0,0,0,0,1454,1,112
1:33:481,0,0,0,0,1454,1,112
1:33:481,0,0,0,0,1454,1,112
1:33:481,0,0,0,0,1454,1,112
1:33:481,0,0,0,0,1454,1,112
1:33:481,0,0,0,0,1454,1,112
1:33:481,0,0,0,0,1454,1,112
1:33:481,0,0,0,0,1454,1,112
1:33:481,0,0,0,0,1454,1,112
1:33:481,0,0,0,0,1454,1,112
1:33:481,0,0,0,0,1454,1,112
1:33:481,0,0,0,0,1454,1,112
1:33:481,0,0,0,0,1454,1,112
1:33:481,0,0,0,0,1454,1,112
1:33:481,0,0,0,0,1454,1,112
1:33:481,0,0,0,0,1454,1,112
1:33:481,0,0,0,0,1454,1,112
1:33:481,0,0,0,0,1454,1,112
1:33:481,0,0,0,0,1454,1,112
1:33:481,0,0,0,0,1454,1,112
1:33:481,0,0,0,0,1454,1,112
1:33:562,32,69,0,55993,1039,1,113
1:33:877,5,77,0,232628,1168,1,113
1:33:905,2068,77,0,174595,1179,1,113
1:33:905,8,77,0,230268,1179,1,113
1:33:912,456,77,0,230262,1182,1,113
1:33:926,128,77,0,230261,1188,1,113
1:33:929,2096,216,77,230269,1189,1,113
1:33:933,488,233,68,230260,1191,1,113
1:33:936,2608,232,103,230263,1192,1,113
1:33:943,2608,268,90,230257,1195,1,113
1:33:947,1512,297,79,230259,1197,1,113
1:33:954,1512,254,103,230265,1199,1,113
1:33:957,2608,323,76,230267,1201,1,113
1:33:961,1512,297,96,230270,1202,1,113
1:33:964,2608,289,92,230273,1203,1,113
1:33:968,1512,327,105,230270,1205,1,113
1:33:971,2608,305,87,230266,1206,1,113
1:33:975,1512,284,92,230269,1208,1,113
1:33:978,2608,371,82,230266,1209,1,113
1:33:982,1512,338,87,230263,1211,1,113
1:33:985,2608,298,76,230265,1212,1,113
1:33:989,1512,310,15,230263,1214,1,113
1:33:989,3031,65535,65535,302729,1214,1,113
1:33:992,2608,357,81,230265,1215,1,113
1:33:996,1512,311,61,230267,1216,1,113
1:33:999,2608,328,73,230265,1218,1,113
1:34:006,2608,353,79,230264,1221,1,113
1:34:017,1512,366,77,230272,1225,1,113
1:34:020,2608,344,15,230263,1226,1,113
1:34:024,1512,428,99,230265,1228,1,113
1:34:027,2608,420,56,230263,1229,1,113
1:34:031,1512,378,64,230271,1231,1,113
1:34:031,522,378,64,333361,1231,1,113
1:34:034,2608,417,75,230262,1232,1,113
1:34:045,1512,435,97,230276,1237,1,113
1:34:052,1512,346,61,230269,1239,1,113
1:34:052,200,346,61,519038,1239,1,113
1:34:059,1512,389,81,230275,1242,1,113
1:34:059,8,389,81,375784,1242,1,113
1:34:062,2608,396,83,230265,1244,1,113
1:34:066,1512,390,80,230268,1245,1,113
1:34:066,128,390,80,234126,1245,1,113
1:34:073,1512,400,57,230268,1248,1,113
1:34:076,2608,424,70,230271,1250,1,113
1:34:080,1512,438,67,230274,1251,1,113
1:34:083,2608,410,68,230270,1252,1,113
1:34:083,40,410,68,444851,1252,1,113
1:34:087,1512,423,73,230273,1254,1,113
1:34:090,2608,462,70,230276,1255,1,113
1:34:094,1512,438,65,230273,1257,1,113
1:34:097,2608,344,72,230269,1258,1,113
1:34:104,2608,448,103,230268,1261,1,113
1:34:108,1512,406,72,230271,1262,1,113
1:34:111,2608,422,84,230268,1264,1,113
1:34:115,1512,450,0,230265,1265,1,113
1:34:118,2608,397,0,230267,1267,1,113
1:34:122,1512,392,90,230270,1268,1,113
1:34:125,2608,398,68,230273,1269,1,113
1:34:129,1512,395,77,230276,1271,1,113
1:34:132,2608,372,91,230279,1272,1,113
1:34:136,1512,352,69,230269,1274,1,113
1:34:139,2608,380,85,230272,1275,1,113
1:34:143,1512,386,82,230275,1277,1,113
1:34:146,2608,404,0,230266,1278,1,113
1:34:150,1512,381,86,230269,1280,1,113
1:34:153,2608,369,91,230265,1281,1,113
1:34:157,1512,380,86,230268,1282,1,113
1:34:160,2608,396,86,230271,1284,1,113
1:34:164,1512,335,77,230274,1285,1,113
1:34:167,2608,396,83,230277,1287,1,113
1:34:171,1512,357,89,230274,1288,1,113
1:34:174,2608,327,79,230277,1290,1,113
1:34:178,1512,324,91,230273,1291,1,113
1:34:181,2608,291,74,230276,1292,1,113
1:34:185,1512,283,73,230266,1294,1,113
1:34:188,2608,312,76,230269,1295,1,113
1:34:192,1512,289,75,230272,1297,1,113
1:34:195,2608,333,92,230269,1298,1,113
1:34:199,1512,303,70,230272,1300,1,113
1:34:202,2608,314,99,230275,1301,1,113
1:34:206,1512,305,92,230278,1303,1,113
1:34:209,2592,258,93,230280,1304,1,113
1:34:213,1512,283,96,230271,1305,1,113
1:34:216,2608,297,102,230280,1307,1,113
1:34:220,1512,258,100,230277,1308,1,113
1:34:223,2608,287,113,230279,1310,1,113
1:34:227,1256,273,104,230270,1311,1,113
1:34:230,560,216,84,230273,1313,1,113
1:34:234,1512,216,84,230276,1314,1,113
1:34:237,2592,238,101,230272,1315,1,113
1:34:479,659,284,112,256454,1414,1,113
1:34:482,144,284,112,256456,1416,1,113
1:34:486,711,314,119,256453,1417,1,113
1:34:493,87,319,132,256453,1420,1,113
1:34:496,1940,350,134,256449,1422,1,113
1:34:500,727,345,148,256452,1423,1,113
1:34:503,3972,358,147,256455,1425,1,113
1:34:507,727,382,131,256452,1426,1,113
1:34:510,3988,359,122,256448,1427,1,113
1:34:510,2816,383,148,389754,1427,1,113
1:34:510,66,400,155,393054,1427,1,113
1:34:510,258,382,141,396354,1427,1,113
1:34:514,727,360,138,256445,1429,1,113
1:34:517,3988,395,140,256448,1430,1,113
1:34:521,727,417,137,256444,1432,1,113
1:34:524,3988,417,119,256447,1433,1,113
1:34:528,727,410,140,256450,1434,1,113
1:34:531,3988,428,150,256447,1436,1,113
1:34:535,723,413,151,256438,1437,1,113
1:34:538,3988,451,138,256440,1439,1,113
1:34:542,727,435,140,256437,1440,1,113
1:34:545,3988,442,119,256440,1442,1,113
1:34:549,727,450,125,256442,1443,1,113
1:34:552,3988,468,149,256433,1444,1,113
1:34:556,727,441,133,256430,1446,1,113
1:34:559,3988,454,123,256439,1447,1,113
1:34:563,727,468,103,256429,1449,1,113
1:34:566,3988,478,106,256432,1450,1,113
1:34:570,727,480,131,256435,1452,1,113
1:34:573,3988,474,134,256438,1453,1,113
1:34:577,727,522,128,256435,1455,1,113
1:34:580,3732,500,120,256438,1456,1,113
1:34:584,727,505,148,256434,1457,1,113
1:34:587,256,505,148,81714,1459,1,113
1:34:587,3840,256,89,84827,1459,1,113
1:34:587,3840,65535,65535,81781,1459,1,113
1:34:587,3328,65535,65535,84855,1459,1,113
1:34:587,512,269,69,91692,1459,1,113
1:34:587,516,65535,65535,91759,1459,1,113
1:34:587,512,65535,65535,91768,1459,1,113
1:34:587,128,278,60,95142,1459,1,113
1:34:594,3988,525,131,256425,1462,1,113
1:34:598,727,527,123,256427,1463,1,113
1:34:601,3988,523,119,256424,1464,1,113
1:34:605,727,517,105,256426,1466,1,113
1:34:608,3988,523,106,256417,1467,1,113
1:34:612,727,543,86,256420,1469,1,113
1:34:615,3988,527,110,256423,1470,1,113
1:34:619,727,546,122,256420,1472,1,113
1:34:622,3988,512,107,256423,1473,1,113
1:34:626,727,562,119,256419,1475,1,113
1:34:629,3860,540,106,256415,1476,1,113
1:34:633,663,483,84,256418,1478,1,113
1:34:636,3988,514,119,256415,1479,1,113
1:34:640,215,503,105,256411,1480,1,113
1:34:643,3988,507,98,256414,1482,1,113
1:34:647,727,529,99,256417,1483,1,113
1:34:650,3988,500,99,256414,1485,1,113
1:34:654,727,512,98,256410,1486,1,113
1:34:657,3988,631,82,256413,1488,1,113
1:34:661,727,475,90,256410,1489,1,113
1:34:664,3988,522,123,256412,1490,1,113
1:34:668,727,487,101,256404,1492,1,113
1:34:675,727,509,94,256403,1495,1,113
1:34:678,3988,493,82,256406,1496,1,113
1:34:678,1668,181,0,340320,1496,1,113
1:34:678,1152,65535,65535,340372,1496,1,113
1:34:685,256,362,38,379643,1499,1,113
1:34:685,128,380,65,382865,1499,1,113
1:34:685,2056,368,89,392765,1499,1,113
1:34:685,3088,65535,65535,392833,1499,1,113
1:34:685,2048,65535,65535,392847,1499,1,113
1:34:689,727,480,116,256396,1500,1,113
1:34:692,3988,453,105,256405,1502,1,113
1:34:696,727,449,109,256395,1503,1,113
1:34:699,3988,424,78,256398,1505,1,113
1:34:703,727,435,101,256395,1506,1,113
1:34:706,3988,425,101,256398,1508,1,113
1:34:710,727,441,99,256395,1509,1,113
1:34:713,3988,433,110,256397,1510,1,113
1:34:717,727,442,97,256400,1512,1,113
1:34:720,3988,416,145,256396,1513,1,113
1:34:724,727,440,86,256388,1515,1,113
1:34:727,3988,385,76,256391,1516,1,113
1:34:731,727,409,78,256393,1518,1,113
1:34:734,3988,399,106,256390,1519,1,113
1:34:738,727,374,90,256393,1520,1,113
1:34:741,3988,358,91,256389,1522,1,113
1:34:741,512,358,91,289455,1522,1,113
1:34:745,727,358,86,256386,1523,1,113
1:34:748,3988,356,91,256389,1525,1,113
1:34:748,136,319,132,289460,1525,1,113
1:34:752,727,348,95,256385,1526,1,113
1:34:752,526,338,113,289457,1526,1,113
1:34:755,3988,344,95,256377,1527,1,113
1:34:755,648,344,95,289460,1527,1,113
1:34:759,727,344,98,256385,1529,1,113
1:34:759,538,337,134,289456,1529,1,113
1:34:762,3988,339,105,256381,1530,1,113
1:34:762,648,359,148,289454,1530,1,113
1:34:766,215,319,108,256384,1532,1,113
1:34:766,540,334,128,289456,1532,1,113
1:34:769,3476,289,109,256376,1533,1,113
1:34:769,648,289,109,289465,1533,1,113
1:34:773,727,295,99,256384,1535,1,113
1:34:773,562,295,99,289461,1535,1,113
1:34:776,3988,303,100,256375,1536,1,113
1:34:776,648,398,144,289464,1536,1,113
1:34:780,215,268,112,256390,1538,1,113
1:34:780,574,387,121,289461,1538,1,113
1:34:794,659,239,102,256370,1543,1,113
1:34:794,574,395,116,289466,1543,1,113
1:34:797,1284,395,116,256367,1545,1,113
1:34:797,648,423,154,289463,1545,1,113
1:34:822,574,477,127,289470,1555,1,113
1:34:825,648,510,114,289467,1556,1,113
1:34:829,574,493,138,289470,1558,1,113
1:34:832,648,530,148,289478,1559,1,113
1:34:836,574,519,121,289481,1560,1,113
1:34:839,648,544,129,289484,1562,1,113
1:34:843,574,528,109,289480,1563,1,113
1:34:846,648,567,133,289477,1565,1,113
1:34:850,574,547,123,289480,1566,1,113
1:34:853,648,551,125,289488,1568,1,113
1:34:857,574,573,129,289479,1569,1,113
1:34:860,648,550,107,289488,1571,1,113
1:34:864,574,562,123,289479,1572,1,113
1:34:867,648,580,120,289481,1574,1,113
1:34:871,572,566,132,289484,1575,1,113
1:34:874,648,582,114,289481,1576,1,113
1:34:878,574,575,104,289484,1578,1,113
1:34:881,648,600,108,289486,1579,1,113
1:34:885,574,601,86,289483,1581,1,113
1:34:888,648,605,117,289492,1582,1,113
1:34:892,574,607,124,289495,1583,1,113
1:34:895,648,594,115,289491,1585,1,113
1:34:899,574,584,98,289488,1586,1,113
1:34:902,648,600,113,289490,1588,1,113
1:34:906,574,618,97,289487,1589,1,113
1:34:913,574,594,80,289499,1592,1,113
1:34:916,648,598,113,289489,1593,1,113
1:34:920,574,574,73,289492,1595,1,113
1:34:927,574,601,89,289504,1598,1,113
1:34:930,648,584,87,289500,1599,1,113
1:34:934,2,244,109,175667,1601,1,113
1:34:934,574,581,88,289498,1601,1,113
1:34:944,896,581,88,175664,1605,1,113
1:34:944,648,575,84,289500,1605,1,113
1:34:951,1520,279,131,175663,1608,1,113
1:34:951,648,563,102,289499,1608,1,113
1:34:951,131,212,0,433425,1608,1,113
1:34:951,130,65535,65535,433492,1608,1,113
1:34:951,386,65535,65535,433500,1608,1,113
1:34:951,384,216,0,436730,1608,1,113
1:34:951,384,65535,65535,436798,1608,1,113
1:34:951,384,65535,65535,436805,1608,1,113
1:34:962,128,301,122,175671,1612,1,113
1:34:962,574,556,81,289501,1612,1,113
1:34:965,2032,305,122,175668,1614,1,113
1:34:965,648,550,89,289510,1614,1,113
1:34:969,2,281,134,175670,1615,1,113
1:34:969,574,539,94,289506,1615,1,113
1:34:969,32,66,0,386626,1615,1,113
1:34:972,2032,327,120,175667,1616,1,113
1:34:972,648,546,79,289503,1616,1,113
1:34:976,130,339,128,175664,1618,1,113
1:34:976,574,524,79,289506,1618,1,113
1:34:979,2032,323,141,175666,1619,1,113
1:34:979,648,525,92,289515,1619,1,113
1:34:983,130,344,140,175669,1621,1,113
1:34:983,574,527,78,289517,1621,1,113
1:34:986,2032,332,141,175666,1622,1,113
1:34:986,136,509,71,289515,1622,1,113
1:34:990,130,335,128,175663,1624,1,113
1:34:990,574,499,85,289516,1624,1,113
1:34:993,2032,344,129,175672,1625,1,113
1:34:993,648,504,71,289514,1625,1,113
1:34:997,130,369,99,175668,1626,1,113
1:34:997,574,506,95,289516,1626,1,113
1:35:000,2032,365,131,175671,1628,1,113
1:35:000,648,501,104,289513,1628,1,113
1:35:004,130,388,127,175667,1629,1,113
1:35:004,574,454,93,289522,1629,1,113
1:35:007,2032,382,105,175670,1631,1,113
1:35:007,648,460,122,289518,1631,1,113
1:35:011,130,374,135,175667,1632,1,113
1:35:011,574,444,111,289515,1632,1,113
1:35:014,2000,381,139,175670,1634,1,113
1:35:014,648,456,105,289518,1634,1,113
1:35:018,130,411,139,175666,1635,1,113
1:35:018,574,460,106,289520,1635,1,113
1:35:021,2000,409,123,175669,1637,1,113
1:35:021,648,435,93,289523,1637,1,113
1:35:025,130,419,109,175672,1638,1,113
1:35:025,574,425,118,289526,1638,1,113
1:35:028,2000,409,109,175669,1639,1,113
1:35:028,648,390,107,289523,1639,1,113
1:35:032,130,440,102,175671,1641,1,113
1:35:032,574,402,112,289526,1641,1,113
1:35:035,2000,446,117,175674,1642,1,113
1:35:035,648,392,119,289529,1642,1,113
1:35:039,130,431,138,175671,1644,1,113
1:35:039,574,412,134,289530,1644,1,113
1:35:042,1744,439,125,175674,1645,1,113
1:35:042,648,386,106,289528,1645,1,113
1:35:049,648,384,122,289527,1648,1,113
1:35:056,2000,468,129,175673,1651,1,113
1:35:056,648,345,97,289532,1651,1,113
1:35:060,2510,345,97,157099,1652,1,113
1:35:060,574,338,93,289530,1652,1,113
1:35:063,852,338,93,157091,1654,1,113
1:35:063,2000,480,105,175672,1654,1,113
1:35:063,648,324,142,289532,1654,1,113
1:35:067,462,602,241,157087,1655,1,113
1:35:067,130,492,100,175675,1655,1,113
1:35:070,852,615,249,157090,1657,1,113
1:35:070,2000,509,110,175678,1657,1,113
1:35:070,648,301,125,289538,1657,1,113
1:35:074,1024,301,125,53180,1658,1,113
1:35:074,192,301,125,57290,1658,1,113
1:35:077,852,637,293,157090,1660,1,113
1:35:077,2000,518,102,175677,1660,1,113
1:35:081,2510,664,260,157093,1661,1,113
1:35:081,130,499,125,175674,1661,1,113
1:35:084,852,499,125,157089,1662,1,113
1:35:084,256,704,270,395411,1662,1,113
1:35:084,256,65535,65535,395478,1662,1,113
1:35:084,256,65535,65535,395486,1662,1,113
1:35:084,16,723,285,405311,1662,1,113
1:35:084,3648,702,285,408539,1662,1,113
1:35:084,3664,65535,65535,408606,1662,1,113
1:35:084,3648,65535,65535,408620,1662,1,113
1:35:088,2510,658,286,157092,1664,1,113
1:35:088,130,527,137,175673,1664,1,113
1:35:091,852,681,236,157088,1665,1,113
1:35:091,2000,514,111,175676,1665,1,113
1:35:095,2510,700,235,157091,1667,1,113
1:35:095,130,504,100,175679,1667,1,113
1:35:098,848,726,265,157088,1668,1,113
1:35:098,2000,525,99,175681,1668,1,113
1:35:102,2510,761,241,157091,1669,1,113
1:35:102,130,521,98,175679,1669,1,113
1:35:105,852,755,244,157094,1671,1,113
1:35:105,1488,518,97,175675,1671,1,113
1:35:109,2510,759,261,157096,1672,1,113
1:35:109,130,515,125,175678,1672,1,113
1:35:112,340,785,251,157093,1674,1,113
1:35:112,2000,518,103,175680,1674,1,113
1:35:116,2510,789,282,157090,1675,1,113
1:35:116,130,529,93,175677,1675,1,113
1:35:119,852,767,246,157092,1677,1,113
1:35:119,2000,508,105,175680,1677,1,113
1:35:123,2510,827,259,157095,1678,1,113
1:35:123,130,497,106,175677,1678,1,113
1:35:126,852,828,264,157092,1679,1,113
1:35:126,2000,505,112,175680,1679,1,113
1:35:130,2510,826,263,157095,1681,1,113
1:35:130,130,503,102,175681,1681,1,113
1:35:133,852,842,251,157097,1682,1,113
1:35:133,2000,491,98,175679,1682,1,113
1:35:137,2510,867,300,157094,1684,1,113
1:35:137,130,489,116,175681,1684,1,113
1:35:140,852,866,260,157091,1685,1,113
1:35:140,2000,496,108,175678,1685,1,113
1:35:144,2510,869,232,157093,1687,1,113
1:35:144,130,481,122,175680,1687,1,113
1:35:144,130,513,115,407499,1687,1,113
1:35:144,4,521,86,418029,1687,1,113
1:35:144,2900,510,112,424850,1687,1,113
1:35:144,2548,65535,65535,424918,1687,1,113
1:35:144,2390,65535,65535,424932,1687,1,113
1:35:144,768,513,82,428378,1687,1,113
1:35:144,512,65535,65535,424918,1687,1,113
1:35:144,512,65535,65535,424932,1687,1,113
1:35:147,852,902,243,157095,1688,1,113
1:35:147,2000,483,100,175678,1688,1,113
1:35:151,2510,871,247,157093,1689,1,113
1:35:151,130,487,100,175686,1689,1,113
1:35:154,852,899,247,157095,1691,1,113
1:35:154,2000,494,83,175683,1691,1,113
1:35:158,2510,910,261,157098,1692,1,113
1:35:158,130,488,106,175686,1692,1,113
1:35:161,852,910,236,157095,1694,1,113
1:35:161,2000,463,135,175682,1694,1,113
1:35:165,2510,929,231,157092,1695,1,113
1:35:165,130,460,107,175680,1695,1,113
1:35:168,852,924,228,157095,1697,1,113
1:35:168,2000,463,106,175682,1697,1,113
1:35:172,2510,926,220,157097,1698,1,113
1:35:172,130,468,97,175684,1698,1,113
1:35:172,132,358,90,489803,1698,1,113
1:35:172,256,367,69,503525,1698,1,113
1:35:172,3963,65535,65535,503675,1698,1,113
1:35:175,852,937,234,157094,1699,1,113
1:35:175,2000,465,93,175681,1699,1,113
1:35:179,2510,926,222,157096,1701,1,113
1:35:179,130,436,85,175684,1701,1,113
1:35:182,852,914,220,157094,1702,1,113
1:35:182,2000,447,136,175681,1702,1,113
1:35:186,2510,951,211,157096,1704,1,113
1:35:186,130,439,88,175684,1704,1,113
1:35:188,0,0,0,2147483648,1454,1,114
1:35:188,0,0,0,0,1454,1,114
1:35:188,0,0,0,0,1454,1,114
1:35:188,0,0,0,0,1454,1,114
1:35:188,0,0,0,0,1454,1,114
1:35:188,0,0,0,0,1454,1,114
1:35:188,0,0,0,0,1454,1,114
1:35:188,0,0,0,0,1454,1,114
1:35:188,0,0,0,0,1454,1,114
1:35:188,0,0,0,0,1454,1,114
1:35:188,0,0,0,0,1454,1,114
1:35:188,0,0,0,0,1454,1,114
1:35:188,0,0,0,0,1454,1,114
1:35:188,0,0,0,0,1454,1,114
1:35:188,0,0,0,0,1454,1,114
1:35:188,0,0,0,0,1454,1,114
1:35:188,0,0,0,0,1454,1,114
1:35:188,0,0,0,0,1454,1,114
1:35:188,0,0,0,0,1454,1,114
1:35:188,0,0,0,0,1454,1,114
1:35:188,0,0,0,0,1454,1,114
1:35:188,0,0,0,0,1454,1,114
1:35:188,0,0,0,0,1454,1,114
1:35:188,0,0,0,0,1454,1,114
1:35:188,0,0,0,0,1454,1,114
1:35:188,0,0,0,0,1454,1,114
1:35:188,0,0,0,0,1454,1,114
1:35:188,0,0,0,0,1454,1,114
1:35:188,0,0,0,0,1454,1,114
1:35:189,852,968,228,157093,1705,1,114
1:35:189,2000,424,92,175680,1705,1,114
1:35:193,2510,424,92,157095,1707,1,114
1:35:196,852,965,217,157098,1708,1,114
1:35:196,2000,388,99,175680,1708,1,114
1:35:200,2510,904,214,157095,1709,1,114
1:35:200,130,412,89,175683,1709,1,114
1:35:203,852,954,221,157098,1711,1,114
1:35:203,2000,397,82,175685,1711,1,114
1:35:207,2510,935,184,157095,1712,1,114
1:35:207,130,407,103,175688,1712,1,114
1:35:210,852,953,230,157097,1714,1,114
1:35:210,2000,388,93,175685,1714,1,114
1:35:217,852,958,224,157096,1717,1,114
1:35:217,2000,378,111,175684,1717,1,114
1:35:221,2510,942,229,157094,1718,1,114
1:35:221,130,380,103,175687,1718,1,114
1:35:224,852,933,222,157096,1719,1,114
1:35:224,2000,363,78,175684,1719,1,114
1:35:228,2510,918,223,157093,1721,1,114
1:35:228,130,334,105,175687,1721,1,114
1:35:231,852,902,212,157095,1722,1,114
1:35:231,2000,358,100,175690,1722,1,114
1:35:235,2510,921,205,157098,1724,1,114
1:35:235,130,346,109,175686,1724,1,114
1:35:238,852,926,206,157095,1725,1,114
1:35:238,2000,336,113,175689,1725,1,114
1:35:242,2510,914,195,157098,1727,1,114
1:35:242,130,325,107,175685,1727,1,114
1:35:245,852,898,222,157095,1728,1,114
1:35:245,2000,306,88,175695,1728,1,114
1:35:249,2510,306,88,157097,1730,1,114
1:35:252,852,895,184,157094,1731,1,114
1:35:252,2000,270,106,175688,1731,1,114
1:35:256,2510,890,228,157096,1732,1,114
1:35:256,130,304,107,175690,1732,1,114
1:35:259,852,878,172,157099,1734,1,114
1:35:259,2000,278,110,175687,1734,1,114
1:35:263,2510,871,199,157102,1735,1,114
1:35:266,852,858,177,157099,1737,1,114
1:35:266,2000,300,101,175686,1737,1,114
1:35:270,2510,822,189,157095,1738,1,114
1:35:270,130,288,96,175689,1738,1,114
1:35:273,852,288,96,157098,1739,1,114
1:35:277,2510,837,205,157095,1741,1,114
1:35:280,852,775,182,157097,1742,1,114
1:35:284,2510,814,206,157095,1744,1,114
1:35:287,852,789,190,157097,1745,1,114
1:35:287,720,789,190,175696,1745,1,114
1:35:291,2510,779,187,157100,1747,1,114
1:35:294,852,746,195,157096,1748,1,114
1:35:298,2510,762,186,157099,1750,1,114
1:35:301,852,745,181,157095,1751,1,114
1:35:305,2510,723,201,157098,1752,1,114
1:35:308,852,724,188,157101,1754,1,114
1:35:312,2510,686,189,157098,1755,1,114
1:35:315,852,677,181,157101,1757,1,114
1:35:319,2510,650,202,157097,1758,1,114
1:35:322,852,652,179,157100,1760,1,114
1:35:326,2510,627,195,157097,1761,1,114
1:35:329,852,611,216,157100,1762,1,114
1:35:333,2510,615,193,157102,1764,1,114
1:35:336,852,588,206,157099,1765,1,114
1:35:340,2510,599,191,157102,1767,1,114
1:35:340,135,491,167,249890,1767,1,114
1:35:340,388,65535,65535,249958,1767,1,114
1:35:340,132,65535,65535,249972,1767,1,114
1:35:340,1024,485,155,256718,1767,1,114
1:35:340,128,493,126,260018,1767,1,114
1:35:340,256,478,156,263318,1767,1,114
1:35:340,3325,65535,65535,263468,1767,1,114
1:35:340,16,478,156,358363,1767,1,114
1:35:343,852,546,193,157098,1768,1,114
1:35:343,149,125,0,279154,1768,1,114
1:35:347,2510,565,173,157101,1770,1,114
1:35:347,976,126,0,233330,1770,1,114
1:35:350,788,560,173,157110,1771,1,114
1:35:354,2510,533,190,157101,1772,1,114
1:35:357,852,517,208,157097,1774,1,114
1:35:361,2510,494,201,157095,1775,1,114
1:35:361,149,126,0,405988,1775,1,114
1:35:364,852,492,181,157103,1777,1,114
1:35:364,976,131,0,330242,1777,1,114
1:35:368,462,131,0,157100,1778,1,114
1:35:371,852,464,207,157103,1780,1,114
1:35:375,592,562,185,156679,1781,1,114
1:35:382,2190,562,185,157099,1784,1,114
1:35:382,976,106,0,484483,1784,1,114
1:35:385,149,72,0,100721,1785,1,114
1:35:389,149,144,0,342873,1787,1,114
1:35:392,448,126,0,177501,1788,1,114
1:35:396,2,89,0,246676,1790,1,114
1:35:399,149,106,0,151670,1791,1,114
1:35:399,149,110,0,248005,1791,1,114
1:35:483,0,0,0,3221225472,1454,1,115
1:35:483,0,0,0,0,1454,1,115
1:35:483,0,0,0,0,1454,1,115
1:35:483,0,0,0,0,1454,1,115
1:35:483,0,0,0,0,1454,1,115
1:35:483,0,0,0,0,1454,1,115
1:35:483,0,0,0,0,1454,1,115
1:35:483,0,0,0,0,1454,1,115
1:35:483,0,0,0,0,1454,1,115
1:35:483,0,0,0,0,1454,1,115
1:35:483,0,0,0,0,1454,1,115
1:35:483,0,0,0,0,1454,1,115
1:35:483,0,0,0,0,1454,1,115
1:35:483,0,0,0,0,1454,1,115
1:35:483,0,0,0,0,1454,1,115
1:35:483,0,0,0,0,1454,1,115
1:35:483,0,0,0,0,1454,1,115
1:35:483,0,0,0,0,1454,1,115
1:35:483,0,0,0,0,1454,1,115
1:35:483,0,0,0,0,1454,1,115
1:35:483,0,0,0,0,1454,1,115
1:35:483,0,0,0,0,1454,1,115
1:35:483,0,0,0,0,1454,1,115
1:35:483,0,0,0,0,1454,1,115
1:35:483,0,0,0,0,1454,1,115
1:35:483,0,0,0,0,1454,1,115
1:35:483,0,0,0,0,1454,1,115
1:35:483,0,0,0,0,1454,1,115
1:35:483,0,0,0,0,1454,1,115
1:36:106,2053,141,0,361849,2080,1,115
1:36:110,136,141,0,310036,2082,1,115
1:36:257,3813,713,307,124216,2142,1,115
1:36:260,3988,745,333,124214,2143,1,115
1:36:264,3813,750,330,124216,2145,1,115
1:36:267,3988,728,301,124214,2146,1,115
1:36:271,3813,801,308,124216,2148,1,115
1:36:274,3988,768,312,124214,2149,1,115
1:36:278,3813,823,291,124216,2151,1,115
1:36:281,3988,843,301,124214,2152,1,115
1:36:285,3813,803,255,124216,2153,1,115
1:36:288,3988,870,307,124207,2155,1,115
1:36:292,3813,818,247,124210,2156,1,115
1:36:295,3988,882,278,124207,2158,1,115
1:36:299,3813,877,265,124210,2159,1,115
1:36:302,3988,881,254,124206,2161,1,115
1:36:306,3813,900,254,124209,2162,1,115
1:36:309,3988,884,225,124206,2164,1,115
1:36:316,3988,920,243,124206,2166,1,115
1:36:320,3813,915,227,124209,2168,1,115
1:36:323,3988,963,221,124200,2169,1,115
1:36:327,3813,901,244,124208,2171,1,115
1:36:330,3988,954,259,124199,2172,1,115
1:36:334,3813,945,232,124201,2173,1,115
1:36:337,3988,931,223,124199,2175,1,115
1:36:341,3813,965,221,124201,2176,1,115
1:36:344,3988,904,214,124199,2178,1,115
1:36:348,3813,986,211,124201,2179,1,115
1:36:351,3988,954,229,124198,2181,1,115
1:36:355,3813,968,206,124200,2182,1,115
1:36:358,3988,991,242,124197,2184,1,115
1:36:362,3813,964,238,124200,2185,1,115
1:36:365,3988,994,229,124197,2186,1,115
1:36:369,3813,967,214,124200,2188,1,115
1:36:372,3988,957,200,124196,2189,1,115
1:36:376,3813,992,214,124199,2191,1,115
1:36:379,3988,912,196,124190,2192,1,115
1:36:383,3813,948,185,124192,2194,1,115
1:36:386,3988,935,186,124189,2195,1,115
1:36:390,3813,954,226,124192,2197,1,115
1:36:393,3988,953,240,124189,2198,1,115
1:36:397,3813,907,191,124191,2199,1,115
1:36:400,3988,924,205,124194,2201,1,115
1:36:404,3813,920,217,124191,2202,1,115
1:36:407,3988,928,212,124194,2204,1,115
1:36:411,3813,915,232,124190,2205,1,115
1:36:414,3988,844,198,124193,2206,1,115
1:36:418,3813,906,225,124190,2208,1,115
1:36:421,3988,852,229,124193,2209,1,115
1:36:425,3813,884,217,124189,2211,1,115
1:36:428,3988,874,254,124192,2212,1,115
1:36:432,3813,798,249,124183,2214,1,115
1:36:435,3988,859,270,124185,2215,1,115
1:36:439,3813,801,234,124183,2217,1,115
1:36:442,3988,842,302,124185,2218,1,115
1:36:446,3813,803,247,124182,2219,1,115
1:36:449,3988,769,242,124185,2221,1,115
1:36:453,3813,802,271,124182,2222,1,115
1:36:456,3988,733,225,124185,2224,1,115
1:36:460,3813,762,261,124182,2225,1,115
1:36:463,3988,716,249,124185,2227,1,115
1:36:467,3813,729,248,124182,2228,1,115
1:36:470,3988,750,281,124185,2229,1,115
1:36:470,2,679,197,406851,2229,1,115
1:36:470,2,65535,65535,406919,2229,1,115
1:36:470,2,65535,65535,406938,2229,1,115
1:36:474,3813,674,240,124175,2231,1,115
1:36:477,3988,699,253,124178,2232,1,115
1:36:481,3813,679,245,124175,2234,1,115
1:36:484,3988,668,254,124178,2235,1,115
1:36:488,3813,663,259,124175,2237,1,115
1:36:491,3988,606,261,124178,2238,1,115
1:36:495,2789,612,266,124175,2239,1,115
1:36:498,3988,578,245,124178,2241,1,115
1:36:502,2757,601,264,124174,2242,1,115
1:36:505,3972,594,252,124177,2244,1,115
1:36:509,3808,594,252,124174,2245,1,115
1:36:603,656,378,0,192984,2284,1,115
1:36:603,144,65535,65535,193000,2284,1,115
1:37:041,2,378,0,510516,2463,1,115
1:37:041,1,94,0,513685,2463,1,115
1:37:044,512,94,0,119044,2464,1,115
1:37:051,608,94,0,429478,2467,1,115
1:37:051,16,94,0,490749,2467,1,115
1:37:062,32,94,0,362456,2471,1,115
1:37:062,512,102,0,368905,2471,1,115
1:37:190,0,0,0,2147483648,1454,1,116
1:37:190,0,0,0,0,1454,1,116
1:37:190,0,0,0,0,1454,1,116
1:37:190,0,0,0,0,1454,1,116
1:37:190,0,0,0,0,1454,1,116
1:37:190,0,0,0,0,1454,1,116
1:37:190,0,0,0,0,1454,1,116
1:37:190,0,0,0,0,1454,1,116
1:37:190,0,0,0,0,1454,1,116
1:37:190,0,0,0,0,1454,1,116
1:37:190,0,0,0,0,1454,1,116
1:37:190,0,0,0,0,1454,1,116
1:37:190,0,0,0,0,1454,1,116
1:37:190,0,0,0,0,1454,1,116
1:37:190,0,0,0,0,1454,1,116
1:37:190,0,0,0,0,1454,1,116
1:37:190,0,0,0,0,1454,1,116
1:37:190,0,0,0,0,1454,1,116
1:37:190,0,0,0,0,1454,1,116
1:37:190,0,0,0,0,1454,1,116
1:37:190,0,0,0,0,1454,1,116
1:37:190,0,0,0,0,1454,1,116
1:37:190,0,0,0,0,1454,1,116
1:37:190,0,0,0,0,1454,1,116
1:37:190,0,0,0,0,1454,1,116
1:37:190,0,0,0,0,1454,1,116
1:37:190,0,0,0,0,1454,1,116
1:37:190,0,0,0,0,1454,1,116
1:37:190,0,0,0,0,1454,1,116
1:37:258,4,121,0,458943,2552,1,116
1:37:268,2576,95,0,230590,2556,1,116
1:37:275,2576,116,0,230590,2559,1,116
1:37:279,1512,111,0,230593,2560,1,116
1:37:279,128,117,0,305495,2560,1,116
1:37:279,40,95,0,312084,2560,1,116
1:37:279,516,108,0,320130,2560,1,116
1:37:282,2576,119,0,230584,2562,1,116
1:37:289,2576,112,12,230595,2564,1,116
1:37:300,1512,107,0,230586,2569,1,116
1:37:303,2576,114,0,230595,2570,1,116
1:37:310,2576,114,0,230582,2573,1,116
1:37:314,488,137,0,230592,2575,1,116
1:37:317,2576,127,0,230595,2576,1,116
1:37:321,1512,129,0,230597,2577,1,116
1:37:324,2576,145,0,230600,2579,1,116
1:37:328,1512,153,0,230596,2580,1,116
1:37:331,2576,127,0,230599,2582,1,116
1:37:335,1512,126,0,230590,2583,1,116
1:37:338,2576,148,0,230587,2584,1,116
1:37:342,1512,127,0,230595,2586,1,116
1:37:352,2576,136,0,230598,2590,1,116
1:37:356,1512,159,15,230595,2592,1,116
1:37:359,2576,158,0,230597,2593,1,116
1:37:363,1512,140,0,230595,2595,1,116
1:37:366,2576,154,0,230597,2596,1,116
1:37:370,1512,150,0,230594,2598,1,116
1:37:373,2576,142,0,230591,2599,1,116
1:37:377,1512,143,0,230588,2600,1,116
1:37:380,305,103,0,86689,2602,1,116
1:37:384,1512,164,0,230593,2603,1,116
1:37:387,2576,139,0,230590,2605,1,116
1:37:391,1512,152,0,230593,2606,1,116
1:37:394,2576,152,0,230595,2607,1,116
1:37:398,1512,159,0,230592,2609,1,116
1:37:401,2576,169,0,230601,2610,1,116
1:37:405,1512,151,0,230592,2612,1,116
1:37:408,2576,137,0,230588,2613,1,116
1:37:412,1512,164,0,230597,2615,1,116
1:37:415,2576,192,0,230600,2616,1,116
1:37:419,1512,134,0,230591,2617,1,116
1:37:422,2576,143,0,230594,2619,1,116
1:37:426,1512,168,0,230590,2620,1,116
1:37:429,2576,159,0,230593,2622,1,116
1:37:433,1512,166,0,230595,2623,1,116
1:37:436,2576,161,0,230598,2625,1,116
1:37:440,1512,169,0,230601,2626,1,116
1:37:443,2576,169,0,230598,2628,1,116
1:37:447,1512,166,0,230601,2629,1,116
1:37:450,2576,139,0,230597,2630,1,116
1:37:454,1512,163,0,230588,2632,1,116
1:37:457,2576,146,0,230591,2633,1,116
1:37:461,1512,137,0,230594,2635,1,116
1:37:464,2576,144,0,230585,2636,1,116
1:37:468,1512,118,0,230588,2638,1,116
1:37:471,128,118,0,7515,2639,1,116
1:37:471,2576,140,0,230591,2639,1,116
1:37:475,1512,141,0,230599,2640,1,116
1:37:478,2576,136,0,230596,2642,1,116
1:37:482,1512,150,0,230599,2643,1,116
1:37:485,0,0,0,3221225472,1454,1,117
1:37:485,0,0,0,0,1454,1,117
1:37:485,0,0,0,0,1454,1,117
1:37:485,0,0,0,0,1454,1,117
1:37:485,0,0,0,0,1454,1,117
1:37:485,0,0,0,0,1454,1,117
1:37:485,0,0,0,0,1454,1,117
1:37:485,0,0,0,0,1454,1,117
1:37:485,0,0,0,0,1454,1,117
1:37:485,0,0,0,0,1454,1,117
1:37:485,0,0,0,0,1454,1,117
1:37:485,0,0,0,0,1454,1,117
1:37:485,0,0,0,0,1454,1,117
1:37:485,0,0,0,0,1454,1,117
1:37:485,0,0,0,0,1454,1,117
1:37:485,0,0,0,0,1454,1,117
1:37:485,0,0,0,0,1454,1,117
1:37:485,0,0,0,0,1454,1,117
1:37:485,0,0,0,0,1454,1,117
1:37:485,0,0,0,0,1454,1,117
1:37:485,0,0,0,0,1454,1,117
1:37:485,0,0,0,0,1454,1,117
1:37:485,0,0,0,0,1454,1,117
1:37:485,0,0,0,0,1454,1,117
1:37:485,0,0,0,0,1454,1,117
1:37:485,0,0,0,0,1454,1,117
1:37:485,0,0,0,0,1454,1,117
1:37:485,0,0,0,0,1454,1,117
1:37:485,0,0,0,0,1454,1,117
1:37:489,1512,165,0,230599,2646,1,117
1:37:496,2048,165,0,7103,2649,1,117
1:37:496,1512,103,0,230587,2649,1,117
1:37:499,2576,147,0,230596,2650,1,117
1:37:506,2576,121,0,161310,2653,1,117
1:37:506,2576,111,0,230596,2653,1,117
1:37:510,1512,126,0,224534,2655,1,117
1:37:513,2576,100,0,230596,2656,1,117
1:37:513,2576,114,0,293709,2656,1,117
1:37:517,1512,137,0,230599,2658,1,117
1:37:517,1512,101,0,357383,2658,1,117
1:37:520,2560,119,0,230602,2659,1,117
1:37:520,2576,125,0,433273,2659,1,117
1:37:527,2576,108,0,230603,2662,1,117
1:37:531,1376,105,0,230594,2663,1,117
1:37:534,1512,82,0,114133,2665,1,117
1:37:534,2576,111,0,230603,2665,1,117
1:37:538,2576,94,0,191133,2666,1,117
1:37:538,1512,110,0,230595,2666,1,117
1:37:541,2576,88,0,230597,2668,1,117
1:37:541,1512,79,0,243605,2668,1,117
1:37:597,1,79,0,358659,2691,1,117
1:37:678,8,79,0,432247,2723,1,117
1:38:056,128,79,0,316871,2878,1,117
1:38:063,1024,79,0,203353,2881,1,117
1:38:112,144,433,0,247555,2901,1,117
1:38:115,8,3830,1780,210389,2903,1,117
1:38:115,1024,76,0,213766,2903,1,117
1:38:560,448,112,0,328987,3084,1,117
1:39:109,16,64,0,233145,3309,1,117
1:39:109,2919,65535,65535,233288,3309,1,117
1:39:190,640,64,0,456261,3342,1,117
1:39:191,0,0,0,2147483648,1454,1,118
1:39:191,0,0,0,0,1454,1,118
1:39:191,0,0,0,0,1454,1,118
1:39:191,0,0,0,0,1454,1,118
1:39:191,0,0,0,0,1454,1,118
1:39:191,0,0,0,0,1454,1,118
1:39:191,0,0,0,0,1454,1,118
1:39:191,0,0,0,0,1454,1,118
1:39:191,0,0,0,0,1454,1,118
1:39:191,0,0,0,0,1454,1,118
1:39:191,0,0,0,0,1454,1,118
1:39:191,0,0,0,0,1454,1,118
1:39:191,0,0,0,0,1454,1,118
1:39:191,0,0,0,0,1454,1,118
1:39:191,0,0,0,0,1454,1,118
1:39:191,0,0,0,0,1454,1,118
1:39:191,0,0,0,0,1454,1,118
1:39:191,0,0,0,0,1454,1,118
1:39:191,0,0,0,0,1454,1,118
1:39:191,0,0,0,0,1454,1,118
1:39:191,0,0,0,0,1454,1,118
1:39:191,0,0,0,0,1454,1,118
1:39:191,0,0,0,0,1454,1,118
1:39:191,0,0,0,0,1454,1,118
1:39:191,0,0,0,0,1454,1,118
1:39:191,0,0,0,0,1454,1,118
1:39:191,0,0,0,0,1454,1,118
1:39:191,0,0,0,0,1454,1,118
1:39:191,0,0,0,0,1454,1,118
1:39:193,1552,104,0,224902,3343,1,118
1:39:204,1255,128,0,224887,3348,1,118
1:39:211,1511,126,0,224898,3351,1,118
1:39:214,1552,94,0,224883,3352,1,118
1:39:218,1255,126,0,224892,3353,1,118
1:39:221,1552,122,0,224895,3355,1,118
1:39:225,1024,68,0,139771,3356,1,118
1:39:225,1511,126,0,224885,3356,1,118
1:39:232,1511,138,0,224879,3359,1,118
1:39:235,1552,142,0,224888,3361,1,118
1:39:239,1511,144,0,224884,3362,1,118
1:39:242,1552,151,0,224887,3363,1,118
1:39:246,1511,130,0,224890,3365,1,118
1:39:249,1552,128,0,224880,3366,1,118
1:39:253,1511,134,0,224883,3368,1,118
1:39:256,1552,152,0,224874,3369,1,118
1:39:260,1511,122,0,224883,3371,1,118
1:39:263,1552,135,0,224886,3372,1,118
1:39:267,1511,157,0,224882,3373,1,118
1:39:270,1552,138,0,224880,3375,1,118
1:39:274,1511,126,0,224881,3376,1,118
1:39:277,1552,142,0,224879,3378,1,118
1:39:281,1511,125,0,224876,3379,1,118
1:39:284,1552,124,0,224872,3381,1,118
1:39:288,1511,128,0,224880,3382,1,118
1:39:291,1552,153,0,224890,3384,1,118
1:39:295,1511,147,0,224886,3385,1,118
1:39:298,1552,139,0,224877,3386,1,118
1:39:302,1507,127,0,224874,3388,1,118
1:39:305,1552,149,0,224877,3389,1,118
1:39:309,1511,127,0,224880,3391,1,118
1:39:312,1552,136,0,224876,3392,1,118
1:39:316,1511,112,0,224885,3394,1,118
1:39:319,1552,142,0,224869,3395,1,118
1:39:323,1511,152,0,224872,3396,1,118
1:39:326,1552,118,0,224875,3398,1,118
1:39:330,1511,144,0,224872,3399,1,118
1:39:333,1552,126,0,224875,3401,1,118
1:39:337,1511,135,15,224871,3402,1,118
1:39:340,1552,153,13,224868,3404,1,118
1:39:344,1511,137,0,224871,3405,1,118
1:39:347,1552,116,0,224874,3406,1,118
1:39:351,1511,153,0,224877,3408,1,118
1:39:354,1552,107,0,224879,3409,1,118
1:39:358,1511,124,0,224870,3411,1,118
1:39:361,1552,109,0,224866,3412,1,118
1:39:361,128,129,0,433020,3412,1,118
1:39:361,4,87,0,443005,3412,1,118
1:39:365,1511,107,0,224864,3414,1,118
1:39:368,1552,122,0,224866,3415,1,118
1:39:372,1511,105,0,224880,3417,1,118
1:39:375,1552,107,0,224871,3418,1,118
1:39:379,1511,119,0,224868,3419,1,118
1:39:382,1552,133,0,224871,3421,1,118
1:39:386,1511,108,0,224862,3422,1,118
1:39:389,1552,112,0,224865,3424,1,118
1:39:393,1511,126,0,224873,3425,1,118
1:39:396,1552,98,0,224870,3426,1,118
1:39:400,1511,106,0,224866,3428,1,118
1:39:407,1511,101,0,224866,3431,1,118
1:39:414,1511,99,0,224871,3434,1,118
1:39:417,1552,103,0,224862,3435,1,118
1:39:470,2101,96,0,118153,3456,1,118
1:39:487,0,0,0,3221225472,1454,1,119
1:39:487,0,0,0,0,1454,1,119
1:39:487,0,0,0,0,1454,1,119
1:39:487,0,0,0,0,1454,1,119
1:39:487,0,0,0,0,1454,1,119
1:39:487,0,0,0,0,1454,1,119
1:39:487,0,0,0,0,1454,1,119
1:39:487,0,0,0,0,1454,1,119
1:39:487,0,0,0,0,1454,1,119
1:39:487,0,0,0,0,1454,1,119
1:39:487,0,0,0,0,1454,1,119
1:39:487,0,0,0,0,1454,1,119
1:39:487,0,0,0,0,1454,1,119
1:39:487,0,0,0,0,1454,1,119
1:39:487,0,0,0,0,1454,1,119
1:39:487,0,0,0,0,1454,1,119
1:39:487,0,0,0,0,1454,1,119
1:39:487,0,0,0,0,1454,1,119
1:39:487,0,0,0,0,1454,1,119
1:39:487,0,0,0,0,1454,1,119
1:39:487,0,0,0,0,1454,1,119
1:39:487,0,0,0,0,1454,1,119
1:39:487,0,0,0,0,1454,1,119
1:39:487,0,0,0,0,1454,1,119
1:39:487,0,0,0,0,1454,1,119
1:39:487,0,0,0,0,1454,1,119
1:39:487,0,0,0,0,1454,1,119
1:39:487,0,0,0,0,1454,1,119
1:39:487,0,0,0,0,1454,1,119
1:39:701,2176,3163,1430,6899,3551,1,119
1:39:704,176,3158,1339,6914,3552,1,119
1:39:708,2176,3185,1234,6904,3554,1,119
1:39:711,176,3243,1229,6907,3555,1,119
1:39:715,2176,3283,1158,6903,3557,1,119
1:39:718,176,3291,1167,6906,3558,1,119
1:39:722,2176,3267,1086,6903,3560,1,119
1:39:725,176,3296,1082,6906,3561,1,119
1:39:729,2176,3355,1072,6902,3563,1,119
1:39:732,176,3367,1044,6905,3564,1,119
1:39:736,2176,3311,910,6902,3565,1,119
1:39:739,176,3424,961,6905,3567,1,119
1:39:743,2176,3418,951,6901,3568,1,119
1:39:746,176,3449,902,6899,3570,1,119
1:39:750,2176,3457,843,6900,3571,1,119
1:39:753,176,3531,879,6903,3572,1,119
1:39:757,2176,3532,930,6900,3574,1,119
1:39:760,176,3544,896,6897,3575,1,119
1:39:764,2176,3532,908,6906,3577,1,119
1:39:767,176,3550,1016,6909,3578,1,119
1:39:771,2176,3493,1015,6912,3580,1,119
1:39:774,176,3538,1114,6902,3581,1,119
1:39:778,2176,3500,1187,6905,3583,1,119
1:39:781,176,3461,1183,6901,3584,1,119
1:39:785,2176,3500,1227,6904,3585,1,119
1:39:788,176,3437,1189,6901,3587,1,119
1:39:792,2176,3451,1218,6904,3588,1,119
1:39:795,176,3410,1214,6900,3590,1,119
1:39:799,2176,3428,1294,6903,3591,1,119
1:39:802,176,3345,1266,6900,3593,1,119
1:39:806,2176,3320,1381,6902,3594,1,119
1:39:809,144,3313,1420,6900,3596,1,119
1:39:813,2176,3313,1420,6902,3597,1,119
1:39:816,32,3283,1513,6899,3598,1,119
1:40:194,852,131,0,157414,3753,1,119
1:40:275,2510,159,0,157423,3786,1,119
1:40:408,471,86,0,150813,3840,1,119
1:40:408,256,104,0,154990,3840,1,119
1:40:583,518,90,0,292164,3912,1,119
1:40:635,4,143,0,489326,3934,1,119
1:40:635,576,120,0,492704,3934,1,119
1:40:635,3136,65535,65535,492771,3934,1,119
1:40:635,64,65535,65535,492773,3934,1,119
1:40:646,192,120,0,236078,3938,1,119
1:40:646,10,128,0,350796,3938,1,119
1:40:677,1156,128,0,123473,3951,1,119
1:40:681,8,106,53,457358,3952,1,119
1:40:681,272,106,53,469346,3952,1,119
1:40:688,165,106,53,123469,3955,1,119
1:40:691,8,97,0,138111,3956,1,119
1:40:691,80,85,0,193917,3956,1,119
1:40:695,1733,106,0,123486,3958,1,119
1:40:702,2629,101,0,123480,3961,1,119
1:40:705,3472,101,0,123482,3962,1,119
1:40:712,3216,103,0,123482,3965,1,119
1:40:716,3301,103,0,123473,3967,1,119
1:40:723,1572,103,0,123479,3969,1,119
1:40:730,3620,101,0,123472,3972,1,119
1:40:733,912,84,0,123468,3974,1,119
1:40:740,912,102,0,123474,3977,1,119
1:40:744,544,102,0,123477,3978,1,119
1:40:758,3813,103,0,123464,3984,1,119
1:40:761,1920,91,0,123472,3985,1,119
1:40:761,272,110,0,250815,3985,1,119
1:40:761,2048,73,0,261092,3985,1,119
1:40:765,3301,96,0,123463,3987,1,119
1:40:772,2789,96,0,123468,3989,1,119
1:40:779,3813,96,0,123468,3992,1,119
1:40:782,3988,93,0,123452,3994,1,119
1:40:789,2708,93,0,123470,3997,1,119
1:40:793,3813,100,0,123467,3998,1,119
1:40:796,2452,100,0,123464,4000,1,119
1:40:807,3813,92,0,123460,4004,1,119
1:40:810,3476,94,0,123450,4005,1,119
1:40:814,3813,107,0,123453,4007,1,119
1:40:814,1056,65535,65535,123475,4007,1,119
1:40:817,3476,76,0,123456,4008,1,119
1:40:821,129,97,0,123471,4009,1,119
1:40:824,1936,83,0,123462,4011,1,119
1:40:828,2789,83,0,123452,4012,1,119
1:40:828,132,135,0,449469,4012,1,119
1:40:828,134,142,0,456147,4012,1,119
1:40:828,6,65535,65535,456214,4012,1,119
1:40:828,6,65535,65535,456222,4012,1,119
1:40:828,260,142,0,462818,4012,1,119
1:40:831,1684,76,0,123455,4014,1,119
1:40:835,3777,76,0,123458,4015,1,119
1:40:842,2785,94,0,123451,4018,1,119
1:40:845,16,82,0,60929,4020,1,119
1:40:845,1154,100,0,74045,4020,1,119
1:40:845,1266,65535,65535,74113,4020,1,119
1:40:845,1154,65535,65535,74127,4020,1,119
1:40:849,20,659,84,386912,4021,1,119
1:40:849,2177,603,100,390212,4021,1,119
1:40:852,3476,83,0,123448,4022,1,119
1:40:863,2788,100,0,123450,4027,1,119
1:40:870,3813,69,0,123449,4030,1,119
1:40:877,3808,80,0,123442,4032,1,119
1:40:880,3460,80,0,123457,4034,1,119
1:40:887,976,533,112,116905,4037,1,119
1:40:891,149,524,102,116908,4038,1,119
1:40:894,976,521,109,116898,4039,1,119
1:40:894,20,95,0,123444,4039,1,119
1:40:894,976,648,101,312722,4039,1,119
1:40:898,149,519,114,116901,4041,1,119
1:40:898,1056,640,126,269418,4041,1,119
1:40:901,848,532,133,116904,4042,1,119
1:40:905,149,517,115,116906,4044,1,119
1:40:908,976,504,109,116909,4045,1,119
1:40:908,2,660,96,361728,4045,1,119
1:40:908,256,65535,65535,361810,4045,1,119
1:40:908,675,648,144,371334,4045,1,119
1:40:908,691,65535,65535,371401,4045,1,119
1:40:908,675,65535,65535,371421,4045,1,119
1:40:908,1536,187,0,423833,4045,1,119
1:40:912,149,522,164,116906,4047,1,119
1:40:912,72,522,164,384339,4047,1,119
1:40:912,149,705,115,517788,4047,1,119
1:40:915,976,528,135,116909,4048,1,119
1:40:919,149,535,140,116905,4050,1,119
1:40:922,976,535,145,116908,4051,1,119
1:40:922,272,70,0,123453,4051,1,119
1:40:922,2932,65535,65535,155757,4051,1,119
1:40:922,516,679,124,159135,4051,1,119
1:40:922,778,659,137,165957,4051,1,119
1:40:922,520,65535,65535,155674,4051,1,119
1:40:922,520,65535,65535,155688,4051,1,119
1:40:922,4,635,133,169257,4051,1,119
1:40:926,149,459,85,96817,4052,1,119
1:40:926,149,536,127,116910,4052,1,119
1:40:929,976,442,147,82533,4054,1,119
1:40:929,976,549,133,116913,4054,1,119
1:40:933,21,547,148,116910,4055,1,119
1:40:936,976,543,167,116907,4057,1,119
1:40:936,149,684,137,189325,4057,1,119
1:40:940,976,679,143,188962,4058,1,119
1:40:943,976,547,161,116911,4060,1,119
1:40:947,149,573,162,116914,4061,1,119
1:40:950,976,581,156,116917,4062,1,119
1:40:954,149,580,150,116914,4064,1,119
1:40:957,976,588,148,116917,4065,1,119
1:40:961,149,567,139,116913,4067,1,119
1:40:964,976,578,166,116916,4068,1,119
1:40:971,976,609,163,116915,4071,1,119
1:40:975,149,598,168,116918,4072,1,119
1:40:978,976,603,147,116921,4074,1,119
1:40:985,976,595,148,116926,4077,1,119
1:40:989,149,612,139,116923,4078,1,119
1:40:992,976,616,138,116920,4080,1,119
1:40:996,149,605,138,116923,4081,1,119
1:40:999,976,617,148,116925,4083,1,119
1:41:003,149,631,123,116922,4084,1,119
1:41:006,976,624,140,116925,4085,1,119
1:41:010,149,644,123,116927,4087,1,119
1:41:013,976,644,136,116925,4088,1,119
1:41:017,149,627,123,116926,4090,1,119
1:41:020,976,652,144,116929,4091,1,119
1:41:024,149,620,112,116932,4093,1,119
1:41:027,976,649,117,116935,4094,1,119
1:41:031,149,656,110,116925,4095,1,119
1:41:034,976,645,122,116928,4097,1,119
1:41:038,149,645,98,116931,2,1,120
1:41:041,976,651,127,116934,4,1,120
1:41:045,149,650,98,116937,5,1,120
1:41:048,976,628,147,116940,7,1,120
1:41:052,149,655,137,116930,8,1,120
1:41:055,976,656,149,116933,9,1,120
1:41:059,149,664,123,116936,11,1,120
1:41:062,976,658,101,116939,12,1,120
1:41:066,149,638,123,116940,14,1,120
1:41:069,976,656,109,116943,15,1,120
1:41:073,149,651,129,116935,17,1,120
1:41:076,976,647,132,116937,18,1,120
1:41:080,149,675,126,116940,19,1,120
1:41:083,976,658,98,116942,21,1,120
1:41:087,149,639,129,116945,22,1,120
1:41:090,976,653,137,116948,24,1,120
1:41:094,149,634,109,116939,25,1,120
1:41:097,976,660,106,116941,27,1,120
1:41:101,149,631,145,116944,28,1,120
1:41:104,976,636,129,116947,29,1,120
1:41:108,149,652,124,116950,31,1,120
1:41:111,976,641,137,116947,32,1,120
1:41:115,2932,65535,65535,84196,34,1,120
1:41:115,516,568,83,87574,34,1,120
1:41:118,976,639,136,116946,35,1,120
1:41:122,149,629,129,116949,37,1,120
1:41:125,976,642,167,116952,38,1,120
1:41:129,149,625,104,116955,40,1,120
1:41:132,976,628,154,116946,41,1,120
1:41:136,149,614,147,116949,42,1,120
1:41:139,976,613,126,116952,44,1,120
1:41:146,960,587,143,116957,47,1,120
1:41:146,128,188,0,156065,47,1,120
1:41:150,149,597,158,116949,48,1,120
1:41:153,976,584,152,116952,50,1,120
1:41:157,149,580,151,116955,51,1,120
1:41:160,976,585,126,116957,52,1,120
1:41:164,149,579,161,116960,54,1,120
1:41:167,976,565,183,116963,55,1,120
1:41:171,149,564,156,116954,57,1,120
1:41:174,976,541,145,116956,58,1,120
1:41:178,149,541,145,116959,60,1,120
1:41:181,976,542,160,116962,61,1,120
1:41:185,149,518,156,116965,62,1,120
1:41:188,976,488,146,116962,64,1,120
1:41:192,149,515,190,116959,65,1,120
1:41:193,0,0,0,2147483648,1454,1,120
1:41:193,0,0,0,0,1454,1,120
1:41:193,0,0,0,0,1454,1,120
1:41:193,0,0,0,0,1454,1,120
1:41:193,0,0,0,0,1454,1,120
1:41:193,0,0,0,0,1454,1,120
1:41:193,0,0,0,0,1454,1,120
1:41:193,0,0,0,0,1454,1,120
1:41:193,0,0,0,0,1454,1,120
1:41:193,0,0,0,0,1454,1,120
1:41:193,0,0,0,0,1454,1,120
1:41:193,0,0,0,0,1454,1,120
1:41:193,0,0,0,0,1454,1,120
1:41:193,0,0,0,0,1454,1,120
1:41:193,0,0,0,0,1454,1,120
1:41:193,0,0,0,0,1454,1,120
1:41:193,0,0,0,0,1454,1,120
1:41:193,0,0,0,0,1454,1,120
1:41:193,0,0,0,0,1454,1,120
1:41:193,0,0,0,0,1454,1,120
1:41:193,0,0,0,0,1454,1,120
1:41:193,0,0,0,0,1454,1,120
1:41:193,0,0,0,0,1454,1,120
1:41:193,0,0,0,0,1454,1,120
1:41:193,0,0,0,0,1454,1,120
1:41:193,0,0,0,0,1454,1,120
1:41:193,0,0,0,0,1454,1,120
1:41:193,0,0,0,0,1454,1,120
1:41:193,0,0,0,0,1454,1,120
1:41:195,976,520,173,116962,67,1,121
1:41:199,149,501,180,116965,68,1,121
1:41:202,976,489,168,116961,70,1,121
1:41:206,149,493,174,116970,71,1,121
1:41:209,976,457,150,116961,73,1,121
1:41:213,149,451,174,116964,74,1,121
1:41:216,976,438,173,116967,75,1,121
1:41:227,149,438,164,116970,80,1,121
1:41:230,592,418,170,116966,81,1,121
1:41:234,4,409,166,116969,82,1,121
1:41:237,976,378,169,116978,84,1,121
1:41:241,16,378,169,116974,85,1,121
1:41:339,20,372,128,252997,126,1,121
1:41:356,2704,372,128,252993,133,1,121
1:41:360,981,297,94,252996,134,1,121
1:41:363,2708,290,75,252992,136,1,121
1:41:367,981,297,74,252995,137,1,121
1:41:370,2708,287,97,252992,139,1,121
1:41:374,981,297,104,252995,140,1,121
1:41:377,2708,326,90,252986,141,1,121
1:41:381,981,328,96,252994,143,1,121
1:41:384,2708,328,96,252991,144,1,121
1:41:388,981,315,88,252994,146,1,121
1:41:391,2708,380,106,252990,147,1,121
1:41:395,981,345,69,252988,148,1,121
1:41:398,660,345,69,252990,150,1,121
1:41:402,981,372,60,252987,151,1,121
1:41:405,2708,372,60,252983,153,1,121
1:41:409,981,389,109,252986,154,1,121
1:41:412,2708,417,115,252989,156,1,121
1:41:416,981,402,71,252986,157,1,121
1:41:419,2708,391,83,252982,159,1,121
1:41:423,981,426,82,252985,160,1,121
1:41:426,2708,429,103,252982,161,1,121
1:41:430,981,415,87,252978,163,1,121
1:41:433,2708,406,100,252981,164,1,121
1:41:437,981,465,73,252984,166,1,121
1:41:440,2932,65535,65535,129449,167,1,121
1:41:440,516,410,99,132827,167,1,121
1:41:440,3015,391,83,136121,167,1,121
1:41:440,3845,65535,65535,136188,167,1,121
1:41:440,2821,65535,65535,136197,167,1,121
1:41:440,390,402,113,139649,167,1,121
1:41:440,6,65535,65535,139716,167,1,121
1:41:440,6,65535,65535,139719,167,1,121
1:41:440,4,388,79,143171,167,1,121
1:41:444,981,448,123,252984,169,1,121
1:41:447,2708,476,79,252980,170,1,121
1:41:451,981,472,111,252977,171,1,121
1:41:454,2708,489,107,252979,173,1,121
1:41:458,981,508,108,252976,174,1,121
1:41:461,2708,474,109,252974,176,1,121
1:41:465,981,469,97,252975,177,1,121
1:41:468,2708,505,101,252978,178,1,121
1:41:472,981,498,105,252969,180,1,121
1:41:475,2708,472,78,252972,181,1,121
1:41:479,981,489,96,252975,183,1,121
1:41:482,2708,498,97,252972,184,1,121
1:41:486,981,482,77,252968,186,1,121
1:41:489,0,0,0,3221225472,1454,1,121
1:41:489,0,0,0,0,1454,1,121
1:41:489,0,0,0,0,1454,1,121
1:41:489,0,0,0,0,1454,1,121
1:41:489,0,0,0,0,1454,1,121
1:41:489,0,0,0,0,1454,1,121
1:41:489,0,0,0,0,1454,1,121
1:41:489,0,0,0,0,1454,1,121
1:41:489,0,0,0,0,1454,1,121
1:41:489,0,0,0,0,1454,1,121
1:41:489,0,0,0,0,1454,1,121
1:41:489,0,0,0,0,1454,1,121
1:41:489,0,0,0,0,1454,1,121
1:41:489,0,0,0,0,1454,1,121
1:41:489,0,0,0,0,1454,1,121
1:41:489,0,0,0,0,1454,1,121
1:41:489,0,0,0,0,1454,1,121
1:41:489,0,0,0,0,1454,1,121
1:41:489,0,0,0,0,1454,1,121
1:41:489,0,0,0,0,1454,1,121
1:41:489,0,0,0,0,1454,1,121
1:41:489,0,0,0,0,1454,1,121
1:41:489,0,0,0,0,1454,1,121
1:41:489,0,0,0,0,1454,1,121
1:41:489,0,0,0,0,1454,1,121
1:41:489,0,0,0,0,1454,1,121
1:41:489,0,0,0,0,1454,1,121
1:41:489,0,0,0,0,1454,1,121
1:41:489,0,0,0,0,1454,1,121
1:41:489,2708,528,85,252971,187,1,122
1:41:493,981,353,58,252961,189,1,122
1:41:496,2708,504,90,252971,190,1,122
1:41:500,981,535,97,252967,192,1,122
1:41:503,2708,516,115,252970,193,1,122
1:41:507,981,489,86,252967,194,1,122
1:41:510,2708,515,117,252970,196,1,122
1:41:517,2708,476,107,252963,199,1,122
1:41:521,981,497,76,252966,200,1,122
1:41:524,2708,543,80,252962,201,1,122
1:41:528,981,491,81,252960,203,1,122
1:41:531,2708,480,91,252961,204,1,122
1:41:535,469,511,81,252964,206,1,122
1:41:538,2708,488,90,252961,207,1,122
1:41:538,2932,65535,65535,417376,207,1,122
1:41:538,518,378,92,420749,207,1,122
1:41:538,2,381,71,424054,207,1,122
1:41:538,4,65535,65535,424122,207,1,122
1:41:542,981,491,99,252964,209,1,122
1:41:545,2708,502,121,252960,210,1,122
1:41:549,981,488,90,252963,212,1,122
1:41:552,2708,479,93,252954,213,1,122
1:41:556,981,479,93,252957,214,1,122
1:41:559,2708,475,99,252954,216,1,122
1:41:563,981,463,102,252962,217,1,122
1:41:566,2708,471,87,252960,219,1,122
1:41:570,981,487,104,252962,220,1,122
1:41:573,2708,453,85,252959,222,1,122
1:41:577,981,470,101,252956,223,1,122
1:41:580,2708,475,86,252952,224,1,122
1:41:584,981,449,85,252955,226,1,122
1:41:587,2708,448,100,252951,227,1,122
1:41:591,981,452,114,252954,229,1,122
1:41:594,2708,422,108,252951,230,1,122
1:41:598,981,438,80,252947,232,1,122
1:41:601,2708,435,70,252950,233,1,122
1:41:605,981,399,100,252947,234,1,122
1:41:608,2708,392,78,252950,236,1,122
1:41:612,981,397,80,252946,237,1,122
1:41:615,2708,384,90,252949,239,1,122
1:41:619,981,373,99,252946,240,1,122
1:41:622,2708,387,114,252943,242,1,122
1:41:626,981,380,97,252945,243,1,122
1:41:629,2708,364,100,252948,245,1,122
1:41:633,981,381,121,252945,246,1,122
1:41:636,2708,353,99,252942,248,1,122
1:41:640,981,324,82,252939,249,1,122
1:41:643,2708,337,94,252947,250,1,122
1:41:647,981,338,107,252938,252,1,122
1:41:650,2708,374,96,252946,253,1,122
1:41:654,981,374,96,252944,255,1,122
1:41:657,2708,324,85,252940,256,1,122
1:41:661,977,303,127,252937,257,1,122
1:41:664,2580,279,126,252940,259,1,122
1:41:678,532,279,126,252945,264,1,122
1:41:682,257,271,86,252935,266,1,122
1:41:913,512,247,103,119733,360,1,122
1:41:923,1280,247,103,119747,365,1,122
1:41:927,512,247,103,119738,366,1,122
1:41:930,3856,260,93,119734,368,1,122
1:41:934,512,266,123,119744,369,1,122
1:41:937,3888,285,105,119740,370,1,122
1:41:941,512,273,92,119737,372,1,122
1:41:944,3856,283,98,119745,373,1,122
1:41:948,512,283,98,119742,375,1,122
1:41:951,3888,303,94,119745,376,1,122
1:41:951,256,66,0,397342,376,1,122
1:41:951,512,66,0,404338,376,1,122
1:41:955,512,299,94,119742,378,1,122
1:41:958,3856,321,96,119750,379,1,122
1:41:962,512,320,116,119747,380,1,122
1:41:965,3888,325,96,119750,382,1,122
1:41:965,257,101,0,490597,382,1,122
1:41:969,512,351,120,119746,383,1,122
1:41:972,3632,355,84,119749,385,1,122
1:41:976,512,361,115,119746,386,1,122
1:41:979,3888,371,118,119748,388,1,122
1:41:983,512,368,117,119751,389,1,122
1:41:990,512,390,114,119751,392,1,122
1:41:993,3888,388,72,119747,393,1,122
1:41:997,512,402,127,119750,395,1,122
1:42:000,3888,405,119,119753,396,1,122
1:42:004,512,404,98,119756,398,1,122
1:42:007,3888,410,122,119753,399,1,122
1:42:011,512,419,102,119756,401,1,122
1:42:014,3888,447,106,119759,402,1,122
1:42:018,512,432,95,119761,403,1,122
1:42:021,3888,458,103,119758,405,1,122
1:42:025,512,456,102,119760,406,1,122
1:42:028,3888,450,99,119758,408,1,122
1:42:032,512,463,94,119760,409,1,122
1:42:035,3888,490,113,119762,410,1,122
1:42:039,512,485,106,119760,412,1,122
1:42:039,578,485,106,494549,412,1,122
1:42:042,3888,480,94,119762,413,1,122
1:42:046,512,493,94,119765,415,1,122
1:42:049,3888,467,93,119761,416,1,122
1:42:053,512,493,103,119764,418,1,122
1:42:053,3028,103,0,322903,418,1,122
1:42:056,3888,500,99,119767,419,1,122
1:42:060,512,498,113,119764,421,1,122
1:42:063,3888,515,97,119767,422,1,122
1:42:063,1514,131,0,215771,422,1,122
1:42:063,3028,119,0,259360,422,1,122
1:42:067,512,488,101,119763,424,1,122
1:42:067,3028,127,0,440925,424,1,122
1:42:067,1514,130,0,499275,424,1,122
1:42:074,1536,612,109,408964,426,1,122
1:42:074,48,612,118,412185,426,1,122
1:42:074,12,589,96,419008,426,1,122
1:42:077,3888,498,118,119772,428,1,122
1:42:077,1514,107,0,366224,428,1,122
1:42:077,1514,113,0,444810,428,1,122
1:42:081,512,499,115,119769,429,1,122
1:42:088,512,490,105,119774,432,1,122
1:42:091,3888,511,95,119771,433,1,122
1:42:095,3028,101,0,97184,435,1,122
1:42:095,512,495,127,119774,435,1,122
1:42:098,3888,502,90,119776,436,1,122
1:42:102,2,82,0,73868,438,1,122
1:42:105,192,65535,65535,36465,439,1,122
1:42:105,2049,125,0,39690,439,1,122
1:42:105,2105,65535,65535,36465,439,1,122
1:42:109,512,504,124,119778,441,1,122
1:42:109,1482,105,0,142128,441,1,122
1:42:109,1514,98,0,262186,441,1,122
1:42:112,3888,500,126,119775,442,1,122
1:42:112,1,484,0,360485,442,1,122
1:42:116,512,476,126,119772,443,1,122
1:42:119,3888,480,129,119775,445,1,122
1:42:119,1450,101,0,204199,445,1,122
1:42:123,512,489,140,119777,446,1,122
1:42:123,1410,112,0,292580,446,1,122
1:42:126,3074,112,0,64293,448,1,122
1:42:126,160,2156,0,506066,448,1,122
1:42:126,128,65535,65535,0,448,1,122
1:42:130,512,459,129,119783,449,1,122
1:42:130,1512,104,0,142043,449,1,122
1:42:130,1,104,0,451085,449,1,122
1:42:133,3888,479,172,119780,451,1,122
1:42:133,3028,115,0,379768,451,1,122
1:42:137,512,473,131,119783,452,1,122
1:42:137,16,97,0,316987,452,1,122
1:42:137,16,65535,65535,317026,452,1,122
1:42:137,1482,91,0,374244,452,1,122
1:42:144,512,451,147,119782,455,1,122
1:42:144,3028,64,0,322308,455,1,122
1:42:147,3888,469,144,119779,456,1,122
1:42:151,512,460,153,119782,458,1,122
1:42:158,512,431,160,119788,461,1,122
1:42:158,1258,109,0,492315,461,1,122
1:42:161,3888,433,143,119784,462,1,122
1:42:165,512,422,163,119787,464,1,122
1:42:165,3028,80,0,207031,464,1,122
1:42:168,3888,425,160,119784,465,1,122
1:42:168,1514,106,0,218985,465,1,122
1:42:168,1514,75,0,438036,465,1,122
1:42:172,512,415,173,119787,466,1,122
1:42:175,3888,385,169,119790,468,1,122
1:42:179,512,395,180,119792,469,1,122
1:42:182,2320,393,163,119789,471,1,122
1:42:203,980,76,0,496570,479,1,122
1:42:210,576,394,195,210998,482,1,122
1:42:210,3136,65535,65535,211065,482,1,122
1:42:210,64,65535,65535,211080,482,1,122
1:42:210,1,394,195,214946,482,1,122
1:42:210,33,397,174,221198,482,1,122
1:42:375,6,561,111,313715,550,1,122
1:42:375,520,548,154,317015,550,1,122
1:42:375,512,65535,65535,317083,550,1,122
1:42:375,512,65535,65535,317097,550,1,122
1:42:375,3908,542,159,320465,550,1,122
1:42:378,1872,936,243,134825,551,1,122
1:42:406,1872,1118,231,361898,563,1,122
1:42:410,2053,1299,245,50110,564,1,122
1:42:410,512,995,200,134817,564,1,122
1:42:413,1872,1005,203,134820,566,1,122
1:42:417,2053,1294,218,50110,567,1,122
1:42:417,512,1021,213,134817,567,1,122
1:42:417,1872,1092,234,299478,567,1,122
1:42:420,2200,1313,225,50114,569,1,122
1:42:420,1872,1016,206,134814,569,1,122
1:42:424,2101,1318,227,50111,570,1,122
1:42:424,512,1003,193,134817,570,1,122
1:42:427,2200,1292,215,50114,571,1,122
1:42:427,1872,1017,195,134814,571,1,122
1:42:427,1872,1133,225,233782,571,1,122
1:42:431,2100,1359,203,50111,573,1,122
1:42:431,512,1000,175,134811,573,1,122
1:42:431,512,1163,220,467343,573,1,122
1:42:434,2200,1341,219,50107,574,1,122
1:42:434,1872,986,176,134814,574,1,122
1:42:438,2101,1284,187,50116,576,1,122
1:42:438,512,1025,206,134811,576,1,122
1:42:438,1872,1077,211,179330,576,1,122
1:42:441,2200,1309,205,50114,577,1,122
1:42:441,1872,1017,205,134814,577,1,122
1:42:445,2101,1304,200,50111,579,1,122
1:42:445,512,998,206,134811,579,1,122
1:42:448,2200,1281,216,50108,580,1,122
1:42:448,1872,977,158,134808,580,1,122
1:42:452,2101,1299,194,50116,581,1,122
1:42:452,512,989,166,134811,581,1,122
1:42:455,2184,1256,186,50114,583,1,122
1:42:455,1872,1001,165,134808,583,1,122
1:42:459,2101,1301,200,50111,584,1,122
1:42:459,512,990,189,134811,584,1,122
1:42:462,2200,1267,189,50114,586,1,122
1:42:462,1872,991,164,134808,586,1,122
1:42:466,53,1282,164,50111,587,1,122
1:42:466,512,964,162,134805,587,1,122
1:42:469,2200,1239,164,50114,589,1,122
1:42:469,1872,957,150,134808,589,1,122
1:42:473,2101,1266,185,50116,590,1,122
1:42:473,512,962,156,134805,590,1,122
1:42:476,2200,1250,178,50114,591,1,122
1:42:476,1872,949,158,134808,591,1,122
1:42:480,2101,1241,184,50111,593,1,122
1:42:480,512,958,167,134805,593,1,122
1:42:480,386,2261,334,505521,593,1,122
1:42:480,2929,65535,65535,505671,593,1,122
1:42:480,256,2237,336,508899,593,1,122
1:42:480,2035,65535,65535,509049,593,1,122
1:42:480,2560,2237,336,512349,593,1,122
1:42:480,1536,2250,349,518948,593,1,122
1:42:480,1024,65535,65535,519015,593,1,122
1:42:480,1024,65535,65535,519030,593,1,122
1:42:483,2200,1212,171,50119,594,1,122
1:42:483,1872,953,150,134802,594,1,122
1:42:487,2101,1207,191,50116,596,1,122
1:42:487,512,918,168,134805,596,1,122
1:42:490,2200,1189,169,50114,597,1,122
1:42:490,1872,888,165,134802,597,1,122
1:42:490,386,2617,412,370189,597,1,122
1:42:494,2101,1176,170,50110,599,1,122
1:42:494,512,886,171,134805,599,1,122
1:42:497,2200,1160,177,50113,600,1,122
1:42:497,1872,896,159,134802,600,1,122
1:42:501,2101,1126,175,50115,601,1,122
1:42:501,512,893,163,134805,601,1,122
1:42:504,2200,1130,165,50118,603,1,122
1:42:504,1872,848,149,134801,603,1,122
1:42:508,2101,1119,173,50115,604,1,122
1:42:508,512,816,156,134805,604,1,122
1:42:511,2200,1076,157,50113,606,1,122
1:42:511,1872,840,159,134801,606,1,122
1:42:511,512,342,124,273159,606,1,122
1:42:515,2101,1093,165,50121,607,1,122
1:42:515,512,828,170,134798,607,1,122
1:42:518,2200,1077,174,50118,609,1,122
1:42:518,1872,815,160,134801,609,1,122
1:42:518,2644,360,135,349189,609,1,122
1:42:522,2101,1008,156,50115,610,1,122
1:42:522,512,808,185,134797,610,1,122
1:42:522,512,361,141,260483,610,1,122
1:42:525,2200,1020,169,50117,611,1,122
1:42:525,1872,783,169,134800,611,1,122
1:42:525,84,358,110,260475,611,1,122
1:42:529,0,37,1808,0,0,1,123
1:42:529,2085,1015,168,50120,613,1,123
1:42:529,512,775,160,134797,613,1,123
1:42:529,2464,133,36,305086,613,1,123
1:42:529,16,133,36,308338,613,1,123
1:42:529,192,133,36,311470,613,1,123
1:42:564,512,631,174,134790,627,1,123
1:42:578,512,508,141,260487,633,1,123
1:42:592,32,162,57,239540,639,1,123
1:42:592,128,140,59,242756,639,1,123
1:42:599,2,317,100,79366,642,1,123
1:42:599,8,305,116,82666,642,1,123
1:42:599,4,343,56,85972,642,1,123
1:42:613,416,964,0,241369,647,1,123
1:42:613,160,65535,65535,241396,647,1,123
1:42:613,257,272,105,494415,647,1,123
1:42:616,160,220,0,31597,649,1,123
1:42:616,32,65535,65535,31613,649,1,123
1:42:620,176,735,0,450651,650,1,123
1:42:634,512,675,125,260501,656,1,123
1:42:637,2644,676,122,260504,657,1,123
1:42:641,512,720,101,260506,659,1,123
1:42:641,512,714,104,436729,659,1,123
1:42:644,2644,695,70,260504,660,1,123
1:42:648,512,462,139,74294,662,1,123
1:42:648,512,733,99,260506,662,1,123
1:42:651,2644,737,107,236084,663,1,123
1:42:651,2644,731,101,260503,663,1,123
1:42:655,512,757,111,260505,665,1,123
1:42:655,512,748,107,395714,665,1,123
1:42:658,2644,742,87,260508,666,1,123
1:42:662,512,165,0,30061,667,1,123
1:42:662,512,775,117,260511,667,1,123
1:42:665,2644,770,111,187957,669,1,123
1:42:665,2644,754,135,260508,669,1,123
1:42:669,512,802,111,260511,670,1,123
1:42:669,512,778,106,346387,670,1,123
1:42:672,2644,768,81,260507,672,1,123
1:42:672,512,848,98,505405,672,1,123
1:42:676,512,785,96,260510,673,1,123
1:42:679,2644,720,78,148003,675,1,123
1:42:679,2644,772,95,260513,675,1,123
1:42:683,512,809,82,260516,676,1,123
1:42:683,512,813,82,305401,676,1,123
1:42:686,2644,794,104,260513,677,1,123
1:42:686,512,815,72,473029,677,1,123
1:42:690,512,824,105,260515,679,1,123
1:42:690,132,237,0,367470,679,1,123
1:42:693,2644,651,90,113047,680,1,123
1:42:693,2644,817,88,260518,680,1,123
1:42:697,512,836,93,260515,682,1,123
1:42:697,512,847,71,275383,682,1,123
1:42:700,2644,787,81,260518,683,1,123
1:42:700,512,847,96,435355,683,1,123
1:42:704,512,845,79,260520,685,1,123
1:42:707,2644,481,77,69708,686,1,123
1:42:707,2644,808,86,260517,686,1,123
1:42:711,512,859,98,234936,687,1,123
1:42:714,2644,853,75,260522,689,1,123
1:42:714,512,877,65,396306,689,1,123
1:42:718,512,833,67,260525,690,1,123
1:42:721,2644,251,98,36414,692,1,123
1:42:721,2644,850,78,260522,692,1,123
1:42:725,512,903,108,206412,693,1,123
1:42:725,512,871,82,260524,693,1,123
1:42:728,2644,852,119,260521,695,1,123
1:42:732,512,875,55,260524,696,1,123
1:42:735,2644,837,78,260527,697,1,123
1:42:739,512,878,91,260530,699,1,123
1:42:742,2644,845,87,260526,700,1,123
1:42:746,512,853,91,260529,702,1,123
1:42:749,2644,862,69,260526,703,1,123
1:42:753,512,888,97,260529,705,1,123
1:42:756,2644,808,95,260532,706,1,123
1:42:760,512,861,97,260535,707,1,123
1:42:763,2644,823,98,260531,709,1,123
1:42:767,512,855,102,260534,710,1,123
1:42:770,2644,798,89,260536,712,1,123
1:42:774,512,846,98,260533,713,1,123
1:42:777,2644,810,107,260535,715,1,123
1:42:781,512,840,105,260538,716,1,123
1:42:784,2644,803,97,260535,718,1,123
1:42:788,512,817,129,260538,719,1,123
1:42:791,2644,787,98,260535,720,1,123
1:42:795,512,785,108,260537,722,1,123
1:42:798,2644,764,124,260540,723,1,123
1:42:802,512,783,132,260543,725,1,123
1:42:805,2644,748,129,260539,726,1,123
1:42:809,512,761,122,260542,728,1,123
1:42:812,2644,751,114,260545,729,1,123
1:42:816,512,747,148,260548,730,1,123
1:42:819,2644,711,146,260545,732,1,123
1:42:823,512,735,165,260541,733,1,123
1:42:823,512,735,137,283725,733,1,123
1:42:826,2644,680,122,260550,735,1,123
1:42:830,512,723,157,260547,736,1,123
1:42:830,4,631,141,340099,736,1,123
1:42:830,3057,65535,65535,340249,736,1,123
1:42:830,512,592,117,346699,736,1,123
1:42:830,544,589,134,349921,736,1,123
1:42:830,10,587,109,353227,736,1,123
1:42:833,2644,537,154,109106,738,1,123
1:42:837,512,689,145,260547,739,1,123
1:42:840,3063,65535,65535,168427,740,1,123
1:42:840,1536,530,135,177066,740,1,123
1:42:840,2,572,134,232254,740,1,123
1:42:844,512,641,167,260551,742,1,123
1:42:847,2644,622,157,260554,743,1,123
1:42:851,512,454,113,91294,745,1,123
1:42:851,512,637,163,260551,745,1,123
1:42:854,2644,611,152,260554,746,1,123
1:42:858,2644,463,168,121065,748,1,123
1:42:858,512,463,168,260557,748,1,123
1:42:865,2644,505,150,148910,751,1,123
1:42:865,2644,556,171,412948,751,1,123
1:42:868,2644,576,158,260553,752,1,123
1:42:875,2644,528,163,260559,755,1,123
1:42:879,2644,484,165,233910,756,1,123
1:42:879,512,533,165,260562,756,1,123
1:42:882,2644,495,174,260558,758,1,123
1:42:886,512,483,202,260561,759,1,123
1:42:889,2644,461,172,260564,761,1,123
1:42:893,512,467,199,260560,762,1,123
1:42:900,512,461,182,260560,765,1,123
1:42:903,2628,461,182,260563,766,1,123
1:42:907,512,461,182,260565,768,1,123
1:42:910,2644,397,160,260568,769,1,123
1:43:155,16,3849,1118,418436,870,1,123
1:43:176,1,75,0,260301,878,1,123
1:43:195,0,0,0,2147483648,1454,1,123
1:43:195,0,0,0,0,1454,1,123
1:43:195,0,0,0,0,1454,1,123
1:43:195,0,0,0,0,1454,1,123
1:43:195,0,0,0,0,1454,1,123
1:43:195,0,0,0,0,1454,1,123
1:43:195,0,0,0,0,1454,1,123
1:43:195,0,0,0,0,1454,1,123
1:43:195,0,0,0,0,1454,1,123
1:43:195,0,0,0,0,1454,1,123
1:43:195,0,0,0,0,1454,1,123
1:43:195,0,0,0,0,1454,1,123
1:43:195,0,0,0,0,1454,1,123
1:43:195,0,0,0,0,1454,1,123
1:43:195,0,0,0,0,1454,1,123
1:43:195,0,0,0,0,1454,1,123
1:43:195,0,0,0,0,1454,1,123
1:43:195,0,0,0,0,1454,1,123
1:43:195,0,0,0,0,1454,1,123
1:43:195,0,0,0,0,1454,1,123
1:43:195,0,0,0,0,1454,1,123
1:43:195,0,0,0,0,1454,1,123
1:43:195,0,0,0,0,1454,1,123
1:43:195,0,0,0,0,1454,1,123
1:43:195,0,0,0,0,1454,1,123
1:43:195,0,0,0,0,1454,1,123
1:43:195,0,0,0,0,1454,1,123
1:43:195,0,0,0,0,1454,1,123
1:43:195,0,0,0,0,1454,1,123
1:43:271,1024,3461,1573,114122,917,1,124
1:43:278,16,4015,1337,457807,920,1,124
1:43:285,736,2547,950,319828,923,1,124
1:43:292,624,1986,620,195233,926,1,124
1:43:299,2056,1986,620,481895,928,1,124
1:43:491,0,0,0,3221225472,1454,1,124
1:43:491,0,0,0,0,1454,1,124
1:43:491,0,0,0,0,1454,1,124
1:43:491,0,0,0,0,1454,1,124
1:43:491,0,0,0,0,1454,1,124
1:43:491,0,0,0,0,1454,1,124
1:43:491,0,0,0,0,1454,1,124
1:43:491,0,0,0,0,1454,1,124
1:43:491,0,0,0,0,1454,1,124
1:43:491,0,0,0,0,1454,1,124
1:43:491,0,0,0,0,1454,1,124
1:43:491,0,0,0,0,1454,1,124
1:43:491,0,0,0,0,1454,1,124
1:43:491,0,0,0,0,1454,1,124
1:43:491,0,0,0,0,1454,1,124
1:43:491,0,0,0,0,1454,1,124
1:43:491,0,0,0,0,1454,1,124
1:43:491,0,0,0,0,1454,1,124
1:43:491,0,0,0,0,1454,1,124
1:43:491,0,0,0,0,1454,1,124
1:43:491,0,0,0,0,1454,1,124
1:43:491,0,0,0,0,1454,1,124
1:43:491,0,0,0,0,1454,1,124
1:43:491,0,0,0,0,1454,1,124
1:43:491,0,0,0,0,1454,1,124
1:43:491,0,0,0,0,1454,1,124
1:43:491,0,0,0,0,1454,1,124
1:43:491,0,0,0,0,1454,1,124
1:43:491,0,0,0,0,1454,1,124
1:43:526,288,84,0,107848,1021,1,125
1:43:526,416,479,0,426886,1021,1,125
1:43:603,1,271,0,158859,1053,1,125
1:43:925,2576,271,0,230668,1185,1,125
1:43:929,136,254,112,230670,1186,1,125
1:43:932,2064,235,80,230672,1188,1,125
1:43:936,1512,233,84,230664,1189,1,125
1:43:946,2576,226,91,230671,1194,1,125
1:43:950,1256,245,99,230663,1195,1,125
1:43:953,2576,245,99,230671,1196,1,125
1:43:957,1512,279,103,230669,1198,1,125
1:43:960,2560,253,92,230665,1199,1,125
1:43:964,1512,261,103,230662,1201,1,125
1:43:967,2576,292,110,230670,1202,1,125
1:43:971,1512,312,95,230673,1203,1,125
1:43:974,2576,268,85,230670,1205,1,125
1:43:981,2576,305,84,230676,1208,1,125
1:43:985,1512,286,88,230672,1209,1,125
1:43:988,2576,341,111,230675,1211,1,125
1:43:992,1512,321,75,230666,1212,1,125
1:43:995,2576,313,61,230669,1213,1,125
1:44:002,2576,298,74,230662,1216,1,125
1:44:006,1512,370,78,230671,1218,1,125
1:44:013,1512,337,102,230670,1221,1,125
1:44:016,2576,363,64,230673,1222,1,125
1:44:020,1512,376,93,230676,1224,1,125
1:44:023,2576,314,74,230673,1225,1,125
1:44:030,2576,338,69,230667,1228,1,125
1:44:034,1512,417,82,230670,1229,1,125
1:44:037,2576,409,64,230671,1231,1,125
1:44:041,1512,387,0,230674,1232,1,125
1:44:041,3031,65535,65535,284062,1232,1,125
1:44:041,524,421,60,287283,1232,1,125
1:44:041,772,65535,65535,287351,1232,1,125
1:44:041,516,65535,65535,287365,1232,1,125
1:44:041,1038,160,0,298023,1232,1,125
1:44:041,132,160,0,304749,1232,1,125
1:44:044,528,366,81,230671,1233,1,125
1:44:048,1512,420,59,230674,1235,1,125
1:44:051,512,420,59,230683,1236,1,125
1:44:055,1512,402,78,230673,1238,1,125
1:44:058,2576,364,61,230676,1239,1,125
1:44:062,1512,347,0,230679,1241,1,125
1:44:065,2576,381,68,230676,1242,1,125
1:44:069,1512,353,59,230672,1244,1,125
1:44:076,1512,364,68,230672,1247,1,125
1:44:079,2576,451,75,230675,1248,1,125
1:44:083,1512,334,36,230671,1249,1,125
1:44:086,2576,364,50,230674,1251,1,125
1:44:090,1512,338,61,230671,1252,1,125
1:44:093,2576,360,0,230674,1254,1,125
1:44:097,1512,404,70,230677,1255,1,125
1:44:097,2,82,0,454923,1255,1,125
1:44:100,2576,440,65,230680,1257,1,125
1:44:104,1512,366,76,230676,1258,1,125
1:44:104,64,58,0,288755,1258,1,125
1:44:111,1512,368,79,230676,1261,1,125
1:44:114,2576,429,76,230685,1262,1,125
1:44:118,1512,329,43,230670,1264,1,125
1:44:121,2576,376,72,230678,1265,1,125
1:44:125,1512,361,72,230675,1266,1,125
1:44:128,2576,318,51,230671,1268,1,125
1:44:132,1512,334,66,230674,1269,1,125
1:44:135,2576,408,61,230677,1271,1,125
1:44:135,528,408,61,242820,1271,1,125
1:44:139,1512,314,69,230680,1272,1,125
1:44:142,2576,330,68,230683,1274,1,125
1:44:146,1512,394,63,230679,1275,1,125
1:44:146,53,167,0,373585,1275,1,125
1:44:149,2576,389,87,230682,1277,1,125
1:44:149,2200,186,0,303803,1277,1,125
1:44:153,1512,355,101,230679,1278,1,125
1:44:153,1,355,101,267800,1278,1,125
1:44:156,2100,170,0,198750,1279,1,125
1:44:156,2576,296,74,230682,1279,1,125
1:44:160,2184,167,0,134968,1281,1,125
1:44:160,1512,295,68,230672,1281,1,125
1:44:167,1512,347,91,230678,1284,1,125
1:44:167,2200,197,0,496785,1284,1,125
1:44:170,2576,368,68,230675,1285,1,125
1:44:174,1512,283,66,230678,1287,1,125
1:44:174,53,164,0,375035,1287,1,125
1:44:177,2576,285,72,230674,1288,1,125
1:44:177,2200,178,0,301167,1288,1,125
1:44:181,1512,358,107,230683,1289,1,125
1:44:188,2200,129,0,90111,1292,1,125
1:44:188,1512,305,94,230677,1292,1,125
1:44:191,512,139,0,59988,1294,1,125
1:44:195,1512,304,102,230688,1295,1,125
1:44:195,2056,159,52,446577,1295,1,125
1:44:198,2576,261,84,230679,1297,1,125
1:44:205,2576,231,60,230679,1299,1,125
1:44:205,2072,148,0,244335,1299,1,125
1:44:216,1512,266,93,230681,1304,1,125
1:44:219,2064,236,82,230685,1305,1,125
1:44:219,128,236,82,237644,1305,1,125
1:44:219,512,261,79,252266,1305,1,125
1:44:226,2048,261,79,230690,1308,1,125
1:44:230,168,274,120,230686,1310,1,125
1:44:237,224,274,120,230686,1313,1,125
1:44:482,531,281,115,253803,1413,1,125
1:44:489,215,281,115,253802,1416,1,125
1:44:492,2196,295,126,253812,1417,1,125
1:44:496,133,280,108,253809,1419,1,125
1:44:499,1924,314,109,253805,1420,1,125
1:44:503,663,314,109,253808,1422,1,125
1:44:506,1940,312,113,253805,1423,1,125
1:44:513,1940,312,132,253804,1426,1,125
1:44:517,727,353,118,253807,1427,1,125
1:44:520,3860,339,95,253799,1429,1,125
1:44:524,727,328,104,253795,1430,1,125
1:44:524,40,328,104,394451,1430,1,125
1:44:527,3988,382,104,253798,1432,1,125
1:44:531,727,352,118,253800,1433,1,125
1:44:534,3988,377,111,253792,1434,1,125
1:44:541,3988,373,99,253791,1437,1,125
1:44:548,3988,419,119,253797,1440,1,125
1:44:552,727,386,102,253794,1441,1,125
1:44:555,3988,455,121,253785,1443,1,125
1:44:559,215,435,120,253794,1444,1,125
1:44:562,3988,425,102,253785,1446,1,125
1:44:566,727,442,112,253793,1447,1,125
1:44:569,3988,411,101,253785,1449,1,125
1:44:573,727,405,110,253787,1450,1,125
1:44:576,3860,452,116,253790,1452,1,125
1:44:580,727,430,93,253786,1453,1,125
1:44:583,3988,442,72,253789,1455,1,125
1:44:587,727,461,108,253786,1456,1,125
1:44:590,3988,430,105,253778,1457,1,125
1:44:594,727,471,96,253781,1459,1,125
1:44:597,3988,485,92,253789,1460,1,125
1:44:601,727,426,108,253781,1462,1,125
1:44:604,3988,476,99,253784,1463,1,125
1:44:611,3988,421,82,253778,1466,1,125
1:44:615,727,489,109,253775,1467,1,125
1:44:618,3988,462,93,253778,1469,1,125
1:44:622,727,476,111,253769,1470,1,125
1:44:625,3988,498,84,253771,1472,1,125
1:44:629,727,472,101,253769,1473,1,125
1:44:632,3988,464,87,253771,1474,1,125
1:44:636,727,477,89,253769,1476,1,125
1:44:639,3988,469,82,253771,1477,1,125
1:44:643,727,488,79,253774,1479,1,125
1:44:646,3988,480,78,253771,1480,1,125
1:44:650,727,431,118,253769,1482,1,125
1:44:653,3988,466,101,253765,1483,1,125
1:44:657,727,478,107,253762,1485,1,125
1:44:660,3988,451,86,253765,1486,1,125
1:44:664,727,465,112,253756,1488,1,125
1:44:667,3988,435,83,253759,1489,1,125
1:44:671,727,455,95,253762,1490,1,125
1:44:674,3988,455,101,253759,1492,1,125
1:44:678,727,443,82,253762,1493,1,125
1:44:681,3988,445,82,253758,1495,1,125
1:44:685,727,458,64,253761,1496,1,125
1:44:688,3988,432,103,253753,1497,1,125
1:44:692,727,431,101,253761,1499,1,125
1:44:699,727,417,117,253755,1502,1,125
1:44:702,3988,411,87,253753,1503,1,125
1:44:706,727,403,84,253755,1505,1,125
1:44:709,3988,406,105,253746,1506,1,125
1:44:713,727,411,99,253755,1507,1,125
1:44:716,3988,376,76,253746,1509,1,125
1:44:720,727,388,97,253749,1510,1,125
1:44:723,3988,381,99,253746,1512,1,125
1:44:723,1544,257,67,323033,1512,1,125
1:44:723,1552,65535,65535,323100,1512,1,125
1:44:723,1536,65535,65535,323115,1512,1,125
1:44:723,12,235,70,326489,1512,1,125
1:44:727,593,235,70,253749,1513,1,125
1:44:730,3988,404,130,253752,1515,1,125
1:44:734,727,359,116,253743,1516,1,125
1:44:737,3988,320,71,253746,1518,1,125
1:44:741,727,340,106,253742,1519,1,125
1:44:744,3988,333,97,253740,1520,1,125
1:44:748,727,315,108,253748,1522,1,125
1:44:751,3988,338,108,253740,1523,1,125
1:44:755,727,301,93,253742,1525,1,125
1:44:758,3988,305,96,253733,1526,1,125
1:44:758,656,305,96,291856,1526,1,125
1:44:762,544,305,96,175245,1527,1,125
1:44:762,514,305,96,184173,1527,1,125
1:44:762,18,305,96,187473,1527,1,125
1:44:762,727,303,111,253736,1527,1,125
1:44:765,3988,288,82,253739,1529,1,125
1:44:765,32,277,101,291856,1529,1,125
1:44:769,727,283,112,253730,1530,1,125
1:44:769,574,277,110,291865,1530,1,125
1:44:772,3988,266,118,253739,1532,1,125
1:44:772,688,299,99,291868,1532,1,125
1:44:776,725,299,99,253736,1533,1,125
1:44:776,572,299,99,291865,1533,1,125
1:44:776,6,295,125,388895,1533,1,125
1:44:776,8,65535,65535,388963,1533,1,125
1:44:776,8,65535,65535,388965,1533,1,125
1:44:776,960,287,119,395501,1533,1,125
1:44:776,1984,65535,65535,388963,1533,1,125
1:44:776,1984,65535,65535,388965,1533,1,125
1:44:783,595,246,93,253729,1536,1,125
1:44:783,62,313,104,291865,1536,1,125
1:44:811,574,367,95,291870,1548,1,125
1:44:814,688,374,115,291871,1549,1,125
1:44:821,688,400,92,291871,1552,1,125
1:44:825,562,396,88,291880,1553,1,125
1:44:828,688,387,99,291877,1555,1,125
1:44:832,574,396,117,291880,1556,1,125
1:44:835,688,416,101,291877,1557,1,125
1:44:835,131,151,0,459730,1557,1,125
1:44:835,130,65535,65535,459797,1557,1,125
1:44:835,386,65535,65535,459805,1557,1,125
1:44:839,574,400,86,291880,1559,1,125
1:44:842,688,438,107,291876,1560,1,125
1:44:846,574,424,110,291879,1562,1,125
1:44:853,574,423,92,291885,1565,1,125
1:44:856,688,454,90,291882,1566,1,125
1:44:860,574,429,97,291885,1568,1,125
1:44:863,688,462,86,291882,1569,1,125
1:44:867,574,461,86,291885,1571,1,125
1:44:870,688,467,79,291887,1572,1,125
1:44:874,574,467,118,291885,1573,1,125
1:44:877,688,476,95,291887,1575,1,125
1:44:881,574,494,65,291890,1576,1,125
1:44:884,688,488,86,291894,1578,1,125
1:44:888,574,482,0,291891,1579,1,125
1:44:891,688,480,80,291894,1581,1,125
1:44:895,574,464,77,291891,1582,1,125
1:44:898,688,481,77,291894,1583,1,125
1:44:902,574,471,63,291897,1585,1,125
1:44:909,574,457,76,291891,1588,1,125
1:44:909,688,470,66,382441,1588,1,125
1:44:912,688,482,72,291894,1589,1,125
1:44:912,574,465,57,441873,1589,1,125
1:44:916,574,480,69,291903,1591,1,125
1:44:916,688,521,103,510072,1591,1,125
1:44:919,1040,521,103,448552,1592,1,125
1:44:926,688,452,80,130491,1595,1,125
1:44:926,688,459,79,291900,1595,1,125
1:44:930,574,467,0,193104,1596,1,125
1:44:930,574,464,40,291898,1596,1,125
1:44:933,688,482,61,248906,1598,1,125
1:44:933,688,472,95,291901,1598,1,125
1:44:937,574,461,23,291904,1599,1,125
1:44:937,574,467,0,307528,1599,1,125
1:44:940,688,503,89,291901,1601,1,125
1:44:940,688,505,114,363073,1601,1,125
1:44:944,574,473,73,291905,1602,1,125
1:44:944,574,474,0,426230,1602,1,125
1:44:947,688,492,89,291908,1603,1,125
1:44:947,688,457,80,484493,1603,1,125
1:44:951,574,464,77,291905,1605,1,125
1:44:954,688,465,68,291902,1606,1,125
1:44:958,688,350,0,102315,1608,1,125
1:44:958,574,493,70,291912,1608,1,125
1:44:961,574,493,70,169961,1609,1,125
1:44:961,688,451,49,291903,1609,1,125
1:44:965,688,449,67,247129,1611,1,125
1:44:965,574,459,60,291906,1611,1,125
1:44:968,688,470,53,291910,1612,1,125
1:44:972,574,470,53,291907,1614,1,125
1:44:975,688,431,74,291910,1615,1,125
1:44:979,574,446,75,291913,1616,1,125
1:44:982,688,474,69,291910,1618,1,125
1:44:986,574,424,59,291914,1619,1,125
1:44:989,688,448,86,291916,1621,1,125
1:44:993,574,416,60,291908,1622,1,125
1:44:996,688,416,82,291923,1624,1,125
1:45:000,574,391,69,291920,1625,1,125
1:45:007,130,584,258,176435,1628,1,125
1:45:007,574,389,82,291915,1628,1,125
1:45:014,130,594,259,176435,1631,1,125
1:45:014,574,372,45,291915,1631,1,125
1:45:021,2,654,279,176436,1634,1,125
1:45:021,574,369,85,291922,1634,1,125
1:45:024,1744,648,284,176440,1635,1,125
1:45:024,688,361,69,291926,1635,1,125
1:45:028,130,657,253,176437,1637,1,125
1:45:028,574,346,73,291923,1637,1,125
1:45:031,1744,681,268,176441,1638,1,125
1:45:031,688,366,78,291927,1638,1,125
1:45:035,128,686,248,176444,1639,1,125
1:45:038,1776,704,263,176441,1641,1,125
1:45:038,688,312,83,291927,1641,1,125
1:45:042,130,708,282,176438,1642,1,125
1:45:042,574,708,282,291925,1642,1,125
1:45:045,1776,751,268,176442,1644,1,125
1:45:045,688,322,89,291928,1644,1,125
1:45:049,130,730,275,176439,1645,1,125
1:45:049,570,305,94,291925,1645,1,125
1:45:052,1776,753,252,176443,1646,1,125
1:45:056,130,755,280,176440,1648,1,125
1:45:056,574,292,90,291932,1648,1,125
1:45:056,516,299,95,409548,1648,1,125
1:45:059,1776,775,273,176437,1649,1,125
1:45:059,688,289,94,291935,1649,1,125
1:45:063,130,799,279,176441,1651,1,125
1:45:063,574,295,76,291932,1651,1,125
1:45:066,1776,779,261,176444,1652,1,125
1:45:066,688,779,261,291936,1652,1,125
1:45:070,130,814,245,176442,1654,1,125
1:45:070,542,259,91,291933,1654,1,125
1:45:073,1776,804,261,176445,1655,1,125
1:45:073,688,229,79,291937,1655,1,125
1:45:080,1776,826,225,176445,1658,1,125
1:45:080,544,277,78,291938,1658,1,125
1:45:084,130,833,230,176443,1659,1,125
1:45:084,564,833,230,291935,1659,1,125
1:45:091,2314,833,230,157454,1662,1,125
1:45:091,130,837,234,176444,1662,1,125
1:45:094,576,837,234,157451,1664,1,125
1:45:094,1776,865,234,176447,1664,1,125
1:45:098,2508,484,205,157449,1665,1,125
1:45:098,130,887,209,176445,1665,1,125
1:45:101,852,504,201,157452,1667,1,125
1:45:101,1776,887,226,176442,1667,1,125
1:45:105,2442,491,197,157455,1668,1,125
1:45:105,130,883,233,176445,1668,1,125
1:45:108,852,530,180,157453,1669,1,125
1:45:112,130,875,194,176446,1671,1,125
1:45:115,852,544,222,157454,1672,1,125
1:45:115,1776,885,237,176444,1672,1,125
1:45:119,2510,566,209,157451,1674,1,125
1:45:119,130,896,203,176446,1674,1,125
1:45:122,852,575,234,157455,1675,1,125
1:45:122,1776,905,199,176445,1675,1,125
1:45:126,2510,560,222,157452,1676,1,125
1:45:126,130,900,204,176447,1676,1,125
1:45:129,852,602,227,157455,1678,1,125
1:45:129,1776,908,203,176445,1678,1,125
1:45:133,2510,614,210,157453,1679,1,125
1:45:133,130,902,190,176448,1679,1,125
1:45:136,852,606,236,157456,1681,1,125
1:45:136,1776,904,167,176446,1681,1,125
1:45:140,2510,624,214,157454,1682,1,125
1:45:140,130,908,191,176449,1682,1,125
1:45:143,852,642,203,157451,1684,1,125
1:45:143,1776,893,167,176446,1684,1,125
1:45:147,2510,648,215,157455,1685,1,125
1:45:147,130,921,152,176445,1685,1,125
1:45:150,852,659,218,157458,1687,1,125
1:45:150,1776,893,196,176447,1687,1,125
1:45:154,2510,668,204,157455,1688,1,125
1:45:154,130,886,170,176445,1688,1,125
1:45:157,852,705,224,157453,1689,1,125
1:45:157,1776,888,169,176448,1689,1,125
1:45:161,2510,692,212,157456,1691,1,125
1:45:161,130,881,190,176452,1691,1,125
1:45:164,852,707,223,157454,1692,1,125
1:45:164,1776,868,162,176449,1692,1,125
1:45:168,2510,716,226,157456,1694,1,125
1:45:168,130,854,181,176446,1694,1,125
1:45:171,852,746,213,157454,1695,1,125
1:45:171,1776,857,160,176449,1695,1,125
1:45:171,130,911,169,460515,1695,1,125
1:45:175,2510,745,190,157457,1697,1,125
1:45:175,130,856,156,176446,1697,1,125
1:45:175,1776,908,126,445554,1697,1,125
1:45:178,852,908,126,157455,1698,1,125
1:45:182,2510,754,200,157457,1699,1,125
1:45:182,130,850,142,176453,1699,1,125
1:45:182,130,893,137,396241,1699,1,125
1:45:185,852,758,187,157455,1701,1,125
1:45:185,1776,838,139,176450,1701,1,125
1:45:185,1776,876,149,376559,1701,1,125
1:45:189,2510,781,204,157452,1702,1,125
1:45:189,130,832,159,176453,1702,1,125
1:45:189,16,860,179,385586,1702,1,125
1:45:189,1024,877,144,388886,1702,1,125
1:45:189,4,885,132,436441,1702,1,125
1:45:189,4073,65535,65535,436591,1702,1,125
1:45:189,8,865,192,439969,1702,1,125
1:45:189,256,850,148,484740,1702,1,125
1:45:189,3833,65535,65535,484890,1702,1,125
1:45:189,512,879,186,491490,1702,1,125
1:45:192,852,769,200,157455,1704,1,125
1:45:192,1776,818,157,176450,1704,1,125
1:45:192,130,860,134,324096,1704,1,125
1:45:196,2510,803,211,157458,1705,1,125
1:45:196,130,825,159,176454,1705,1,125
1:45:196,1776,890,181,280162,1705,1,125
1:45:197,0,0,0,2147483648,1454,1,126
1:45:197,0,0,0,0,1454,1,126
1:45:197,0,0,0,0,1454,1,126
1:45:197,0,0,0,0,1454,1,126
1:45:197,0,0,0,0,1454,1,126
1:45:197,0,0,0,0,1454,1,126
1:45:197,0,0,0,0,1454,1,126
1:45:197,0,0,0,0,1454,1,126
1:45:197,0,0,0,0,1454,1,126
1:45:197,0,0,0,0,1454,1,126
1:45:197,0,0,0,0,1454,1,126
1:45:197,0,0,0,0,1454,1,126
1:45:197,0,0,0,0,1454,1,126
1:45:197,0,0,0,0,1454,1,126
1:45:197,0,0,0,0,1454,1,126
1:45:197,0,0,0,0,1454,1,126
1:45:197,0,0,0,0,1454,1,126
1:45:197,0,0,0,0,1454,1,126
1:45:197,0,0,0,0,1454,1,126
1:45:197,0,0,0,0,1454,1,126
1:45:197,0,0,0,0,1454,1,126
1:45:197,0,0,0,0,1454,1,126
1:45:197,0,0,0,0,1454,1,126
1:45:197,0,0,0,0,1454,1,126
1:45:197,0,0,0,0,1454,1,126
1:45:197,0,0,0,0,1454,1,126
1:45:197,0,0,0,0,1454,1,126
1:45:197,0,0,0,0,1454,1,126
1:45:197,0,0,0,0,1454,1,126
1:45:199,852,768,199,157455,1707,1,126
1:45:199,1776,802,148,176451,1707,1,126
1:45:206,1776,763,136,144705,1709,1,126
1:45:206,852,805,202,157455,1709,1,126
1:45:206,1776,770,157,176451,1709,1,126
1:45:206,132,629,131,350280,1709,1,126
1:45:206,1536,623,121,357102,1709,1,126
1:45:213,130,666,188,108304,1712,1,126
1:45:213,852,788,182,157455,1712,1,126
1:45:213,1776,755,147,176457,1712,1,126
1:45:217,2,142,0,25317,1714,1,126
1:45:217,6,65535,65535,25384,1714,1,126
1:45:217,2,65535,65535,25392,1714,1,126
1:45:217,134,183,0,28538,1714,1,126
1:45:217,6,65535,65535,28605,1714,1,126
1:45:217,262,65535,65535,28626,1714,1,126
1:45:220,7,568,135,86284,1715,1,126
1:45:220,134,65535,65535,86352,1715,1,126
1:45:220,6,65535,65535,86366,1715,1,126
1:45:224,2510,568,135,157458,1717,1,126
1:45:227,852,812,191,157455,1718,1,126
1:45:227,1776,708,162,176457,1718,1,126
1:45:231,2510,708,162,157458,1720,1,126
1:45:234,852,819,167,157455,1721,1,126
1:45:234,1776,706,155,176457,1721,1,126
1:45:238,2510,819,194,157458,1722,1,126
1:45:238,130,711,179,176460,1722,1,126
1:45:241,852,829,183,157455,1724,1,126
1:45:241,1776,689,171,176457,1724,1,126
1:45:245,2510,823,193,157457,1725,1,126
1:45:245,130,662,167,176453,1725,1,126
1:45:248,852,843,222,157461,1727,1,126
1:45:248,1776,655,157,176457,1727,1,126
1:45:252,2510,835,196,157457,1728,1,126
1:45:252,130,647,208,176453,1728,1,126
1:45:255,852,814,207,157460,1730,1,126
1:45:255,1776,643,180,176456,1730,1,126
1:45:259,260,388,85,56155,1731,1,126
1:45:259,4,65535,65535,56222,1731,1,126
1:45:259,4,65535,65535,56236,1731,1,126
1:45:259,8,652,183,186113,1731,1,126
1:45:262,852,826,196,157460,1732,1,126
1:45:262,1776,617,184,176456,1732,1,126
1:45:266,2510,819,189,157457,1734,1,126
1:45:266,130,566,206,176459,1734,1,126
1:45:269,852,821,221,157460,1735,1,126
1:45:269,1776,593,181,176461,1735,1,126
1:45:269,130,589,178,448065,1735,1,126
1:45:273,2510,822,187,157456,1737,1,126
1:45:273,130,558,161,176459,1737,1,126
1:45:273,1776,588,183,393420,1737,1,126
1:45:276,852,804,204,157460,1738,1,126
1:45:280,2510,810,197,157463,1739,1,126
1:45:280,130,539,179,176459,1739,1,126
1:45:280,130,563,191,266625,1739,1,126
1:45:283,852,789,209,157459,1741,1,126
1:45:283,1776,500,181,176455,1741,1,126
1:45:283,1776,561,189,221743,1741,1,126
1:45:287,2510,798,217,157462,1742,1,126
1:45:287,132,798,217,172582,1742,1,126
1:45:290,852,784,187,157459,1744,1,126
1:45:290,1776,493,158,176460,1744,1,126
1:45:294,2510,756,211,157462,1745,1,126
1:45:294,130,496,212,176463,1745,1,126
1:45:294,516,475,185,473356,1745,1,126
1:45:294,3136,475,185,476656,1745,1,126
1:45:297,852,475,185,157459,1747,1,126
1:45:297,130,477,179,383691,1747,1,126
1:45:301,2510,771,200,157462,1748,1,126
1:45:301,130,470,199,176463,1748,1,126
1:45:301,1712,472,185,313609,1748,1,126
1:45:304,852,768,193,157458,1750,1,126
1:45:304,1712,438,188,176460,1750,1,126
1:45:304,2772,65535,65535,274361,1750,1,126
1:45:308,2510,761,189,157461,1751,1,126
1:45:311,852,725,207,157458,1752,1,126
1:45:315,2510,726,192,157461,1754,1,126
1:45:318,852,690,182,157458,1755,1,126
1:45:318,852,750,164,434605,1755,1,126
1:45:322,2510,683,183,157461,1757,1,126
1:45:322,135,736,182,403721,1757,1,126
1:45:322,388,65535,65535,403788,1757,1,126
1:45:322,132,65535,65535,403802,1757,1,126
1:45:325,852,684,189,157457,1758,1,126
1:45:325,2510,723,176,342459,1758,1,126
1:45:329,2510,711,191,157461,1760,1,126
1:45:329,852,717,200,303252,1760,1,126
1:45:332,852,663,180,157464,1761,1,126
1:45:332,135,692,199,279291,1761,1,126
1:45:332,388,65535,65535,279359,1761,1,126
1:45:332,132,65535,65535,279373,1761,1,126
1:45:336,2510,662,204,157460,1762,1,126
1:45:336,2510,666,168,199129,1762,1,126
1:45:339,852,666,168,150467,1764,1,126
1:45:343,391,469,138,99423,1765,1,126
1:45:343,132,65535,65535,99491,1765,1,126
1:45:343,132,65535,65535,99510,1765,1,126
1:45:346,976,98,0,118877,1767,1,126
1:45:346,852,626,219,157463,1767,1,126
1:45:346,852,676,186,453072,1767,1,126
1:45:350,2510,608,182,157460,1768,1,126
1:45:350,3063,65535,65535,411303,1768,1,126
1:45:350,256,611,201,422475,1768,1,126
1:45:353,512,132,0,29880,1769,1,126
1:45:353,2510,132,0,342337,1769,1,126
1:45:357,2510,577,188,157459,1771,1,126
1:45:357,852,598,193,299975,1771,1,126
1:45:360,852,567,206,157462,1772,1,126
1:45:360,135,579,176,274436,1772,1,126
1:45:360,388,65535,65535,274503,1772,1,126
1:45:360,132,65535,65535,274512,1772,1,126
1:45:364,2510,573,211,157459,1774,1,126
1:45:364,2510,593,199,193338,1774,1,126
1:45:364,135,422,142,202800,1774,1,126
1:45:364,388,65535,65535,202868,1774,1,126
1:45:364,132,65535,65535,202889,1774,1,126
1:45:364,1536,432,173,209628,1774,1,126
1:45:364,512,469,181,216090,1774,1,126
1:45:367,340,445,194,121996,1775,1,126
1:45:367,852,542,208,157462,1775,1,126
1:45:374,852,542,208,157461,1778,1,126
1:45:378,2510,482,188,157458,1780,1,126
1:45:381,852,479,170,157461,1781,1,126
1:45:385,2502,467,199,157458,1782,1,126
1:45:392,2510,435,204,157464,1785,1,126
1:45:395,336,435,204,157460,1787,1,126
1:45:493,0,0,0,3221225472,1454,1,127
1:45:493,0,0,0,0,1454,1,127
1:45:493,0,0,0,0,1454,1,127
1:45:493,0,0,0,0,1454,1,127
1:45:493,0,0,0,0,1454,1,127
1:45:493,0,0,0,0,1454,1,127
1:45:493,0,0,0,0,1454,1,127
1:45:493,0,0,0,0,1454,1,127
1:45:493,0,0,0,0,1454,1,127
1:45:493,0,0,0,0,1454,1,127
1:45:493,0,0,0,0,1454,1,127
1:45:493,0,0,0,0,1454,1,127
1:45:493,0,0,0,0,1454,1,127
1:45:493,0,0,0,0,1454,1,127
1:45:493,0,0,0,0,1454,1,127
1:45:493,0,0,0,0,1454,1,127
1:45:493,0,0,0,0,1454,1,127
1:45:493,0,0,0,0,1454,1,127
1:45:493,0,0,0,0,1454,1,127
1:45:493,0,0,0,0,1454,1,127
1:45:493,0,0,0,0,1454,1,127
1:45:493,0,0,0,0,1454,1,127
1:45:493,0,0,0,0,1454,1,127
1:45:493,0,0,0,0,1454,1,127
1:45:493,0,0,0,0,1454,1,127
1:45:493,0,0,0,0,1454,1,127
1:45:493,0,0,0,0,1454,1,127
1:45:493,0,0,0,0,1454,1,127
1:45:493,0,0,0,0,1454,1,127
1:45:549,160,171,0,19689,1850,1,127
1:45:969,2048,171,0,5117,2022,1,127
1:45:983,2048,66,0,5062,2027,1,127
1:46:113,32,93,0,502166,2080,1,127
1:46:134,37,80,0,273515,2089,1,127
1:46:144,32,106,0,423869,2093,1,127
1:46:148,352,3091,542,379760,2095,1,127
1:46:155,130,184,0,263506,2098,1,127
1:46:165,17,184,0,100492,2102,1,127
1:46:260,3749,184,0,122537,2141,1,127
1:46:267,3813,756,330,122536,2143,1,127
1:46:270,3988,814,357,122534,2145,1,127
1:46:274,3813,830,359,122536,2146,1,127
1:46:277,3988,805,337,122528,2148,1,127
1:46:281,3813,851,351,122531,2149,1,127
1:46:281,6,1029,331,333703,2149,1,127
1:46:281,512,1031,307,343753,2149,1,127
1:46:281,14,1044,319,384624,2149,1,127
1:46:281,12,65535,65535,384691,2149,1,127
1:46:281,12,65535,65535,384705,2149,1,127
1:46:284,3988,837,336,122528,2151,1,127
1:46:288,3813,867,347,122531,2152,1,127
1:46:291,3988,911,368,122527,2153,1,127
1:46:295,3813,851,314,122530,2155,1,127
1:46:298,3988,895,304,122527,2156,1,127
1:46:302,3813,877,315,122530,2158,1,127
1:46:305,3988,921,288,122533,2159,1,127
1:46:309,3813,927,316,122530,2161,1,127
1:46:312,3988,917,281,122520,2162,1,127
1:46:316,3813,940,297,122523,2164,1,127
1:46:319,3988,889,291,122526,2165,1,127
1:46:323,3813,959,283,122523,2166,1,127
1:46:326,3988,970,303,122526,2168,1,127
1:46:330,3813,959,309,122523,2169,1,127
1:46:333,3988,987,267,122526,2171,1,127
1:46:337,3813,913,247,122522,2172,1,127
1:46:340,3988,973,271,122525,2173,1,127
1:46:344,3813,994,285,122522,2175,1,127
1:46:347,3988,1010,274,122525,2176,1,127
1:46:351,3813,985,268,122516,2178,1,127
1:46:354,3988,947,265,122519,2179,1,127
1:46:358,3813,892,176,95120,2181,1,127
1:46:358,3813,981,270,122516,2181,1,127
1:46:361,3988,1018,277,122519,2182,1,127
1:46:365,3813,1003,250,122516,2183,1,127
1:46:368,3813,895,174,85877,2185,1,127
1:46:368,3988,999,259,122519,2185,1,127
1:46:372,3813,937,220,122515,2186,1,127
1:46:375,3988,983,247,122518,2188,1,127
1:46:379,3813,1004,251,122515,2189,1,127
1:46:382,3988,993,264,122518,2191,1,127
1:46:386,3813,1017,260,122515,2192,1,127
1:46:389,3988,951,232,122518,2194,1,127
1:46:393,3813,1000,238,122514,2195,1,127
1:46:396,3988,995,251,122517,2197,1,127
1:46:400,3813,986,255,122507,2198,1,127
1:46:403,3988,1027,288,122510,2199,1,127
1:46:407,3813,923,253,122507,2201,1,127
1:46:410,3988,968,254,122510,2202,1,127
1:46:414,3813,955,247,122506,2204,1,127
1:46:417,3988,944,272,122509,2205,1,127
1:46:421,3813,970,273,122506,2206,1,127
1:46:424,3988,919,259,122509,2208,1,127
1:46:428,3813,918,278,122505,2209,1,127
1:46:431,3988,900,301,122508,2211,1,127
1:46:435,3813,914,258,122505,2212,1,127
1:46:438,3988,917,303,122508,2214,1,127
1:46:442,3813,885,281,122499,2215,1,127
1:46:445,3988,871,295,122508,2216,1,127
1:46:449,3813,864,266,122511,2218,1,127
1:46:452,3988,858,274,122502,2219,1,127
1:46:456,3813,853,302,122498,2221,1,127
1:46:459,3988,836,294,122501,2222,1,127
1:46:463,3813,846,308,122498,2224,1,127
1:46:466,3988,771,288,122501,2225,1,127
1:46:470,3813,805,305,122504,2227,1,127
1:46:473,3988,821,328,122500,2228,1,127
1:46:477,3813,778,317,122503,2229,1,127
1:46:480,3988,780,334,122500,2231,1,127
1:46:484,3813,724,294,122496,2232,1,127
1:46:487,3988,728,303,122499,2234,1,127
1:46:491,3813,756,331,122502,2235,1,127
1:46:494,3988,743,306,122492,2236,1,127
1:46:498,1765,712,299,122495,2238,1,127
1:46:505,3813,667,297,122495,2241,1,127
1:46:508,3988,667,297,122491,2242,1,127
1:46:515,656,645,293,122491,2245,1,127
1:46:533,160,645,293,125301,2252,1,127
1:46:932,18,645,293,374694,2415,1,127
1:47:033,128,66,0,140785,2457,1,127
1:47:033,2,71,0,147313,2457,1,127
1:47:033,38,65535,65535,147380,2457,1,127
1:47:033,34,65535,65535,147389,2457,1,127
1:47:033,16,78,0,150691,2457,1,127
1:47:072,128,78,0,379935,2472,1,127
1:47:191,1352,78,0,489679,2521,1,127
1:47:194,512,84,0,249668,2523,1,127
1:47:199,0,0,0,2147483648,1454,1,128
1:47:199,0,0,0,0,1454,1,128
1:47:199,0,0,0,0,1454,1,128
1:47:199,0,0,0,0,1454,1,128
1:47:199,0,0,0,0,1454,1,128
1:47:199,0,0,0,0,1454,1,128
1:47:199,0,0,0,0,1454,1,128
1:47:199,0,0,0,0,1454,1,128
1:47:199,0,0,0,0,1454,1,128
1:47:199,0,0,0,0,1454,1,128
1:47:199,0,0,0,0,1454,1,128
1:47:199,0,0,0,0,1454,1,128
1:47:199,0,0,0,0,1454,1,128
1:47:199,0,0,0,0,1454,1,128
1:47:199,0,0,0,0,1454,1,128
1:47:199,0,0,0,0,1454,1,128
1:47:199,0,0,0,0,1454,1,128
1:47:199,0,0,0,0,1454,1,128
1:47:199,0,0,0,0,1454,1,128
1:47:199,0,0,0,0,1454,1,128
1:47:199,0,0,0,0,1454,1,128
1:47:199,0,0,0,0,1454,1,128
1:47:199,0,0,0,0,1454,1,128
1:47:199,0,0,0,0,1454,1,128
1:47:199,0,0,0,0,1454,1,128
1:47:199,0,0,0,0,1454,1,128
1:47:199,0,0,0,0,1454,1,128
1:47:199,0,0,0,0,1454,1,128
1:47:199,0,0,0,0,1454,1,128
1:47:205,1448,74,0,197207,2527,1,128
1:47:219,1512,80,0,302240,2533,1,128
1:47:226,40,80,0,167261,2536,1,128
1:47:226,528,93,0,452274,2536,1,128
1:47:303,1512,132,0,230999,2567,1,128
1:47:306,2576,144,0,231007,2569,1,128
1:47:313,2576,140,0,231007,2571,1,128
1:47:317,1512,138,16,230998,2573,1,128
1:47:320,2576,126,0,231000,2574,1,128
1:47:324,1512,159,0,230998,2576,1,128
1:47:327,2576,183,0,231000,2577,1,128
1:47:331,1512,181,0,231003,2579,1,128
1:47:334,2576,135,0,231005,2580,1,128
1:47:338,1512,149,0,231008,2581,1,128
1:47:341,2576,168,0,231005,2583,1,128
1:47:345,1512,225,0,231002,2584,1,128
1:47:348,2576,185,0,231011,2586,1,128
1:47:352,1512,145,0,231001,2587,1,128
1:47:355,2576,190,0,230999,2589,1,128
1:47:359,1512,205,0,231001,2590,1,128
1:47:362,2576,152,0,230998,2591,1,128
1:47:366,1512,191,0,231007,2593,1,128
1:47:369,2576,159,0,231003,2594,1,128
1:47:373,1512,208,0,231006,2596,1,128
1:47:376,2576,194,0,231003,2597,1,128
1:47:380,1512,202,0,231012,2599,1,128
1:47:383,2576,196,0,231009,2600,1,128
1:47:387,1512,192,0,231012,2602,1,128
1:47:390,2576,250,0,231008,2603,1,128
1:47:394,1512,186,0,231005,2604,1,128
1:47:397,2576,175,0,231001,2606,1,128
1:47:401,1512,177,0,231004,2607,1,128
1:47:404,2576,192,0,231007,2609,1,128
1:47:408,1512,204,0,231010,2610,1,128
1:47:411,2576,181,0,231007,2612,1,128
1:47:415,1512,201,0,231004,2613,1,128
1:47:418,2576,162,0,231007,2614,1,128
1:47:422,1512,199,0,231003,2616,1,128
1:47:425,2576,181,0,231006,2617,1,128
1:47:429,1512,228,0,231009,2619,1,128
1:47:429,1040,176,0,322244,2619,1,128
1:47:432,2576,182,0,231012,2620,1,128
1:47:439,2576,194,0,231012,2623,1,128
1:47:443,1512,232,0,231008,2625,1,128
1:47:495,0,0,0,3221225472,1454,1,129
1:47:495,0,0,0,0,1454,1,129
1:47:495,0,0,0,0,1454,1,129
1:47:495,0,0,0,0,1454,1,129
1:47:495,0,0,0,0,1454,1,129
1:47:495,0,0,0,0,1454,1,129
1:47:495,0,0,0,0,1454,1,129
1:47:495,0,0,0,0,1454,1,129
1:47:495,0,0,0,0,1454,1,129
1:47:495,0,0,0,0,1454,1,129
1:47:495,0,0,0,0,1454,1,129
1:47:495,0,0,0,0,1454,1,129
1:47:495,0,0,0,0,1454,1,129
1:47:495,0,0,0,0,1454,1,129
1:47:495,0,0,0,0,1454,1,129
1:47:495,0,0,0,0,1454,1,129
1:47:495,0,0,0,0,1454,1,129
1:47:495,0,0,0,0,1454,1,129
1:47:495,0,0,0,0,1454,1,129
1:47:495,0,0,0,0,1454,1,129
1:47:495,0,0,0,0,1454,1,129
1:47:495,0,0,0,0,1454,1,129
1:47:495,0,0,0,0,1454,1,129
1:47:495,0,0,0,0,1454,1,129
1:47:495,0,0,0,0,1454,1,129
1:47:495,0,0,0,0,1454,1,129
1:47:495,0,0,0,0,1454,1,129
1:47:495,0,0,0,0,1454,1,129
1:47:495,0,0,0,0,1454,1,129
1:47:597,128,232,0,333002,2687,1,129
1:47:688,168,1038,0,349760,2725,1,129
1:47:709,160,162,0,45930,2733,1,129
1:48:213,8,162,0,427605,2939,1,129
1:48:766,64,211,0,213131,3166,1,129
1:48:766,3059,65535,65535,213281,3166,1,129
1:48:766,8,214,0,216503,3166,1,129
1:48:766,8,65535,65535,0,3166,1,129
1:48:797,1024,65535,65535,216,3179,1,129
1:48:797,1024,65535,65535,224,3179,1,129
1:48:979,2101,267,43,345480,3253,1,129
1:48:983,2192,241,45,265630,3254,1,129
1:48:990,2101,206,14,153324,3257,1,129
1:48:993,128,206,14,88282,3259,1,129
1:48:997,2097,206,14,478607,3260,1,129
1:49:000,2192,212,35,410110,3261,1,129
1:49:000,128,65535,65535,410188,3261,1,129
1:49:007,2101,212,35,283620,3264,1,129
1:49:011,2192,224,0,231183,3266,1,129
1:49:011,2192,65535,65535,231268,3266,1,129
1:49:028,2192,107,0,281880,3273,1,129
1:49:032,192,107,0,215133,3274,1,129
1:49:046,2192,95,0,484300,3280,1,129
1:49:053,2049,98,0,369462,3283,1,129
1:49:056,2192,178,17,326385,3284,1,129
1:49:060,1,178,17,300793,3286,1,129
1:49:067,2192,120,0,181575,3288,1,129
1:49:102,2240,120,0,161588,3303,1,129
1:49:201,0,0,0,2147483648,1454,1,130
1:49:201,0,0,0,0,1454,1,130
1:49:201,0,0,0,0,1454,1,130
1:49:201,0,0,0,0,1454,1,130
1:49:201,0,0,0,0,1454,1,130
1:49:201,0,0,0,0,1454,1,130
1:49:201,0,0,0,0,1454,1,130
1:49:201,0,0,0,0,1454,1,130
1:49:201,0,0,0,0,1454,1,130
1:49:201,0,0,0,0,1454,1,130
1:49:201,0,0,0,0,1454,1,130
1:49:201,0,0,0,0,1454,1,130
1:49:201,0,0,0,0,1454,1,130
1:49:201,0,0,0,0,1454,1,130
1:49:201,0,0,0,0,1454,1,130
1:49:201,0,0,0,0,1454,1,130
1:49:201,0,0,0,0,1454,1,130
1:49:201,0,0,0,0,1454,1,130
1:49:201,0,0,0,0,1454,1,130
1:49:201,0,0,0,0,1454,1,130
1:49:201,0,0,0,0,1454,1,130
1:49:201,0,0,0,0,1454,1,130
1:49:201,0,0,0,0,1454,1,130
1:49:201,0,0,0,0,1454,1,130
1:49:201,0,0,0,0,1454,1,130
1:49:201,0,0,0,0,1454,1,130
1:49:201,0,0,0,0,1454,1,130
1:49:201,0,0,0,0,1454,1,130
1:49:201,0,0,0,0,1454,1,130
1:49:221,4,161,0,199446,3352,1,130
1:49:221,258,173,0,202752,3352,1,130
1:49:221,256,65535,65535,202819,3352,1,130
1:49:221,260,65535,65535,202833,3352,1,130
1:49:228,2,155,51,515292,3354,1,130
1:49:228,258,65535,65535,515359,3354,1,130
1:49:228,2,65535,65535,515373,3354,1,130
1:49:228,2,176,0,518742,3354,1,130
1:49:266,128,195,0,268066,3370,1,130
1:49:361,128,195,0,520078,3409,1,130
1:49:364,24,78,0,184,3410,1,130
1:49:364,24,65535,65535,0,3410,1,130
1:49:364,24,65535,65535,0,3410,1,130
1:49:371,1536,65535,65535,453081,3413,1,130
1:49:371,1536,65535,65535,453090,3413,1,130
1:49:382,2176,87,0,80747,3418,1,130
1:49:497,0,0,0,3221225472,1454,1,131
1:49:497,0,0,0,0,1454,1,131
1:49:497,0,0,0,0,1454,1,131
1:49:497,0,0,0,0,1454,1,131
1:49:497,0,0,0,0,1454,1,131
1:49:497,0,0,0,0,1454,1,131
1:49:497,0,0,0,0,1454,1,131
1:49:497,0,0,0,0,1454,1,131
1:49:497,0,0,0,0,1454,1,131
1:49:497,0,0,0,0,1454,1,131
1:49:497,0,0,0,0,1454,1,131
1:49:497,0,0,0,0,1454,1,131
1:49:497,0,0,0,0,1454,1,131
1:49:497,0,0,0,0,1454,1,131
1:49:497,0,0,0,0,1454,1,131
1:49:497,0,0,0,0,1454,1,131
1:49:497,0,0,0,0,1454,1,131
1:49:497,0,0,0,0,1454,1,131
1:49:497,0,0,0,0,1454,1,131
1:49:497,0,0,0,0,1454,1,131
1:49:497,0,0,0,0,1454,1,131
1:49:497,0,0,0,0,1454,1,131
1:49:497,0,0,0,0,1454,1,131
1:49:497,0,0,0,0,1454,1,131
1:49:497,0,0,0,0,1454,1,131
1:49:497,0,0,0,0,1454,1,131
1:49:497,0,0,0,0,1454,1,131
1:49:497,0,0,0,0,1454,1,131
1:49:497,0,0,0,0,1454,1,131
1:50:148,1024,71,0,369972,3731,1,131
1:50:152,1,71,0,319983,3733,1,131
1:50:159,2176,68,0,231671,3736,1,131
1:50:190,2472,199,0,161790,3748,1,131
1:50:190,2090,199,0,164953,3748,1,131
1:50:197,224,332,0,494065,3751,1,131
1:50:211,144,273,0,245009,3757,1,131
1:50:211,2,332,96,248830,3757,1,131
1:50:211,2,65535,65535,248897,3757,1,131
1:50:211,2,65535,65535,248911,3757,1,131
1:50:211,264,305,69,252202,3757,1,131
1:50:211,128,325,96,255418,3757,1,131
1:50:211,6,65535,65535,255485,3757,1,131
1:50:246,1696,295,0,328440,3771,1,131
1:50:253,130,247,0,297085,3774,1,131
1:50:257,1696,238,0,264478,3776,1,131
1:50:260,4,313,62,241867,3777,1,131
1:50:264,130,318,15,190294,3778,1,131
1:50:267,672,225,0,174380,3780,1,131
1:50:274,130,219,0,112485,3783,1,131
1:50:278,1696,159,0,74838,3784,1,131
1:50:281,128,107,0,66945,3786,1,131
1:50:281,256,109,0,70161,3786,1,131
1:50:281,3707,65535,65535,70311,3786,1,131
1:50:285,128,108,0,364980,3787,1,131
1:50:285,1024,108,0,368364,3787,1,131
1:50:285,1024,74,0,371473,3787,1,131
1:50:285,3362,112,0,377880,3787,1,131
1:50:292,130,338,56,501063,3790,1,131
1:50:295,1696,292,56,458389,3792,1,131
1:50:302,130,299,70,353012,3794,1,131
1:50:306,1696,231,0,323868,3796,1,131
1:50:306,2312,72,0,443548,3796,1,131
1:50:306,2304,65535,65535,0,3796,1,131
1:50:309,2900,65535,65535,296589,3797,1,131
1:50:309,2562,343,93,299967,3797,1,131
1:50:309,2560,65535,65535,296506,3797,1,131
1:50:309,2562,65535,65535,299983,3797,1,131
1:50:327,256,343,93,414975,3804,1,131
1:50:327,257,80,0,418101,3804,1,131
1:50:348,388,199,0,192162,3813,1,131
1:50:348,258,249,0,195384,3813,1,131
1:50:348,256,65535,65535,195451,3813,1,131
1:50:348,256,65535,65535,195405,3813,1,131
1:50:481,128,249,0,382308,3867,1,131
1:50:502,2048,84,0,118612,3876,1,131
1:50:502,2834,123,0,121882,3876,1,131
1:50:502,2048,65535,65535,0,3876,1,131
1:50:502,2451,65535,65535,121927,3876,1,131
1:50:502,512,73,0,128703,3876,1,131
1:50:502,512,73,0,132981,3876,1,131
1:50:523,32,73,0,352534,3885,1,131
1:50:593,513,67,0,123574,3913,1,131
1:50:663,128,77,0,446629,3942,1,131
1:50:663,514,77,0,456397,3942,1,131
1:50:698,768,99,0,452237,3956,1,131
1:50:698,2,89,0,455549,3956,1,131
1:50:698,6,65535,65535,455616,3956,1,131
1:50:698,128,65535,65535,463458,3956,1,131
1:50:698,128,65535,65535,463407,3956,1,131
1:50:705,32,88,0,154402,3959,1,131
1:50:736,149,369,146,242985,3972,1,131
1:50:740,256,65535,65535,114400,3973,1,131
1:50:740,16,266,85,120782,3973,1,131
1:50:740,384,266,85,128739,3973,1,131
1:50:747,384,334,132,189194,3976,1,131
1:50:750,149,334,132,382015,3978,1,131
1:50:757,976,341,99,459413,3980,1,131
1:50:775,32,136,0,138656,3988,1,131
1:50:775,21,125,0,145484,3988,1,131
1:50:775,1537,65535,65535,145628,3988,1,131
1:50:775,264,135,0,152449,3988,1,131
1:50:775,8,65535,65535,145551,3988,1,131
1:50:775,8,65535,65535,145559,3988,1,131
1:50:834,450,100,0,374682,4012,1,131
1:50:834,320,120,0,381282,4012,1,131
1:50:834,262,115,0,387822,4012,1,131
1:50:876,128,175,0,74909,4029,1,131
1:50:876,385,217,73,78130,4029,1,131
1:50:876,384,65535,65535,78197,4029,1,131
1:50:876,384,65535,65535,78205,4029,1,131
1:50:876,396,236,59,81526,4029,1,131
1:50:876,264,65535,65535,78197,4029,1,131
1:50:876,264,65535,65535,78205,4029,1,131
1:50:883,516,353,113,233719,4032,1,131
1:50:908,856,120,0,367663,4042,1,131
1:50:911,2807,65535,65535,233184,4044,1,131
1:50:911,1568,132,0,246162,4044,1,131
1:50:915,1525,151,0,435900,4045,1,131
1:50:918,16,142,0,307576,4046,1,131
1:50:918,2663,65535,65535,307720,4046,1,131
1:50:918,64,117,0,314170,4046,1,131
1:50:918,6,131,0,317399,4046,1,131
1:50:922,856,112,0,510442,4048,1,131
1:50:925,4,119,0,372669,4049,1,131
1:50:925,514,135,0,385790,4049,1,131
1:50:939,856,84,0,128220,4055,1,131
1:50:946,1525,114,0,199613,4058,1,131
1:50:953,856,100,0,280455,4061,1,131
1:51:027,128,129,0,301087,4091,1,131
1:51:203,0,0,0,2147483648,1454,1,132
1:51:203,0,0,0,0,1454,1,132
1:51:203,0,0,0,0,1454,1,132
1:51:203,0,0,0,0,1454,1,132
1:51:203,0,0,0,0,1454,1,132
1:51:203,0,0,0,0,1454,1,132
1:51:203,0,0,0,0,1454,1,132
1:51:203,0,0,0,0,1454,1,132
1:51:203,0,0,0,0,1454,1,132
1:51:203,0,0,0,0,1454,1,132
1:51:203,0,0,0,0,1454,1,132
1:51:203,0,0,0,0,1454,1,132
1:51:203,0,0,0,0,1454,1,132
1:51:203,0,0,0,0,1454,1,132
1:51:203,0,0,0,0,1454,1,132
1:51:203,0,0,0,0,1454,1,132
1:51:203,0,0,0,0,1454,1,132
1:51:203,0,0,0,0,1454,1,132
1:51:203,0,0,0,0,1454,1,132
1:51:203,0,0,0,0,1454,1,132
1:51:203,0,0,0,0,1454,1,132
1:51:203,0,0,0,0,1454,1,132
1:51:203,0,0,0,0,1454,1,132
1:51:203,0,0,0,0,1454,1,132
1:51:203,0,0,0,0,1454,1,132
1:51:203,0,0,0,0,1454,1,132
1:51:203,0,0,0,0,1454,1,132
1:51:203,0,0,0,0,1454,1,132
1:51:203,0,0,0,0,1454,1,132
1:51:352,18,129,0,453553,128,1,133
1:51:363,512,129,0,288734,132,1,133
1:51:363,2,129,0,292034,132,1,133
1:51:370,1536,228,74,128261,135,1,133
1:51:373,256,484,0,87645,137,1,133
1:51:499,0,0,0,3221225472,1454,1,133
1:51:499,0,0,0,0,1454,1,133
1:51:499,0,0,0,0,1454,1,133
1:51:499,0,0,0,0,1454,1,133
1:51:499,0,0,0,0,1454,1,133
1:51:499,0,0,0,0,1454,1,133
1:51:499,0,0,0,0,1454,1,133
1:51:499,0,0,0,0,1454,1,133
1:51:499,0,0,0,0,1454,1,133
1:51:499,0,0,0,0,1454,1,133
1:51:499,0,0,0,0,1454,1,133
1:51:499,0,0,0,0,1454,1,133
1:51:499,0,0,0,0,1454,1,133
1:51:499,0,0,0,0,1454,1,133
1:51:499,0,0,0,0,1454,1,133
1:51:499,0,0,0,0,1454,1,133
1:51:499,0,0,0,0,1454,1,133
1:51:499,0,0,0,0,1454,1,133
1:51:499,0,0,0,0,1454,1,133
1:51:499,0,0,0,0,1454,1,133
1:51:499,0,0,0,0,1454,1,133
1:51:499,0,0,0,0,1454,1,133
1:51:499,0,0,0,0,1454,1,133
1:51:499,0,0,0,0,1454,1,133
1:51:499,0,0,0,0,1454,1,133
1:51:499,0,0,0,0,1454,1,133
1:51:499,0,0,0,0,1454,1,133
1:51:499,0,0,0,0,1454,1,133
1:51:499,0,0,0,0,1454,1,133
1:51:541,424,484,0,243854,206,1,134
1:51:576,2708,410,63,311539,220,1,134
1:51:581,46184,41879,38592,4134628437,33271,1,134
1:51:581,46184,41879,38592,4134628437,33271,1,134
1:51:583,2048,59,0,387738,223,1,135
1:51:681,16,250,73,108459,263,1,135
1:51:730,16,250,73,403080,283,1,135
1:51:783,64,127,0,229572,304,1,135
1:51:919,1514,94,0,211767,360,1,135
1:51:930,1514,87,0,153223,365,1,135
1:51:933,3028,83,0,386310,366,1,135
1:51:944,3028,83,0,323182,370,1,135
1:51:951,1514,89,0,140599,373,1,135
1:51:954,3028,103,0,253815,375,1,135
1:51:954,3028,113,0,365743,375,1,135
1:51:965,3012,121,0,195072,379,1,135
1:51:965,1514,126,0,291046,379,1,135
1:51:968,4,670,207,455086,380,1,135
1:51:968,4,65535,65535,455154,380,1,135
1:51:968,4,65535,65535,455175,380,1,135
1:51:968,258,656,204,458452,380,1,135
1:51:968,8,660,218,461674,380,1,135
1:51:975,3028,107,0,125830,383,1,135
1:51:979,1026,119,0,193506,385,1,135
1:51:986,3028,110,0,141655,387,1,135
1:51:986,2900,65535,65535,510246,387,1,135
1:51:989,512,750,221,421751,389,1,135
1:51:993,3864,763,249,346623,390,1,135
1:51:996,132,796,215,282344,392,1,135
1:51:996,2900,65535,65535,282494,392,1,135
1:52:000,512,759,244,182028,393,1,135
1:52:000,3024,133,0,292108,393,1,135
1:52:003,3864,638,209,123285,395,1,135
1:52:007,8,614,210,140587,396,1,135
1:52:007,16,701,206,143808,396,1,135
1:52:007,512,859,197,495973,396,1,135
1:52:010,1258,156,0,217412,398,1,135
1:52:010,2932,65535,65535,380544,398,1,135
1:52:010,512,810,216,383922,398,1,135
1:52:010,262,798,220,390522,398,1,135
1:52:010,262,65535,65535,390589,398,1,135
1:52:010,262,65535,65535,390603,398,1,135
1:52:014,128,840,234,350901,399,1,135
1:52:017,512,840,223,249644,401,1,135
1:52:021,3864,823,217,190272,402,1,135
1:52:024,263,791,190,159603,403,1,135
1:52:028,512,572,235,93398,405,1,135
1:52:031,13,118,0,334495,406,1,135
1:52:031,512,102,0,340957,406,1,135
1:52:031,2048,106,0,344755,406,1,135
1:52:035,512,970,202,495859,408,1,135
1:52:038,3864,944,201,435858,409,1,135
1:52:038,1514,168,0,518314,409,1,135
1:52:042,2900,65535,65535,401655,410,1,135
1:52:045,3028,160,0,218470,412,1,135
1:52:056,1514,129,0,143799,416,1,135
1:52:059,3028,153,0,368925,418,1,135
1:52:059,3031,65535,65535,460693,418,1,135
1:52:063,192,132,0,219308,419,1,135
1:52:063,16,132,0,229141,419,1,135
1:52:063,2594,136,0,232328,419,1,135
1:52:073,4,935,177,176532,423,1,135
1:52:073,4,910,184,183054,423,1,135
1:52:073,518,899,178,186360,423,1,135
1:52:073,1536,900,197,189660,423,1,135
1:52:080,8,773,169,124304,426,1,135
1:52:091,512,991,196,286304,431,1,135
1:52:112,1514,89,0,112980,439,1,135
1:52:112,2900,65535,65535,446465,439,1,135
1:52:115,1514,134,0,220603,441,1,135
1:52:115,3028,142,0,347002,441,1,135
1:52:126,3028,127,0,287055,445,1,135
1:52:129,1386,128,0,371050,446,1,135
1:52:136,1536,103,0,463239,449,1,135
1:52:136,1024,65535,65535,456700,449,1,135
1:52:136,1024,65535,65535,456714,449,1,135
1:52:136,384,135,0,466532,449,1,135
1:52:136,258,65535,65535,466600,449,1,135
1:52:136,260,65535,65535,466614,449,1,135
1:52:136,256,130,0,469832,449,1,135
1:52:147,386,65535,65535,178446,454,1,135
1:52:147,128,65535,65535,178455,454,1,135
1:52:147,514,55,0,181619,454,1,135
1:52:147,3,59,0,184906,454,1,135
1:52:147,4,99,0,282501,454,1,135
1:52:147,2,100,0,285801,454,1,135
1:52:147,656,123,0,289107,454,1,135
1:52:147,656,65535,65535,289174,454,1,135
1:52:147,656,65535,65535,289182,454,1,135
1:52:147,2048,112,0,292862,454,1,135
1:52:147,1925,91,0,296151,454,1,135
1:52:157,256,67,0,94881,458,1,135
1:52:157,64,69,0,160425,458,1,135
1:52:161,1514,96,0,146964,459,1,135
1:52:164,3028,97,0,372125,461,1,135
1:52:178,1514,104,0,162302,466,1,135
1:52:182,3024,70,0,169625,468,1,135
1:52:199,132,715,252,256165,475,1,135
1:52:199,2900,65535,65535,256315,475,1,135
1:52:220,296,69,0,223784,484,1,135
1:52:224,660,94,0,448927,485,1,135
1:52:231,512,57,0,327430,488,1,135
1:52:276,2320,308,101,156011,506,1,135
1:52:276,2320,65535,65535,152856,506,1,135
1:52:276,2320,65535,65535,152828,506,1,135
1:52:294,128,426,162,502802,514,1,135
1:52:416,386,602,177,141643,564,1,135
1:52:434,132,624,117,465539,571,1,135
1:52:434,516,607,101,469061,571,1,135
1:52:434,516,65535,65535,465626,571,1,135
1:52:434,262,624,99,475661,571,1,135
1:52:434,262,613,104,478961,571,1,135
1:52:434,3833,65535,65535,479111,571,1,135
1:52:507,2101,1760,241,208728,601,1,135
1:52:532,0,37,1808,0,0,1,136
1:52:542,256,1760,241,115357,616,1,136
1:52:577,512,680,191,427416,630,1,136
1:52:581,1888,690,200,414573,631,1,136
1:52:584,16,676,231,369360,633,1,136
1:52:584,4,644,220,375877,633,1,136
1:52:584,1536,654,199,379177,633,1,136
1:52:595,264,605,211,477979,637,1,136
1:52:595,264,65535,65535,474519,637,1,136
1:52:595,264,65535,65535,474539,637,1,136
1:52:612,512,526,212,190029,644,1,136
1:52:616,1888,526,212,181025,646,1,136
1:52:626,2644,536,157,130407,650,1,136
1:52:633,1024,414,96,107673,653,1,136
1:52:633,514,403,109,110973,653,1,136
1:52:633,2644,694,144,413763,653,1,136
1:52:644,2644,638,142,164021,657,1,136
1:52:651,16,638,142,417906,660,1,136
1:52:658,12,520,108,131584,663,1,136
1:52:661,2644,692,111,147690,664,1,136
1:52:668,2644,785,158,388977,667,1,136
1:52:679,2644,575,90,107962,671,1,136
1:52:742,132,293,0,332714,697,1,136
1:52:924,2048,432,204,479172,772,1,136
1:53:205,0,0,0,2147483648,1454,1,136
1:53:205,0,0,0,0,1454,1,136
1:53:205,0,0,0,0,1454,1,136
1:53:205,0,0,0,0,1454,1,136
1:53:205,0,0,0,0,1454,1,136
1:53:205,0,0,0,0,1454,1,136
1:53:205,0,0,0,0,1454,1,136
1:53:205,0,0,0,0,1454,1,136
1:53:205,0,0,0,0,1454,1,136
1:53:205,0,0,0,0,1454,1,136
1:53:205,0,0,0,0,1454,1,136
1:53:205,0,0,0,0,1454,1,136
1:53:205,0,0,0,0,1454,1,136
1:53:205,0,0,0,0,1454,1,136
1:53:205,0,0,0,0,1454,1,136
1:53:205,0,0,0,0,1454,1,136
1:53:205,0,0,0,0,1454,1,136
1:53:205,0,0,0,0,1454,1,136
1:53:205,0,0,0,0,1454,1,136
1:53:205,0,0,0,0,1454,1,136
1:53:205,0,0,0,0,1454,1,136
1:53:205,0,0,0,0,1454,1,136
1:53:205,0,0,0,0,1454,1,136
1:53:205,0,0,0,0,1454,1,136
1:53:205,0,0,0,0,1454,1,136
1:53:205,0,0,0,0,1454,1,136
1:53:205,0,0,0,0,1454,1,136
1:53:205,0,0,0,0,1454,1,136
1:53:205,0,0,0,0,1454,1,136
1:53:501,0,0,0,3221225472,1454,1,136
1:53:501,0,0,0,0,1454,1,136
1:53:501,0,0,0,0,1454,1,136
1:53:501,0,0,0,0,1454,1,136
1:53:501,0,0,0,0,1454,1,136
1:53:501,0,0,0,0,1454,1,136
1:53:501,0,0,0,0,1454,1,136
1:53:501,0,0,0,0,1454,1,136
1:53:501,0,0,0,0,1454,1,136
1:53:501,0,0,0,0,1454,1,136
1:53:501,0,0,0,0,1454,1,136
1:53:501,0,0,0,0,1454,1,136
1:53:501,0,0,0,0,1454,1,136
1:53:501,0,0,0,0,1454,1,136
1:53:501,0,0,0,0,1454,1,136
1:53:501,0,0,0,0,1454,1,136
1:53:501,0,0,0,0,1454,1,136
1:53:501,0,0,0,0,1454,1,136
1:53:501,0,0,0,0,1454,1,136
1:53:501,0,0,0,0,1454,1,136
1:53:501,0,0,0,0,1454,1,136
1:53:501,0,0,0,0,1454,1,136
1:53:501,0,0,0,0,1454,1,136
1:53:501,0,0,0,0,1454,1,136
1:53:501,0,0,0,0,1454,1,136
1:53:501,0,0,0,0,1454,1,136
1:53:501,0,0,0,0,1454,1,136
1:53:501,0,0,0,0,1454,1,136
1:53:501,0,0,0,0,1454,1,136
1:54:089,128,406,56,247389,1249,1,137
1:54:089,2933,65535,65535,247539,1249,1,137
1:54:089,512,404,0,250761,1249,1,137
1:54:089,262,413,0,260811,1249,1,137
1:54:089,262,65535,65535,260879,1249,1,137
1:54:089,262,65535,65535,260893,1249,1,137
1:54:128,132,382,47,471981,1265,1,137
1:54:128,3648,391,0,478803,1265,1,137
1:54:128,3680,65535,65535,478871,1265,1,137
1:54:128,3648,65535,65535,478885,1265,1,137
1:54:128,128,380,49,482181,1265,1,137
1:54:128,3702,65535,65535,482331,1265,1,137
1:54:128,3732,370,0,485553,1265,1,137
1:54:128,3220,65535,65535,485621,1265,1,137
1:54:128,3220,65535,65535,485635,1265,1,137
1:54:205,34,370,0,441679,1296,1,137
1:54:205,64,370,0,444787,1296,1,137
1:54:208,768,213,0,398063,1298,1,137
1:54:212,1,213,0,300370,1299,1,137
1:54:537,32,189,71,128442,1433,1,137
1:54:674,12,263,35,275941,1489,1,137
1:54:698,128,252,59,347379,1499,1,137
1:54:698,16,223,0,350601,1499,1,137
1:54:698,2048,223,0,357279,1499,1,137
1:55:010,131,523,112,402171,1626,1,137
1:55:010,130,65535,65535,402239,1626,1,137
1:55:010,386,65535,65535,402247,1626,1,137
1:55:010,512,489,92,408999,1626,1,137
1:55:010,130,500,104,415743,1626,1,137
1:55:010,2,65535,65535,415811,1626,1,137
1:55:010,2,65535,65535,415825,1626,1,137
1:55:052,129,59,0,98445,1643,1,137
1:55:052,128,65535,65535,98513,1643,1,137
1:55:052,128,65535,65535,98521,1643,1,137
1:55:052,128,61,0,101745,1643,1,137
1:55:052,128,65535,65535,101813,1643,1,137
1:55:052,128,65535,65535,101809,1643,1,137
1:55:052,128,61,0,109539,1643,1,137
1:55:090,276,77,0,352402,1659,1,137
1:55:090,768,77,0,355619,1659,1,137
1:55:153,132,935,144,455377,1685,1,137
1:55:153,258,921,151,462205,1685,1,137
1:55:153,2,65535,65535,462272,1685,1,137
1:55:153,2,65535,65535,462292,1685,1,137
1:55:153,262,889,149,468799,1685,1,137
1:55:153,260,65535,65535,468867,1685,1,137
1:55:153,260,65535,65535,468886,1685,1,137
1:55:207,0,0,0,2147483648,1454,1,138
1:55:207,0,0,0,0,1454,1,138
1:55:207,0,0,0,0,1454,1,138
1:55:207,0,0,0,0,1454,1,138
1:55:207,0,0,0,0,1454,1,138
1:55:207,0,0,0,0,1454,1,138
1:55:207,0,0,0,0,1454,1,138
1:55:207,0,0,0,0,1454,1,138
1:55:207,0,0,0,0,1454,1,138
1:55:207,0,0,0,0,1454,1,138
1:55:207,0,0,0,0,1454,1,138
1:55:207,0,0,0,0,1454,1,138
1:55:207,0,0,0,0,1454,1,138
1:55:207,0,0,0,0,1454,1,138
1:55:207,0,0,0,0,1454,1,138
1:55:207,0,0,0,0,1454,1,138
1:55:207,0,0,0,0,1454,1,138
1:55:207,0,0,0,0,1454,1,138
1:55:207,0,0,0,0,1454,1,138
1:55:207,0,0,0,0,1454,1,138
1:55:207,0,0,0,0,1454,1,138
1:55:207,0,0,0,0,1454,1,138
1:55:207,0,0,0,0,1454,1,138
1:55:207,0,0,0,0,1454,1,138
1:55:207,0,0,0,0,1454,1,138
1:55:207,0,0,0,0,1454,1,138
1:55:207,0,0,0,0,1454,1,138
1:55:207,0,0,0,0,1454,1,138
1:55:207,0,0,0,0,1454,1,138
1:55:227,391,678,147,450562,1715,1,138
1:55:227,132,65535,65535,450630,1715,1,138
1:55:227,132,65535,65535,450650,1715,1,138
1:55:227,4081,65535,65535,464884,1715,1,138
1:55:363,387,725,182,379595,1771,1,138
1:55:363,128,65535,65535,379663,1771,1,138
1:55:363,132,65535,65535,379683,1771,1,138
1:55:395,512,716,216,443933,1784,1,138
1:55:503,0,0,0,3221225472,1454,1,139
1:55:503,0,0,0,0,1454,1,139
1:55:503,0,0,0,0,1454,1,139
1:55:503,0,0,0,0,1454,1,139
1:55:503,0,0,0,0,1454,1,139
1:55:503,0,0,0,0,1454,1,139
1:55:503,0,0,0,0,1454,1,139
1:55:503,0,0,0,0,1454,1,139
1:55:503,0,0,0,0,1454,1,139
1:55:503,0,0,0,0,1454,1,139
1:55:503,0,0,0,0,1454,1,139
1:55:503,0,0,0,0,1454,1,139
1:55:503,0,0,0,0,1454,1,139
1:55:503,0,0,0,0,1454,1,139
1:55:503,0,0,0,0,1454,1,139
1:55:503,0,0,0,0,1454,1,139
1:55:503,0,0,0,0,1454,1,139
1:55:503,0,0,0,0,1454,1,139
1:55:503,0,0,0,0,1454,1,139
1:55:503,0,0,0,0,1454,1,139
1:55:503,0,0,0,0,1454,1,139
1:55:503,0,0,0,0,1454,1,139
1:55:503,0,0,0,0,1454,1,139
1:55:503,0,0,0,0,1454,1,139
1:55:503,0,0,0,0,1454,1,139
1:55:503,0,0,0,0,1454,1,139
1:55:503,0,0,0,0,1454,1,139
1:55:503,0,0,0,0,1454,1,139
1:55:503,0,0,0,0,1454,1,139
1:56:095,520,716,216,388176,2070,1,139
1:56:294,24,716,216,362310,2152,1,139
1:56:490,6,771,183,399330,2232,1,139
1:56:490,6,65535,65535,399398,2232,1,139
1:56:490,6,65535,65535,399412,2232,1,139
1:56:557,160,771,183,40710,2259,1,139
1:57:071,512,67,0,459790,2470,1,139
1:57:071,2,92,0,466312,2470,1,139
1:57:071,192,57,0,469545,2470,1,139
1:57:071,1344,65535,65535,469613,2470,1,139
1:57:071,320,65535,65535,469638,2470,1,139
1:57:071,32,66,0,472845,2470,1,139
1:57:209,0,0,0,2147483648,1454,1,140
1:57:209,0,0,0,0,1454,1,140
1:57:209,0,0,0,0,1454,1,140
1:57:209,0,0,0,0,1454,1,140
1:57:209,0,0,0,0,1454,1,140
1:57:209,0,0,0,0,1454,1,140
1:57:209,0,0,0,0,1454,1,140
1:57:209,0,0,0,0,1454,1,140
1:57:209,0,0,0,0,1454,1,140
1:57:209,0,0,0,0,1454,1,140
1:57:209,0,0,0,0,1454,1,140
1:57:209,0,0,0,0,1454,1,140
1:57:209,0,0,0,0,1454,1,140
1:57:209,0,0,0,0,1454,1,140
1:57:209,0,0,0,0,1454,1,140
1:57:209,0,0,0,0,1454,1,140
1:57:209,0,0,0,0,1454,1,140
1:57:209,0,0,0,0,1454,1,140
1:57:209,0,0,0,0,1454,1,140
1:57:209,0,0,0,0,1454,1,140
1:57:209,0,0,0,0,1454,1,140
1:57:209,0,0,0,0,1454,1,140
1:57:209,0,0,0,0,1454,1,140
1:57:209,0,0,0,0,1454,1,140
1:57:209,0,0,0,0,1454,1,140
1:57:209,0,0,0,0,1454,1,140
1:57:209,0,0,0,0,1454,1,140
1:57:209,0,0,0,0,1454,1,140
1:57:209,0,0,0,0,1454,1,140
1:57:505,0,0,0,3221225472,1454,1,140
1:57:505,0,0,0,0,1454,1,140
1:57:505,0,0,0,0,1454,1,140
1:57:505,0,0,0,0,1454,1,140
1:57:505,0,0,0,0,1454,1,140
1:57:505,0,0,0,0,1454,1,140
1:57:505,0,0,0,0,1454,1,140
1:57:505,0,0,0,0,1454,1,140
1:57:505,0,0,0,0,1454,1,140
1:57:505,0,0,0,0,1454,1,140
1:57:505,0,0,0,0,1454,1,140
1:57:505,0,0,0,0,1454,1,140
1:57:505,0,0,0,0,1454,1,140
1:57:505,0,0,0,0,1454,1,140
1:57:505,0,0,0,0,1454,1,140
1:57:505,0,0,0,0,1454,1,140
1:57:505,0,0,0,0,1454,1,140
1:57:505,0,0,0,0,1454,1,140
1:57:505,0,0,0,0,1454,1,140
1:57:505,0,0,0,0,1454,1,140
1:57:505,0,0,0,0,1454,1,140
1:57:505,0,0,0,0,1454,1,140
1:57:505,0,0,0,0,1454,1,140
1:57:505,0,0,0,0,1454,1,140
1:57:505,0,0,0,0,1454,1,140
1:57:505,0,0,0,0,1454,1,140
1:57:505,0,0,0,0,1454,1,140
1:57:505,0,0,0,0,1454,1,140
1:57:505,0,0,0,0,1454,1,140
1:57:575,2101,66,0,412548,2676,1,140
1:57:649,224,697,0,74791,2706,1,140
1:57:649,160,65535,65535,0,2706,1,140
1:57:820,896,16321,2664,503173,2776,1,140
1:58:202,1408,113,0,121245,2932,1,140
1:58:219,2210,1931,0,190528,2939,1,140
1:58:247,2097,230,0,175197,2951,1,140
1:59:175,2,67,0,155749,3330,1,140
1:59:203,1514,58,0,499578,3341,1,140
1:59:211,0,0,0,2147483648,1454,1,141
1:59:211,0,0,0,0,1454,1,141
1:59:211,0,0,0,0,1454,1,141
1:59:211,0,0,0,0,1454,1,141
1:59:211,0,0,0,0,1454,1,141
1:59:211,0,0,0,0,1454,1,141
1:59:211,0,0,0,0,1454,1,141
1:59:211,0,0,0,0,1454,1,141
1:59:211,0,0,0,0,1454,1,141
1:59:211,0,0,0,0,1454,1,141
1:59:211,0,0,0,0,1454,1,141
1:59:211,0,0,0,0,1454,1,141
1:59:211,0,0,0,0,1454,1,141
1:59:211,0,0,0,0,1454,1,141
1:59:211,0,0,0,0,1454,1,141
1:59:211,0,0,0,0,1454,1,141
1:59:211,0,0,0,0,1454,1,141
1:59:211,0,0,0,0,1454,1,141
1:59:211,0,0,0,0,1454,1,141
1:59:211,0,0,0,0,1454,1,141
1:59:211,0,0,0,0,1454,1,141
1:59:211,0,0,0,0,1454,1,141
1:59:211,0,0,0,0,1454,1,141
1:59:211,0,0,0,0,1454,1,141
1:59:211,0,0,0,0,1454,1,141
1:59:211,0,0,0,0,1454,1,141
1:59:211,0,0,0,0,1454,1,141
1:59:211,0,0,0,0,1454,1,141
1:59:211,0,0,0,0,1454,1,141
1:59:220,2580,58,0,145935,3349,1,141
1:59:224,1450,79,0,379549,3350,1,141
1:59:231,1,79,0,218026,3353,1,141
1:59:234,272,73,0,393795,3354,1,141
1:59:273,536,74,0,241478,3370,1,141
1:59:280,256,63,0,298825,3373,1,141
1:59:294,1482,73,0,459838,3379,1,141
1:59:304,1288,80,0,396812,3383,1,141
1:59:315,1192,61,0,339492,3387,1,141
1:59:329,704,80,0,501837,3393,1,141
1:59:371,514,80,0,237295,3410,1,141
1:59:507,0,0,0,3221225472,1454,1,142
1:59:507,0,0,0,0,1454,1,142
1:59:507,0,0,0,0,1454,1,142
1:59:507,0,0,0,0,1454,1,142
1:59:507,0,0,0,0,1454,1,142
1:59:507,0,0,0,0,1454,1,142
1:59:507,0,0,0,0,1454,1,142
1:59:507,0,0,0,0,1454,1,142
1:59:507,0,0,0,0,1454,1,142
1:59:507,0,0,0,0,1454,1,142
1:59:507,0,0,0,0,1454,1,142
1:59:507,0,0,0,0,1454,1,142
1:59:507,0,0,0,0,1454,1,142
1:59:507,0,0,0,0,1454,1,142
1:59:507,0,0,0,0,1454,1,142
1:59:507,0,0,0,0,1454,1,142
1:59:507,0,0,0,0,1454,1,142
1:59:507,0,0,0,0,1454,1,142
1:59:507,0,0,0,0,1454,1,142
1:59:507,0,0,0,0,1454,1,142
1:59:507,0,0,0,0,1454,1,142
1:59:507,0,0,0,0,1454,1,142
1:59:507,0,0,0,0,1454,1,142
1:59:507,0,0,0,0,1454,1,142
1:59:507,0,0,0,0,1454,1,142
1:59:507,0,0,0,0,1454,1,142
1:59:507,0,0,0,0,1454,1,142
1:59:507,0,0,0,0,1454,1,142
1:59:507,0,0,0,0,1454,1,142
1:59:525,2560,104,0,449913,3473,1,142
2:00:022,128,91,0,268106,3677,1,142
2:00:022,514,91,0,278678,3677,1,142
2:00:022,2432,116,0,281894,3677,1,142
2:00:067,1672,116,0,297861,3695,1,142
2:00:176,16,156,33,147904,3740,1,142
2:00:176,16,65535,65535,0,3740,1,142
2:00:176,16,201,0,158026,3740,1,142
2:00:235,4,60,0,303536,3764,1,142
2:00:270,2,64,0,519476,3778,1,142
2:00:288,720,75,0,391188,3786,1,142
2:00:410,130,197,43,510715,3836,1,142
2:00:410,24,238,0,513877,3836,1,142
2:00:410,24,65535,65535,510782,3836,1,142
2:00:410,16,65535,65535,510803,3836,1,142
2:00:410,34,203,0,517249,3836,1,142
2:00:431,128,203,0,159690,3844,1,142
2:00:564,32,49,0,448806,3899,1,142
2:00:568,520,49,0,241680,3900,1,142
2:00:687,8,57,0,293015,3949,1,142
2:00:687,330,65535,65535,293083,3949,1,142
2:00:687,256,65535,65535,293103,3949,1,142
2:00:725,144,173,63,168788,3965,1,142
2:00:725,144,65535,65535,168822,3965,1,142
2:00:753,528,173,63,49347,3976,1,142
2:00:876,42,199,0,376728,4027,1,142
2:00:918,880,165,0,461708,4044,1,142
2:00:932,1536,170,0,348975,4049,1,142
2:00:932,1024,65535,65535,345685,4049,1,142
2:00:932,48,170,0,352288,4049,1,142
2:00:932,3845,188,0,509088,4049,1,142
2:00:939,1525,121,0,131695,4052,1,142
2:00:942,3834,65535,65535,84016,4054,1,142
2:00:942,512,87,0,91001,4054,1,142
2:00:942,1472,160,0,200942,4054,1,142
2:00:949,1525,133,0,223010,4056,1,142
2:00:953,880,139,0,212806,4058,1,142
2:00:956,128,685,246,296502,4059,1,142
2:00:956,2933,65535,65535,296652,4059,1,142
2:00:956,516,695,260,303330,4059,1,142
2:00:960,501,165,0,330885,4061,1,142
2:00:963,880,142,0,326687,4062,1,142
2:00:963,192,127,0,370372,4062,1,142
2:00:970,1525,128,0,417873,4065,1,142
2:00:974,880,120,0,418242,4066,1,142
2:00:977,880,95,0,149558,4068,1,142
2:00:977,512,123,0,316343,4068,1,142
2:00:977,1060,120,0,323086,4068,1,142
2:00:981,1397,104,0,502961,4069,1,142
2:00:984,3063,65535,65535,503581,4071,1,142
2:00:984,544,115,0,506971,4071,1,142
2:00:988,16,87,0,98441,4072,1,142
2:00:988,518,78,0,101663,4072,1,142
2:00:988,3320,65535,65535,101813,4072,1,142
2:00:988,8,182,0,380586,4072,1,142
2:00:988,4,200,0,383886,4072,1,142
2:00:988,4,65535,65535,383954,4072,1,142
2:00:988,4,65535,65535,383968,4072,1,142
2:01:047,149,994,170,348647,4096,1,142
2:01:213,0,0,0,2147483648,1454,1,143
2:01:213,0,0,0,0,1454,1,143
2:01:213,0,0,0,0,1454,1,143
2:01:213,0,0,0,0,1454,1,143
2:01:213,0,0,0,0,1454,1,143
2:01:213,0,0,0,0,1454,1,143
2:01:213,0,0,0,0,1454,1,143
2:01:213,0,0,0,0,1454,1,143
2:01:213,0,0,0,0,1454,1,143
2:01:213,0,0,0,0,1454,1,143
2:01:213,0,0,0,0,1454,1,143
2:01:213,0,0,0,0,1454,1,143
2:01:213,0,0,0,0,1454,1,143
2:01:213,0,0,0,0,1454,1,143
2:01:213,0,0,0,0,1454,1,143
2:01:213,0,0,0,0,1454,1,143
2:01:213,0,0,0,0,1454,1,143
2:01:213,0,0,0,0,1454,1,143
2:01:213,0,0,0,0,1454,1,143
2:01:213,0,0,0,0,1454,1,143
2:01:213,0,0,0,0,1454,1,143
2:01:213,0,0,0,0,1454,1,143
2:01:213,0,0,0,0,1454,1,143
2:01:213,0,0,0,0,1454,1,143
2:01:213,0,0,0,0,1454,1,143
2:01:213,0,0,0,0,1454,1,143
2:01:213,0,0,0,0,1454,1,143
2:01:213,0,0,0,0,1454,1,143
2:01:213,0,0,0,0,1454,1,143
2:01:509,0,0,0,3221225472,1454,1,143
2:01:509,0,0,0,0,1454,1,143
2:01:509,0,0,0,0,1454,1,143
2:01:509,0,0,0,0,1454,1,143
2:01:509,0,0,0,0,1454,1,143
2:01:509,0,0,0,0,1454,1,143
2:01:509,0,0,0,0,1454,1,143
2:01:509,0,0,0,0,1454,1,143
2:01:509,0,0,0,0,1454,1,143
2:01:509,0,0,0,0,1454,1,143
2:01:509,0,0,0,0,1454,1,143
2:01:509,0,0,0,0,1454,1,143
2:01:509,0,0,0,0,1454,1,143
2:01:509,0,0,0,0,1454,1,143
2:01:509,0,0,0,0,1454,1,143
2:01:509,0,0,0,0,1454,1,143
2:01:509,0,0,0,0,1454,1,143
2:01:509,0,0,0,0,1454,1,143
2:01:509,0,0,0,0,1454,1,143
2:01:509,0,0,0,0,1454,1,143
2:01:509,0,0,0,0,1454,1,143
2:01:509,0,0,0,0,1454,1,143
2:01:509,0,0,0,0,1454,1,143
2:01:509,0,0,0,0,1454,1,143
2:01:509,0,0,0,0,1454,1,143
2:01:509,0,0,0,0,1454,1,143
2:01:509,0,0,0,0,1454,1,143
2:01:509,0,0,0,0,1454,1,143
2:01:509,0,0,0,0,1454,1,143
2:01:581,39272,63723,32656,3743014470,58339,1,143
2:01:581,39272,63723,32656,3743014470,58339,1,143
2:01:642,2708,412,0,378210,244,1,144
2:01:649,981,248,0,86183,247,1,144
2:01:653,2708,379,55,324262,249,1,144
2:01:663,2708,379,55,271771,253,1,144
2:01:667,981,329,74,501294,254,1,144
2:01:684,2196,298,0,142371,261,1,144
2:01:688,981,296,105,369224,263,1,144
2:01:695,2580,161,58,78210,266,1,144
2:01:698,981,237,18,311003,267,1,144
2:01:709,981,258,72,254235,271,1,144
2:01:712,2708,243,67,489386,273,1,144
2:01:719,981,234,78,201199,276,1,144
2:01:723,2692,230,74,440130,277,1,144
2:01:726,64,140,0,381802,279,1,144
2:01:726,64,65535,65535,374466,279,1,144
2:01:726,64,65535,65535,381866,279,1,144
2:01:730,213,208,37,151991,280,1,144
2:01:733,2692,176,65,382504,282,1,144
2:01:744,2580,176,65,321675,286,1,144
2:01:747,128,194,60,244195,287,1,144
2:01:880,226,66,0,312311,342,1,144
2:01:891,72,66,0,252765,346,1,144
2:01:926,8,64,0,348870,360,1,144
2:01:940,490,101,0,470288,366,1,144
2:01:943,2056,101,0,212163,368,1,144
2:01:961,128,101,0,404942,375,1,144
2:01:968,2516,75,0,119509,377,1,144
2:01:968,3028,75,0,225767,377,1,144
2:01:968,1514,95,0,302914,377,1,144
2:01:985,1418,95,0,357455,385,1,144
2:01:991,1514,95,0,514991,386,1,144
2:01:992,1514,144,0,257935,387,1,144
2:01:996,2964,82,0,153461,389,1,144
2:01:996,3028,121,0,496043,389,1,144
2:01:999,1514,55,0,322535,390,1,144
2:02:003,1514,132,0,208150,392,1,144
2:02:003,1514,100,0,482686,392,1,144
2:02:006,3028,174,0,445928,393,1,144
2:02:010,3008,174,0,121739,395,1,144
2:02:013,1514,119,0,151369,396,1,144
2:02:013,1514,104,0,285329,396,1,144
2:02:017,3028,149,0,378084,398,1,144
2:02:017,1514,107,0,453844,398,1,144
2:02:027,1514,108,0,248951,402,1,144
2:02:027,3028,142,0,309970,402,1,144
2:02:031,1514,101,0,408731,403,1,144
2:02:034,2773,65535,65535,78031,405,1,144
2:02:034,2048,76,0,81913,405,1,144
2:02:034,1152,76,0,324801,405,1,144
2:02:038,3028,136,0,254233,406,1,144
2:02:041,1514,88,0,203962,408,1,144
2:02:041,1514,143,0,484932,408,1,144
2:02:045,1514,114,0,363592,409,1,144
2:02:048,3028,134,0,192010,410,1,144
2:02:052,518,85,0,316655,412,1,144
2:02:052,512,65535,65535,316723,412,1,144
2:02:052,512,65535,65535,316737,412,1,144
2:02:052,2816,111,0,323404,412,1,144
2:02:052,2816,65535,65535,323472,412,1,144
2:02:052,2310,65535,65535,323480,412,1,144
2:02:055,1514,81,0,169529,413,1,144
2:02:059,3028,135,0,134306,415,1,144
2:02:059,1514,106,0,333328,415,1,144
2:02:059,132,692,164,438092,415,1,144
2:02:059,2932,65535,65535,438242,415,1,144
2:02:059,512,693,162,441620,415,1,144
2:02:059,262,655,135,448220,415,1,144
2:02:059,262,65535,65535,448288,415,1,144
2:02:059,262,65535,65535,448302,415,1,144
2:02:059,576,668,122,483806,415,1,144
2:02:059,2672,65535,65535,483873,415,1,144
2:02:059,576,65535,65535,483887,415,1,144
2:02:059,2,668,118,487256,415,1,144
2:02:059,258,65535,65535,487323,415,1,144
2:02:059,6,65535,65535,487337,415,1,144
2:02:069,452,668,118,70757,419,1,144
2:02:073,1514,133,0,298594,421,1,144
2:02:083,1514,141,0,240217,425,1,144
2:02:087,3028,153,0,477546,426,1,144
2:02:094,1514,137,0,185549,429,1,144
2:02:097,3028,156,0,424215,431,1,144
2:02:104,1514,114,0,126164,433,1,144
2:02:108,3028,130,0,351540,435,1,144
2:02:111,2304,130,0,320704,436,1,144
2:02:118,3028,124,0,288809,439,1,144
2:02:132,4,695,144,387716,445,1,144
2:02:132,2903,65535,65535,387866,445,1,144
2:02:139,3028,115,0,170400,448,1,144
2:02:139,3063,65535,65535,429840,448,1,144
2:02:139,4,712,151,436663,448,1,144
2:02:143,1514,122,0,404895,449,1,144
2:02:146,3592,507,98,107580,451,1,144
2:02:146,2900,150,0,374875,451,1,144
2:02:146,2,720,132,494183,451,1,144
2:02:146,3059,65535,65535,494333,451,1,144
2:02:146,128,730,162,497711,451,1,144
2:02:146,4077,65535,65535,497861,451,1,144
2:02:146,1024,699,152,501161,451,1,144
2:02:150,3028,99,0,118395,452,1,144
2:02:153,512,647,153,172066,454,1,144
2:02:153,1512,140,0,356389,454,1,144
2:02:157,4,157,0,46275,455,1,144
2:02:157,3061,65535,65535,46425,455,1,144
2:02:157,8,157,0,53259,455,1,144
2:02:157,511,65535,65535,371590,455,1,144
2:02:157,12,137,0,374805,455,1,144
2:02:157,3584,142,0,378033,455,1,144
2:02:157,3072,65535,65535,378101,455,1,144
2:02:157,3088,65535,65535,378120,455,1,144
2:02:164,3028,132,0,340,458,1,144
2:02:164,1514,103,0,300911,458,1,144
2:02:171,1514,147,0,450637,461,1,144
2:02:174,1514,111,0,237668,462,1,144
2:02:178,3028,101,0,150810,464,1,144
2:02:178,2388,113,0,472603,464,1,144
2:02:185,1386,113,0,174342,466,1,144
2:02:188,3028,122,0,401836,468,1,144
2:02:195,1514,77,0,109323,471,1,144
2:02:199,3024,113,0,342691,472,1,144
2:02:209,2768,113,0,281735,476,1,144
2:02:213,1514,114,0,520768,478,1,144
2:02:220,3024,92,0,229172,481,1,144
2:02:220,2964,89,0,308635,481,1,144
2:02:223,3,89,0,174216,482,1,144
2:02:223,4,106,0,177378,482,1,144
2:02:223,4,65535,65535,177446,482,1,144
2:02:223,4,65535,65535,177471,482,1,144
2:02:227,1448,87,0,376572,484,1,144
2:02:230,3012,87,0,178607,485,1,144
2:02:241,12,87,0,413200,489,1,144
2:02:244,3073,95,0,397087,491,1,144
2:02:248,16,669,0,288552,492,1,144
2:02:251,2176,1869,0,214276,494,1,144
2:02:251,512,1869,0,465030,494,1,144
2:02:262,224,2172,0,512629,498,1,144
2:02:265,160,2172,0,458849,499,1,144
2:02:265,2593,721,0,462035,499,1,144
2:02:265,2080,65535,65535,0,499,1,144
2:02:269,32,159,0,357543,501,1,144
2:02:269,1024,159,0,360621,501,1,144
2:02:279,2176,1104,0,162808,505,1,144
2:02:283,128,180,0,120595,507,1,144
2:02:283,129,65535,65535,120662,507,1,144
2:02:283,2,180,0,123793,507,1,144
2:02:286,2049,180,0,104542,508,1,144
2:02:290,2176,260,0,35865,509,1,144
2:02:479,128,501,109,311495,587,1,144
2:02:479,2,503,91,321623,587,1,144
2:02:486,386,1750,434,206826,590,1,144
2:02:486,258,1691,398,210055,590,1,144
2:02:486,256,65535,65535,210122,590,1,144
2:02:486,256,65535,65535,210136,590,1,144
2:02:486,386,1699,483,216876,590,1,144
2:02:535,0,37,1808,0,0,1,145
2:02:594,386,888,190,435978,634,1,145
2:02:612,64,888,190,43959,641,1,145
2:02:612,2053,110,0,47079,641,1,145
2:02:612,4094,65535,65535,50409,641,1,145
2:02:615,2720,615,0,372450,643,1,145
2:02:636,2101,1651,406,438093,651,1,145
2:02:734,16,779,291,313206,691,1,145
2:02:780,1536,736,98,369407,710,1,145
2:02:783,512,692,136,138595,711,1,145
2:02:790,3063,65535,65535,115566,714,1,145
2:02:790,16,558,111,125700,714,1,145
2:02:797,1024,747,129,296139,717,1,145
2:02:797,1536,709,144,386287,717,1,145
2:02:797,3,241,0,444193,717,1,145
2:02:797,4,65535,65535,444260,717,1,145
2:02:797,16,206,0,447570,717,1,145
2:02:797,2,221,54,450792,717,1,145
2:02:797,4048,735,114,502985,717,1,145
2:02:797,1792,65535,65535,454171,717,1,145
2:02:797,1792,65535,65535,454185,717,1,145
2:02:801,2644,826,111,251803,719,1,145
2:02:808,2900,65535,65535,242964,722,1,145
2:02:815,2644,724,122,191113,724,1,145
2:02:822,512,704,140,153955,727,1,145
2:02:836,2644,421,120,87931,733,1,145
2:03:215,0,0,0,2147483648,1454,1,145
2:03:215,0,0,0,0,1454,1,145
2:03:215,0,0,0,0,1454,1,145
2:03:215,0,0,0,0,1454,1,145
2:03:215,0,0,0,0,1454,1,145
2:03:215,0,0,0,0,1454,1,145
2:03:215,0,0,0,0,1454,1,145
2:03:215,0,0,0,0,1454,1,145
2:03:215,0,0,0,0,1454,1,145
2:03:215,0,0,0,0,1454,1,145
2:03:215,0,0,0,0,1454,1,145
2:03:215,0,0,0,0,1454,1,145
2:03:215,0,0,0,0,1454,1,145
2:03:215,0,0,0,0,1454,1,145
2:03:215,0,0,0,0,1454,1,145
2:03:215,0,0,0,0,1454,1,145
2:03:215,0,0,0,0,1454,1,145
2:03:215,0,0,0,0,1454,1,145
2:03:215,0,0,0,0,1454,1,145
2:03:215,0,0,0,0,1454,1,145
2:03:215,0,0,0,0,1454,1,145
2:03:215,0,0,0,0,1454,1,145
2:03:215,0,0,0,0,1454,1,145
2:03:215,0,0,0,0,1454,1,145
2:03:215,0,0,0,0,1454,1,145
2:03:215,0,0,0,0,1454,1,145
2:03:215,0,0,0,0,1454,1,145
2:03:215,0,0,0,0,1454,1,145
2:03:215,0,0,0,0,1454,1,145
2:03:511,0,0,0,3221225472,1454,1,145
2:03:511,0,0,0,0,1454,1,145
2:03:511,0,0,0,0,1454,1,145
2:03:511,0,0,0,0,1454,1,145
2:03:511,0,0,0,0,1454,1,145
2:03:511,0,0,0,0,1454,1,145
2:03:511,0,0,0,0,1454,1,145
2:03:511,0,0,0,0,1454,1,145
2:03:511,0,0,0,0,1454,1,145
2:03:511,0,0,0,0,1454,1,145
2:03:511,0,0,0,0,1454,1,145
2:03:511,0,0,0,0,1454,1,145
2:03:511,0,0,0,0,1454,1,145
2:03:511,0,0,0,0,1454,1,145
2:03:511,0,0,0,0,1454,1,145
2:03:511,0,0,0,0,1454,1,145
2:03:511,0,0,0,0,1454,1,145
2:03:511,0,0,0,0,1454,1,145
2:03:511,0,0,0,0,1454,1,145
2:03:511,0,0,0,0,1454,1,145
2:03:511,0,0,0,0,1454,1,145
2:03:511,0,0,0,0,1454,1,145
2:03:511,0,0,0,0,1454,1,145
2:03:511,0,0,0,0,1454,1,145
2:03:511,0,0,0,0,1454,1,145
2:03:511,0,0,0,0,1454,1,145
2:03:511,0,0,0,0,1454,1,145
2:03:511,0,0,0,0,1454,1,145
2:03:511,0,0,0,0,1454,1,145
2:03:896,2069,217,55,110707,1168,1,146
2:03:900,16,217,55,377214,1169,1,146
2:03:991,1024,217,55,42351,1206,1,146
2:03:991,3031,65535,65535,352551,1206,1,146
2:03:991,524,266,82,355773,1206,1,146
2:03:991,772,65535,65535,355841,1206,1,146
2:03:991,516,65535,65535,355855,1206,1,146
2:04:040,256,299,64,170471,1226,1,146
2:04:089,2932,65535,65535,331760,1246,1,146
2:04:089,512,612,86,335138,1246,1,146
2:04:113,2576,561,76,305227,1256,1,146
2:04:117,1512,596,56,387488,1258,1,146
2:04:120,2576,580,73,459539,1259,1,146
2:04:131,2560,207,0,64520,1263,1,146
2:04:134,1512,470,69,130481,1265,1,146
2:04:138,2576,537,60,206725,1266,1,146
2:04:141,1512,572,79,261147,1268,1,146
2:04:145,2576,535,69,327761,1269,1,146
2:04:148,1512,529,66,384457,1271,1,146
2:04:152,2576,516,0,443992,1272,1,146
2:04:162,2576,245,0,70850,1276,1,146
2:04:166,1512,470,59,153183,1278,1,146
2:04:190,128,307,68,106407,1288,1,146
2:04:190,2644,65535,65535,106557,1288,1,146
2:04:453,1024,307,68,349400,1395,1,146
2:04:603,8,307,68,420275,1457,1,146
2:04:614,1,95,0,111169,1461,1,146
2:04:687,128,310,55,132930,1491,1,146
2:04:687,16,316,51,136158,1491,1,146
2:04:736,132,325,55,281186,1511,1,146
2:04:904,131,424,74,391529,1580,1,146
2:04:904,130,65535,65535,391596,1580,1,146
2:04:904,386,65535,65535,391610,1580,1,146
2:04:904,512,404,86,398356,1580,1,146
2:05:104,296,200,91,470534,1662,1,146
2:05:104,8,65535,65535,0,1662,1,146
2:05:104,1024,200,91,482744,1662,1,146
2:05:217,0,0,0,2147483648,1454,1,147
2:05:217,0,0,0,0,1454,1,147
2:05:217,0,0,0,0,1454,1,147
2:05:217,0,0,0,0,1454,1,147
2:05:217,0,0,0,0,1454,1,147
2:05:217,0,0,0,0,1454,1,147
2:05:217,0,0,0,0,1454,1,147
2:05:217,0,0,0,0,1454,1,147
2:05:217,0,0,0,0,1454,1,147
2:05:217,0,0,0,0,1454,1,147
2:05:217,0,0,0,0,1454,1,147
2:05:217,0,0,0,0,1454,1,147
2:05:217,0,0,0,0,1454,1,147
2:05:217,0,0,0,0,1454,1,147
2:05:217,0,0,0,0,1454,1,147
2:05:217,0,0,0,0,1454,1,147
2:05:217,0,0,0,0,1454,1,147
2:05:217,0,0,0,0,1454,1,147
2:05:217,0,0,0,0,1454,1,147
2:05:217,0,0,0,0,1454,1,147
2:05:217,0,0,0,0,1454,1,147
2:05:217,0,0,0,0,1454,1,147
2:05:217,0,0,0,0,1454,1,147
2:05:217,0,0,0,0,1454,1,147
2:05:217,0,0,0,0,1454,1,147
2:05:217,0,0,0,0,1454,1,147
2:05:217,0,0,0,0,1454,1,147
2:05:217,0,0,0,0,1454,1,147
2:05:217,0,0,0,0,1454,1,147
2:05:226,852,737,255,187662,1712,1,147
2:05:233,2510,552,175,117559,1715,1,147
2:05:237,260,552,175,102286,1716,1,147
2:05:240,512,552,175,81938,1718,1,147
2:05:251,8,139,0,42324,1722,1,147
2:05:251,1024,167,72,45617,1722,1,147
2:05:251,532,710,200,143560,1722,1,147
2:05:251,2510,868,219,503943,1722,1,147
2:05:254,852,818,252,484573,1724,1,147
2:05:258,391,818,234,462191,1725,1,147
2:05:258,132,65535,65535,462258,1725,1,147
2:05:258,132,65535,65535,462279,1725,1,147
2:05:261,2510,844,235,396519,1726,1,147
2:05:265,852,828,224,346596,1728,1,147
2:05:272,2510,848,216,259166,1731,1,147
2:05:275,852,858,210,241061,1732,1,147
2:05:282,2510,811,220,189546,1735,1,147
2:05:338,132,574,176,392347,1758,1,147
2:05:338,2900,65535,65535,392497,1758,1,147
2:05:345,149,68,0,495365,1761,1,147
2:05:352,656,63,0,195700,1764,1,147
2:05:356,132,67,0,430137,1765,1,147
2:05:377,133,81,0,316499,1774,1,147
2:05:387,5,72,0,265239,1778,1,147
2:05:398,20,72,0,195330,1782,1,147
2:05:401,256,80,0,164752,1784,1,147
2:05:401,256,65535,65535,0,1784,1,147
2:05:422,960,78,0,317923,1792,1,147
2:05:513,0,0,0,3221225472,1454,1,148
2:05:513,0,0,0,0,1454,1,148
2:05:513,0,0,0,0,1454,1,148
2:05:513,0,0,0,0,1454,1,148
2:05:513,0,0,0,0,1454,1,148
2:05:513,0,0,0,0,1454,1,148
2:05:513,0,0,0,0,1454,1,148
2:05:513,0,0,0,0,1454,1,148
2:05:513,0,0,0,0,1454,1,148
2:05:513,0,0,0,0,1454,1,148
2:05:513,0,0,0,0,1454,1,148
2:05:513,0,0,0,0,1454,1,148
2:05:513,0,0,0,0,1454,1,148
2:05:513,0,0,0,0,1454,1,148
2:05:513,0,0,0,0,1454,1,148
2:05:513,0,0,0,0,1454,1,148
2:05:513,0,0,0,0,1454,1,148
2:05:513,0,0,0,0,1454,1,148
2:05:513,0,0,0,0,1454,1,148
2:05:513,0,0,0,0,1454,1,148
2:05:513,0,0,0,0,1454,1,148
2:05:513,0,0,0,0,1454,1,148
2:05:513,0,0,0,0,1454,1,148
2:05:513,0,0,0,0,1454,1,148
2:05:513,0,0,0,0,1454,1,148
2:05:513,0,0,0,0,1454,1,148
2:05:513,0,0,0,0,1454,1,148
2:05:513,0,0,0,0,1454,1,148
2:05:513,0,0,0,0,1454,1,148
2:05:555,512,72,0,415869,1847,1,148
2:06:129,512,84,0,440892,2082,1,148
2:06:129,1024,65535,65535,440908,2082,1,148
2:06:259,64,84,0,506474,2134,1,148
2:06:266,2176,84,0,367930,2137,1,148
2:06:269,704,2109,0,314546,2139,1,148
2:06:276,2961,2109,0,166323,2142,1,148
2:06:283,2432,2109,0,468292,2144,1,148
2:06:287,736,2059,0,397898,2146,1,148
2:06:304,1088,187,0,454431,2153,1,148
2:06:304,1024,65535,65535,454499,2153,1,148
2:06:595,3813,888,248,506734,2272,1,148
2:06:602,6,747,296,175618,2275,1,148
2:06:602,2,760,295,178918,2275,1,148
2:06:602,512,816,332,219039,2275,1,148
2:06:602,800,795,281,222345,2275,1,148
2:06:668,513,824,313,243430,2302,1,148
2:06:679,512,824,313,336635,2307,1,148
2:06:679,1024,824,313,340756,2307,1,148
2:07:219,0,0,0,2147483648,1454,1,149
2:07:219,0,0,0,0,1454,1,149
2:07:219,0,0,0,0,1454,1,149
2:07:219,0,0,0,0,1454,1,149
2:07:219,0,0,0,0,1454,1,149
2:07:219,0,0,0,0,1454,1,149
2:07:219,0,0,0,0,1454,1,149
2:07:219,0,0,0,0,1454,1,149
2:07:219,0,0,0,0,1454,1,149
2:07:219,0,0,0,0,1454,1,149
2:07:219,0,0,0,0,1454,1,149
2:07:219,0,0,0,0,1454,1,149
2:07:219,0,0,0,0,1454,1,149
2:07:219,0,0,0,0,1454,1,149
2:07:219,0,0,0,0,1454,1,149
2:07:219,0,0,0,0,1454,1,149
2:07:219,0,0,0,0,1454,1,149
2:07:219,0,0,0,0,1454,1,149
2:07:219,0,0,0,0,1454,1,149
2:07:219,0,0,0,0,1454,1,149
2:07:219,0,0,0,0,1454,1,149
2:07:219,0,0,0,0,1454,1,149
2:07:219,0,0,0,0,1454,1,149
2:07:219,0,0,0,0,1454,1,149
2:07:219,0,0,0,0,1454,1,149
2:07:219,0,0,0,0,1454,1,149
2:07:219,0,0,0,0,1454,1,149
2:07:219,0,0,0,0,1454,1,149
2:07:219,0,0,0,0,1454,1,149
2:07:260,2624,72,0,197626,2544,1,149
2:07:260,136,124,0,200819,2544,1,149
2:07:424,6,124,0,518834,2611,1,149
2:07:452,1280,124,0,331162,2623,1,149
2:07:487,593,11151,4789,483378,2637,1,149
2:07:494,2,11918,4943,361977,2640,1,149
2:07:494,4,65535,65535,362044,2640,1,149
2:07:505,776,11284,4556,157832,2644,1,149
2:07:505,3008,65535,65535,157900,2644,1,149
2:07:505,768,65535,65535,157920,2644,1,149
2:07:512,384,14025,5037,502077,2647,1,149
2:07:515,0,0,0,3221225472,1454,1,150
2:07:515,0,0,0,0,1454,1,150
2:07:515,0,0,0,0,1454,1,150
2:07:515,0,0,0,0,1454,1,150
2:07:515,0,0,0,0,1454,1,150
2:07:515,0,0,0,0,1454,1,150
2:07:515,0,0,0,0,1454,1,150
2:07:515,0,0,0,0,1454,1,150
2:07:515,0,0,0,0,1454,1,150
2:07:515,0,0,0,0,1454,1,150
2:07:515,0,0,0,0,1454,1,150
2:07:515,0,0,0,0,1454,1,150
2:07:515,0,0,0,0,1454,1,150
2:07:515,0,0,0,0,1454,1,150
2:07:515,0,0,0,0,1454,1,150
2:07:515,0,0,0,0,1454,1,150
2:07:515,0,0,0,0,1454,1,150
2:07:515,0,0,0,0,1454,1,150
2:07:515,0,0,0,0,1454,1,150
2:07:515,0,0,0,0,1454,1,150
2:07:515,0,0,0,0,1454,1,150
2:07:515,0,0,0,0,1454,1,150
2:07:515,0,0,0,0,1454,1,150
2:07:515,0,0,0,0,1454,1,150
2:07:515,0,0,0,0,1454,1,150
2:07:515,0,0,0,0,1454,1,150
2:07:515,0,0,0,0,1454,1,150
2:07:515,0,0,0,0,1454,1,150
2:07:515,0,0,0,0,1454,1,150
2:07:519,240,13464,4753,390490,2650,1,150
2:07:613,240,15647,3017,472347,2689,1,150
2:07:659,2216,1870,0,503769,2707,1,150
2:07:676,224,869,0,76698,2714,1,150
2:07:680,1536,15378,2398,459081,2716,1,150
2:07:680,3573,65535,65535,459231,2716,1,150
2:07:725,2052,180,0,512127,2734,1,150
2:08:331,2064,85,0,172516,2982,1,150
2:08:523,1,85,0,203491,3061,1,150
2:08:992,32,85,0,479130,3253,1,150
2:09:038,1,74,0,144812,3271,1,150
2:09:059,488,74,0,222528,3280,1,150
2:09:090,1,74,0,291673,3293,1,150
2:09:090,1794,65535,65535,294978,3293,1,150
2:09:221,0,0,0,2147483648,1454,1,151
2:09:221,0,0,0,0,1454,1,151
2:09:221,0,0,0,0,1454,1,151
2:09:221,0,0,0,0,1454,1,151
2:09:221,0,0,0,0,1454,1,151
2:09:221,0,0,0,0,1454,1,151
2:09:221,0,0,0,0,1454,1,151
2:09:221,0,0,0,0,1454,1,151
2:09:221,0,0,0,0,1454,1,151
2:09:221,0,0,0,0,1454,1,151
2:09:221,0,0,0,0,1454,1,151
2:09:221,0,0,0,0,1454,1,151
2:09:221,0,0,0,0,1454,1,151
2:09:221,0,0,0,0,1454,1,151
2:09:221,0,0,0,0,1454,1,151
2:09:221,0,0,0,0,1454,1,151
2:09:221,0,0,0,0,1454,1,151
2:09:221,0,0,0,0,1454,1,151
2:09:221,0,0,0,0,1454,1,151
2:09:221,0,0,0,0,1454,1,151
2:09:221,0,0,0,0,1454,1,151
2:09:221,0,0,0,0,1454,1,151
2:09:221,0,0,0,0,1454,1,151
2:09:221,0,0,0,0,1454,1,151
2:09:221,0,0,0,0,1454,1,151
2:09:221,0,0,0,0,1454,1,151
2:09:221,0,0,0,0,1454,1,151
2:09:221,0,0,0,0,1454,1,151
2:09:221,0,0,0,0,1454,1,151
2:09:307,1,74,0,184970,3382,1,151
2:09:325,1,80,0,249599,3389,1,151
2:09:339,8,99,0,434077,3394,1,151
2:09:346,2048,72,0,331053,3397,1,151
2:09:349,512,72,0,284857,3399,1,151
2:09:349,1792,86,0,287995,3399,1,151
2:09:360,49,77,0,498462,3403,1,151
2:09:363,2048,81,0,450741,3404,1,151
2:09:370,37,81,0,340320,3407,1,151
2:09:416,2049,81,0,484650,3426,1,151
2:09:419,2176,81,0,437590,3427,1,151
2:09:426,49,87,0,316434,3430,1,151
2:09:430,128,81,0,250138,3432,1,151
2:09:444,2065,81,0,450199,3437,1,151
2:09:447,2048,106,0,372870,3439,1,151
2:09:454,2097,78,0,206702,3442,1,151
2:09:461,17,64,0,480958,3445,1,151
2:09:517,0,0,0,3221225472,1454,1,152
2:09:517,0,0,0,0,1454,1,152
2:09:517,0,0,0,0,1454,1,152
2:09:517,0,0,0,0,1454,1,152
2:09:517,0,0,0,0,1454,1,152
2:09:517,0,0,0,0,1454,1,152
2:09:517,0,0,0,0,1454,1,152
2:09:517,0,0,0,0,1454,1,152
2:09:517,0,0,0,0,1454,1,152
2:09:517,0,0,0,0,1454,1,152
2:09:517,0,0,0,0,1454,1,152
2:09:517,0,0,0,0,1454,1,152
2:09:517,0,0,0,0,1454,1,152
2:09:517,0,0,0,0,1454,1,152
2:09:517,0,0,0,0,1454,1,152
2:09:517,0,0,0,0,1454,1,152
2:09:517,0,0,0,0,1454,1,152
2:09:517,0,0,0,0,1454,1,152
2:09:517,0,0,0,0,1454,1,152
2:09:517,0,0,0,0,1454,1,152
2:09:517,0,0,0,0,1454,1,152
2:09:517,0,0,0,0,1454,1,152
2:09:517,0,0,0,0,1454,1,152
2:09:517,0,0,0,0,1454,1,152
2:09:517,0,0,0,0,1454,1,152
2:09:517,0,0,0,0,1454,1,152
2:09:517,0,0,0,0,1454,1,152
2:09:517,0,0,0,0,1454,1,152
2:09:517,0,0,0,0,1454,1,152
2:09:573,16,64,0,226691,3490,1,152
2:09:675,8,64,0,369148,3532,1,152
2:09:853,1032,64,0,336732,3605,1,152
2:10:046,258,65535,65535,167154,3684,1,152
2:10:046,256,65535,65535,167108,3684,1,152
2:10:046,66,97,0,174424,3684,1,152
2:10:046,68,65535,65535,174492,3684,1,152
2:10:046,516,80,0,177880,3684,1,152
2:10:224,1552,63,0,457113,3757,1,152
2:10:224,1024,65535,65535,0,3757,1,152
2:10:291,128,207,0,403912,3784,1,152
2:10:291,512,207,0,407141,3784,1,152
2:10:301,2,207,0,196559,3789,1,152
2:10:312,4,199,0,338435,3793,1,152
2:10:312,128,199,0,464637,3793,1,152
2:10:322,8,121,0,275355,3797,1,152
2:10:350,9,65535,65535,178907,3808,1,152
2:10:350,9,65535,65535,178909,3808,1,152
2:10:350,3648,102,0,182103,3808,1,152
2:10:350,3648,65535,65535,178907,3808,1,152
2:10:350,3136,65535,65535,182130,3808,1,152
2:10:396,4000,120,0,272290,3827,1,152
2:10:396,3488,65535,65535,272311,3827,1,152
2:10:504,290,194,0,180539,3871,1,152
2:10:504,2193,77,0,183749,3871,1,152
2:10:504,3312,65535,65535,183816,3871,1,152
2:10:504,2240,65535,65535,183837,3871,1,152
2:10:546,1154,77,0,248,3889,1,152
2:10:620,2,77,0,23,3919,1,152
2:10:704,64,84,0,321163,3953,1,152
2:10:742,128,84,0,237191,3969,1,152
2:10:749,256,723,0,115094,3972,1,152
2:10:770,1032,723,0,431504,3980,1,152
2:10:781,2050,723,0,324132,3985,1,152
2:10:875,272,84,0,77441,4024,1,152
2:10:875,2,88,0,87563,4024,1,152
2:10:879,451,148,0,310168,4025,1,152
2:10:879,192,65535,65535,0,4025,1,152
2:10:879,2568,176,0,319995,4025,1,152
2:10:879,2592,65535,65535,320063,4025,1,152
2:10:879,2560,65535,65535,320077,4025,1,152
2:10:879,386,170,0,323373,4025,1,152
2:10:879,384,65535,65535,323441,4025,1,152
2:10:879,384,65535,65535,323455,4025,1,152
2:10:886,128,664,243,286324,4028,1,152
2:10:886,2933,65535,65535,286474,4028,1,152
2:10:886,262,685,250,293152,4028,1,152
2:10:886,6,65535,65535,293220,4028,1,152
2:10:886,6,65535,65535,293234,4028,1,152
2:10:886,128,667,244,296602,4028,1,152
2:10:886,2,65535,65535,296670,4028,1,152
2:10:893,408,164,70,438685,4031,1,152
2:10:893,280,65535,65535,0,4031,1,152
2:10:893,1088,164,70,441979,4031,1,152
2:10:959,16,130,0,319018,4058,1,152
2:10:973,132,897,260,364760,4063,1,152
2:10:973,2,894,261,371582,4063,1,152
2:11:223,0,0,0,2147483648,1454,1,153
2:11:223,0,0,0,0,1454,1,153
2:11:223,0,0,0,0,1454,1,153
2:11:223,0,0,0,0,1454,1,153
2:11:223,0,0,0,0,1454,1,153
2:11:223,0,0,0,0,1454,1,153
2:11:223,0,0,0,0,1454,1,153
2:11:223,0,0,0,0,1454,1,153
2:11:223,0,0,0,0,1454,1,153
2:11:223,0,0,0,0,1454,1,153
2:11:223,0,0,0,0,1454,1,153
2:11:223,0,0,0,0,1454,1,153
2:11:223,0,0,0,0,1454,1,153
2:11:223,0,0,0,0,1454,1,153
2:11:223,0,0,0,0,1454,1,153
2:11:223,0,0,0,0,1454,1,153
2:11:223,0,0,0,0,1454,1,153
2:11:223,0,0,0,0,1454,1,153
2:11:223,0,0,0,0,1454,1,153
2:11:223,0,0,0,0,1454,1,153
2:11:223,0,0,0,0,1454,1,153
2:11:223,0,0,0,0,1454,1,153
2:11:223,0,0,0,0,1454,1,153
2:11:223,0,0,0,0,1454,1,153
2:11:223,0,0,0,0,1454,1,153
2:11:223,0,0,0,0,1454,1,153
2:11:223,0,0,0,0,1454,1,153
2:11:223,0,0,0,0,1454,1,153
2:11:223,0,0,0,0,1454,1,153
2:11:519,0,0,0,3221225472,1454,1,153
2:11:519,0,0,0,0,1454,1,153
2:11:519,0,0,0,0,1454,1,153
2:11:519,0,0,0,0,1454,1,153
2:11:519,0,0,0,0,1454,1,153
2:11:519,0,0,0,0,1454,1,153
2:11:519,0,0,0,0,1454,1,153
2:11:519,0,0,0,0,1454,1,153
2:11:519,0,0,0,0,1454,1,153
2:11:519,0,0,0,0,1454,1,153
2:11:519,0,0,0,0,1454,1,153
2:11:519,0,0,0,0,1454,1,153
2:11:519,0,0,0,0,1454,1,153
2:11:519,0,0,0,0,1454,1,153
2:11:519,0,0,0,0,1454,1,153
2:11:519,0,0,0,0,1454,1,153
2:11:519,0,0,0,0,1454,1,153
2:11:519,0,0,0,0,1454,1,153
2:11:519,0,0,0,0,1454,1,153
2:11:519,0,0,0,0,1454,1,153
2:11:519,0,0,0,0,1454,1,153
2:11:519,0,0,0,0,1454,1,153
2:11:519,0,0,0,0,1454,1,153
2:11:519,0,0,0,0,1454,1,153
2:11:519,0,0,0,0,1454,1,153
2:11:519,0,0,0,0,1454,1,153
2:11:519,0,0,0,0,1454,1,153
2:11:519,0,0,0,0,1454,1,153
2:11:519,0,0,0,0,1454,1,153
2:11:554,2193,2572,0,145466,205,1,154
2:11:581,43999,18432,57963,1531451225,64061,1,154
2:11:582,43999,18432,57963,1531451225,64061,1,154
2:11:624,69,2572,0,379405,234,1,155
2:11:652,6,564,114,218811,246,1,155
2:11:939,288,53,0,221952,363,1,155
2:11:967,852,97,0,502584,374,1,155
2:11:974,1482,91,0,217139,377,1,155
2:11:988,2516,91,0,381405,383,1,155
2:11:999,2900,85,0,327468,387,1,155
2:12:009,3028,85,0,274960,392,1,155
2:12:013,1506,110,0,449205,393,1,155
2:12:013,1514,120,0,504495,393,1,155
2:12:020,2772,87,0,149361,396,1,155
2:12:020,3028,87,0,213331,396,1,155
2:12:023,1448,110,0,439680,397,1,155
2:12:030,3028,102,0,145572,400,1,155
2:12:034,3028,101,0,299826,402,1,155
2:12:037,24,571,149,172553,403,1,155
2:12:037,24,65535,65535,169266,403,1,155
2:12:037,24,65535,65535,169280,403,1,155
2:12:041,320,571,149,81411,404,1,155
2:12:044,1506,129,0,225105,406,1,155
2:12:044,1514,92,0,314205,406,1,155
2:12:048,3028,91,0,450279,407,1,155
2:12:058,1506,114,0,375577,412,1,155
2:12:058,3024,115,0,492593,412,1,155
2:12:069,1024,88,0,329459,416,1,155
2:12:072,512,290,94,380323,417,1,155
2:12:079,3028,123,11,226179,420,1,155
2:12:086,1352,87,0,94140,423,1,155
2:12:100,2964,112,0,272828,429,1,155
2:12:104,1514,117,0,507288,430,1,155
2:12:111,3028,121,0,211044,433,1,155
2:12:114,1514,127,34,448301,435,1,155
2:12:121,3028,127,34,148558,437,1,155
2:12:125,1514,108,0,380618,439,1,155
2:12:132,3024,108,0,87367,442,1,155
2:12:135,458,108,0,319866,443,1,155
2:12:139,3028,75,0,293235,445,1,155
2:12:142,3600,535,117,134289,446,1,155
2:12:146,1514,90,0,253552,448,1,155
2:12:149,512,175,33,82684,449,1,155
2:12:149,3063,65535,65535,426466,449,1,155
2:12:149,387,658,152,433288,449,1,155
2:12:153,512,683,115,213754,450,1,155
2:12:153,128,311,74,297711,450,1,155
2:12:153,2676,65535,65535,297861,450,1,155
2:12:153,4,65535,65535,307751,450,1,155
2:12:156,1514,93,0,191204,452,1,155
2:12:156,2768,93,0,284916,452,1,155
2:12:156,1280,661,132,364757,452,1,155
2:12:156,2815,65535,65535,364907,452,1,155
2:12:156,256,670,152,372106,452,1,155
2:12:156,582,654,123,375413,452,1,155
2:12:156,4,65535,65535,427530,452,1,155
2:12:156,256,65535,65535,481744,452,1,155
2:12:160,1024,108,0,42211,453,1,155
2:12:160,817,676,167,493997,453,1,155
2:12:160,305,65535,65535,494065,453,1,155
2:12:160,305,65535,65535,494085,453,1,155
2:12:160,8,681,157,497514,453,1,155
2:12:160,8,65535,65535,494065,453,1,155
2:12:160,8,65535,65535,494085,453,1,155
2:12:167,2945,306,51,473886,456,1,155
2:12:167,2432,65535,65535,473954,456,1,155
2:12:167,2432,65535,65535,473961,456,1,155
2:12:167,3648,259,12,477486,456,1,155
2:12:170,512,646,134,277746,458,1,155
2:12:170,3028,646,134,375802,458,1,155
2:12:174,512,496,160,126624,459,1,155
2:12:174,3600,641,165,224992,459,1,155
2:12:174,916,56,0,338906,459,1,155
2:12:177,2900,65535,65535,172201,460,1,155
2:12:181,512,388,139,99456,462,1,155
2:12:184,1552,60,0,54573,463,1,155
2:12:188,2999,65535,65535,72343,465,1,155
2:12:191,512,452,152,131390,466,1,155
2:12:191,3600,590,169,360329,466,1,155
2:12:195,512,365,70,205605,468,1,155
2:12:198,512,588,165,249912,469,1,155
2:12:198,3600,543,166,403275,469,1,155
2:12:202,3600,541,143,185188,470,1,155
2:12:202,3024,101,0,197548,470,1,155
2:12:205,1540,508,126,153949,472,1,155
2:12:209,3600,545,139,512986,473,1,155
2:12:212,512,94,0,359800,475,1,155
2:12:212,132,539,153,471710,475,1,155
2:12:212,2900,65535,65535,471860,475,1,155
2:12:216,512,509,141,405096,476,1,155
2:12:223,1064,509,141,455585,479,1,155
2:12:237,1,509,141,435047,485,1,155
2:12:279,512,336,100,297224,502,1,155
2:12:324,532,336,100,261173,521,1,155
2:12:332,2048,637,209,373113,524,1,155
2:12:335,132,646,218,332965,525,1,155
2:12:338,512,653,206,265091,526,1,155
2:12:342,2000,683,233,222416,528,1,155
2:12:345,2900,65535,65535,197027,529,1,155
2:12:349,512,495,160,115768,531,1,155
2:12:352,128,77,0,42735,532,1,155
2:12:356,512,711,207,469090,534,1,155
2:12:363,2900,65535,65535,376140,537,1,155
2:12:366,512,748,200,305601,538,1,155
2:12:370,2000,809,215,261973,539,1,155
2:12:373,3063,65535,65535,214859,541,1,155
2:12:373,258,748,184,221681,541,1,155
2:12:373,258,65535,65535,221748,541,1,155
2:12:373,258,65535,65535,221768,541,1,155
2:12:373,4,781,190,295005,541,1,155
2:12:377,512,638,232,120999,542,1,155
2:12:387,2000,815,198,385334,547,1,155
2:12:391,2900,65535,65535,353021,548,1,155
2:12:394,512,827,202,268300,549,1,155
2:12:394,2000,853,198,354542,549,1,155
2:12:398,3063,65535,65535,295782,551,1,155
2:12:398,258,823,207,302610,551,1,155
2:12:398,258,65535,65535,302677,551,1,155
2:12:398,258,65535,65535,302625,551,1,155
2:12:401,512,855,153,461814,552,1,155
2:12:405,2000,842,183,439611,554,1,155
2:12:408,512,870,204,395569,555,1,155
2:12:408,768,65535,65535,395637,555,1,155
2:12:408,512,65535,65535,395651,555,1,155
2:12:426,512,621,113,111752,562,1,155
2:12:429,2000,700,167,121949,564,1,155
2:12:436,512,895,138,225387,567,1,155
2:12:489,2272,902,236,419623,588,1,155
2:12:492,386,902,209,354101,590,1,155
2:12:492,2896,65535,65535,354251,590,1,155
2:12:492,2,920,319,357479,590,1,155
2:12:496,2101,928,199,275187,591,1,155
2:12:499,2272,954,225,227155,592,1,155
2:12:506,2101,690,134,116420,595,1,155
2:12:510,2272,214,65,44448,597,1,155
2:12:513,1,214,65,5404,598,1,155
2:12:513,2101,1041,215,463124,598,1,155
2:12:517,2272,982,195,399342,600,1,155
2:12:520,2931,65535,65535,364521,601,1,155
2:12:520,1536,1000,179,371049,601,1,155
2:12:520,1536,65535,65535,371116,601,1,155
2:12:520,1536,65535,65535,371125,601,1,155
2:12:520,512,1035,218,495824,601,1,155
2:12:520,262,1079,208,499124,601,1,155
2:12:520,260,65535,65535,499191,601,1,155
2:12:520,260,65535,65535,499204,601,1,155
2:12:524,4,65535,65535,97626,603,1,155
2:12:527,2566,1047,161,255,604,1,155
2:12:534,2101,731,138,119761,607,1,155
2:12:538,0,37,1808,0,0,1,156
2:12:545,2272,1057,206,457810,611,1,156
2:12:548,386,1072,209,411500,612,1,156
2:12:552,2101,1077,192,319980,614,1,156
2:12:660,2272,637,108,202615,658,1,156
2:12:664,512,637,146,155819,660,1,156
2:12:674,2773,65535,65535,236658,664,1,156
2:12:688,2644,743,174,354502,670,1,156
2:12:699,512,809,132,448523,674,1,156
2:12:713,2048,809,132,63941,680,1,156
2:12:720,512,560,146,97768,683,1,156
2:12:723,1024,56,0,50198,684,1,156
2:12:723,64,68,0,53498,684,1,156
2:12:723,1540,177,0,115297,684,1,156
2:12:723,512,161,0,118596,684,1,156
2:12:723,512,65535,65535,118664,684,1,156
2:12:723,512,65535,65535,118678,684,1,156
2:12:727,2644,788,143,197798,686,1,156
2:12:734,8,159,58,91665,688,1,156
2:12:734,128,148,64,95392,688,1,156
2:12:734,1024,147,56,98638,688,1,156
2:12:737,512,873,112,300519,690,1,156
2:12:741,3031,65535,65535,473289,691,1,156
2:12:741,896,243,62,476817,691,1,156
2:12:744,2644,870,115,348650,693,1,156
2:12:748,132,518,70,107679,694,1,156
2:12:748,1536,512,69,114051,694,1,156
2:12:748,4,555,91,120801,694,1,156
2:12:755,512,915,123,389272,697,1,156
2:12:762,2644,859,133,436202,700,1,156
2:12:783,2644,613,77,114848,708,1,156
2:12:793,512,890,149,225668,713,1,156
2:12:797,2900,65535,65535,368649,714,1,156
2:12:804,2208,329,114,473910,717,1,156
2:12:874,512,199,0,262952,746,1,156
2:13:225,0,0,0,2147483648,1454,1,156
2:13:225,0,0,0,0,1454,1,156
2:13:225,0,0,0,0,1454,1,156
2:13:225,0,0,0,0,1454,1,156
2:13:225,0,0,0,0,1454,1,156
2:13:225,0,0,0,0,1454,1,156
2:13:225,0,0,0,0,1454,1,156
2:13:225,0,0,0,0,1454,1,156
2:13:225,0,0,0,0,1454,1,156
2:13:225,0,0,0,0,1454,1,156
2:13:225,0,0,0,0,1454,1,156
2:13:225,0,0,0,0,1454,1,156
2:13:225,0,0,0,0,1454,1,156
2:13:225,0,0,0,0,1454,1,156
2:13:225,0,0,0,0,1454,1,156
2:13:225,0,0,0,0,1454,1,156
2:13:225,0,0,0,0,1454,1,156
2:13:225,0,0,0,0,1454,1,156
2:13:225,0,0,0,0,1454,1,156
2:13:225,0,0,0,0,1454,1,156
2:13:225,0,0,0,0,1454,1,156
2:13:225,0,0,0,0,1454,1,156
2:13:225,0,0,0,0,1454,1,156
2:13:225,0,0,0,0,1454,1,156
2:13:225,0,0,0,0,1454,1,156
2:13:225,0,0,0,0,1454,1,156
2:13:225,0,0,0,0,1454,1,156
2:13:225,0,0,0,0,1454,1,156
2:13:225,0,0,0,0,1454,1,156
2:13:521,0,0,0,3221225472,1454,1,156
2:13:521,0,0,0,0,1454,1,156
2:13:521,0,0,0,0,1454,1,156
2:13:521,0,0,0,0,1454,1,156
2:13:521,0,0,0,0,1454,1,156
2:13:521,0,0,0,0,1454,1,156
2:13:521,0,0,0,0,1454,1,156
2:13:521,0,0,0,0,1454,1,156
2:13:521,0,0,0,0,1454,1,156
2:13:521,0,0,0,0,1454,1,156
2:13:521,0,0,0,0,1454,1,156
2:13:521,0,0,0,0,1454,1,156
2:13:521,0,0,0,0,1454,1,156
2:13:521,0,0,0,0,1454,1,156
2:13:521,0,0,0,0,1454,1,156
2:13:521,0,0,0,0,1454,1,156
2:13:521,0,0,0,0,1454,1,156
2:13:521,0,0,0,0,1454,1,156
2:13:521,0,0,0,0,1454,1,156
2:13:521,0,0,0,0,1454,1,156
2:13:521,0,0,0,0,1454,1,156
2:13:521,0,0,0,0,1454,1,156
2:13:521,0,0,0,0,1454,1,156
2:13:521,0,0,0,0,1454,1,156
2:13:521,0,0,0,0,1454,1,156
2:13:521,0,0,0,0,1454,1,156
2:13:521,0,0,0,0,1454,1,156
2:13:521,0,0,0,0,1454,1,156
2:13:521,0,0,0,0,1454,1,156
2:14:109,128,154,0,266627,1252,1,157
2:14:109,10,132,0,276600,1252,1,157
2:14:141,2,101,0,45534,1265,1,157
2:14:141,6,65535,65535,45601,1265,1,157
2:14:141,2,65535,65535,45615,1265,1,157
2:14:249,256,170,69,269152,1309,1,157
2:14:249,516,278,77,275373,1309,1,157
2:14:326,160,130,0,415003,1341,1,157
2:14:326,160,65535,65535,415061,1341,1,157
2:14:330,33,130,0,360203,1342,1,157
2:14:330,516,130,0,363335,1342,1,157
2:14:340,8,130,0,164142,1347,1,157
2:14:354,32,197,0,352760,1352,1,157
2:14:354,32,65535,65535,352817,1352,1,157
2:14:354,8,197,0,355964,1352,1,157
2:14:354,32,89,0,359378,1352,1,157
2:14:361,2176,253,0,206453,1355,1,157
2:14:361,512,253,0,209794,1355,1,157
2:14:368,282,174,0,509105,1358,1,157
2:14:368,846,65535,65535,509183,1358,1,157
2:14:368,256,174,0,512387,1358,1,157
2:14:372,1221,174,0,461523,1359,1,157
2:14:410,64,70,0,288081,1375,1,157
2:14:463,256,78,0,72932,1397,1,157
2:14:529,1,80,0,451215,1424,1,157
2:14:529,16,80,0,454605,1424,1,157
2:14:585,56,324,63,458946,1447,1,157
2:14:585,48,65535,65535,455791,1447,1,157
2:14:585,48,65535,65535,455800,1447,1,157
2:14:599,246,65535,65535,393812,1453,1,157
2:14:599,66,65535,65535,393820,1453,1,157
2:14:603,74,304,112,163556,1454,1,157
2:14:603,66,65535,65535,163623,1454,1,157
2:14:603,66,65535,65535,163625,1454,1,157
2:14:662,259,296,35,153008,1478,1,157
2:14:662,48,320,0,156386,1478,1,157
2:14:673,2056,267,0,373927,1483,1,157
2:14:743,261,78,0,518617,1511,1,157
2:14:813,992,84,0,189922,1540,1,157
2:14:816,562,84,0,429951,1541,1,157
2:14:820,928,90,0,287456,1543,1,157
2:14:823,574,116,0,347464,1544,1,157
2:14:827,928,116,0,159964,1546,1,157
2:14:830,62,105,0,204990,1547,1,157
2:14:830,992,105,0,489979,1547,1,157
2:14:837,992,87,0,295001,1550,1,157
2:14:841,574,111,0,340003,1551,1,157
2:14:844,992,114,0,197514,1553,1,157
2:14:848,570,80,0,437524,1554,1,157
2:14:851,960,112,0,295036,1556,1,157
2:14:858,928,119,0,302553,1558,1,157
2:14:862,574,100,0,452572,1560,1,157
2:14:865,992,90,0,212566,1561,1,157
2:14:869,574,387,101,257593,1563,1,157
2:14:876,992,408,90,347609,1566,1,157
2:14:879,574,109,0,347618,1567,1,157
2:14:939,516,438,4,339405,1591,1,157
2:15:205,132,1077,204,363519,1700,1,157
2:15:205,512,1051,210,370341,1700,1,157
2:15:205,3059,65535,65535,373791,1700,1,157
2:15:205,4087,65535,65535,377319,1700,1,157
2:15:227,0,0,0,2147483648,1454,1,158
2:15:227,0,0,0,0,1454,1,158
2:15:227,0,0,0,0,1454,1,158
2:15:227,0,0,0,0,1454,1,158
2:15:227,0,0,0,0,1454,1,158
2:15:227,0,0,0,0,1454,1,158
2:15:227,0,0,0,0,1454,1,158
2:15:227,0,0,0,0,1454,1,158
2:15:227,0,0,0,0,1454,1,158
2:15:227,0,0,0,0,1454,1,158
2:15:227,0,0,0,0,1454,1,158
2:15:227,0,0,0,0,1454,1,158
2:15:227,0,0,0,0,1454,1,158
2:15:227,0,0,0,0,1454,1,158
2:15:227,0,0,0,0,1454,1,158
2:15:227,0,0,0,0,1454,1,158
2:15:227,0,0,0,0,1454,1,158
2:15:227,0,0,0,0,1454,1,158
2:15:227,0,0,0,0,1454,1,158
2:15:227,0,0,0,0,1454,1,158
2:15:227,0,0,0,0,1454,1,158
2:15:227,0,0,0,0,1454,1,158
2:15:227,0,0,0,0,1454,1,158
2:15:227,0,0,0,0,1454,1,158
2:15:227,0,0,0,0,1454,1,158
2:15:227,0,0,0,0,1454,1,158
2:15:227,0,0,0,0,1454,1,158
2:15:227,0,0,0,0,1454,1,158
2:15:227,0,0,0,0,1454,1,158
2:15:233,852,540,194,108960,1712,1,158
2:15:236,2510,540,194,189752,1713,1,158
2:15:240,852,790,230,259935,1715,1,158
2:15:243,2510,814,244,332537,1716,1,158
2:15:247,852,816,240,391423,1718,1,158
2:15:250,2510,856,227,474057,1719,1,158
2:15:261,2510,486,213,87300,1723,1,158
2:15:261,132,1116,181,488885,1723,1,158
2:15:264,852,770,217,152029,1725,1,158
2:15:268,130,976,156,223815,1726,1,158
2:15:271,1824,976,142,297593,1728,1,158
2:15:275,130,945,137,356394,1729,1,158
2:15:310,8,80,0,117555,1743,1,158
2:15:348,132,662,185,420360,1759,1,158
2:15:348,1472,634,162,428693,1759,1,158
2:15:348,1504,65535,65535,428760,1759,1,158
2:15:348,1472,65535,65535,428775,1759,1,158
2:15:348,8,636,168,432210,1759,1,158
2:15:467,518,469,158,185399,1808,1,158
2:15:467,1032,429,161,191710,1808,1,158
2:15:467,803,439,134,194999,1808,1,158
2:15:467,551,65535,65535,195066,1808,1,158
2:15:467,547,65535,65535,195080,1808,1,158
2:15:523,0,0,0,3221225472,1454,1,159
2:15:523,0,0,0,0,1454,1,159
2:15:523,0,0,0,0,1454,1,159
2:15:523,0,0,0,0,1454,1,159
2:15:523,0,0,0,0,1454,1,159
2:15:523,0,0,0,0,1454,1,159
2:15:523,0,0,0,0,1454,1,159
2:15:523,0,0,0,0,1454,1,159
2:15:523,0,0,0,0,1454,1,159
2:15:523,0,0,0,0,1454,1,159
2:15:523,0,0,0,0,1454,1,159
2:15:523,0,0,0,0,1454,1,159
2:15:523,0,0,0,0,1454,1,159
2:15:523,0,0,0,0,1454,1,159
2:15:523,0,0,0,0,1454,1,159
2:15:523,0,0,0,0,1454,1,159
2:15:523,0,0,0,0,1454,1,159
2:15:523,0,0,0,0,1454,1,159
2:15:523,0,0,0,0,1454,1,159
2:15:523,0,0,0,0,1454,1,159
2:15:523,0,0,0,0,1454,1,159
2:15:523,0,0,0,0,1454,1,159
2:15:523,0,0,0,0,1454,1,159
2:15:523,0,0,0,0,1454,1,159
2:15:523,0,0,0,0,1454,1,159
2:15:523,0,0,0,0,1454,1,159
2:15:523,0,0,0,0,1454,1,159
2:15:523,0,0,0,0,1454,1,159
2:15:523,0,0,0,0,1454,1,159
2:15:548,512,85,0,258111,1841,1,159
2:15:572,224,1632,0,410757,1851,1,159
2:15:586,528,114,0,134100,1857,1,159
2:15:604,2177,146,0,272988,1864,1,159
2:16:360,512,208,62,291337,2173,1,159
2:16:409,3988,924,266,451001,2193,1,159
2:16:416,3813,944,253,382475,2196,1,159
2:16:419,3988,943,240,336015,2197,1,159
2:16:423,3063,65535,65535,301470,2199,1,159
2:16:423,4,989,276,304993,2199,1,159
2:16:423,4091,65535,65535,305143,2199,1,159
2:16:423,260,960,262,308448,2199,1,159
2:16:423,2,900,243,363420,2199,1,159
2:16:423,2,928,227,366642,2199,1,159
2:16:423,1536,957,238,414046,2199,1,159
2:16:423,4045,65535,65535,414196,2199,1,159
2:16:426,3813,917,240,251423,2200,1,159
2:16:430,3988,1005,281,233630,2202,1,159
2:16:430,129,993,233,483615,2202,1,159
2:16:430,384,65535,65535,483683,2202,1,159
2:16:430,128,65535,65535,483697,2202,1,159
2:16:433,6,1000,222,215381,2203,1,159
2:16:433,6,65535,65535,215448,2203,1,159
2:16:433,6,65535,65535,215462,2203,1,159
2:16:437,3813,939,236,170463,2204,1,159
2:16:440,3988,939,227,156450,2206,1,159
2:16:444,2,826,230,140091,2207,1,159
2:16:444,6,65535,65535,140159,2207,1,159
2:16:444,2,65535,65535,140173,2207,1,159
2:16:447,3813,465,108,72176,2209,1,159
2:16:451,3988,230,63,46829,2210,1,159
2:16:454,3072,58,0,22592,2212,1,159
2:16:454,3072,65535,65535,22656,2212,1,159
2:16:482,3813,1124,239,219705,2223,1,159
2:16:493,3813,621,184,82047,2228,1,159
2:16:545,130,621,184,375294,2249,1,159
2:16:545,1025,83,0,378600,2249,1,159
2:16:552,6,649,256,97571,2252,1,159
2:16:552,6,65535,65535,97638,2252,1,159
2:16:552,6,65535,65535,97652,2252,1,159
2:16:601,256,649,256,460701,2272,1,159
2:16:605,64,65,0,364196,2273,1,159
2:16:612,609,462,205,78918,2276,1,159
2:16:619,3813,743,256,476015,2279,1,159
2:16:629,1,53,0,516151,2283,1,159
2:16:636,680,517,0,261330,2286,1,159
2:16:636,2023,65535,65535,261401,2286,1,159
