PRT Number,Pkt Time,Height, range,Azimuth,M3Acode
1,13:58:15,380,159.34,33.52,5557
2,13:58:15,380,159.34,33.52,5557
3,13:58:15,55,89.27,50.83,2100
4,13:58:15,55,89.27,50.83,2100
5,13:58:15,260,120.44,51.75,321
6,13:58:15,260,120.44,51.75,321
7,13:58:15,270,185.95,50.82,311
8,13:58:15,270,185.95,50.82,311
9,13:58:16,176,133.59,65.98,6417
10,13:58:16,176,133.59,65.98,6417
11,13:58:16,310,193.41,66.7,533
12,13:58:16,310,193.41,66.7,533
13,13:58:16,94,66.93,77.3,572
14,13:58:16,94,66.93,77.3,572
15,13:58:17,256,131.19,100.58,342
16,13:58:17,256,131.19,100.58,342
17,13:58:19,163,199.67,169.56,2714
18,13:58:19,163,199.67,169.56,2714
19,13:58:19,192,137.59,173.62,346
20,13:58:19,192,137.59,173.62,346
21,13:58:19,159,174.24,183.34,334
22,13:58:19,159,174.24,183.34,334
23,13:58:20,330,313.43,194.35,327
24,13:58:20,330,313.43,194.35,327
25,13:58:21,380,110.3,231.73,107
26,13:58:21,380,110.3,231.73,107
27,13:58:23,344,198.2,321.41,4031
28,13:58:23,344,198.2,321.41,4031
29,13:58:23,286,156.11,325.08,3111
30,13:58:23,286,156.11,325.08,3111
31,13:58:25,380,160.52,32.79,5557
32,13:58:25,380,160.52,32.79,5557
33,13:58:25,267,86.9,54.31,264
34,13:58:25,267,86.9,54.31,264
35,13:58:25,55,89.93,50.85,2100
36,13:58:25,55,89.93,50.85,2100
37,13:58:25,263,122.47,50.62,321
38,13:58:25,263,122.47,50.62,321
39,13:58:25,270,187.39,50.86,311
40,13:58:25,270,187.39,50.86,311
41,13:58:26,175,131.79,65.52,6417
42,13:58:26,175,131.79,65.52,6417
43,13:58:26,307,191.16,66.26,533
44,13:58:26,307,191.16,66.26,533
45,13:58:26,92,65.76,77.78,572
46,13:58:26,92,65.76,77.78,572
47,13:58:27,258,133.36,99.75,342
48,13:58:27,258,133.36,99.75,342
49,13:58:27,350,288.4,96.24,326
50,13:58:27,350,288.4,96.24,326
51,13:58:27,380,109.83,111.05,107
52,13:58:27,380,109.83,111.05,107
53,13:58:29,156,198.16,169.89,2714
54,13:58:29,156,198.16,169.89,2714
55,13:58:29,194,138.67,172.38,346
56,13:58:29,194,138.67,172.38,346
57,13:58:29,160,175.04,184.5,334
58,13:58:29,160,175.04,184.5,334
59,13:58:30,330,315.79,194.76,327
60,13:58:30,330,315.79,194.76,327
61,13:58:31,380,109.37,234.55,107
62,13:58:31,380,109.37,234.55,107
63,13:58:32,37,33.19,297.76,2022
64,13:58:32,37,33.19,297.76,2022
65,13:58:33,342,195.79,322.16,4031
66,13:58:33,342,195.79,322.16,4031
67,13:58:33,390,261.84,323.78,2145
68,13:58:33,390,261.84,323.78,2145
69,13:58:33,283,153.74,325.18,3111
70,13:58:33,283,153.74,325.18,3111
71,13:58:34,179,59.85,355.46,357
72,13:58:34,179,59.85,355.46,357
73,13:58:35,380,161.71,32.59,5557
74,13:58:35,380,161.71,32.59,5557
75,13:58:35,267,89.27,53.5,264
76,13:58:35,267,89.27,53.5,264
77,13:58:35,55,90.59,51.08,2100
78,13:58:35,55,90.59,51.08,2100
79,13:58:35,263,124.51,49.68,321
80,13:58:35,263,124.51,49.68,321
81,13:58:35,270,188.79,51.38,311
82,13:58:35,270,188.79,51.38,311
83,13:58:36,174,130.03,65.24,6417
84,13:58:36,174,130.03,65.24,6417
85,13:58:36,304,188.9,66.03,533
86,13:58:36,304,188.9,66.03,533
87,13:58:37,91,64.55,79.05,572
88,13:58:37,91,64.55,79.05,572
89,13:58:37,350,290.81,96.36,326
90,13:58:37,350,290.81,96.36,326
91,13:58:37,260,135.57,101.61,342
92,13:58:37,260,135.57,101.61,342
93,13:58:37,36,32.33,106.39,2022
94,13:58:37,36,32.33,106.39,2022
95,13:58:37,380,108.89,111.58,107
96,13:58:37,380,108.89,111.58,107
97,13:58:39,150,196.63,170.68,2714
98,13:58:39,150,196.63,170.68,2714
99,13:58:39,196,139.72,171.88,346
100,13:58:39,196,139.72,171.88,346
101,13:58:39,160,175.92,185.45,334
102,13:58:39,160,175.92,185.45,334
103,13:58:40,330,318.04,194.3,327
104,13:58:40,330,318.04,194.3,327
105,13:58:41,181,59.73,226.13,357
106,13:58:41,181,59.73,226.13,357
107,13:58:41,380,109.36,234.22,107
108,13:58:41,380,109.36,234.22,107
109,13:58:41,370,226.33,266.78,4067
110,13:58:41,370,226.33,266.78,4067
111,13:58:43,35,34.99,305.9,2022
112,13:58:43,35,34.99,305.9,2022
113,13:58:43,341,195.8,322.16,4031
114,13:58:43,341,195.8,322.16,4031
115,13:58:43,390,260.73,323.78,2145
116,13:58:43,390,260.73,323.78,2145
117,13:58:43,284,153.74,325.04,3111
118,13:58:43,284,153.74,325.04,3111
119,13:58:44,179,58.91,355.52,357
120,13:58:44,179,58.91,355.52,357
121,13:58:45,380,161.7,32.37,5557
122,13:58:45,380,161.7,32.37,5557
123,13:58:45,267,88.09,53.89,264
124,13:58:45,267,88.09,53.89,264
125,13:58:45,55,90.26,51.03,2100
126,13:58:45,55,90.26,51.03,2100
127,13:58:45,263,123.48,50.15,321
128,13:58:45,263,123.48,50.15,321
129,13:58:45,270,188.09,51.27,311
130,13:58:45,270,188.09,51.27,311
131,13:58:46,174,130.92,65.42,6417
132,13:58:46,174,130.92,65.42,6417
133,13:58:46,304,190.03,66.18,533
134,13:58:46,304,190.03,66.18,533
135,13:58:47,91,65.15,78.59,572
136,13:58:47,91,65.15,78.59,572
137,13:58:47,350,289.62,96.34,326
138,13:58:47,350,289.62,96.34,326
139,13:58:47,260,134.48,101.3,342
140,13:58:47,260,134.48,101.3,342
141,13:58:47,36,32.56,106.4,2022
142,13:58:47,36,32.56,106.4,2022
143,13:58:47,380,109.33,111.96,107
144,13:58:47,380,109.33,111.96,107
145,13:58:49,150,197.39,170.43,2714
146,13:58:49,150,197.39,170.43,2714
147,13:58:49,196,139.19,172.24,346
148,13:58:49,196,139.19,172.24,346
149,13:58:49,160,175.48,184.98,334
150,13:58:49,160,175.48,184.98,334
151,13:58:50,330,316.91,194.36,327
152,13:58:50,330,316.91,194.36,327
153,13:58:51,181,59.74,226.13,357
154,13:58:51,181,59.74,226.13,357
155,13:58:51,380,109.36,234.22,107
156,13:58:51,380,109.36,234.22,107
157,13:58:51,370,226.36,266.78,4067
158,13:58:51,370,226.36,266.78,4067
159,13:58:53,35,34.99,305.9,2022
160,13:58:53,35,34.99,305.9,2022
161,13:58:53,341,195.79,322.16,4031
162,13:58:53,341,195.79,322.16,4031
163,13:58:53,390,260.73,323.78,2145
164,13:58:53,390,260.73,323.78,2145
165,13:58:53,284,153.74,325.04,3111
166,13:58:53,284,153.74,325.04,3111
167,13:58:54,179,58.91,355.52,357
168,13:58:54,179,58.91,355.52,357
169,13:58:55,380,161.7,32.37,5557
170,13:58:55,380,161.7,32.37,5557
171,13:58:55,267,88.09,53.89,264
172,13:58:55,267,88.09,53.89,264
173,13:58:55,55,90.26,51.03,2100
174,13:58:55,55,90.26,51.03,2100
175,13:58:55,263,123.48,50.15,321
176,13:58:55,263,123.48,50.15,321
177,13:58:55,270,188.09,51.27,311
178,13:58:55,270,188.09,51.27,311
179,13:58:56,174,130.92,65.42,6417
180,13:58:56,174,130.92,65.42,6417
181,13:58:56,304,190.03,66.18,533
182,13:58:56,304,190.03,66.18,533
183,13:58:56,91,65.15,78.59,572
184,13:58:56,91,65.15,78.59,572
185,13:58:57,350,289.62,96.34,326
186,13:58:57,350,289.62,96.34,326
187,13:58:57,260,134.48,101.3,342
188,13:58:57,260,134.48,101.3,342
189,13:58:57,36,32.56,106.4,2022
190,13:58:57,36,32.56,106.4,2022
191,13:58:57,380,109.33,111.96,107
192,13:58:57,380,109.33,111.96,107
193,13:58:59,150,197.39,170.43,2714
194,13:58:59,150,197.39,170.43,2714
195,13:58:59,196,139.19,172.24,346
196,13:58:59,196,139.19,172.24,346
197,13:58:59,160,175.48,184.98,334
198,13:58:59,160,175.48,184.98,334
199,13:59:00,330,316.91,194.36,327
200,13:59:00,330,316.91,194.36,327
201,13:59:01,181,59.74,226.13,357
202,13:59:01,181,59.74,226.13,357
203,13:59:01,380,109.36,234.22,107
204,13:59:01,380,109.36,234.22,107
205,13:59:01,370,226.36,266.78,4067
206,13:59:01,370,226.36,266.78,4067
207,13:59:03,390,173.81,311.11,3425
208,13:59:03,390,173.81,311.11,3425
209,13:59:03,35,34.99,305.9,2022
210,13:59:03,35,34.99,305.9,2022
211,13:59:03,341,195.79,322.16,4031
212,13:59:03,341,195.79,322.16,4031
213,13:59:03,390,260.73,323.78,2145
214,13:59:03,390,260.73,323.78,2145
215,13:59:03,284,153.74,325.04,3111
216,13:59:03,284,153.74,325.04,3111
217,13:59:04,179,58.91,355.52,357
218,13:59:04,179,58.91,355.52,357
219,13:59:05,380,161.7,32.37,5557
220,13:59:05,380,161.7,32.37,5557
221,13:59:05,267,88.09,53.89,264
222,13:59:05,267,88.09,53.89,264
223,13:59:05,55,90.26,51.03,2100
224,13:59:05,55,90.26,51.03,2100
225,13:59:05,263,123.48,50.15,321
226,13:59:05,263,123.48,50.15,321
227,13:59:05,270,188.09,51.27,311
228,13:59:05,270,188.09,51.27,311
229,13:59:06,174,130.92,65.42,6417
230,13:59:06,174,130.92,65.42,6417
231,13:59:06,304,190.03,66.18,533
232,13:59:06,304,190.03,66.18,533
233,13:59:06,91,65.15,78.59,572
234,13:59:06,91,65.15,78.59,572
235,13:59:07,350,289.62,96.34,326
236,13:59:07,350,289.62,96.34,326
237,13:59:07,260,134.48,101.3,342
238,13:59:07,260,134.48,101.3,342
239,13:59:07,36,32.56,106.4,2022
240,13:59:07,36,32.56,106.4,2022
241,13:59:07,380,109.33,111.96,107
242,13:59:07,380,109.33,111.96,107
243,13:59:09,150,197.39,170.43,2714
244,13:59:09,150,197.39,170.43,2714
245,13:59:09,196,139.19,172.24,346
246,13:59:09,196,139.19,172.24,346
247,13:59:09,160,175.48,184.98,334
248,13:59:09,160,175.48,184.98,334
249,13:59:10,330,316.91,194.36,327
250,13:59:10,330,316.91,194.36,327
251,13:59:11,181,62.63,225.9,357
252,13:59:11,181,62.63,225.9,357
253,13:59:11,380,107.6,238.68,107
254,13:59:11,380,107.6,238.68,107
255,13:59:11,370,225.77,265.49,4067
256,13:59:11,370,225.77,265.49,4067
257,13:59:13,390,170.75,311.67,3425
258,13:59:13,390,170.75,311.67,3425
259,13:59:13,35,40.35,323.26,2022
260,13:59:13,35,40.35,323.26,2022
261,13:59:13,341,190.19,322.99,4031
262,13:59:13,341,190.19,322.99,4031
263,13:59:13,390,252.49,323.99,2145
264,13:59:13,390,252.49,323.99,2145
265,13:59:13,284,148.18,325.1,3111
266,13:59:13,284,148.18,325.1,3111
267,13:59:14,179,61.76,355.34,357
268,13:59:14,179,61.76,355.34,357
269,13:59:15,380,164.48,31.22,5557
270,13:59:15,380,164.48,31.22,5557
271,13:59:15,55,93.56,51.7,2100
272,13:59:15,55,93.56,51.7,2100
273,13:59:15,275,136.05,52.12,321
274,13:59:15,275,136.05,52.12,321
275,13:59:15,270,195.38,52.5,311
276,13:59:15,270,195.38,52.5,311
277,13:59:16,278,102.13,56.03,264
278,13:59:16,278,102.13,56.03,264
279,13:59:16,288,178.57,66.15,533
280,13:59:16,288,178.57,66.15,533
281,13:59:16,170,122.25,66.3,6417
282,13:59:16,170,122.25,66.3,6417
283,13:59:16,85,59.47,80.95,572
284,13:59:16,85,59.47,80.95,572
285,13:59:17,350,293.18,96.43,326
286,13:59:17,350,293.18,96.43,326
287,13:59:17,266,144.22,104.98,342
288,13:59:17,266,144.22,104.98,342
289,13:59:17,30,30.5,101.23,2022
290,13:59:17,30,30.5,101.23,2022
291,13:59:17,380,107.98,111.44,107
292,13:59:17,380,107.98,111.44,107
293,13:59:19,136,189.88,170.48,2714
294,13:59:19,136,189.88,170.48,2714
295,13:59:19,201,145.04,174.43,346
296,13:59:19,201,145.04,174.43,346
297,13:59:19,160,176.87,186.67,334
298,13:59:19,160,176.87,186.67,334
299,13:59:20,330,328.14,197.11,327
300,13:59:20,330,328.14,197.11,327
301,13:59:21,181,64.55,225.75,357
302,13:59:21,181,64.55,225.75,357
303,13:59:21,380,104.55,241.96,107
304,13:59:21,380,104.55,241.96,107
305,13:59:21,370,225.44,264.63,4067
306,13:59:21,370,225.44,264.63,4067
307,13:59:23,390,168.71,310.19,3425
308,13:59:23,390,168.71,310.19,3425
309,13:59:23,35,48.08,334.84,2022
310,13:59:23,35,48.08,334.84,2022
311,13:59:23,334,180.91,322.69,4031
312,13:59:23,334,180.91,322.69,4031
313,13:59:23,390,245.54,324.18,2145
314,13:59:23,390,245.54,324.18,2145
315,13:59:23,271,139.32,324.13,3111
316,13:59:23,271,139.32,324.13,3111
317,13:59:24,179,63.66,355.22,357
318,13:59:24,179,63.66,355.22,357
319,13:59:25,380,169.31,29.68,5557
320,13:59:25,380,169.31,29.68,5557
321,13:59:25,55,94.61,51.78,2100
322,13:59:25,55,94.61,51.78,2100
323,13:59:25,277,137.81,52.97,321
324,13:59:25,277,137.81,52.97,321
325,13:59:25,270,197.55,52.62,311
326,13:59:25,270,197.55,52.62,311
327,13:59:25,170,120.32,66.55,6417
328,13:59:25,170,120.32,66.55,6417
329,13:59:25,279,101.37,55.96,264
330,13:59:25,279,101.37,55.96,264
331,13:59:25,360,265.28,65.41,5423
332,13:59:25,360,265.28,65.41,5423
333,13:59:25,288,173.58,66.15,533
334,13:59:25,288,173.58,66.15,533
335,13:59:25,84,57.45,80.92,572
336,13:59:25,84,57.45,80.92,572
337,13:59:25,350,295.57,96.52,326
338,13:59:25,350,295.57,96.52,326
339,13:59:25,268,148.01,104.04,342
340,13:59:25,268,148.01,104.04,342
341,13:59:25,30,30.01,102.68,2022
342,13:59:25,30,30.01,102.68,2022
343,13:59:25,380,107.27,111.81,107
344,13:59:25,380,107.27,111.81,107
345,13:59:25,360,228.84,142.14,571
346,13:59:25,360,228.84,142.14,571
347,13:59:26,136,184.52,171.36,2714
348,13:59:26,136,184.52,171.36,2714
349,13:59:26,350,251.03,161.33,325
350,13:59:26,350,251.03,161.33,325
351,13:59:26,203,147.12,175.08,346
352,13:59:26,203,147.12,175.08,346
353,13:59:26,160,177.95,188.11,334
354,13:59:26,160,177.95,188.11,334
355,13:59:27,330,336.11,199.24,327
356,13:59:27,330,336.11,199.24,327
357,13:59:27,196,71.53,224.19,357
358,13:59:27,196,71.53,224.19,357
359,13:59:28,380,103.2,244.14,107
360,13:59:28,380,103.2,244.14,107
361,13:59:28,370,225.28,264.16,4067
362,13:59:28,370,225.28,264.16,4067
363,13:59:30,390,167.63,309.5,3425
364,13:59:30,390,167.63,309.5,3425
365,13:59:30,35,53.76,340.26,2022
366,13:59:30,35,53.76,340.26,2022
367,13:59:30,334,175.74,322.85,4031
368,13:59:30,334,175.74,322.85,4031
369,13:59:30,390,241.27,324.29,2145
370,13:59:30,390,241.27,324.29,2145
371,13:59:30,271,134.33,323.69,3111
372,13:59:30,271,134.33,323.69,3111
373,13:59:31,179,64.71,355.17,357
374,13:59:31,179,64.71,355.17,357
375,13:59:32,380,171.98,29.13,5557
376,13:59:32,380,171.98,29.13,5557
377,13:59:32,55,89.42,51.29,2100
378,13:59:32,55,89.42,51.29,2100
379,13:59:32,277,141.34,53.51,321
380,13:59:32,277,141.34,53.51,321
381,13:59:32,270,186.64,50.84,311
382,13:59:32,270,186.64,50.84,311
383,13:59:32,170,118.64,66.69,6417
384,13:59:32,170,118.64,66.69,6417
385,13:59:32,279,102.16,56.19,264
386,13:59:32,279,102.16,56.19,264
387,13:59:32,360,264.09,65.31,5423
388,13:59:32,360,264.09,65.31,5423
389,13:59:32,288,167.96,66.15,533
390,13:59:32,288,167.96,66.15,533
391,13:59:33,97,67.08,75.77,572
392,13:59:33,97,67.08,75.77,572
393,13:59:34,350,296.87,96.58,326
394,13:59:34,350,296.87,96.58,326
395,13:59:34,268,150.41,104.39,342
396,13:59:34,268,150.41,104.39,342
397,13:59:34,30,29.61,102.24,2022
398,13:59:34,30,29.61,102.24,2022
399,13:59:34,380,107.38,112.31,107
400,13:59:34,380,107.38,112.31,107
401,13:59:35,360,228.43,142.33,571
402,13:59:35,360,228.43,142.33,571
403,13:59:35,136,181.37,171.97,2714
404,13:59:35,136,181.37,171.97,2714
405,13:59:35,350,252.39,161.69,325
406,13:59:35,350,252.39,161.69,325
407,13:59:36,184,138.39,177.82,346
408,13:59:36,184,138.39,177.82,346
409,13:59:36,158,173.42,187.13,334
410,13:59:36,158,173.42,187.13,334
411,13:59:37,330,341.23,200.57,327
412,13:59:37,330,341.23,200.57,327
413,13:59:37,196,80.69,222.64,357
414,13:59:37,196,80.69,222.64,357
415,13:59:38,380,100.65,249.12,107
416,13:59:38,380,100.65,249.12,107
417,13:59:38,370,224.99,263.16,4067
418,13:59:38,370,224.99,263.16,4067
419,13:59:40,390,165.5,307.72,3425
420,13:59:40,390,165.5,307.72,3425
421,13:59:40,35,67.91,348.91,2022
422,13:59:40,35,67.91,348.91,2022
423,13:59:40,334,163.82,323.27,4031
424,13:59:40,334,163.82,323.27,4031
425,13:59:40,390,231.75,324.54,2145
426,13:59:40,390,231.75,324.54,2145
427,13:59:40,271,122.81,322.46,3111
428,13:59:40,271,122.81,322.46,3111
429,13:59:42,380,178.2,28.03,5557
430,13:59:42,380,178.2,28.03,5557
431,13:59:42,55,87.17,51.47,2100
432,13:59:42,55,87.17,51.47,2100
433,13:59:42,277,149.17,54.69,321
434,13:59:42,277,149.17,54.69,321
435,13:59:42,270,181.56,50.43,311
436,13:59:42,270,181.56,50.43,311
437,13:59:43,170,115.3,66.98,6417
438,13:59:43,170,115.3,66.98,6417
439,13:59:43,279,103.2,56.67,264
440,13:59:43,279,103.2,56.67,264
441,13:59:43,360,261.5,65.11,5423
442,13:59:43,360,261.5,65.11,5423
443,13:59:43,288,153.3,66.14,533
444,13:59:43,288,153.3,66.14,533
445,13:59:43,95,70.69,75.31,572
446,13:59:43,95,70.69,75.31,572
447,13:59:44,268,155.36,105.04,342
448,13:59:44,268,155.36,105.04,342
449,13:59:44,30,28.77,101.29,2022
450,13:59:44,30,28.77,101.29,2022
451,13:59:45,360,227.49,142.73,571
452,13:59:45,360,227.49,142.73,571
453,13:59:45,136,175.21,173.34,2714
454,13:59:45,136,175.21,173.34,2714
455,13:59:45,350,255.17,162.43,325
456,13:59:45,350,255.17,162.43,325
457,13:59:45,350,232.1,160.57,325
458,13:59:45,350,232.1,160.57,325
459,13:59:46,189,134.25,174.4,346
460,13:59:46,189,134.25,174.4,346
461,13:59:46,159,172.44,185.69,334
462,13:59:46,159,172.44,185.69,334
463,13:59:47,330,353.32,203.48,327
464,13:59:47,330,353.32,203.48,327
465,13:59:47,196,88.54,221.46,357
466,13:59:47,196,88.54,221.46,357
467,13:59:48,380,98.8,253.97,107
468,13:59:48,380,98.8,253.97,107
469,13:59:50,390,163.89,305.73,3425
470,13:59:50,390,163.89,305.73,3425
471,13:59:50,334,151.94,323.75,4031
472,13:59:50,334,151.94,323.75,4031
473,13:59:50,271,111.27,320.89,3111
474,13:59:50,271,111.27,320.89,3111
475,13:59:52,380,184.44,27.11,5557
476,13:59:52,380,184.44,27.11,5557
477,13:59:52,380,159.34,33.52,5557
478,13:59:52,380,159.34,33.52,5557
479,13:59:52,260,120.44,51.75,321
480,13:59:52,260,120.44,51.75,321
481,13:59:52,55,88.59,51.41,2100
482,13:59:52,55,88.59,51.41,2100
483,13:59:52,277,156.59,55.8,321
484,13:59:52,277,156.59,55.8,321
485,13:59:52,270,185.41,51.79,311
486,13:59:52,270,185.41,51.79,311
487,13:59:53,176,133.59,65.98,6417
488,13:59:53,176,133.59,65.98,6417
489,13:59:53,310,193.41,66.7,533
490,13:59:53,310,193.41,66.7,533
491,13:59:53,170,112.63,67.24,6417
492,13:59:53,170,112.63,67.24,6417
493,13:59:53,279,103.35,57.1,264
494,13:59:53,279,103.35,57.1,264
495,13:59:53,360,259.26,64.93,5423
496,13:59:53,360,259.26,64.93,5423
497,13:59:53,288,136.29,66.12,533
498,13:59:53,288,136.29,66.12,533
499,13:59:53,94,67.46,76.14,572
500,13:59:53,94,67.46,76.14,572
501,13:59:54,256,131.19,100.58,342
502,13:59:54,256,131.19,100.58,342
503,13:59:54,268,159.44,105.51,342
504,13:59:54,268,159.44,105.51,342
505,13:59:54,39,34.31,115.12,2022
506,13:59:54,39,34.31,115.12,2022
507,13:59:55,360,226.69,143.08,571
508,13:59:55,360,226.69,143.08,571
509,13:59:55,136,170.54,174.62,2714
510,13:59:55,136,170.54,174.62,2714
511,13:59:55,350,257.62,163.06,325
512,13:59:55,350,257.62,163.06,325
513,13:59:55,350,234.52,161.1,325
514,13:59:55,350,234.52,161.1,325
515,13:59:56,163,199.67,169.56,2714
516,13:59:56,163,199.67,169.56,2714
517,13:59:56,192,137.1,174.22,346
518,13:59:56,192,137.1,174.22,346
519,13:59:56,159,174.39,183.74,334
520,13:59:56,159,174.39,183.74,334
521,13:59:57,330,313.43,194.35,327
522,13:59:57,330,313.43,194.35,327
523,13:59:57,330,365.75,206.18,327
524,13:59:57,330,365.75,206.18,327
525,13:59:57,196,96.27,220.4,357
526,13:59:57,196,96.27,220.4,357
527,13:59:58,380,110.3,231.73,107
528,13:59:58,380,110.3,231.73,107
529,13:59:58,380,97.54,259.25,107
530,13:59:58,380,97.54,259.25,107
531,14:00:00,390,162.59,303.41,3425
532,14:00:00,390,162.59,303.41,3425
533,14:00:00,344,198.2,321.41,4031
534,14:00:00,344,198.2,321.41,4031
535,14:00:00,286,156.11,325.08,3111
536,14:00:00,286,156.11,325.08,3111
537,14:00:00,334,138.87,324.37,4031
538,14:00:00,334,138.87,324.37,4031
539,14:00:00,271,98.57,318.65,3111
540,14:00:00,271,98.57,318.65,3111
541,14:00:02,380,191.35,26.22,5557
542,14:00:02,380,191.35,26.22,5557
543,14:00:02,380,160.52,32.79,5557
544,14:00:02,380,160.52,32.79,5557
545,14:00:02,267,79.27,54.42,264
546,14:00:02,267,79.27,54.42,264
547,14:00:02,263,122.47,50.62,321
548,14:00:02,263,122.47,50.62,321
549,14:00:02,55,90.03,51.38,2100
550,14:00:02,55,90.03,51.38,2100
551,14:00:02,277,164.48,56.92,321
552,14:00:02,277,164.48,56.92,321
553,14:00:02,270,188.18,52.48,311
554,14:00:02,270,188.18,52.48,311
555,14:00:03,175,131.79,65.52,6417
556,14:00:03,175,131.79,65.52,6417
557,14:00:03,307,191.16,66.26,533
558,14:00:03,307,191.16,66.26,533
559,14:00:03,170,110.13,67.49,6417
560,14:00:03,170,110.13,67.49,6417
561,14:00:03,360,257.02,64.75,5423
562,14:00:03,360,257.02,64.75,5423
563,14:00:03,288,115.96,66.08,533
564,14:00:03,288,115.96,66.08,533
565,14:00:03,92,65.05,77.16,572
566,14:00:03,92,65.05,77.16,572
567,14:00:04,258,133.36,99.75,342
568,14:00:04,258,133.36,99.75,342
569,14:00:04,350,288.4,96.24,326
570,14:00:04,350,288.4,96.24,326
571,14:00:04,37,33.19,108.4,2022
572,14:00:04,37,33.19,108.4,2022
573,14:00:04,268,163.37,105.92,342
574,14:00:04,268,163.37,105.92,342
575,14:00:04,380,109.83,111.05,107
576,14:00:04,380,109.83,111.05,107
577,14:00:05,360,225.89,143.43,571
578,14:00:05,360,225.89,143.43,571
579,14:00:05,136,166.95,175.82,2714
580,14:00:05,136,166.95,175.82,2714
581,14:00:05,350,260.11,163.68,325
582,14:00:05,350,260.11,163.68,325
583,14:00:05,350,236.93,161.62,325
584,14:00:05,350,236.93,161.62,325
585,14:00:06,156,198.16,169.89,2714
586,14:00:06,156,198.16,169.89,2714
587,14:00:06,194,139.29,173.01,346
588,14:00:06,194,139.29,173.01,346
589,14:00:06,160,175.19,184.26,334
590,14:00:06,160,175.19,184.26,334
591,14:00:07,330,315.79,194.76,327
592,14:00:07,330,315.79,194.76,327
593,14:00:07,330,379.92,208.93,327
594,14:00:07,330,379.92,208.93,327
595,14:00:07,196,103.85,219.45,357
596,14:00:07,196,103.85,219.45,357
597,14:00:08,380,109.37,234.55,107
598,14:00:08,380,109.37,234.55,107
599,14:00:08,380,97.01,264.9,107
600,14:00:08,380,97.01,264.9,107
601,14:00:10,390,161.68,300.82,3425
602,14:00:10,390,161.68,300.82,3425
603,14:00:10,342,195.79,322.16,4031
604,14:00:10,342,195.79,322.16,4031
605,14:00:10,390,261.84,323.78,2145
606,14:00:10,390,261.84,323.78,2145
607,14:00:10,283,153.74,325.18,3111
608,14:00:10,283,153.74,325.18,3111
609,14:00:10,334,124.71,325.19,4031
610,14:00:10,334,124.71,325.19,4031
611,14:00:10,271,84.9,315.36,3111
612,14:00:10,271,84.9,315.36,3111
613,14:00:11,179,59.85,355.46,357
614,14:00:11,179,59.85,355.46,357
615,14:00:12,380,161.71,32.59,5557
616,14:00:12,380,161.71,32.59,5557
617,14:00:12,380,198.91,25.39,5557
618,14:00:12,380,198.91,25.39,5557
619,14:00:12,267,60.3,51.14,264
620,14:00:12,267,60.3,51.14,264
621,14:00:12,263,124.51,49.68,321
622,14:00:12,263,124.51,49.68,321
623,14:00:12,55,90.79,51.3,2100
624,14:00:12,55,90.79,51.3,2100
625,14:00:12,277,172.82,58.04,321
626,14:00:12,277,172.82,58.04,321
627,14:00:12,270,188.57,52.21,311
628,14:00:12,270,188.57,52.21,311
629,14:00:13,174,130.03,65.24,6417
630,14:00:13,174,130.03,65.24,6417
631,14:00:13,304,188.9,66.03,533
632,14:00:13,304,188.9,66.03,533
633,14:00:13,170,107.77,67.74,6417
634,14:00:13,170,107.77,67.74,6417
635,14:00:13,360,254.78,64.56,5423
636,14:00:13,360,254.78,64.56,5423
637,14:00:13,288,92.72,66.03,533
638,14:00:13,288,92.72,66.03,533
639,14:00:13,91,65.63,77.67,572
640,14:00:13,91,65.63,77.67,572
641,14:00:14,350,290.81,96.36,326
642,14:00:14,350,290.81,96.36,326
643,14:00:14,260,135.57,101.61,342
644,14:00:14,260,135.57,101.61,342
645,14:00:14,36,32.35,104.96,2022
646,14:00:14,36,32.35,104.96,2022
647,14:00:14,268,167.21,106.29,342
648,14:00:14,268,167.21,106.29,342
649,14:00:14,380,108.89,111.58,107
650,14:00:14,380,108.89,111.58,107
651,14:00:15,360,225.1,143.79,571
652,14:00:15,360,225.1,143.79,571
653,14:00:16,136,164.73,176.8,2714
654,14:00:16,136,164.73,176.8,2714
655,14:00:16,350,262.62,164.29,325
656,14:00:16,350,262.62,164.29,325
657,14:00:16,350,239.36,162.12,325
658,14:00:16,350,239.36,162.12,325
659,14:00:16,150,196.63,170.68,2714
660,14:00:16,150,196.63,170.68,2714
661,14:00:16,196,138.77,172.83,346
662,14:00:16,196,138.77,172.83,346
663,14:00:16,160,176.05,184.9,334
664,14:00:16,160,176.05,184.9,334
665,14:00:17,330,318.04,194.3,327
666,14:00:17,330,318.04,194.3,327
667,14:00:17,196,111.24,218.58,357
668,14:00:17,196,111.24,218.58,357
669,14:00:18,181,59.73,226.13,357
670,14:00:18,181,59.73,226.13,357
671,14:00:18,380,109.36,234.22,107
672,14:00:18,380,109.36,234.22,107
673,14:00:18,380,97.16,262.07,107
674,14:00:18,380,97.16,262.07,107
675,14:00:18,370,226.33,266.78,4067
676,14:00:18,370,226.33,266.78,4067
677,14:00:20,390,162.09,302.13,3425
678,14:00:20,390,162.09,302.13,3425
679,14:00:20,35,34.79,316.22,2022
680,14:00:20,35,34.79,316.22,2022
681,14:00:20,341,195.8,322.16,4031
682,14:00:20,341,195.8,322.16,4031
683,14:00:20,390,260.73,323.78,2145
684,14:00:20,390,260.73,323.78,2145
685,14:00:20,284,153.74,325.04,3111
686,14:00:20,284,153.74,325.04,3111
687,14:00:20,334,131.76,324.76,4031
688,14:00:20,334,131.76,324.76,4031
689,14:00:20,271,91.7,317.12,3111
690,14:00:20,271,91.7,317.12,3111
691,14:00:21,179,58.91,355.52,357
692,14:00:21,179,58.91,355.52,357
693,14:00:22,380,161.7,32.37,5557
694,14:00:22,380,161.7,32.37,5557
695,14:00:22,380,195.12,25.8,5557
696,14:00:22,380,195.12,25.8,5557
697,14:00:22,267,69.76,53.01,264
698,14:00:22,267,69.76,53.01,264
699,14:00:22,263,123.48,50.15,321
700,14:00:22,263,123.48,50.15,321
701,14:00:22,55,90.29,51.27,2100
702,14:00:22,55,90.29,51.27,2100
703,14:00:22,277,168.64,57.5,321
704,14:00:22,277,168.64,57.5,321
705,14:00:22,270,188.2,52.08,311
706,14:00:22,270,188.2,52.08,311
707,14:00:23,174,130.92,65.42,6417
708,14:00:23,174,130.92,65.42,6417
709,14:00:23,304,190.03,66.18,533
710,14:00:23,304,190.03,66.18,533
711,14:00:23,170,108.95,67.62,6417
712,14:00:23,170,108.95,67.62,6417
713,14:00:23,360,255.9,64.65,5423
714,14:00:23,360,255.9,64.65,5423
715,14:00:24,91,65.12,77.82,572
716,14:00:24,91,65.12,77.82,572
717,14:00:24,350,289.62,96.34,326
718,14:00:24,350,289.62,96.34,326
719,14:00:24,260,134.48,101.3,342
720,14:00:24,260,134.48,101.3,342
721,14:00:24,36,32.64,106.49,2022
722,14:00:24,36,32.64,106.49,2022
723,14:00:24,268,165.3,106.11,342
724,14:00:24,268,165.3,106.11,342
725,14:00:24,380,109.33,111.96,107
726,14:00:24,380,109.33,111.96,107
727,14:00:25,360,225.49,143.6,571
728,14:00:25,360,225.49,143.6,571
729,14:00:25,350,261.37,163.98,325
730,14:00:25,350,261.37,163.98,325
731,14:00:25,350,238.14,161.87,325
732,14:00:25,350,238.14,161.87,325
733,14:00:26,150,197.39,170.43,2714
734,14:00:26,150,197.39,170.43,2714
735,14:00:26,196,139.22,172.73,346
736,14:00:26,196,139.22,172.73,346
737,14:00:26,160,175.52,184.82,334
738,14:00:26,160,175.52,184.82,334
739,14:00:27,330,316.91,194.36,327
740,14:00:27,330,316.91,194.36,327
741,14:00:27,196,118.39,217.78,357
742,14:00:27,196,118.39,217.78,357
743,14:00:28,181,59.74,226.13,357
744,14:00:28,181,59.74,226.13,357
745,14:00:28,380,109.36,234.22,107
746,14:00:28,380,109.36,234.22,107
747,14:00:28,370,226.36,266.78,4067
748,14:00:28,370,226.36,266.78,4067
749,14:00:30,35,34.8,316.22,2022
750,14:00:30,35,34.8,316.22,2022
751,14:00:30,341,195.79,322.16,4031
752,14:00:30,341,195.79,322.16,4031
753,14:00:30,390,260.73,323.78,2145
754,14:00:30,390,260.73,323.78,2145
755,14:00:30,284,153.74,325.04,3111
756,14:00:30,284,153.74,325.04,3111
757,14:00:31,179,58.91,355.52,357
758,14:00:31,179,58.91,355.52,357
759,14:00:32,380,161.7,32.37,5557
760,14:00:32,380,161.7,32.37,5557
761,14:00:32,267,69.76,53,264
762,14:00:32,267,69.76,53,264
763,14:00:32,263,123.48,50.15,321
764,14:00:32,263,123.48,50.15,321
765,14:00:32,55,90.29,51.27,2100
766,14:00:32,55,90.29,51.27,2100
767,14:00:32,270,188.2,52.08,311
768,14:00:32,270,188.2,52.08,311
769,14:00:33,174,130.92,65.42,6417
770,14:00:33,174,130.92,65.42,6417
771,14:00:33,304,190.03,66.18,533
772,14:00:33,304,190.03,66.18,533
773,14:00:33,91,65.11,77.84,572
774,14:00:33,91,65.11,77.84,572
775,14:00:34,350,289.62,96.34,326
776,14:00:34,350,289.62,96.34,326
777,14:00:34,260,134.48,101.3,342
778,14:00:34,260,134.48,101.3,342
779,14:00:34,36,32.64,106.49,2022
780,14:00:34,36,32.64,106.49,2022
781,14:00:34,380,109.33,111.96,107
782,14:00:34,380,109.33,111.96,107
783,14:00:35,350,238.14,161.87,325
784,14:00:35,350,238.14,161.87,325
785,14:00:36,150,197.39,170.43,2714
786,14:00:36,150,197.39,170.43,2714
787,14:00:36,196,139.23,172.72,346
788,14:00:36,196,139.23,172.72,346
789,14:00:36,160,175.52,184.82,334
790,14:00:36,160,175.52,184.82,334
791,14:00:37,330,316.91,194.36,327
792,14:00:37,330,316.91,194.36,327
793,14:00:38,181,59.74,226.13,357
794,14:00:38,181,59.74,226.13,357
795,14:00:38,380,109.36,234.22,107
796,14:00:38,380,109.36,234.22,107
797,14:00:38,370,226.36,266.78,4067
798,14:00:38,370,226.36,266.78,4067
799,14:00:40,390,173.81,311.11,3425
800,14:00:40,390,173.81,311.11,3425
801,14:00:40,35,34.8,316.22,2022
802,14:00:40,35,34.8,316.22,2022
803,14:00:40,341,195.79,322.16,4031
804,14:00:40,341,195.79,322.16,4031
805,14:00:40,390,260.73,323.78,2145
806,14:00:40,390,260.73,323.78,2145
807,14:00:40,284,153.74,325.04,3111
808,14:00:40,284,153.74,325.04,3111
809,14:00:41,179,58.91,355.52,357
810,14:00:41,179,58.91,355.52,357
811,14:00:42,380,161.7,32.37,5557
812,14:00:42,380,161.7,32.37,5557
813,14:00:42,267,69.76,53,264
814,14:00:42,267,69.76,53,264
815,14:00:42,263,123.48,50.15,321
816,14:00:42,263,123.48,50.15,321
817,14:00:42,55,90.29,51.27,2100
818,14:00:42,55,90.29,51.27,2100
819,14:00:42,270,188.2,52.08,311
820,14:00:42,270,188.2,52.08,311
821,14:00:43,174,130.92,65.42,6417
822,14:00:43,174,130.92,65.42,6417
823,14:00:43,304,190.03,66.18,533
824,14:00:43,304,190.03,66.18,533
825,14:00:43,91,65.11,77.84,572
826,14:00:43,91,65.11,77.84,572
827,14:00:44,350,289.62,96.34,326
828,14:00:44,350,289.62,96.34,326
829,14:00:44,260,134.48,101.3,342
830,14:00:44,260,134.48,101.3,342
831,14:00:44,36,32.64,106.49,2022
832,14:00:44,36,32.64,106.49,2022
833,14:00:44,380,109.33,111.96,107
834,14:00:44,380,109.33,111.96,107
835,14:00:46,350,238.14,161.87,325
836,14:00:46,350,238.14,161.87,325
837,14:00:46,150,197.39,170.43,2714
838,14:00:46,150,197.39,170.43,2714
839,14:00:46,196,139.23,172.71,346
840,14:00:46,196,139.23,172.71,346
841,14:00:46,160,175.52,184.82,334
842,14:00:46,160,175.52,184.82,334
843,14:00:47,330,316.91,194.36,327
844,14:00:47,330,316.91,194.36,327
845,14:00:48,181,62.63,225.9,357
846,14:00:48,181,62.63,225.9,357
847,14:00:48,380,107.6,238.68,107
848,14:00:48,380,107.6,238.68,107
849,14:00:48,370,225.77,265.49,4067
850,14:00:48,370,225.77,265.49,4067
851,14:00:50,390,170.75,311.67,3425
852,14:00:50,390,170.75,311.67,3425
853,14:00:50,35,42.96,338.84,2022
854,14:00:50,35,42.96,338.84,2022
855,14:00:50,341,190.19,322.99,4031
856,14:00:50,341,190.19,322.99,4031
857,14:00:50,390,252.49,323.99,2145
858,14:00:50,390,252.49,323.99,2145
859,14:00:50,284,148.18,325.1,3111
860,14:00:50,284,148.18,325.1,3111
861,14:00:51,179,61.76,355.34,357
862,14:00:51,179,61.76,355.34,357
863,14:00:52,380,164.48,31.22,5557
864,14:00:52,380,164.48,31.22,5557
865,14:00:52,267,38.69,43.19,264
866,14:00:52,267,38.69,43.19,264
867,14:00:52,275,136.05,52.12,321
868,14:00:52,275,136.05,52.12,321
869,14:00:52,55,94.38,51.66,2100
870,14:00:52,55,94.38,51.66,2100
871,14:00:52,270,195.46,53.97,311
872,14:00:52,270,195.46,53.97,311
873,14:00:53,288,178.57,66.15,533
874,14:00:53,288,178.57,66.15,533
875,14:00:53,170,122.25,66.3,6417
876,14:00:53,170,122.25,66.3,6417
877,14:00:53,85,58.61,80.09,572
878,14:00:53,85,58.61,80.09,572
879,14:00:54,350,293.18,96.43,326
880,14:00:54,350,293.18,96.43,326
881,14:00:54,266,144.22,104.98,342
882,14:00:54,266,144.22,104.98,342
883,14:00:54,30,30.29,99.9,2022
884,14:00:54,30,30.29,99.9,2022
885,14:00:54,380,107.98,111.44,107
886,14:00:54,380,107.98,111.44,107
887,14:00:56,136,189.88,170.48,2714
888,14:00:56,136,189.88,170.48,2714
889,14:00:56,201,145.71,173.83,346
890,14:00:56,201,145.71,173.83,346
891,14:00:56,160,177.19,185.15,334
892,14:00:56,160,177.19,185.15,334
893,14:00:57,330,328.14,197.11,327
894,14:00:57,330,328.14,197.11,327
895,14:00:58,181,64.55,225.75,357
896,14:00:58,181,64.55,225.75,357
897,14:00:58,380,104.55,241.96,107
898,14:00:58,380,104.55,241.96,107
899,14:00:58,370,225.44,264.63,4067
900,14:00:58,370,225.44,264.63,4067
901,14:01:00,390,168.71,310.19,3425
902,14:01:00,390,168.71,310.19,3425
903,14:01:00,35,50.96,348.93,2022
904,14:01:00,35,50.96,348.93,2022
905,14:01:00,334,180.91,322.69,4031
906,14:01:00,334,180.91,322.69,4031
907,14:01:00,390,245.54,324.18,2145
908,14:01:00,390,245.54,324.18,2145
909,14:01:00,271,139.32,324.13,3111
910,14:01:00,271,139.32,324.13,3111
911,14:01:01,179,63.66,355.22,357
912,14:01:01,179,63.66,355.22,357
913,14:01:02,380,169.31,29.68,5557
914,14:01:02,380,169.31,29.68,5557
915,14:01:02,267,17.73,11.02,264
916,14:01:02,267,17.73,11.02,264
917,14:01:02,277,137.81,52.97,321
918,14:01:02,277,137.81,52.97,321
919,14:01:02,55,94.24,51.44,2100
920,14:01:02,55,94.24,51.44,2100
921,14:01:02,270,196.68,53.48,311
922,14:01:02,270,196.68,53.48,311
923,14:01:02,170,120.32,66.55,6417
924,14:01:02,170,120.32,66.55,6417
925,14:01:02,279,101.09,55.68,264
926,14:01:02,279,101.09,55.68,264
927,14:01:02,360,265.28,65.41,5423
928,14:01:02,360,265.28,65.41,5423
929,14:01:02,288,173.58,66.15,533
930,14:01:02,288,173.58,66.15,533
931,14:01:02,84,57.61,80.24,572
932,14:01:02,84,57.61,80.24,572
933,14:01:02,350,295.57,96.52,326
934,14:01:02,350,295.57,96.52,326
935,14:01:02,268,148.01,104.04,342
936,14:01:02,268,148.01,104.04,342
937,14:01:02,30,31.61,104.92,2022
938,14:01:02,30,31.61,104.92,2022
939,14:01:02,380,107.27,111.81,107
940,14:01:02,380,107.27,111.81,107
941,14:01:02,360,228.84,142.14,571
942,14:01:02,360,228.84,142.14,571
943,14:01:03,136,184.52,171.36,2714
944,14:01:03,136,184.52,171.36,2714
945,14:01:03,203,146.98,174.98,346
946,14:01:03,203,146.98,174.98,346
947,14:01:03,160,178.42,185.45,334
948,14:01:03,160,178.42,185.45,334
949,14:01:04,330,336.11,199.24,327
950,14:01:04,330,336.11,199.24,327
951,14:01:04,196,71.53,224.19,357
952,14:01:04,196,71.53,224.19,357
953,14:01:05,380,103.2,244.14,107
954,14:01:05,380,103.2,244.14,107
955,14:01:05,370,225.28,264.16,4067
956,14:01:05,370,225.28,264.16,4067
957,14:01:07,390,167.63,309.5,3425
958,14:01:07,390,167.63,309.5,3425
959,14:01:07,35,55.88,353.18,2022
960,14:01:07,35,55.88,353.18,2022
961,14:01:07,334,175.74,322.85,4031
962,14:01:07,334,175.74,322.85,4031
963,14:01:07,390,241.27,324.29,2145
964,14:01:07,390,241.27,324.29,2145
965,14:01:07,271,134.33,323.69,3111
966,14:01:07,271,134.33,323.69,3111
967,14:01:08,179,64.71,355.17,357
968,14:01:08,179,64.71,355.17,357
969,14:01:09,380,171.98,29.13,5557
970,14:01:09,380,171.98,29.13,5557
971,14:01:09,277,141.34,53.51,321
972,14:01:09,277,141.34,53.51,321
973,14:01:09,55,87.59,51.44,2100
974,14:01:09,55,87.59,51.44,2100
975,14:01:09,270,183.53,50.43,311
976,14:01:09,270,183.53,50.43,311
977,14:01:09,170,118.64,66.69,6417
978,14:01:09,170,118.64,66.69,6417
979,14:01:09,279,102.41,55.52,264
980,14:01:09,279,102.41,55.52,264
981,14:01:09,360,264.09,65.31,5423
982,14:01:09,360,264.09,65.31,5423
983,14:01:09,288,167.96,66.15,533
984,14:01:09,288,167.96,66.15,533
985,14:01:10,97,71.27,75.65,572
986,14:01:10,97,71.27,75.65,572
987,14:01:11,350,296.87,96.58,326
988,14:01:11,350,296.87,96.58,326
989,14:01:11,268,150.41,104.39,342
990,14:01:11,268,150.41,104.39,342
991,14:01:11,30,33.14,106.89,2022
992,14:01:11,30,33.14,106.89,2022
993,14:01:11,380,107.38,112.31,107
994,14:01:11,380,107.38,112.31,107
995,14:01:12,360,228.43,142.33,571
996,14:01:12,360,228.43,142.33,571
997,14:01:12,136,181.37,171.97,2714
998,14:01:12,136,181.37,171.97,2714
999,14:01:13,184,134.35,173.51,346
1000,14:01:13,184,134.35,173.51,346
1001,14:01:13,158,172.59,185.06,334
1002,14:01:13,158,172.59,185.06,334
1003,14:01:14,330,341.23,200.57,327
1004,14:01:14,330,341.23,200.57,327
1005,14:01:14,196,80.69,222.64,357
1006,14:01:14,196,80.69,222.64,357
1007,14:01:15,380,100.65,249.12,107
1008,14:01:15,380,100.65,249.12,107
1009,14:01:15,370,224.99,263.16,4067
1010,14:01:15,370,224.99,263.16,4067
1011,14:01:17,390,165.5,307.72,3425
1012,14:01:17,390,165.5,307.72,3425
1013,14:01:17,35,66.93,359.95,2022
1014,14:01:17,35,66.93,359.95,2022
1015,14:01:17,334,163.82,323.27,4031
1016,14:01:17,334,163.82,323.27,4031
1017,14:01:17,390,231.75,324.54,2145
1018,14:01:17,390,231.75,324.54,2145
1019,14:01:17,271,122.81,322.46,3111
1020,14:01:17,271,122.81,322.46,3111
1021,14:01:19,380,178.2,28.03,5557
1022,14:01:19,380,178.2,28.03,5557
1023,14:01:19,277,149.17,54.69,321
1024,14:01:19,277,149.17,54.69,321
1025,14:01:19,55,88.57,51.84,2100
1026,14:01:19,55,88.57,51.84,2100
1027,14:01:19,270,183.79,52.02,311
1028,14:01:19,270,183.79,52.02,311
1029,14:01:20,170,115.3,66.98,6417
1030,14:01:20,170,115.3,66.98,6417
1031,14:01:20,279,105.16,55.21,264
1032,14:01:20,279,105.16,55.21,264
1033,14:01:20,360,261.5,65.11,5423
1034,14:01:20,360,261.5,65.11,5423
1035,14:01:20,288,153.3,66.14,533
1036,14:01:20,288,153.3,66.14,533
1037,14:01:20,95,73.08,75.39,572
1038,14:01:20,95,73.08,75.39,572
1039,14:01:21,268,155.36,105.04,342
1040,14:01:21,268,155.36,105.04,342
1041,14:01:21,30,35.43,108.91,2022
1042,14:01:21,30,35.43,108.91,2022
1043,14:01:22,360,227.49,142.73,571
1044,14:01:22,360,227.49,142.73,571
1045,14:01:22,136,175.21,173.34,2714
1046,14:01:22,136,175.21,173.34,2714
1047,14:01:23,189,132.82,172,346
1048,14:01:23,189,132.82,172,346
1049,14:01:23,159,171.92,184.67,334
1050,14:01:23,159,171.92,184.67,334
1051,14:01:24,330,353.32,203.48,327
1052,14:01:24,330,353.32,203.48,327
1053,14:01:24,196,88.54,221.46,357
1054,14:01:24,196,88.54,221.46,357
1055,14:01:25,380,98.8,253.97,107
1056,14:01:25,380,98.8,253.97,107
1057,14:01:27,390,163.89,305.73,3425
1058,14:01:27,390,163.89,305.73,3425
1059,14:01:27,334,151.94,323.75,4031
1060,14:01:27,334,151.94,323.75,4031
1061,14:01:27,271,111.27,320.89,3111
1062,14:01:27,271,111.27,320.89,3111
1063,14:01:29,380,184.44,27.11,5557
1064,14:01:29,380,184.44,27.11,5557
1065,14:01:29,380,159.34,33.52,5557
1066,14:01:29,380,159.34,33.52,5557
1067,14:01:29,260,120.44,51.75,321
1068,14:01:29,260,120.44,51.75,321
1069,14:01:29,277,156.59,55.8,321
1070,14:01:29,277,156.59,55.8,321
1071,14:01:29,55,89.27,51.37,2100
1072,14:01:29,55,89.27,51.37,2100
1073,14:01:29,270,186.66,52.39,311
1074,14:01:29,270,186.66,52.39,311
1075,14:01:30,176,133.59,65.98,6417
1076,14:01:30,176,133.59,65.98,6417
1077,14:01:30,310,193.41,66.7,533
1078,14:01:30,310,193.41,66.7,533
1079,14:01:30,170,112.63,67.24,6417
1080,14:01:30,170,112.63,67.24,6417
1081,14:01:30,279,107.55,54.96,264
1082,14:01:30,279,107.55,54.96,264
1083,14:01:30,360,259.26,64.93,5423
1084,14:01:30,360,259.26,64.93,5423
1085,14:01:30,288,136.29,66.12,533
1086,14:01:30,288,136.29,66.12,533
1087,14:01:30,94,67.89,77.53,572
1088,14:01:30,94,67.89,77.53,572
1089,14:01:31,256,131.19,100.58,342
1090,14:01:31,256,131.19,100.58,342
1091,14:01:31,268,159.44,105.51,342
1092,14:01:31,268,159.44,105.51,342
1093,14:01:31,39,32.58,113.29,2022
1094,14:01:31,39,32.58,113.29,2022
1095,14:01:32,360,226.69,143.08,571
1096,14:01:32,360,226.69,143.08,571
1097,14:01:32,136,170.54,174.62,2714
1098,14:01:32,136,170.54,174.62,2714
1099,14:01:33,163,199.67,169.56,2714
1100,14:01:33,163,199.67,169.56,2714
1101,14:01:33,192,137.19,172.63,346
1102,14:01:33,192,137.19,172.63,346
1103,14:01:33,159,175.2,182.82,334
1104,14:01:33,159,175.2,182.82,334
1105,14:01:34,330,313.43,194.35,327
1106,14:01:34,330,313.43,194.35,327
1107,14:01:34,330,365.75,206.18,327
1108,14:01:34,330,365.75,206.18,327
1109,14:01:34,196,96.27,220.4,357
1110,14:01:34,196,96.27,220.4,357
1111,14:01:35,380,110.3,231.73,107
1112,14:01:35,380,110.3,231.73,107
1113,14:01:35,380,97.54,259.25,107
1114,14:01:35,380,97.54,259.25,107
1115,14:01:37,390,162.59,303.41,3425
1116,14:01:37,390,162.59,303.41,3425
1117,14:01:37,344,198.2,321.41,4031
1118,14:01:37,344,198.2,321.41,4031
1119,14:01:37,286,156.11,325.08,3111
1120,14:01:37,286,156.11,325.08,3111
1121,14:01:37,334,138.87,324.37,4031
1122,14:01:37,334,138.87,324.37,4031
1123,14:01:37,271,98.57,318.65,3111
1124,14:01:37,271,98.57,318.65,3111
1125,14:01:39,380,191.35,26.22,5557
1126,14:01:39,380,191.35,26.22,5557
1127,14:01:39,380,160.52,32.79,5557
1128,14:01:39,380,160.52,32.79,5557
1129,14:01:39,263,122.47,50.62,321
1130,14:01:39,263,122.47,50.62,321
1131,14:01:39,277,164.48,56.92,321
1132,14:01:39,277,164.48,56.92,321
1133,14:01:39,55,89.99,51.13,2100
1134,14:01:39,55,89.99,51.13,2100
1135,14:01:39,270,187.72,51.83,311
1136,14:01:39,270,187.72,51.83,311
1137,14:01:40,175,131.79,65.52,6417
1138,14:01:40,175,131.79,65.52,6417
1139,14:01:40,307,191.16,66.26,533
1140,14:01:40,307,191.16,66.26,533
1141,14:01:40,170,110.13,67.49,6417
1142,14:01:40,170,110.13,67.49,6417
1143,14:01:40,279,109.94,54.71,264
1144,14:01:40,279,109.94,54.71,264
1145,14:01:40,360,257.02,64.75,5423
1146,14:01:40,360,257.02,64.75,5423
1147,14:01:40,288,115.96,66.08,533
1148,14:01:40,288,115.96,66.08,533
1149,14:01:40,92,66.13,77.95,572
1150,14:01:40,92,66.13,77.95,572
1151,14:01:41,258,133.36,99.75,342
1152,14:01:41,258,133.36,99.75,342
1153,14:01:41,350,288.4,96.24,326
1154,14:01:41,350,288.4,96.24,326
1155,14:01:41,37,32.01,106.5,2022
1156,14:01:41,37,32.01,106.5,2022
1157,14:01:41,268,163.37,105.92,342
1158,14:01:41,268,163.37,105.92,342
1159,14:01:41,380,109.83,111.05,107
1160,14:01:41,380,109.83,111.05,107
1161,14:01:42,360,225.89,143.43,571
1162,14:01:42,360,225.89,143.43,571
1163,14:01:42,136,166.95,175.82,2714
1164,14:01:42,136,166.95,175.82,2714
1165,14:01:43,156,198.16,169.89,2714
1166,14:01:43,156,198.16,169.89,2714
1167,14:01:43,194,138.85,171.44,346
1168,14:01:43,194,138.85,171.44,346
1169,14:01:43,160,175.66,184.14,334
1170,14:01:43,160,175.66,184.14,334
1171,14:01:44,330,315.79,194.76,327
1172,14:01:44,330,315.79,194.76,327
1173,14:01:44,330,379.92,208.93,327
1174,14:01:44,330,379.92,208.93,327
1175,14:01:44,196,103.85,219.45,357
1176,14:01:44,196,103.85,219.45,357
1177,14:01:45,380,109.37,234.55,107
1178,14:01:45,380,109.37,234.55,107
1179,14:01:45,380,97.01,264.9,107
1180,14:01:45,380,97.01,264.9,107
1181,14:01:47,390,161.68,300.82,3425
1182,14:01:47,390,161.68,300.82,3425
1183,14:01:47,342,195.79,322.16,4031
1184,14:01:47,342,195.79,322.16,4031
1185,14:01:47,390,261.84,323.78,2145
1186,14:01:47,390,261.84,323.78,2145
1187,14:01:47,283,153.74,325.18,3111
1188,14:01:47,283,153.74,325.18,3111
1189,14:01:47,334,124.71,325.19,4031
1190,14:01:47,334,124.71,325.19,4031
1191,14:01:47,271,84.9,315.36,3111
1192,14:01:47,271,84.9,315.36,3111
1193,14:01:48,179,59.85,355.46,357
1194,14:01:48,179,59.85,355.46,357
1195,14:01:49,380,161.71,32.59,5557
1196,14:01:49,380,161.71,32.59,5557
1197,14:01:49,380,198.91,25.39,5557
1198,14:01:49,380,198.91,25.39,5557
1199,14:01:49,263,124.51,49.68,321
1200,14:01:49,263,124.51,49.68,321
1201,14:01:49,277,172.82,58.04,321
1202,14:01:49,277,172.82,58.04,321
1203,14:01:49,55,90.64,51.04,2100
1204,14:01:49,55,90.64,51.04,2100
1205,14:01:49,270,188.47,51.46,311
1206,14:01:49,270,188.47,51.46,311
1207,14:01:49,174,130.03,65.24,6417
1208,14:01:49,174,130.03,65.24,6417
1209,14:01:49,304,188.9,66.03,533
1210,14:01:49,304,188.9,66.03,533
1211,14:01:49,170,107.77,67.74,6417
1212,14:01:49,170,107.77,67.74,6417
1213,14:01:49,279,112.32,54.48,264
1214,14:01:49,279,112.32,54.48,264
1215,14:01:49,360,254.78,64.56,5423
1216,14:01:49,360,254.78,64.56,5423
1217,14:01:49,288,92.72,66.03,533
1218,14:01:49,288,92.72,66.03,533
1219,14:01:50,91,64.54,79.35,572
1220,14:01:50,91,64.54,79.35,572
1221,14:01:51,350,290.81,96.36,326
1222,14:01:51,350,290.81,96.36,326
1223,14:01:51,260,135.57,101.61,342
1224,14:01:51,260,135.57,101.61,342
1225,14:01:51,36,31.96,105.77,2022
1226,14:01:51,36,31.96,105.77,2022
1227,14:01:51,268,167.21,106.29,342
1228,14:01:51,268,167.21,106.29,342
1229,14:01:51,380,108.89,111.58,107
1230,14:01:51,380,108.89,111.58,107
1231,14:01:52,360,225.1,143.79,571
1232,14:01:52,360,225.1,143.79,571
1233,14:01:52,136,164.73,176.8,2714
1234,14:01:52,136,164.73,176.8,2714
1235,14:01:53,150,196.63,170.68,2714
1236,14:01:53,150,196.63,170.68,2714
1237,14:01:53,196,139.97,171.75,346
1238,14:01:53,196,139.97,171.75,346
1239,14:01:53,160,176.03,184.82,334
1240,14:01:53,160,176.03,184.82,334
1241,14:01:54,330,318.04,194.3,327
1242,14:01:54,330,318.04,194.3,327
1243,14:01:54,196,111.24,218.58,357
1244,14:01:54,196,111.24,218.58,357
1245,14:01:55,181,59.73,226.13,357
1246,14:01:55,181,59.73,226.13,357
1247,14:01:55,380,109.36,234.22,107
1248,14:01:55,380,109.36,234.22,107
1249,14:01:55,380,97.16,262.07,107
1250,14:01:55,380,97.16,262.07,107
1251,14:01:55,370,226.33,266.78,4067
1252,14:01:55,370,226.33,266.78,4067
1253,14:01:57,390,162.09,302.13,3425
1254,14:01:57,390,162.09,302.13,3425
1255,14:01:57,35,34.79,316.22,2022
1256,14:01:57,35,34.79,316.22,2022
1257,14:01:57,341,195.8,322.16,4031
1258,14:01:57,341,195.8,322.16,4031
1259,14:01:57,390,260.73,323.78,2145
1260,14:01:57,390,260.73,323.78,2145
1261,14:01:57,284,153.74,325.04,3111
1262,14:01:57,284,153.74,325.04,3111
1263,14:01:57,334,131.76,324.76,4031
1264,14:01:57,334,131.76,324.76,4031
1265,14:01:57,271,91.7,317.12,3111
1266,14:01:57,271,91.7,317.12,3111
1267,14:01:58,179,58.91,355.52,357
1268,14:01:58,179,58.91,355.52,357
1269,14:01:59,380,161.7,32.37,5557
1270,14:01:59,380,161.7,32.37,5557
1271,14:01:59,380,195.12,25.8,5557
1272,14:01:59,380,195.12,25.8,5557
1273,14:01:59,263,123.48,50.15,321
1274,14:01:59,263,123.48,50.15,321
1275,14:01:59,277,168.64,57.5,321
1276,14:01:59,277,168.64,57.5,321
1277,14:01:59,55,90.27,51.09,2100
1278,14:01:59,55,90.27,51.09,2100
1279,14:01:59,270,188.1,51.55,311
1280,14:01:59,270,188.1,51.55,311
1281,14:02:00,174,130.92,65.42,6417
1282,14:02:00,174,130.92,65.42,6417
1283,14:02:00,304,190.03,66.18,533
1284,14:02:00,304,190.03,66.18,533
1285,14:02:00,170,108.95,67.62,6417
1286,14:02:00,170,108.95,67.62,6417
1287,14:02:00,279,111.13,54.59,264
1288,14:02:00,279,111.13,54.59,264
1289,14:02:00,360,255.9,64.65,5423
1290,14:02:00,360,255.9,64.65,5423
1291,14:02:01,91,65.2,78.71,572
1292,14:02:01,91,65.2,78.71,572
1293,14:02:01,350,289.62,96.34,326
1294,14:02:01,350,289.62,96.34,326
1295,14:02:01,260,134.48,101.3,342
1296,14:02:01,260,134.48,101.3,342
1297,14:02:01,36,32.59,106.81,2022
1298,14:02:01,36,32.59,106.81,2022
1299,14:02:01,268,165.3,106.11,342
1300,14:02:01,268,165.3,106.11,342
1301,14:02:01,380,109.33,111.96,107
1302,14:02:01,380,109.33,111.96,107
1303,14:02:02,360,225.49,143.6,571
1304,14:02:02,360,225.49,143.6,571
1305,14:02:03,150,197.39,170.43,2714
1306,14:02:03,150,197.39,170.43,2714
1307,14:02:03,196,139.25,172.04,346
1308,14:02:03,196,139.25,172.04,346
1309,14:02:03,160,175.59,184.73,334
1310,14:02:03,160,175.59,184.73,334
1311,14:02:04,330,316.91,194.36,327
1312,14:02:04,330,316.91,194.36,327
1313,14:02:04,196,118.39,217.78,357
1314,14:02:04,196,118.39,217.78,357
1315,14:02:05,181,59.74,226.13,357
1316,14:02:05,181,59.74,226.13,357
1317,14:02:05,380,109.36,234.22,107
1318,14:02:05,380,109.36,234.22,107
1319,14:02:05,370,226.36,266.78,4067
1320,14:02:05,370,226.36,266.78,4067
1321,14:02:07,35,34.8,316.22,2022
1322,14:02:07,35,34.8,316.22,2022
1323,14:02:07,341,195.79,322.16,4031
1324,14:02:07,341,195.79,322.16,4031
1325,14:02:07,390,260.73,323.78,2145
1326,14:02:07,390,260.73,323.78,2145
1327,14:02:07,284,153.74,325.04,3111
1328,14:02:07,284,153.74,325.04,3111
1329,14:02:08,179,58.91,355.52,357
1330,14:02:08,179,58.91,355.52,357
1331,14:02:09,380,161.7,32.37,5557
1332,14:02:09,380,161.7,32.37,5557
1333,14:02:09,263,123.48,50.15,321
1334,14:02:09,263,123.48,50.15,321
1335,14:02:09,55,90.27,51.09,2100
1336,14:02:09,55,90.27,51.09,2100
1337,14:02:09,270,188.1,51.55,311
1338,14:02:09,270,188.1,51.55,311
1339,14:02:10,174,130.92,65.42,6417
1340,14:02:10,174,130.92,65.42,6417
1341,14:02:10,304,190.03,66.18,533
1342,14:02:10,304,190.03,66.18,533
1343,14:02:10,91,65.2,78.71,572
1344,14:02:10,91,65.2,78.71,572
1345,14:02:11,350,289.62,96.34,326
1346,14:02:11,350,289.62,96.34,326
1347,14:02:11,260,134.48,101.3,342
1348,14:02:11,260,134.48,101.3,342
1349,14:02:11,36,32.58,106.8,2022
1350,14:02:11,36,32.58,106.8,2022
1351,14:02:11,380,109.33,111.96,107
1352,14:02:11,380,109.33,111.96,107
1353,14:02:13,150,197.39,170.43,2714
1354,14:02:13,150,197.39,170.43,2714
1355,14:02:13,196,139.25,172.04,346
1356,14:02:13,196,139.25,172.04,346
1357,14:02:13,160,175.59,184.73,334
1358,14:02:13,160,175.59,184.73,334
1359,14:02:14,330,316.91,194.36,327
1360,14:02:14,330,316.91,194.36,327
1361,14:02:15,181,59.74,226.13,357
1362,14:02:15,181,59.74,226.13,357
1363,14:02:15,380,109.36,234.22,107
1364,14:02:15,380,109.36,234.22,107
1365,14:02:15,370,226.36,266.78,4067
1366,14:02:15,370,226.36,266.78,4067
1367,14:02:17,390,173.81,311.11,3425
1368,14:02:17,390,173.81,311.11,3425
1369,14:02:17,35,34.8,316.22,2022
1370,14:02:17,35,34.8,316.22,2022
1371,14:02:17,341,195.79,322.16,4031
1372,14:02:17,341,195.79,322.16,4031
1373,14:02:17,390,260.73,323.78,2145
1374,14:02:17,390,260.73,323.78,2145
1375,14:02:17,284,153.74,325.04,3111
1376,14:02:17,284,153.74,325.04,3111
1377,14:02:18,179,58.91,355.52,357
1378,14:02:18,179,58.91,355.52,357
1379,14:02:19,380,161.7,32.37,5557
1380,14:02:19,380,161.7,32.37,5557
1381,14:02:19,263,123.48,50.15,321
1382,14:02:19,263,123.48,50.15,321
1383,14:02:19,55,90.27,51.09,2100
1384,14:02:19,55,90.27,51.09,2100
1385,14:02:19,270,188.1,51.55,311
1386,14:02:19,270,188.1,51.55,311
1387,14:02:19,174,130.92,65.42,6417
1388,14:02:19,174,130.92,65.42,6417
1389,14:02:19,304,190.03,66.18,533
1390,14:02:19,304,190.03,66.18,533
1391,14:02:20,91,65.2,78.71,572
1392,14:02:20,91,65.2,78.71,572
1393,14:02:21,350,289.62,96.34,326
1394,14:02:21,350,289.62,96.34,326
1395,14:02:21,260,134.48,101.3,342
1396,14:02:21,260,134.48,101.3,342
1397,14:02:21,36,32.58,106.8,2022
1398,14:02:21,36,32.58,106.8,2022
1399,14:02:21,380,109.33,111.96,107
1400,14:02:21,380,109.33,111.96,107
1401,14:02:23,150,197.39,170.43,2714
1402,14:02:23,150,197.39,170.43,2714
1403,14:02:23,196,139.25,172.04,346
1404,14:02:23,196,139.25,172.04,346
1405,14:02:23,160,175.59,184.73,334
1406,14:02:23,160,175.59,184.73,334
1407,14:02:24,330,316.91,194.36,327
1408,14:02:24,330,316.91,194.36,327
1409,14:02:25,181,62.63,225.9,357
1410,14:02:25,181,62.63,225.9,357
1411,14:02:25,380,107.6,238.68,107
1412,14:02:25,380,107.6,238.68,107
1413,14:02:25,370,225.77,265.49,4067
1414,14:02:25,370,225.77,265.49,4067
1415,14:02:27,390,170.75,311.67,3425
1416,14:02:27,390,170.75,311.67,3425
1417,14:02:27,35,42.96,338.84,2022
1418,14:02:27,35,42.96,338.84,2022
1419,14:02:27,341,190.19,322.99,4031
1420,14:02:27,341,190.19,322.99,4031
1421,14:02:27,390,252.49,323.99,2145
1422,14:02:27,390,252.49,323.99,2145
1423,14:02:27,284,148.18,325.1,3111
1424,14:02:27,284,148.18,325.1,3111
1425,14:02:28,179,61.76,355.34,357
1426,14:02:28,179,61.76,355.34,357
1427,14:02:29,380,164.48,31.22,5557
1428,14:02:29,380,164.48,31.22,5557
1429,14:02:29,275,136.05,52.12,321
1430,14:02:29,275,136.05,52.12,321
1431,14:02:29,55,94.17,51.67,2100
1432,14:02:29,55,94.17,51.67,2100
1433,14:02:29,270,197.13,52.79,311
1434,14:02:29,270,197.13,52.79,311
1435,14:02:29,288,178.57,66.15,533
1436,14:02:29,288,178.57,66.15,533
1437,14:02:30,170,122.25,66.3,6417
1438,14:02:30,170,122.25,66.3,6417
1439,14:02:30,85,58.87,81.36,572
1440,14:02:30,85,58.87,81.36,572
1441,14:02:31,350,293.18,96.43,326
1442,14:02:31,350,293.18,96.43,326
1443,14:02:31,266,144.22,104.98,342
1444,14:02:31,266,144.22,104.98,342
1445,14:02:31,30,30.23,100.85,2022
1446,14:02:31,30,30.23,100.85,2022
1447,14:02:31,380,107.98,111.44,107
1448,14:02:31,380,107.98,111.44,107
1449,14:02:33,136,189.88,170.48,2714
1450,14:02:33,136,189.88,170.48,2714
1451,14:02:33,201,145.52,174.69,346
1452,14:02:33,201,145.52,174.69,346
1453,14:02:33,160,176.85,185.01,334
1454,14:02:33,160,176.85,185.01,334
1455,14:02:34,330,328.14,197.11,327
1456,14:02:34,330,328.14,197.11,327
1457,14:02:35,181,64.55,225.75,357
1458,14:02:35,181,64.55,225.75,357
1459,14:02:35,380,104.55,241.96,107
1460,14:02:35,380,104.55,241.96,107
1461,14:02:35,370,225.44,264.63,4067
1462,14:02:35,370,225.44,264.63,4067
1463,14:02:37,390,168.71,310.19,3425
1464,14:02:37,390,168.71,310.19,3425
1465,14:02:37,35,50.96,348.93,2022
1466,14:02:37,35,50.96,348.93,2022
1467,14:02:37,334,180.91,322.69,4031
1468,14:02:37,334,180.91,322.69,4031
1469,14:02:37,390,245.54,324.18,2145
1470,14:02:37,390,245.54,324.18,2145
1471,14:02:37,271,139.32,324.13,3111
1472,14:02:37,271,139.32,324.13,3111
1473,14:02:38,179,63.66,355.22,357
1474,14:02:38,179,63.66,355.22,357
1475,14:02:39,380,169.31,29.68,5557
1476,14:02:39,380,169.31,29.68,5557
1477,14:02:39,277,137.81,52.97,321
1478,14:02:39,277,137.81,52.97,321
1479,14:02:39,55,94.39,51.52,2100
1480,14:02:39,55,94.39,51.52,2100
1481,14:02:39,270,197.11,51.98,311
1482,14:02:39,270,197.11,51.98,311
1483,14:02:39,170,120.32,66.55,6417
1484,14:02:39,170,120.32,66.55,6417
1485,14:02:39,279,101.09,55.68,264
1486,14:02:39,279,101.09,55.68,264
1487,14:02:39,360,265.28,65.41,5423
1488,14:02:39,360,265.28,65.41,5423
1489,14:02:39,288,173.58,66.15,533
1490,14:02:39,288,173.58,66.15,533
1491,14:02:39,84,57.27,80.93,572
1492,14:02:39,84,57.27,80.93,572
1493,14:02:39,350,295.57,96.52,326
1494,14:02:39,350,295.57,96.52,326
1495,14:02:39,268,148.01,104.04,342
1496,14:02:39,268,148.01,104.04,342
1497,14:02:39,30,30.47,104.29,2022
1498,14:02:39,30,30.47,104.29,2022
1499,14:02:39,380,107.27,111.81,107
1500,14:02:39,380,107.27,111.81,107
1501,14:02:39,360,228.84,142.14,571
1502,14:02:39,360,228.84,142.14,571
1503,14:02:40,136,184.52,171.36,2714
1504,14:02:40,136,184.52,171.36,2714
1505,14:02:40,350,251.03,161.33,325
1506,14:02:40,350,251.03,161.33,325
1507,14:02:40,203,147.24,175.52,346
1508,14:02:40,203,147.24,175.52,346
1509,14:02:40,160,177.62,185.23,334
1510,14:02:40,160,177.62,185.23,334
1511,14:02:41,330,336.11,199.24,327
1512,14:02:41,330,336.11,199.24,327
1513,14:02:41,196,71.53,224.19,357
1514,14:02:41,196,71.53,224.19,357
1515,14:02:42,380,103.2,244.14,107
1516,14:02:42,380,103.2,244.14,107
1517,14:02:42,370,225.28,264.16,4067
1518,14:02:42,370,225.28,264.16,4067
1519,14:02:44,390,167.63,309.5,3425
1520,14:02:44,390,167.63,309.5,3425
1521,14:02:44,35,55.88,353.18,2022
1522,14:02:44,35,55.88,353.18,2022
1523,14:02:44,334,175.74,322.85,4031
1524,14:02:44,334,175.74,322.85,4031
1525,14:02:44,390,241.27,324.29,2145
1526,14:02:44,390,241.27,324.29,2145
1527,14:02:44,271,134.33,323.69,3111
1528,14:02:44,271,134.33,323.69,3111
1529,14:02:45,179,64.71,355.17,357
1530,14:02:45,179,64.71,355.17,357
1531,14:02:46,380,171.98,29.13,5557
1532,14:02:46,380,171.98,29.13,5557
1533,14:02:46,277,141.34,53.51,321
1534,14:02:46,277,141.34,53.51,321
1535,14:02:46,55,87.83,51.5,2100
1536,14:02:46,55,87.83,51.5,2100
1537,14:02:46,270,183.64,49.95,311
1538,14:02:46,270,183.64,49.95,311
1539,14:02:46,170,118.64,66.69,6417
1540,14:02:46,170,118.64,66.69,6417
1541,14:02:46,279,102.41,55.52,264
1542,14:02:46,279,102.41,55.52,264
1543,14:02:46,360,264.09,65.31,5423
1544,14:02:46,360,264.09,65.31,5423
1545,14:02:46,288,167.96,66.15,533
1546,14:02:46,288,167.96,66.15,533
1547,14:02:47,97,67.44,75.42,572
1548,14:02:47,97,67.44,75.42,572
1549,14:02:48,350,296.87,96.58,326
1550,14:02:48,350,296.87,96.58,326
1551,14:02:48,268,150.41,104.39,342
1552,14:02:48,268,150.41,104.39,342
1553,14:02:48,30,30.66,105.9,2022
1554,14:02:48,30,30.66,105.9,2022
1555,14:02:48,380,107.38,112.31,107
1556,14:02:48,380,107.38,112.31,107
1557,14:02:49,360,228.43,142.33,571
1558,14:02:49,360,228.43,142.33,571
1559,14:02:49,136,181.37,171.97,2714
1560,14:02:49,136,181.37,171.97,2714
1561,14:02:49,350,252.39,161.69,325
1562,14:02:49,350,252.39,161.69,325
1563,14:02:50,184,138.3,178.08,346
1564,14:02:50,184,138.3,178.08,346
1565,14:02:50,158,171.87,184.89,334
1566,14:02:50,158,171.87,184.89,334
1567,14:02:51,330,341.23,200.57,327
1568,14:02:51,330,341.23,200.57,327
1569,14:02:51,196,80.69,222.64,357
1570,14:02:51,196,80.69,222.64,357
1571,14:02:52,380,100.65,249.12,107
1572,14:02:52,380,100.65,249.12,107
1573,14:02:52,370,224.99,263.16,4067
1574,14:02:52,370,224.99,263.16,4067
1575,14:02:54,390,165.5,307.72,3425
1576,14:02:54,390,165.5,307.72,3425
1577,14:02:54,35,66.93,359.95,2022
1578,14:02:54,35,66.93,359.95,2022
1579,14:02:54,334,163.82,323.27,4031
1580,14:02:54,334,163.82,323.27,4031
1581,14:02:54,390,231.75,324.54,2145
1582,14:02:54,390,231.75,324.54,2145
1583,14:02:54,271,122.81,322.46,3111
1584,14:02:54,271,122.81,322.46,3111
1585,14:02:56,380,178.2,28.03,5557
1586,14:02:56,380,178.2,28.03,5557
1587,14:02:56,277,149.17,54.69,321
1588,14:02:56,277,149.17,54.69,321
1589,14:02:56,55,87.51,51.89,2100
1590,14:02:56,55,87.51,51.89,2100
1591,14:02:56,270,183.69,51.26,311
1592,14:02:56,270,183.69,51.26,311
1593,14:02:57,170,115.3,66.98,6417
1594,14:02:57,170,115.3,66.98,6417
1595,14:02:57,279,105.16,55.21,264
1596,14:02:57,279,105.16,55.21,264
1597,14:02:57,360,261.5,65.11,5423
1598,14:02:57,360,261.5,65.11,5423
1599,14:02:57,288,153.3,66.14,533
1600,14:02:57,288,153.3,66.14,533
1601,14:02:57,95,70.6,75.15,572
1602,14:02:57,95,70.6,75.15,572
1603,14:02:58,268,155.36,105.04,342
1604,14:02:58,268,155.36,105.04,342
1605,14:02:58,30,31.53,109.94,2022
1606,14:02:58,30,31.53,109.94,2022
1607,14:02:59,360,227.49,142.73,571
1608,14:02:59,360,227.49,142.73,571
1609,14:02:59,136,175.21,173.34,2714
1610,14:02:59,136,175.21,173.34,2714
1611,14:02:59,350,255.17,162.43,325
1612,14:02:59,350,255.17,162.43,325
1613,14:02:59,350,232.1,160.57,325
1614,14:02:59,350,232.1,160.57,325
1615,14:03:00,189,134.27,174.56,346
1616,14:03:00,189,134.27,174.56,346
1617,14:03:00,159,172.11,184.71,334
1618,14:03:00,159,172.11,184.71,334
1619,14:03:01,330,353.32,203.48,327
1620,14:03:01,330,353.32,203.48,327
1621,14:03:01,196,88.54,221.46,357
1622,14:03:01,196,88.54,221.46,357
1623,14:03:02,380,98.8,253.97,107
1624,14:03:02,380,98.8,253.97,107
1625,14:03:03,390,163.89,305.73,3425
1626,14:03:03,390,163.89,305.73,3425
1627,14:03:04,334,151.94,323.75,4031
1628,14:03:04,334,151.94,323.75,4031
1629,14:03:04,271,111.27,320.89,3111
1630,14:03:04,271,111.27,320.89,3111
1631,14:03:06,380,184.44,27.11,5557
1632,14:03:06,380,184.44,27.11,5557
1633,14:03:06,380,159.34,33.52,5557
1634,14:03:06,380,159.34,33.52,5557
1635,14:03:06,260,120.44,51.75,321
1636,14:03:06,260,120.44,51.75,321
1637,14:03:06,277,156.59,55.8,321
1638,14:03:06,277,156.59,55.8,321
1639,14:03:06,55,89.22,51.42,2100
1640,14:03:06,55,89.22,51.42,2100
1641,14:03:06,270,185.85,51.64,311
1642,14:03:06,270,185.85,51.64,311
1643,14:03:07,176,133.59,65.98,6417
1644,14:03:07,176,133.59,65.98,6417
1645,14:03:07,310,193.41,66.7,533
1646,14:03:07,310,193.41,66.7,533
1647,14:03:07,170,112.63,67.24,6417
1648,14:03:07,170,112.63,67.24,6417
1649,14:03:07,279,107.55,54.96,264
1650,14:03:07,279,107.55,54.96,264
1651,14:03:07,360,259.26,64.93,5423
1652,14:03:07,360,259.26,64.93,5423
1653,14:03:07,288,136.29,66.12,533
1654,14:03:07,288,136.29,66.12,533
1655,14:03:07,94,67.62,76.04,572
1656,14:03:07,94,67.62,76.04,572
1657,14:03:08,256,131.19,100.58,342
1658,14:03:08,256,131.19,100.58,342
1659,14:03:08,268,159.44,105.51,342
1660,14:03:08,268,159.44,105.51,342
1661,14:03:08,39,34.67,116.26,2022
1662,14:03:08,39,34.67,116.26,2022
1663,14:03:09,360,226.69,143.08,571
1664,14:03:09,360,226.69,143.08,571
1665,14:03:09,136,170.54,174.62,2714
1666,14:03:09,136,170.54,174.62,2714
1667,14:03:09,350,257.62,163.06,325
1668,14:03:09,350,257.62,163.06,325
1669,14:03:09,350,234.52,161.1,325
1670,14:03:09,350,234.52,161.1,325
1671,14:03:10,163,199.67,169.56,2714
1672,14:03:10,163,199.67,169.56,2714
1673,14:03:10,192,137.03,174.71,346
1674,14:03:10,192,137.03,174.71,346
1675,14:03:10,159,172.56,184.17,334
1676,14:03:10,159,172.56,184.17,334
1677,14:03:11,330,313.43,194.35,327
1678,14:03:11,330,313.43,194.35,327
1679,14:03:11,330,365.75,206.18,327
1680,14:03:11,330,365.75,206.18,327
1681,14:03:11,196,96.27,220.4,357
1682,14:03:11,196,96.27,220.4,357
1683,14:03:12,380,110.3,231.73,107
1684,14:03:12,380,110.3,231.73,107
1685,14:03:12,380,97.54,259.25,107
1686,14:03:12,380,97.54,259.25,107
1687,14:03:13,390,162.59,303.41,3425
1688,14:03:13,390,162.59,303.41,3425
1689,14:03:14,344,198.2,321.41,4031
1690,14:03:14,344,198.2,321.41,4031
1691,14:03:14,286,156.11,325.08,3111
1692,14:03:14,286,156.11,325.08,3111
1693,14:03:14,334,138.87,324.37,4031
1694,14:03:14,334,138.87,324.37,4031
1695,14:03:14,271,98.57,318.65,3111
1696,14:03:14,271,98.57,318.65,3111
1697,14:03:16,380,191.35,26.22,5557
1698,14:03:16,380,191.35,26.22,5557
1699,14:03:16,380,160.52,32.79,5557
1700,14:03:16,380,160.52,32.79,5557
1701,14:03:16,263,122.47,50.62,321
1702,14:03:16,263,122.47,50.62,321
1703,14:03:16,277,164.48,56.92,321
1704,14:03:16,277,164.48,56.92,321
1705,14:03:16,55,90.16,51.22,2100
1706,14:03:16,55,90.16,51.22,2100
1707,14:03:16,270,187.4,51.73,311
1708,14:03:16,270,187.4,51.73,311
1709,14:03:17,175,131.79,65.52,6417
1710,14:03:17,175,131.79,65.52,6417
1711,14:03:17,307,191.16,66.26,533
1712,14:03:17,307,191.16,66.26,533
1713,14:03:17,170,110.13,67.49,6417
1714,14:03:17,170,110.13,67.49,6417
1715,14:03:17,279,109.94,54.71,264
1716,14:03:17,279,109.94,54.71,264
1717,14:03:17,360,257.02,64.75,5423
1718,14:03:17,360,257.02,64.75,5423
1719,14:03:17,288,115.96,66.08,533
1720,14:03:17,288,115.96,66.08,533
1721,14:03:17,92,65.15,77.18,572
1722,14:03:17,92,65.15,77.18,572
1723,14:03:18,258,133.36,99.75,342
1724,14:03:18,258,133.36,99.75,342
1725,14:03:18,350,288.4,96.24,326
1726,14:03:18,350,288.4,96.24,326
1727,14:03:18,37,32.51,102.29,2022
1728,14:03:18,37,32.51,102.29,2022
1729,14:03:18,268,163.37,105.92,342
1730,14:03:18,268,163.37,105.92,342
1731,14:03:18,380,109.83,111.05,107
1732,14:03:18,380,109.83,111.05,107
1733,14:03:19,360,225.89,143.43,571
1734,14:03:19,360,225.89,143.43,571
1735,14:03:19,136,166.95,175.82,2714
1736,14:03:19,136,166.95,175.82,2714
1737,14:03:19,350,260.11,163.68,325
1738,14:03:19,350,260.11,163.68,325
1739,14:03:19,350,236.93,161.62,325
1740,14:03:19,350,236.93,161.62,325
1741,14:03:20,156,198.16,169.89,2714
1742,14:03:20,156,198.16,169.89,2714
1743,14:03:20,194,139.26,173.41,346
1744,14:03:20,194,139.26,173.41,346
1745,14:03:20,160,174,183.66,334
1746,14:03:20,160,174,183.66,334
1747,14:03:21,330,315.79,194.76,327
1748,14:03:21,330,315.79,194.76,327
1749,14:03:21,330,379.92,208.93,327
1750,14:03:21,330,379.92,208.93,327
1751,14:03:21,196,103.85,219.45,357
1752,14:03:21,196,103.85,219.45,357
1753,14:03:22,380,109.37,234.55,107
1754,14:03:22,380,109.37,234.55,107
1755,14:03:22,380,97.01,264.9,107
1756,14:03:22,380,97.01,264.9,107
1757,14:03:24,390,161.68,300.82,3425
1758,14:03:24,390,161.68,300.82,3425
1759,14:03:24,342,195.79,322.16,4031
1760,14:03:24,342,195.79,322.16,4031
1761,14:03:24,390,261.84,323.78,2145
1762,14:03:24,390,261.84,323.78,2145
1763,14:03:24,283,153.74,325.18,3111
1764,14:03:24,283,153.74,325.18,3111
1765,14:03:24,334,124.71,325.19,4031
1766,14:03:24,334,124.71,325.19,4031
1767,14:03:24,271,84.9,315.36,3111
1768,14:03:24,271,84.9,315.36,3111
1769,14:03:25,179,59.85,355.46,357
1770,14:03:25,179,59.85,355.46,357
1771,14:03:26,380,161.71,32.59,5557
1772,14:03:26,380,161.71,32.59,5557
1773,14:03:26,380,198.91,25.39,5557
1774,14:03:26,380,198.91,25.39,5557
1775,14:03:26,263,124.51,49.68,321
1776,14:03:26,263,124.51,49.68,321
1777,14:03:26,277,172.82,58.04,321
1778,14:03:26,277,172.82,58.04,321
1779,14:03:26,55,90.48,51.09,2100
1780,14:03:26,55,90.48,51.09,2100
1781,14:03:26,270,188.73,51.72,311
1782,14:03:26,270,188.73,51.72,311
1783,14:03:26,174,130.03,65.24,6417
1784,14:03:26,174,130.03,65.24,6417
1785,14:03:26,304,188.9,66.03,533
1786,14:03:26,304,188.9,66.03,533
1787,14:03:26,170,107.77,67.74,6417
1788,14:03:26,170,107.77,67.74,6417
1789,14:03:26,279,112.32,54.48,264
1790,14:03:26,279,112.32,54.48,264
1791,14:03:26,360,254.78,64.56,5423
1792,14:03:26,360,254.78,64.56,5423
1793,14:03:26,288,92.72,66.03,533
1794,14:03:26,288,92.72,66.03,533
1795,14:03:27,91,64.03,78.53,572
1796,14:03:27,91,64.03,78.53,572
1797,14:03:28,350,290.81,96.36,326
1798,14:03:28,350,290.81,96.36,326
1799,14:03:28,260,135.57,101.61,342
1800,14:03:28,260,135.57,101.61,342
1801,14:03:28,36,33.48,110.87,2022
1802,14:03:28,36,33.48,110.87,2022
1803,14:03:28,268,167.21,106.29,342
1804,14:03:28,268,167.21,106.29,342
1805,14:03:28,380,108.89,111.58,107
1806,14:03:28,380,108.89,111.58,107
1807,14:03:29,360,225.1,143.79,571
1808,14:03:29,360,225.1,143.79,571
1809,14:03:29,136,164.73,176.8,2714
1810,14:03:29,136,164.73,176.8,2714
1811,14:03:29,350,262.62,164.29,325
1812,14:03:29,350,262.62,164.29,325
1813,14:03:29,350,239.36,162.12,325
1814,14:03:29,350,239.36,162.12,325
1815,14:03:30,150,196.63,170.68,2714
1816,14:03:30,150,196.63,170.68,2714
1817,14:03:30,196,139.56,172.73,346
1818,14:03:30,196,139.56,172.73,346
1819,14:03:30,160,175.37,183.88,334
1820,14:03:30,160,175.37,183.88,334
1821,14:03:31,330,318.04,194.3,327
1822,14:03:31,330,318.04,194.3,327
1823,14:03:31,196,111.24,218.58,357
1824,14:03:31,196,111.24,218.58,357
1825,14:03:32,181,59.73,226.13,357
1826,14:03:32,181,59.73,226.13,357
1827,14:03:32,380,109.36,234.22,107
1828,14:03:32,380,109.36,234.22,107
1829,14:03:32,380,97.16,262.07,107
1830,14:03:32,380,97.16,262.07,107
1831,14:03:32,370,226.33,266.78,4067
1832,14:03:32,370,226.33,266.78,4067
1833,14:03:34,390,162.09,302.13,3425
1834,14:03:34,390,162.09,302.13,3425
1835,14:03:34,35,34.79,316.22,2022
1836,14:03:34,35,34.79,316.22,2022
1837,14:03:34,341,195.8,322.16,4031
1838,14:03:34,341,195.8,322.16,4031
1839,14:03:34,390,260.73,323.78,2145
1840,14:03:34,390,260.73,323.78,2145
1841,14:03:34,284,153.74,325.04,3111
1842,14:03:34,284,153.74,325.04,3111
1843,14:03:34,334,131.76,324.76,4031
1844,14:03:34,334,131.76,324.76,4031
1845,14:03:34,271,91.7,317.12,3111
1846,14:03:34,271,91.7,317.12,3111
1847,14:03:35,179,58.91,355.52,357
1848,14:03:35,179,58.91,355.52,357
1849,14:03:36,380,161.7,32.37,5557
1850,14:03:36,380,161.7,32.37,5557
1851,14:03:36,380,195.12,25.8,5557
1852,14:03:36,380,195.12,25.8,5557
1853,14:03:36,263,123.48,50.15,321
1854,14:03:36,263,123.48,50.15,321
1855,14:03:36,277,168.64,57.5,321
1856,14:03:36,277,168.64,57.5,321
1857,14:03:36,55,90.29,51.14,2100
1858,14:03:36,55,90.29,51.14,2100
1859,14:03:36,270,188.08,51.64,311
1860,14:03:36,270,188.08,51.64,311
1861,14:03:37,174,130.92,65.42,6417
1862,14:03:37,174,130.92,65.42,6417
1863,14:03:37,304,190.03,66.18,533
1864,14:03:37,304,190.03,66.18,533
1865,14:03:37,170,108.95,67.62,6417
1866,14:03:37,170,108.95,67.62,6417
1867,14:03:37,279,111.13,54.59,264
1868,14:03:37,279,111.13,54.59,264
1869,14:03:37,360,255.9,64.65,5423
1870,14:03:37,360,255.9,64.65,5423
1871,14:03:38,91,64.97,78.12,572
1872,14:03:38,91,64.97,78.12,572
1873,14:03:38,350,289.62,96.34,326
1874,14:03:38,350,289.62,96.34,326
1875,14:03:38,260,134.48,101.3,342
1876,14:03:38,260,134.48,101.3,342
1877,14:03:38,36,32.76,106.67,2022
1878,14:03:38,36,32.76,106.67,2022
1879,14:03:38,268,165.3,106.11,342
1880,14:03:38,268,165.3,106.11,342
1881,14:03:38,380,109.33,111.96,107
1882,14:03:38,380,109.33,111.96,107
1883,14:03:39,360,225.49,143.6,571
1884,14:03:39,360,225.49,143.6,571
1885,14:03:39,350,261.37,163.98,325
1886,14:03:39,350,261.37,163.98,325
1887,14:03:39,350,238.14,161.87,325
1888,14:03:39,350,238.14,161.87,325
1889,14:03:40,150,197.39,170.43,2714
1890,14:03:40,150,197.39,170.43,2714
1891,14:03:40,196,139.2,172.79,346
1892,14:03:40,196,139.2,172.79,346
1893,14:03:40,160,175.03,184.19,334
1894,14:03:40,160,175.03,184.19,334
1895,14:03:41,330,316.91,194.36,327
1896,14:03:41,330,316.91,194.36,327
1897,14:03:41,196,118.39,217.78,357
1898,14:03:41,196,118.39,217.78,357
1899,14:03:42,181,59.74,226.13,357
1900,14:03:42,181,59.74,226.13,357
1901,14:03:42,380,109.36,234.22,107
1902,14:03:42,380,109.36,234.22,107
1903,14:03:42,370,226.36,266.78,4067
1904,14:03:42,370,226.36,266.78,4067
1905,14:03:44,35,34.8,316.22,2022
1906,14:03:44,35,34.8,316.22,2022
1907,14:03:44,341,195.79,322.16,4031
1908,14:03:44,341,195.79,322.16,4031
1909,14:03:44,390,260.73,323.78,2145
1910,14:03:44,390,260.73,323.78,2145
1911,14:03:44,284,153.74,325.04,3111
1912,14:03:44,284,153.74,325.04,3111
1913,14:03:45,179,58.91,355.52,357
1914,14:03:45,179,58.91,355.52,357
1915,14:03:46,380,161.7,32.37,5557
1916,14:03:46,380,161.7,32.37,5557
1917,14:03:46,263,123.48,50.15,321
1918,14:03:46,263,123.48,50.15,321
1919,14:03:46,55,90.29,51.14,2100
1920,14:03:46,55,90.29,51.14,2100
1921,14:03:46,270,188.08,51.64,311
1922,14:03:46,270,188.08,51.64,311
1923,14:03:46,174,130.92,65.42,6417
1924,14:03:46,174,130.92,65.42,6417
1925,14:03:46,304,190.03,66.18,533
1926,14:03:46,304,190.03,66.18,533
1927,14:03:47,91,64.97,78.12,572
1928,14:03:47,91,64.97,78.12,572
1929,14:03:48,350,289.62,96.34,326
1930,14:03:48,350,289.62,96.34,326
1931,14:03:48,260,134.48,101.3,342
1932,14:03:48,260,134.48,101.3,342
1933,14:03:48,36,32.76,106.67,2022
1934,14:03:48,36,32.76,106.67,2022
1935,14:03:48,380,109.33,111.96,107
1936,14:03:48,380,109.33,111.96,107
1937,14:03:49,350,238.14,161.87,325
1938,14:03:49,350,238.14,161.87,325
1939,14:03:50,150,197.39,170.43,2714
1940,14:03:50,150,197.39,170.43,2714
1941,14:03:50,196,139.23,172.77,346
1942,14:03:50,196,139.23,172.77,346
1943,14:03:50,160,175.03,184.19,334
1944,14:03:50,160,175.03,184.19,334
1945,14:03:51,330,316.91,194.36,327
1946,14:03:51,330,316.91,194.36,327
1947,14:03:52,181,59.74,226.13,357
1948,14:03:52,181,59.74,226.13,357
1949,14:03:52,380,109.36,234.22,107
1950,14:03:52,380,109.36,234.22,107
1951,14:03:52,370,226.36,266.78,4067
1952,14:03:52,370,226.36,266.78,4067
1953,14:03:54,390,173.81,311.11,3425
1954,14:03:54,390,173.81,311.11,3425
1955,14:03:54,35,34.8,316.22,2022
1956,14:03:54,35,34.8,316.22,2022
1957,14:03:54,341,195.79,322.16,4031
1958,14:03:54,341,195.79,322.16,4031
1959,14:03:54,390,260.73,323.78,2145
1960,14:03:54,390,260.73,323.78,2145
1961,14:03:54,284,153.74,325.04,3111
1962,14:03:54,284,153.74,325.04,3111
1963,14:03:55,179,58.91,355.52,357
1964,14:03:55,179,58.91,355.52,357
1965,14:03:56,380,161.7,32.37,5557
1966,14:03:56,380,161.7,32.37,5557
1967,14:03:56,263,123.48,50.15,321
1968,14:03:56,263,123.48,50.15,321
1969,14:03:56,55,90.29,51.14,2100
1970,14:03:56,55,90.29,51.14,2100
1971,14:03:56,270,188.08,51.64,311
1972,14:03:56,270,188.08,51.64,311
1973,14:03:56,174,130.92,65.42,6417
1974,14:03:56,174,130.92,65.42,6417
1975,14:03:56,304,190.03,66.18,533
1976,14:03:56,304,190.03,66.18,533
1977,14:03:57,91,64.97,78.12,572
1978,14:03:57,91,64.97,78.12,572
1979,14:03:58,350,289.62,96.34,326
1980,14:03:58,350,289.62,96.34,326
1981,14:03:58,260,134.48,101.3,342
1982,14:03:58,260,134.48,101.3,342
1983,14:03:58,36,32.75,106.66,2022
1984,14:03:58,36,32.75,106.66,2022
1985,14:03:58,380,109.33,111.96,107
1986,14:03:58,380,109.33,111.96,107
1987,14:03:59,350,238.14,161.87,325
1988,14:03:59,350,238.14,161.87,325
1989,14:04:00,150,197.39,170.43,2714
1990,14:04:00,150,197.39,170.43,2714
1991,14:04:00,196,139.24,172.77,346
1992,14:04:00,196,139.24,172.77,346
1993,14:04:00,160,175.03,184.19,334
1994,14:04:00,160,175.03,184.19,334
1995,14:04:01,330,316.91,194.36,327
1996,14:04:01,330,316.91,194.36,327
1997,14:04:02,181,62.63,225.9,357
1998,14:04:02,181,62.63,225.9,357
1999,14:04:02,380,107.6,238.68,107
2000,14:04:02,380,107.6,238.68,107
2001,14:04:02,370,225.77,265.49,4067
2002,14:04:02,370,225.77,265.49,4067
2003,14:04:04,390,170.75,311.67,3425
2004,14:04:04,390,170.75,311.67,3425
2005,14:04:04,35,42.96,338.84,2022
2006,14:04:04,35,42.96,338.84,2022
2007,14:04:04,341,190.19,322.99,4031
2008,14:04:04,341,190.19,322.99,4031
2009,14:04:04,390,252.49,323.99,2145
2010,14:04:04,390,252.49,323.99,2145
2011,14:04:04,284,148.18,325.1,3111
2012,14:04:04,284,148.18,325.1,3111
2013,14:04:05,179,61.76,355.34,357
2014,14:04:05,179,61.76,355.34,357
2015,14:04:06,380,164.48,31.22,5557
2016,14:04:06,380,164.48,31.22,5557
2017,14:04:06,275,136.05,52.12,321
2018,14:04:06,275,136.05,52.12,321
2019,14:04:06,55,94.32,51.58,2100
2020,14:04:06,55,94.32,51.58,2100
2021,14:04:06,270,195.81,52.63,311
2022,14:04:06,270,195.81,52.63,311
2023,14:04:06,288,178.57,66.15,533
2024,14:04:06,288,178.57,66.15,533
2025,14:04:07,170,122.25,66.3,6417
2026,14:04:07,170,122.25,66.3,6417
2027,14:04:07,85,59.1,80.46,572
2028,14:04:07,85,59.1,80.46,572
2029,14:04:08,350,293.18,96.43,326
2030,14:04:08,350,293.18,96.43,326
2031,14:04:08,266,144.22,104.98,342
2032,14:04:08,266,144.22,104.98,342
2033,14:04:08,30,29.75,96.76,2022
2034,14:04:08,30,29.75,96.76,2022
2035,14:04:08,380,107.98,111.44,107
2036,14:04:08,380,107.98,111.44,107
2037,14:04:09,136,189.88,170.48,2714
2038,14:04:09,136,189.88,170.48,2714
2039,14:04:10,201,147.37,175.2,346
2040,14:04:10,201,147.37,175.2,346
2041,14:04:10,160,176.21,183.12,334
2042,14:04:10,160,176.21,183.12,334
2043,14:04:11,330,328.14,197.11,327
2044,14:04:11,330,328.14,197.11,327
2045,14:04:12,181,64.55,225.75,357
2046,14:04:12,181,64.55,225.75,357
2047,14:04:12,380,104.55,241.96,107
2048,14:04:12,380,104.55,241.96,107
2049,14:04:12,370,225.44,264.63,4067
2050,14:04:12,370,225.44,264.63,4067
2051,14:04:14,390,168.71,310.19,3425
2052,14:04:14,390,168.71,310.19,3425
2053,14:04:14,35,50.96,348.93,2022
2054,14:04:14,35,50.96,348.93,2022
2055,14:04:14,334,180.91,322.69,4031
2056,14:04:14,334,180.91,322.69,4031
2057,14:04:14,390,245.54,324.18,2145
2058,14:04:14,390,245.54,324.18,2145
2059,14:04:14,271,139.32,324.13,3111
2060,14:04:14,271,139.32,324.13,3111
2061,14:04:15,179,63.66,355.22,357
2062,14:04:15,179,63.66,355.22,357
2063,14:04:16,380,169.31,29.68,5557
2064,14:04:16,380,169.31,29.68,5557
2065,14:04:16,277,137.81,52.97,321
2066,14:04:16,277,137.81,52.97,321
2067,14:04:16,55,94.49,51.52,2100
2068,14:04:16,55,94.49,51.52,2100
2069,14:04:16,270,197.38,52.48,311
2070,14:04:16,270,197.38,52.48,311
2071,14:04:16,170,120.32,66.55,6417
2072,14:04:16,170,120.32,66.55,6417
2073,14:04:16,279,101.09,55.68,264
2074,14:04:16,279,101.09,55.68,264
2075,14:04:16,360,265.28,65.41,5423
2076,14:04:16,360,265.28,65.41,5423
2077,14:04:16,288,173.58,66.15,533
2078,14:04:16,288,173.58,66.15,533
2079,14:04:16,84,57.48,80.7,572
2080,14:04:16,84,57.48,80.7,572
2081,14:04:16,350,295.57,96.52,326
2082,14:04:16,350,295.57,96.52,326
2083,14:04:16,268,148.01,104.04,342
2084,14:04:16,268,148.01,104.04,342
2085,14:04:16,30,32.68,107.79,2022
2086,14:04:16,30,32.68,107.79,2022
2087,14:04:16,380,107.27,111.81,107
2088,14:04:16,380,107.27,111.81,107
2089,14:04:16,360,228.84,142.14,571
2090,14:04:16,360,228.84,142.14,571
2091,14:04:16,136,184.52,171.36,2714
2092,14:04:16,136,184.52,171.36,2714
2093,14:04:17,203,146.98,175.27,346
2094,14:04:17,203,146.98,175.27,346
2095,14:04:17,160,177.21,182.26,334
2096,14:04:17,160,177.21,182.26,334
2097,14:04:18,330,336.11,199.24,327
2098,14:04:18,330,336.11,199.24,327
2099,14:04:18,196,71.53,224.19,357
2100,14:04:18,196,71.53,224.19,357
2101,14:04:19,380,103.2,244.14,107
2102,14:04:19,380,103.2,244.14,107
2103,14:04:19,370,225.28,264.16,4067
2104,14:04:19,370,225.28,264.16,4067
2105,14:04:21,390,167.63,309.5,3425
2106,14:04:21,390,167.63,309.5,3425
2107,14:04:21,35,55.88,353.18,2022
2108,14:04:21,35,55.88,353.18,2022
2109,14:04:21,334,175.74,322.85,4031
2110,14:04:21,334,175.74,322.85,4031
2111,14:04:21,390,241.27,324.29,2145
2112,14:04:21,390,241.27,324.29,2145
2113,14:04:21,271,134.33,323.69,3111
2114,14:04:21,271,134.33,323.69,3111
2115,14:04:22,179,64.71,355.17,357
2116,14:04:22,179,64.71,355.17,357
2117,14:04:22,380,171.98,29.13,5557
2118,14:04:22,380,171.98,29.13,5557
2119,14:04:23,277,141.34,53.51,321
2120,14:04:23,277,141.34,53.51,321
2121,14:04:23,55,88.06,51.53,2100
2122,14:04:23,55,88.06,51.53,2100
2123,14:04:23,270,185.12,51.05,311
2124,14:04:23,270,185.12,51.05,311
2125,14:04:23,170,118.64,66.69,6417
2126,14:04:23,170,118.64,66.69,6417
2127,14:04:23,279,102.41,55.52,264
2128,14:04:23,279,102.41,55.52,264
2129,14:04:23,360,264.09,65.31,5423
2130,14:04:23,360,264.09,65.31,5423
2131,14:04:23,288,167.96,66.15,533
2132,14:04:23,288,167.96,66.15,533
2133,14:04:24,97,67.32,76.02,572
2134,14:04:24,97,67.32,76.02,572
2135,14:04:25,350,296.87,96.58,326
2136,14:04:25,350,296.87,96.58,326
2137,14:04:25,268,150.41,104.39,342
2138,14:04:25,268,150.41,104.39,342
2139,14:04:25,30,63.05,135.79,2022
2140,14:04:25,30,63.05,135.79,2022
2141,14:04:25,380,107.38,112.31,107
2142,14:04:25,380,107.38,112.31,107
2143,14:04:26,360,228.43,142.33,571
2144,14:04:26,360,228.43,142.33,571
2145,14:04:26,136,181.37,171.97,2714
2146,14:04:26,136,181.37,171.97,2714
2147,14:04:27,184,136,176.21,346
2148,14:04:27,184,136,176.21,346
2149,14:04:27,158,173.88,184.48,334
2150,14:04:27,158,173.88,184.48,334
2151,14:04:28,330,341.23,200.57,327
2152,14:04:28,330,341.23,200.57,327
2153,14:04:28,196,80.69,222.64,357
2154,14:04:28,196,80.69,222.64,357
2155,14:04:29,380,100.65,249.12,107
2156,14:04:29,380,100.65,249.12,107
2157,14:04:29,370,224.99,263.16,4067
2158,14:04:29,370,224.99,263.16,4067
2159,14:04:30,390,165.5,307.72,3425
2160,14:04:30,390,165.5,307.72,3425
2161,14:04:31,35,66.93,359.95,2022
2162,14:04:31,35,66.93,359.95,2022
2163,14:04:31,334,163.82,323.27,4031
2164,14:04:31,334,163.82,323.27,4031
2165,14:04:31,390,231.75,324.54,2145
2166,14:04:31,390,231.75,324.54,2145
2167,14:04:31,271,122.81,322.46,3111
2168,14:04:31,271,122.81,322.46,3111
2169,14:04:32,380,178.2,28.03,5557
2170,14:04:32,380,178.2,28.03,5557
2171,14:04:33,277,149.17,54.69,321
2172,14:04:33,277,149.17,54.69,321
2173,14:04:33,55,87.38,51.9,2100
2174,14:04:33,55,87.38,51.9,2100
2175,14:04:33,270,182.55,51.52,311
2176,14:04:33,270,182.55,51.52,311
2177,14:04:34,170,115.3,66.98,6417
2178,14:04:34,170,115.3,66.98,6417
2179,14:04:34,279,105.16,55.21,264
2180,14:04:34,279,105.16,55.21,264
2181,14:04:34,360,261.5,65.11,5423
2182,14:04:34,360,261.5,65.11,5423
2183,14:04:34,288,153.3,66.14,533
2184,14:04:34,288,153.3,66.14,533
2185,14:04:34,95,70.53,75.65,572
2186,14:04:34,95,70.53,75.65,572
2187,14:04:35,268,155.36,105.04,342
2188,14:04:35,268,155.36,105.04,342
2189,14:04:35,30,191.9,152.25,2022
2190,14:04:35,30,191.9,152.25,2022
2191,14:04:36,360,227.49,142.73,571
2192,14:04:36,360,227.49,142.73,571
2193,14:04:36,136,175.21,173.34,2714
2194,14:04:36,136,175.21,173.34,2714
2195,14:04:37,189,135.06,172.36,346
2196,14:04:37,189,135.06,172.36,346
2197,14:04:37,159,172.46,184.98,334
2198,14:04:37,159,172.46,184.98,334
2199,14:04:38,330,353.32,203.48,327
2200,14:04:38,330,353.32,203.48,327
2201,14:04:38,196,88.54,221.46,357
2202,14:04:38,196,88.54,221.46,357
2203,14:04:39,380,98.8,253.97,107
2204,14:04:39,380,98.8,253.97,107
2205,14:04:40,390,163.89,305.73,3425
2206,14:04:40,390,163.89,305.73,3425
2207,14:04:41,334,151.94,323.75,4031
2208,14:04:41,334,151.94,323.75,4031
2209,14:04:41,271,111.27,320.89,3111
2210,14:04:41,271,111.27,320.89,3111
2211,14:04:42,380,184.44,27.11,5557
2212,14:04:42,380,184.44,27.11,5557
2213,14:04:43,380,159.34,33.52,5557
2214,14:04:43,380,159.34,33.52,5557
2215,14:04:43,260,120.44,51.75,321
2216,14:04:43,260,120.44,51.75,321
2217,14:04:43,277,156.59,55.8,321
2218,14:04:43,277,156.59,55.8,321
2219,14:04:43,55,88.86,51.41,2100
2220,14:04:43,55,88.86,51.41,2100
2221,14:04:43,270,185.71,51.68,311
2222,14:04:43,270,185.71,51.68,311
2223,14:04:44,176,133.59,65.98,6417
2224,14:04:44,176,133.59,65.98,6417
2225,14:04:44,310,193.41,66.7,533
2226,14:04:44,310,193.41,66.7,533
2227,14:04:44,170,112.63,67.24,6417
2228,14:04:44,170,112.63,67.24,6417
2229,14:04:44,279,107.55,54.96,264
2230,14:04:44,279,107.55,54.96,264
2231,14:04:44,360,259.26,64.93,5423
2232,14:04:44,360,259.26,64.93,5423
2233,14:04:44,288,136.29,66.12,533
2234,14:04:44,288,136.29,66.12,533
2235,14:04:44,94,67.75,76.42,572
2236,14:04:44,94,67.75,76.42,572
2237,14:04:45,256,131.19,100.58,342
2238,14:04:45,256,131.19,100.58,342
2239,14:04:45,268,159.44,105.51,342
2240,14:04:45,268,159.44,105.51,342
2241,14:04:46,360,226.69,143.08,571
2242,14:04:46,360,226.69,143.08,571
2243,14:04:46,136,170.54,174.62,2714
2244,14:04:46,136,170.54,174.62,2714
2245,14:04:47,163,199.67,169.56,2714
2246,14:04:47,163,199.67,169.56,2714
2247,14:04:47,192,139.18,172.29,346
2248,14:04:47,192,139.18,172.29,346
2249,14:04:47,159,174.38,183.56,334
2250,14:04:47,159,174.38,183.56,334
2251,14:04:48,330,313.43,194.35,327
2252,14:04:48,330,313.43,194.35,327
2253,14:04:48,330,365.75,206.18,327
2254,14:04:48,330,365.75,206.18,327
2255,14:04:48,196,96.27,220.4,357
2256,14:04:48,196,96.27,220.4,357
2257,14:04:49,380,110.3,231.73,107
2258,14:04:49,380,110.3,231.73,107
2259,14:04:49,380,97.54,259.25,107
2260,14:04:49,380,97.54,259.25,107
2261,14:04:50,390,162.59,303.41,3425
2262,14:04:50,390,162.59,303.41,3425
2263,14:04:51,344,198.2,321.41,4031
2264,14:04:51,344,198.2,321.41,4031
2265,14:04:51,286,156.11,325.08,3111
2266,14:04:51,286,156.11,325.08,3111
2267,14:04:51,334,138.87,324.37,4031
2268,14:04:51,334,138.87,324.37,4031
2269,14:04:51,271,98.57,318.65,3111
2270,14:04:51,271,98.57,318.65,3111
2271,14:04:52,380,191.35,26.22,5557
2272,14:04:52,380,191.35,26.22,5557
2273,14:04:53,380,160.52,32.79,5557
2274,14:04:53,380,160.52,32.79,5557
2275,14:04:53,263,122.47,50.62,321
2276,14:04:53,263,122.47,50.62,321
2277,14:04:53,277,164.48,56.92,321
2278,14:04:53,277,164.48,56.92,321
2279,14:04:53,55,90.16,51.23,2100
2280,14:04:53,55,90.16,51.23,2100
2281,14:04:53,270,187.45,51.85,311
2282,14:04:53,270,187.45,51.85,311
2283,14:04:54,175,131.79,65.52,6417
2284,14:04:54,175,131.79,65.52,6417
2285,14:04:54,307,191.16,66.26,533
2286,14:04:54,307,191.16,66.26,533
2287,14:04:54,170,110.13,67.49,6417
2288,14:04:54,170,110.13,67.49,6417
2289,14:04:54,279,109.94,54.71,264
2290,14:04:54,279,109.94,54.71,264
2291,14:04:54,360,257.02,64.75,5423
2292,14:04:54,360,257.02,64.75,5423
2293,14:04:54,288,115.96,66.08,533
2294,14:04:54,288,115.96,66.08,533
2295,14:04:54,92,65.23,77.41,572
2296,14:04:54,92,65.23,77.41,572
2297,14:04:55,258,133.36,99.75,342
2298,14:04:55,258,133.36,99.75,342
2299,14:04:55,350,288.4,96.24,326
2300,14:04:55,350,288.4,96.24,326
2301,14:04:55,268,163.37,105.92,342
2302,14:04:55,268,163.37,105.92,342
2303,14:04:55,380,109.83,111.05,107
2304,14:04:55,380,109.83,111.05,107
2305,14:04:56,360,225.89,143.43,571
2306,14:04:56,360,225.89,143.43,571
2307,14:04:56,136,166.95,175.82,2714
2308,14:04:56,136,166.95,175.82,2714
2309,14:04:57,156,198.16,169.89,2714
2310,14:04:57,156,198.16,169.89,2714
2311,14:04:57,194,139.09,171.25,346
2312,14:04:57,194,139.09,171.25,346
2313,14:04:57,160,175.51,183.91,334
2314,14:04:57,160,175.51,183.91,334
2315,14:04:58,330,315.79,194.76,327
2316,14:04:58,330,315.79,194.76,327
2317,14:04:58,330,379.92,208.93,327
2318,14:04:58,330,379.92,208.93,327
2319,14:04:58,196,103.85,219.45,357
2320,14:04:58,196,103.85,219.45,357
2321,14:04:58,380,109.37,234.55,107
2322,14:04:58,380,109.37,234.55,107
2323,14:04:59,380,97.01,264.9,107
2324,14:04:59,380,97.01,264.9,107
2325,14:05:01,390,161.68,300.82,3425
2326,14:05:01,390,161.68,300.82,3425
2327,14:05:01,342,195.79,322.16,4031
2328,14:05:01,342,195.79,322.16,4031
2329,14:05:01,390,261.84,323.78,2145
2330,14:05:01,390,261.84,323.78,2145
2331,14:05:01,283,153.74,325.18,3111
2332,14:05:01,283,153.74,325.18,3111
2333,14:05:01,334,124.71,325.19,4031
2334,14:05:01,334,124.71,325.19,4031
2335,14:05:01,271,84.9,315.36,3111
2336,14:05:01,271,84.9,315.36,3111
2337,14:05:02,179,59.85,355.46,357
2338,14:05:02,179,59.85,355.46,357
2339,14:05:03,380,161.71,32.59,5557
2340,14:05:03,380,161.71,32.59,5557
2341,14:05:03,380,198.91,25.39,5557
2342,14:05:03,380,198.91,25.39,5557
2343,14:05:03,263,124.51,49.68,321
2344,14:05:03,263,124.51,49.68,321
2345,14:05:03,277,172.82,58.04,321
2346,14:05:03,277,172.82,58.04,321
2347,14:05:03,55,90.65,51.12,2100
2348,14:05:03,55,90.65,51.12,2100
2349,14:05:03,270,188.77,51.8,311
2350,14:05:03,270,188.77,51.8,311
2351,14:05:03,174,130.03,65.24,6417
2352,14:05:03,174,130.03,65.24,6417
2353,14:05:03,304,188.9,66.03,533
2354,14:05:03,304,188.9,66.03,533
2355,14:05:03,170,107.77,67.74,6417
2356,14:05:03,170,107.77,67.74,6417
2357,14:05:03,279,112.32,54.48,264
2358,14:05:03,279,112.32,54.48,264
2359,14:05:03,360,254.78,64.56,5423
2360,14:05:03,360,254.78,64.56,5423
2361,14:05:03,288,92.72,66.03,533
2362,14:05:03,288,92.72,66.03,533
2363,14:05:04,91,64.1,78.59,572
2364,14:05:04,91,64.1,78.59,572
2365,14:05:05,350,290.81,96.36,326
2366,14:05:05,350,290.81,96.36,326
2367,14:05:05,260,135.57,101.61,342
2368,14:05:05,260,135.57,101.61,342
2369,14:05:05,36,32.33,106.39,2022
2370,14:05:05,36,32.33,106.39,2022
2371,14:05:05,268,167.21,106.29,342
2372,14:05:05,268,167.21,106.29,342
2373,14:05:05,380,108.89,111.58,107
2374,14:05:05,380,108.89,111.58,107
2375,14:05:06,360,225.1,143.79,571
2376,14:05:06,360,225.1,143.79,571
2377,14:05:06,136,164.73,176.8,2714
2378,14:05:06,136,164.73,176.8,2714
2379,14:05:07,150,196.63,170.68,2714
2380,14:05:07,150,196.63,170.68,2714
2381,14:05:07,196,139.89,171.79,346
2382,14:05:07,196,139.89,171.79,346
2383,14:05:07,160,176.17,184.7,334
2384,14:05:07,160,176.17,184.7,334
2385,14:05:08,330,318.04,194.3,327
2386,14:05:08,330,318.04,194.3,327
2387,14:05:08,196,111.24,218.58,357
2388,14:05:08,196,111.24,218.58,357
2389,14:05:09,181,59.73,226.13,357
2390,14:05:09,181,59.73,226.13,357
2391,14:05:09,380,109.36,234.22,107
2392,14:05:09,380,109.36,234.22,107
2393,14:05:09,380,97.16,262.07,107
2394,14:05:09,380,97.16,262.07,107
2395,14:05:09,370,226.33,266.78,4067
2396,14:05:09,370,226.33,266.78,4067
2397,14:05:10,390,162.09,302.13,3425
2398,14:05:10,390,162.09,302.13,3425
2399,14:05:11,35,34.79,316.22,2022
2400,14:05:11,35,34.79,316.22,2022
2401,14:05:11,341,195.8,322.16,4031
2402,14:05:11,341,195.8,322.16,4031
2403,14:05:11,390,260.73,323.78,2145
2404,14:05:11,390,260.73,323.78,2145
2405,14:05:11,284,153.74,325.04,3111
2406,14:05:11,284,153.74,325.04,3111
2407,14:05:11,334,131.76,324.76,4031
2408,14:05:11,334,131.76,324.76,4031
2409,14:05:11,271,91.7,317.12,3111
2410,14:05:11,271,91.7,317.12,3111
2411,14:05:12,179,58.91,355.52,357
2412,14:05:12,179,58.91,355.52,357
2413,14:05:13,380,161.7,32.37,5557
2414,14:05:13,380,161.7,32.37,5557
2415,14:05:13,380,195.12,25.8,5557
2416,14:05:13,380,195.12,25.8,5557
2417,14:05:13,263,123.48,50.15,321
2418,14:05:13,263,123.48,50.15,321
2419,14:05:13,277,168.64,57.5,321
2420,14:05:13,277,168.64,57.5,321
2421,14:05:13,55,90.31,51.16,2100
2422,14:05:13,55,90.31,51.16,2100
2423,14:05:13,270,188.09,51.71,311
2424,14:05:13,270,188.09,51.71,311
2425,14:05:14,174,130.92,65.42,6417
2426,14:05:14,174,130.92,65.42,6417
2427,14:05:14,304,190.03,66.18,533
2428,14:05:14,304,190.03,66.18,533
2429,14:05:14,170,108.95,67.62,6417
2430,14:05:14,170,108.95,67.62,6417
2431,14:05:14,279,111.13,54.59,264
2432,14:05:14,279,111.13,54.59,264
2433,14:05:14,360,255.9,64.65,5423
2434,14:05:14,360,255.9,64.65,5423
2435,14:05:14,91,64.95,78.24,572
2436,14:05:14,91,64.95,78.24,572
2437,14:05:15,350,289.62,96.34,326
2438,14:05:15,350,289.62,96.34,326
2439,14:05:15,260,134.48,101.3,342
2440,14:05:15,260,134.48,101.3,342
2441,14:05:15,36,32.56,106.4,2022
2442,14:05:15,36,32.56,106.4,2022
2443,14:05:15,268,165.3,106.11,342
2444,14:05:15,268,165.3,106.11,342
2445,14:05:15,380,109.33,111.96,107
2446,14:05:15,380,109.33,111.96,107
2447,14:05:16,360,225.49,143.6,571
2448,14:05:16,360,225.49,143.6,571
2449,14:05:17,150,197.39,170.43,2714
2450,14:05:17,150,197.39,170.43,2714
2451,14:05:17,196,139.27,171.92,346
2452,14:05:17,196,139.27,171.92,346
2453,14:05:17,160,175.58,184.63,334
2454,14:05:17,160,175.58,184.63,334
2455,14:05:18,330,316.91,194.36,327
2456,14:05:18,330,316.91,194.36,327
2457,14:05:18,196,118.39,217.78,357
2458,14:05:18,196,118.39,217.78,357
2459,14:05:19,181,59.74,226.13,357
2460,14:05:19,181,59.74,226.13,357
2461,14:05:19,380,109.36,234.22,107
2462,14:05:19,380,109.36,234.22,107
2463,14:05:19,370,226.36,266.78,4067
2464,14:05:19,370,226.36,266.78,4067
2465,14:05:21,35,34.8,316.22,2022
2466,14:05:21,35,34.8,316.22,2022
2467,14:05:21,341,195.79,322.16,4031
2468,14:05:21,341,195.79,322.16,4031
2469,14:05:21,390,260.73,323.78,2145
2470,14:05:21,390,260.73,323.78,2145
2471,14:05:21,284,153.74,325.04,3111
2472,14:05:21,284,153.74,325.04,3111
2473,14:05:22,179,58.91,355.52,357
2474,14:05:22,179,58.91,355.52,357
2475,14:05:23,380,161.7,32.37,5557
2476,14:05:23,380,161.7,32.37,5557
2477,14:05:23,263,123.48,50.15,321
2478,14:05:23,263,123.48,50.15,321
2479,14:05:23,55,90.31,51.16,2100
2480,14:05:23,55,90.31,51.16,2100
2481,14:05:23,270,188.09,51.71,311
2482,14:05:23,270,188.09,51.71,311
2483,14:05:23,174,130.92,65.42,6417
2484,14:05:23,174,130.92,65.42,6417
2485,14:05:23,304,190.03,66.18,533
2486,14:05:23,304,190.03,66.18,533
2487,14:05:24,91,64.95,78.24,572
2488,14:05:24,91,64.95,78.24,572
2489,14:05:25,350,289.62,96.34,326
2490,14:05:25,350,289.62,96.34,326
2491,14:05:25,260,134.48,101.3,342
2492,14:05:25,260,134.48,101.3,342
2493,14:05:25,36,32.56,106.4,2022
2494,14:05:25,36,32.56,106.4,2022
2495,14:05:25,380,109.33,111.96,107
2496,14:05:25,380,109.33,111.96,107
2497,14:05:27,150,197.39,170.43,2714
2498,14:05:27,150,197.39,170.43,2714
2499,14:05:27,196,139.27,171.92,346
2500,14:05:27,196,139.27,171.92,346
2501,14:05:27,160,175.58,184.63,334
2502,14:05:27,160,175.58,184.63,334
2503,14:05:28,330,316.91,194.36,327
2504,14:05:28,330,316.91,194.36,327
2505,14:05:29,181,59.74,226.13,357
2506,14:05:29,181,59.74,226.13,357
2507,14:05:29,380,109.36,234.22,107
2508,14:05:29,380,109.36,234.22,107
2509,14:05:29,370,226.36,266.78,4067
2510,14:05:29,370,226.36,266.78,4067
2511,14:05:30,390,173.81,311.11,3425
2512,14:05:30,390,173.81,311.11,3425
2513,14:05:31,35,34.8,316.22,2022
2514,14:05:31,35,34.8,316.22,2022
2515,14:05:31,341,195.79,322.16,4031
2516,14:05:31,341,195.79,322.16,4031
2517,14:05:31,390,260.73,323.78,2145
2518,14:05:31,390,260.73,323.78,2145
2519,14:05:31,284,153.74,325.04,3111
2520,14:05:31,284,153.74,325.04,3111
2521,14:05:32,179,58.91,355.52,357
2522,14:05:32,179,58.91,355.52,357
2523,14:05:33,380,161.7,32.37,5557
2524,14:05:33,380,161.7,32.37,5557
2525,14:05:33,263,123.48,50.15,321
2526,14:05:33,263,123.48,50.15,321
2527,14:05:33,55,90.31,51.16,2100
2528,14:05:33,55,90.31,51.16,2100
2529,14:05:33,270,188.09,51.71,311
2530,14:05:33,270,188.09,51.71,311
2531,14:05:33,174,130.92,65.42,6417
2532,14:05:33,174,130.92,65.42,6417
2533,14:05:33,304,190.03,66.18,533
2534,14:05:33,304,190.03,66.18,533
2535,14:05:34,91,64.96,78.24,572
2536,14:05:34,91,64.96,78.24,572
2537,14:05:35,350,289.62,96.34,326
2538,14:05:35,350,289.62,96.34,326
2539,14:05:35,260,134.48,101.3,342
2540,14:05:35,260,134.48,101.3,342
2541,14:05:35,36,32.56,106.4,2022
2542,14:05:35,36,32.56,106.4,2022
2543,14:05:35,380,109.33,111.96,107
2544,14:05:35,380,109.33,111.96,107
2545,14:05:37,150,197.39,170.43,2714
2546,14:05:37,150,197.39,170.43,2714
2547,14:05:37,196,139.27,171.92,346
2548,14:05:37,196,139.27,171.92,346
2549,14:05:37,160,175.58,184.63,334
2550,14:05:37,160,175.58,184.63,334
2551,14:05:38,330,316.91,194.36,327
2552,14:05:38,330,316.91,194.36,327
2553,14:05:39,181,62.63,225.9,357
2554,14:05:39,181,62.63,225.9,357
2555,14:05:39,380,107.6,238.68,107
2556,14:05:39,380,107.6,238.68,107
2557,14:05:39,370,225.77,265.49,4067
2558,14:05:39,370,225.77,265.49,4067
2559,14:05:41,390,170.75,311.67,3425
2560,14:05:41,390,170.75,311.67,3425
2561,14:05:41,35,42.96,338.84,2022
2562,14:05:41,35,42.96,338.84,2022
2563,14:05:41,341,190.19,322.99,4031
2564,14:05:41,341,190.19,322.99,4031
2565,14:05:41,390,252.49,323.99,2145
2566,14:05:41,390,252.49,323.99,2145
2567,14:05:41,284,148.18,325.1,3111
2568,14:05:41,284,148.18,325.1,3111
2569,14:05:42,179,61.76,355.34,357
2570,14:05:42,179,61.76,355.34,357
2571,14:05:43,380,164.48,31.22,5557
2572,14:05:43,380,164.48,31.22,5557
2573,14:05:43,275,136.05,52.12,321
2574,14:05:43,275,136.05,52.12,321
2575,14:05:43,55,94.2,51.5,2100
2576,14:05:43,55,94.2,51.5,2100
2577,14:05:43,270,195.89,52.54,311
2578,14:05:43,270,195.89,52.54,311
2579,14:05:43,288,178.57,66.15,533
2580,14:05:43,288,178.57,66.15,533
2581,14:05:44,170,122.25,66.3,6417
2582,14:05:44,170,122.25,66.3,6417
2583,14:05:44,85,59.66,80.17,572
2584,14:05:44,85,59.66,80.17,572
2585,14:05:45,350,293.18,96.43,326
2586,14:05:45,350,293.18,96.43,326
2587,14:05:45,266,144.22,104.98,342
2588,14:05:45,266,144.22,104.98,342
2589,14:05:45,30,30.5,101.23,2022
2590,14:05:45,30,30.5,101.23,2022
2591,14:05:45,380,107.98,111.44,107
2592,14:05:45,380,107.98,111.44,107
2593,14:05:46,136,189.88,170.48,2714
2594,14:05:46,136,189.88,170.48,2714
2595,14:05:47,201,145.73,175.19,346
2596,14:05:47,201,145.73,175.19,346
2597,14:05:47,160,177.4,184.83,334
2598,14:05:47,160,177.4,184.83,334
2599,14:05:48,330,328.14,197.11,327
2600,14:05:48,330,328.14,197.11,327
2601,14:05:49,181,64.55,225.75,357
2602,14:05:49,181,64.55,225.75,357
2603,14:05:49,380,104.55,241.96,107
2604,14:05:49,380,104.55,241.96,107
2605,14:05:49,370,225.44,264.63,4067
2606,14:05:49,370,225.44,264.63,4067
2607,14:05:51,390,168.71,310.19,3425
2608,14:05:51,390,168.71,310.19,3425
2609,14:05:51,35,50.96,348.93,2022
2610,14:05:51,35,50.96,348.93,2022
2611,14:05:51,334,180.91,322.69,4031
2612,14:05:51,334,180.91,322.69,4031
2613,14:05:51,390,245.54,324.18,2145
2614,14:05:51,390,245.54,324.18,2145
2615,14:05:51,271,139.32,324.13,3111
2616,14:05:51,271,139.32,324.13,3111
2617,14:05:52,179,63.66,355.22,357
2618,14:05:52,179,63.66,355.22,357
2619,14:05:53,380,169.31,29.68,5557
2620,14:05:53,380,169.31,29.68,5557
2621,14:05:53,277,137.81,52.97,321
2622,14:05:53,277,137.81,52.97,321
2623,14:05:53,55,94.46,51.52,2100
2624,14:05:53,55,94.46,51.52,2100
2625,14:05:53,270,197.55,52.39,311
2626,14:05:53,270,197.55,52.39,311
2627,14:05:53,170,120.32,66.55,6417
2628,14:05:53,170,120.32,66.55,6417
2629,14:05:53,279,101.09,55.68,264
2630,14:05:53,279,101.09,55.68,264
2631,14:05:53,360,265.28,65.41,5423
2632,14:05:53,360,265.28,65.41,5423
2633,14:05:53,288,173.58,66.15,533
2634,14:05:53,288,173.58,66.15,533
2635,14:05:53,84,57.89,80.48,572
2636,14:05:53,84,57.89,80.48,572
2637,14:05:53,350,295.57,96.52,326
2638,14:05:53,350,295.57,96.52,326
2639,14:05:53,268,148.01,104.04,342
2640,14:05:53,268,148.01,104.04,342
2641,14:05:53,30,30.01,102.68,2022
2642,14:05:53,30,30.01,102.68,2022
2643,14:05:53,380,107.27,111.81,107
2644,14:05:53,380,107.27,111.81,107
2645,14:05:53,360,228.84,142.14,571
2646,14:05:53,360,228.84,142.14,571
2647,14:05:53,136,184.52,171.36,2714
2648,14:05:53,136,184.52,171.36,2714
2649,14:05:53,350,251.03,161.33,325
2650,14:05:53,350,251.03,161.33,325
2651,14:05:54,203,147.18,175.77,346
2652,14:05:54,203,147.18,175.77,346
2653,14:05:54,160,178.69,184.98,334
2654,14:05:54,160,178.69,184.98,334
2655,14:05:55,330,336.11,199.24,327
2656,14:05:55,330,336.11,199.24,327
2657,14:05:55,196,71.53,224.19,357
2658,14:05:55,196,71.53,224.19,357
2659,14:05:56,380,103.2,244.14,107
2660,14:05:56,380,103.2,244.14,107
2661,14:05:56,370,225.28,264.16,4067
2662,14:05:56,370,225.28,264.16,4067
2663,14:05:58,390,167.63,309.5,3425
2664,14:05:58,390,167.63,309.5,3425
2665,14:05:58,35,55.88,353.18,2022
2666,14:05:58,35,55.88,353.18,2022
2667,14:05:58,334,175.74,322.85,4031
2668,14:05:58,334,175.74,322.85,4031
2669,14:05:58,390,241.27,324.29,2145
2670,14:05:58,390,241.27,324.29,2145
2671,14:05:58,271,134.33,323.69,3111
2672,14:05:58,271,134.33,323.69,3111
2673,14:05:59,179,64.71,355.17,357
2674,14:05:59,179,64.71,355.17,357
2675,14:05:59,380,171.98,29.13,5557
2676,14:05:59,380,171.98,29.13,5557
2677,14:06:00,277,141.34,53.51,321
2678,14:06:00,277,141.34,53.51,321
2679,14:06:00,55,88.09,51.56,2100
2680,14:06:00,55,88.09,51.56,2100
2681,14:06:00,270,185.84,51.27,311
2682,14:06:00,270,185.84,51.27,311
2683,14:06:00,170,118.64,66.69,6417
2684,14:06:00,170,118.64,66.69,6417
2685,14:06:00,279,102.41,55.52,264
2686,14:06:00,279,102.41,55.52,264
2687,14:06:00,360,264.09,65.31,5423
2688,14:06:00,360,264.09,65.31,5423
2689,14:06:00,288,167.96,66.15,533
2690,14:06:00,288,167.96,66.15,533
2691,14:06:01,97,68.67,75.57,572
2692,14:06:01,97,68.67,75.57,572
2693,14:06:02,350,296.87,96.58,326
2694,14:06:02,350,296.87,96.58,326
2695,14:06:02,268,150.41,104.39,342
2696,14:06:02,268,150.41,104.39,342
2697,14:06:02,30,29.61,102.24,2022
2698,14:06:02,30,29.61,102.24,2022
2699,14:06:02,380,107.38,112.31,107
2700,14:06:02,380,107.38,112.31,107
2701,14:06:03,360,228.43,142.33,571
2702,14:06:03,360,228.43,142.33,571
2703,14:06:03,136,181.37,171.97,2714
2704,14:06:03,136,181.37,171.97,2714
2705,14:06:03,350,252.39,161.69,325
2706,14:06:03,350,252.39,161.69,325
2707,14:06:04,184,137.83,177.4,346
2708,14:06:04,184,137.83,177.4,346
2709,14:06:04,158,172.35,185.66,334
2710,14:06:04,158,172.35,185.66,334
2711,14:06:05,330,341.23,200.57,327
2712,14:06:05,330,341.23,200.57,327
2713,14:06:05,196,80.69,222.64,357
2714,14:06:05,196,80.69,222.64,357
2715,14:06:06,380,100.65,249.12,107
2716,14:06:06,380,100.65,249.12,107
2717,14:06:06,370,224.99,263.16,4067
2718,14:06:06,370,224.99,263.16,4067
2719,14:06:07,390,165.5,307.72,3425
2720,14:06:07,390,165.5,307.72,3425
2721,14:06:08,35,66.93,359.95,2022
2722,14:06:08,35,66.93,359.95,2022
2723,14:06:08,334,163.82,323.27,4031
2724,14:06:08,334,163.82,323.27,4031
2725,14:06:08,390,231.75,324.54,2145
2726,14:06:08,390,231.75,324.54,2145
2727,14:06:08,271,122.81,322.46,3111
2728,14:06:08,271,122.81,322.46,3111
2729,14:06:09,380,178.2,28.03,5557
2730,14:06:09,380,178.2,28.03,5557
2731,14:06:10,277,149.17,54.69,321
2732,14:06:10,277,149.17,54.69,321
2733,14:06:10,55,87.36,51.89,2100
2734,14:06:10,55,87.36,51.89,2100
2735,14:06:10,270,182.03,51.57,311
2736,14:06:10,270,182.03,51.57,311
2737,14:06:11,170,115.3,66.98,6417
2738,14:06:11,170,115.3,66.98,6417
2739,14:06:11,279,105.16,55.21,264
2740,14:06:11,279,105.16,55.21,264
2741,14:06:11,360,261.5,65.11,5423
2742,14:06:11,360,261.5,65.11,5423
2743,14:06:11,288,153.3,66.14,533
2744,14:06:11,288,153.3,66.14,533
2745,14:06:11,95,70.25,75.54,572
2746,14:06:11,95,70.25,75.54,572
2747,14:06:12,268,155.36,105.04,342
2748,14:06:12,268,155.36,105.04,342
2749,14:06:12,30,28.77,101.29,2022
2750,14:06:12,30,28.77,101.29,2022
2751,14:06:13,360,227.49,142.73,571
2752,14:06:13,360,227.49,142.73,571
2753,14:06:13,136,175.21,173.34,2714
2754,14:06:13,136,175.21,173.34,2714
2755,14:06:13,350,255.17,162.43,325
2756,14:06:13,350,255.17,162.43,325
2757,14:06:13,350,232.1,160.57,325
2758,14:06:13,350,232.1,160.57,325
2759,14:06:14,189,134.35,173.6,346
2760,14:06:14,189,134.35,173.6,346
2761,14:06:14,159,175.29,184.6,334
2762,14:06:14,159,175.29,184.6,334
2763,14:06:15,330,353.32,203.48,327
2764,14:06:15,330,353.32,203.48,327
2765,14:06:15,196,88.54,221.46,357
2766,14:06:15,196,88.54,221.46,357
2767,14:06:16,380,98.8,253.97,107
2768,14:06:16,380,98.8,253.97,107
2769,14:06:17,390,163.89,305.73,3425
2770,14:06:17,390,163.89,305.73,3425
2771,14:06:18,334,151.94,323.75,4031
2772,14:06:18,334,151.94,323.75,4031
2773,14:06:18,271,111.27,320.89,3111
2774,14:06:18,271,111.27,320.89,3111
2775,14:06:19,380,184.44,27.11,5557
2776,14:06:19,380,184.44,27.11,5557
2777,14:06:20,380,159.34,33.52,5557
2778,14:06:20,380,159.34,33.52,5557
2779,14:06:20,260,120.44,51.75,321
2780,14:06:20,260,120.44,51.75,321
2781,14:06:20,277,156.59,55.8,321
2782,14:06:20,277,156.59,55.8,321
2783,14:06:20,55,88.84,51.41,2100
2784,14:06:20,55,88.84,51.41,2100
2785,14:06:20,270,185.72,51.74,311
2786,14:06:20,270,185.72,51.74,311
2787,14:06:21,176,133.59,65.98,6417
2788,14:06:21,176,133.59,65.98,6417
2789,14:06:21,310,193.41,66.7,533
2790,14:06:21,310,193.41,66.7,533
2791,14:06:21,170,112.63,67.24,6417
2792,14:06:21,170,112.63,67.24,6417
2793,14:06:21,279,107.55,54.96,264
2794,14:06:21,279,107.55,54.96,264
2795,14:06:21,360,259.26,64.93,5423
2796,14:06:21,360,259.26,64.93,5423
2797,14:06:21,288,136.29,66.12,533
2798,14:06:21,288,136.29,66.12,533
2799,14:06:21,94,65.43,77.7,572
2800,14:06:21,94,65.43,77.7,572
2801,14:06:22,256,131.19,100.58,342
2802,14:06:22,256,131.19,100.58,342
2803,14:06:22,268,159.44,105.51,342
2804,14:06:22,268,159.44,105.51,342
2805,14:06:22,39,34.31,115.12,2022
2806,14:06:22,39,34.31,115.12,2022
2807,14:06:23,360,226.69,143.08,571
2808,14:06:23,360,226.69,143.08,571
2809,14:06:23,136,170.54,174.62,2714
2810,14:06:23,136,170.54,174.62,2714
2811,14:06:23,350,257.62,163.06,325
2812,14:06:23,350,257.62,163.06,325
2813,14:06:23,350,234.52,161.1,325
2814,14:06:23,350,234.52,161.1,325
2815,14:06:24,163,199.67,169.56,2714
2816,14:06:24,163,199.67,169.56,2714
2817,14:06:24,192,136.71,173.84,346
2818,14:06:24,192,136.71,173.84,346
2819,14:06:24,159,174.76,184.51,334
2820,14:06:24,159,174.76,184.51,334
2821,14:06:25,330,313.43,194.35,327
2822,14:06:25,330,313.43,194.35,327
2823,14:06:25,330,365.75,206.18,327
2824,14:06:25,330,365.75,206.18,327
2825,14:06:25,196,96.27,220.4,357
2826,14:06:25,196,96.27,220.4,357
2827,14:06:25,380,110.3,231.73,107
2828,14:06:25,380,110.3,231.73,107
2829,14:06:26,380,97.54,259.25,107
2830,14:06:26,380,97.54,259.25,107
2831,14:06:27,390,162.59,303.41,3425
2832,14:06:27,390,162.59,303.41,3425
2833,14:06:28,344,198.2,321.41,4031
2834,14:06:28,344,198.2,321.41,4031
2835,14:06:28,286,156.11,325.08,3111
2836,14:06:28,286,156.11,325.08,3111
2837,14:06:28,334,138.87,324.37,4031
2838,14:06:28,334,138.87,324.37,4031
2839,14:06:28,271,98.57,318.65,3111
2840,14:06:28,271,98.57,318.65,3111
2841,14:06:29,380,191.35,26.22,5557
2842,14:06:29,380,191.35,26.22,5557
2843,14:06:30,380,160.52,32.79,5557
2844,14:06:30,380,160.52,32.79,5557
2845,14:06:30,263,122.47,50.62,321
2846,14:06:30,263,122.47,50.62,321
2847,14:06:30,277,164.48,56.92,321
2848,14:06:30,277,164.48,56.92,321
2849,14:06:30,55,90.14,51.22,2100
2850,14:06:30,55,90.14,51.22,2100
2851,14:06:30,270,187.6,51.34,311
2852,14:06:30,270,187.6,51.34,311
2853,14:06:31,175,131.79,65.52,6417
2854,14:06:31,175,131.79,65.52,6417
2855,14:06:31,307,191.16,66.26,533
2856,14:06:31,307,191.16,66.26,533
2857,14:06:31,170,110.13,67.49,6417
2858,14:06:31,170,110.13,67.49,6417
2859,14:06:31,279,109.94,54.71,264
2860,14:06:31,279,109.94,54.71,264
2861,14:06:31,360,257.02,64.75,5423
2862,14:06:31,360,257.02,64.75,5423
2863,14:06:31,288,115.96,66.08,533
2864,14:06:31,288,115.96,66.08,533
2865,14:06:31,92,65.17,78.17,572
2866,14:06:31,92,65.17,78.17,572
2867,14:06:32,258,133.36,99.75,342
2868,14:06:32,258,133.36,99.75,342
2869,14:06:32,350,288.4,96.24,326
2870,14:06:32,350,288.4,96.24,326
2871,14:06:32,37,33.19,108.4,2022
2872,14:06:32,37,33.19,108.4,2022
2873,14:06:32,268,163.37,105.92,342
2874,14:06:32,268,163.37,105.92,342
2875,14:06:32,380,109.83,111.05,107
2876,14:06:32,380,109.83,111.05,107
2877,14:06:33,360,225.89,143.43,571
2878,14:06:33,360,225.89,143.43,571
2879,14:06:33,136,166.95,175.82,2714
2880,14:06:33,136,166.95,175.82,2714
2881,14:06:33,350,260.11,163.68,325
2882,14:06:33,350,260.11,163.68,325
2883,14:06:33,350,236.93,161.62,325
2884,14:06:33,350,236.93,161.62,325
2885,14:06:34,156,198.16,169.89,2714
2886,14:06:34,156,198.16,169.89,2714
2887,14:06:34,194,138.98,172.84,346
2888,14:06:34,194,138.98,172.84,346
2889,14:06:34,160,175.09,184.41,334
2890,14:06:34,160,175.09,184.41,334
2891,14:06:34,330,315.79,194.76,327
2892,14:06:34,330,315.79,194.76,327
2893,14:06:34,330,379.92,208.93,327
2894,14:06:34,330,379.92,208.93,327
2895,14:06:35,196,103.85,219.45,357
2896,14:06:35,196,103.85,219.45,357
2897,14:06:35,380,109.37,234.55,107
2898,14:06:35,380,109.37,234.55,107
2899,14:06:36,380,97.01,264.9,107
2900,14:06:36,380,97.01,264.9,107
2901,14:06:38,390,161.68,300.82,3425
2902,14:06:38,390,161.68,300.82,3425
2903,14:06:38,342,195.79,322.16,4031
2904,14:06:38,342,195.79,322.16,4031
2905,14:06:38,390,261.84,323.78,2145
2906,14:06:38,390,261.84,323.78,2145
2907,14:06:38,283,153.74,325.18,3111
2908,14:06:38,283,153.74,325.18,3111
2909,14:06:38,334,124.71,325.19,4031
2910,14:06:38,334,124.71,325.19,4031
2911,14:06:38,271,84.9,315.36,3111
2912,14:06:38,271,84.9,315.36,3111
2913,14:06:39,179,59.85,355.46,357
2914,14:06:39,179,59.85,355.46,357
2915,14:06:39,380,161.71,32.59,5557
2916,14:06:39,380,161.71,32.59,5557
2917,14:06:39,380,198.91,25.39,5557
2918,14:06:39,380,198.91,25.39,5557
2919,14:06:40,263,124.51,49.68,321
2920,14:06:40,263,124.51,49.68,321
2921,14:06:40,277,172.82,58.04,321
2922,14:06:40,277,172.82,58.04,321
2923,14:06:40,55,90.79,51.11,2100
2924,14:06:40,55,90.79,51.11,2100
2925,14:06:40,270,188.91,51.11,311
2926,14:06:40,270,188.91,51.11,311
2927,14:06:40,174,130.03,65.24,6417
2928,14:06:40,174,130.03,65.24,6417
2929,14:06:40,304,188.9,66.03,533
2930,14:06:40,304,188.9,66.03,533
2931,14:06:40,170,107.77,67.74,6417
2932,14:06:40,170,107.77,67.74,6417
2933,14:06:40,279,112.32,54.48,264
2934,14:06:40,279,112.32,54.48,264
2935,14:06:40,360,254.78,64.56,5423
2936,14:06:40,360,254.78,64.56,5423
2937,14:06:40,288,92.72,66.03,533
2938,14:06:40,288,92.72,66.03,533
2939,14:06:41,91,64.51,79.02,572
2940,14:06:41,91,64.51,79.02,572
2941,14:06:42,350,290.81,96.36,326
2942,14:06:42,350,290.81,96.36,326
2943,14:06:42,260,135.57,101.61,342
2944,14:06:42,260,135.57,101.61,342
2945,14:06:42,36,32.35,104.96,2022
2946,14:06:42,36,32.35,104.96,2022
2947,14:06:42,268,167.21,106.29,342
2948,14:06:42,268,167.21,106.29,342
2949,14:06:42,380,108.89,111.58,107
2950,14:06:42,380,108.89,111.58,107
2951,14:06:43,360,225.1,143.79,571
2952,14:06:43,360,225.1,143.79,571
2953,14:06:43,136,164.73,176.8,2714
2954,14:06:43,136,164.73,176.8,2714
2955,14:06:43,350,262.62,164.29,325
2956,14:06:43,350,262.62,164.29,325
2957,14:06:43,350,239.36,162.12,325
2958,14:06:43,350,239.36,162.12,325
2959,14:06:44,150,196.63,170.68,2714
2960,14:06:44,150,196.63,170.68,2714
2961,14:06:44,196,140.34,172.22,346
2962,14:06:44,196,140.34,172.22,346
2963,14:06:44,160,175.75,184.62,334
2964,14:06:44,160,175.75,184.62,334
2965,14:06:44,330,318.04,194.3,327
2966,14:06:44,330,318.04,194.3,327
2967,14:06:45,196,111.24,218.58,357
2968,14:06:45,196,111.24,218.58,357
2969,14:06:45,181,59.73,226.13,357
2970,14:06:45,181,59.73,226.13,357
2971,14:06:45,380,109.36,234.22,107
2972,14:06:45,380,109.36,234.22,107
2973,14:06:46,380,97.16,262.07,107
2974,14:06:46,380,97.16,262.07,107
2975,14:06:46,370,226.33,266.78,4067
2976,14:06:46,370,226.33,266.78,4067
2977,14:06:47,390,162.09,302.13,3425
2978,14:06:47,390,162.09,302.13,3425
2979,14:06:48,35,34.79,316.22,2022
2980,14:06:48,35,34.79,316.22,2022
2981,14:06:48,341,195.8,322.16,4031
2982,14:06:48,341,195.8,322.16,4031
2983,14:06:48,390,260.73,323.78,2145
2984,14:06:48,390,260.73,323.78,2145
2985,14:06:48,284,153.74,325.04,3111
2986,14:06:48,284,153.74,325.04,3111
2987,14:06:48,334,131.76,324.76,4031
2988,14:06:48,334,131.76,324.76,4031
2989,14:06:48,271,91.7,317.12,3111
2990,14:06:48,271,91.7,317.12,3111
2991,14:06:49,179,58.91,355.52,357
2992,14:06:49,179,58.91,355.52,357
2993,14:06:49,380,161.7,32.37,5557
2994,14:06:49,380,161.7,32.37,5557
2995,14:06:49,380,195.12,25.8,5557
2996,14:06:49,380,195.12,25.8,5557
2997,14:06:50,263,123.48,50.15,321
2998,14:06:50,263,123.48,50.15,321
2999,14:06:50,277,168.64,57.5,321
3000,14:06:50,277,168.64,57.5,321
3001,14:06:50,55,90.34,51.14,2100
3002,14:06:50,55,90.34,51.14,2100
3003,14:06:50,270,188.13,51.29,311
3004,14:06:50,270,188.13,51.29,311
3005,14:06:51,174,130.92,65.42,6417
3006,14:06:51,174,130.92,65.42,6417
3007,14:06:51,304,190.03,66.18,533
3008,14:06:51,304,190.03,66.18,533
3009,14:06:51,170,108.95,67.62,6417
3010,14:06:51,170,108.95,67.62,6417
3011,14:06:51,279,111.13,54.59,264
3012,14:06:51,279,111.13,54.59,264
3013,14:06:51,360,255.9,64.65,5423
3014,14:06:51,360,255.9,64.65,5423
3015,14:06:51,91,65.05,78.62,572
3016,14:06:51,91,65.05,78.62,572
3017,14:06:52,350,289.62,96.34,326
3018,14:06:52,350,289.62,96.34,326
3019,14:06:52,260,134.48,101.3,342
3020,14:06:52,260,134.48,101.3,342
3021,14:06:52,36,32.64,106.49,2022
3022,14:06:52,36,32.64,106.49,2022
3023,14:06:52,268,165.3,106.11,342
3024,14:06:52,268,165.3,106.11,342
3025,14:06:52,380,109.33,111.96,107
3026,14:06:52,380,109.33,111.96,107
3027,14:06:53,360,225.49,143.6,571
3028,14:06:53,360,225.49,143.6,571
3029,14:06:53,350,261.37,163.98,325
3030,14:06:53,350,261.37,163.98,325
3031,14:06:53,350,238.14,161.87,325
3032,14:06:53,350,238.14,161.87,325
3033,14:06:54,150,197.39,170.43,2714
3034,14:06:54,150,197.39,170.43,2714
3035,14:06:54,196,139.36,172.36,346
3036,14:06:54,196,139.36,172.36,346
3037,14:06:54,160,175.46,184.63,334
3038,14:06:54,160,175.46,184.63,334
3039,14:06:55,330,316.91,194.36,327
3040,14:06:55,330,316.91,194.36,327
3041,14:06:55,196,118.39,217.78,357
3042,14:06:55,196,118.39,217.78,357
3043,14:06:56,181,59.74,226.13,357
3044,14:06:56,181,59.74,226.13,357
3045,14:06:56,380,109.36,234.22,107
3046,14:06:56,380,109.36,234.22,107
3047,14:06:56,370,226.36,266.78,4067
3048,14:06:56,370,226.36,266.78,4067
3049,14:06:58,35,34.8,316.22,2022
3050,14:06:58,35,34.8,316.22,2022
3051,14:06:58,341,195.79,322.16,4031
3052,14:06:58,341,195.79,322.16,4031
3053,14:06:58,390,260.73,323.78,2145
3054,14:06:58,390,260.73,323.78,2145
3055,14:06:58,284,153.74,325.04,3111
3056,14:06:58,284,153.74,325.04,3111
3057,14:06:59,179,58.91,355.52,357
3058,14:06:59,179,58.91,355.52,357
3059,14:06:59,380,161.7,32.37,5557
3060,14:06:59,380,161.7,32.37,5557
3061,14:07:00,263,123.48,50.15,321
3062,14:07:00,263,123.48,50.15,321
3063,14:07:00,55,90.34,51.14,2100
3064,14:07:00,55,90.34,51.14,2100
3065,14:07:00,270,188.13,51.29,311
3066,14:07:00,270,188.13,51.29,311
3067,14:07:00,174,130.92,65.42,6417
3068,14:07:00,174,130.92,65.42,6417
3069,14:07:00,304,190.03,66.18,533
3070,14:07:00,304,190.03,66.18,533
3071,14:07:01,91,65.05,78.62,572
3072,14:07:01,91,65.05,78.62,572
3073,14:07:02,350,289.62,96.34,326
3074,14:07:02,350,289.62,96.34,326
3075,14:07:02,260,134.48,101.3,342
3076,14:07:02,260,134.48,101.3,342
3077,14:07:02,36,32.64,106.49,2022
3078,14:07:02,36,32.64,106.49,2022
3079,14:07:02,380,109.33,111.96,107
3080,14:07:02,380,109.33,111.96,107
3081,14:07:03,350,238.14,161.87,325
3082,14:07:03,350,238.14,161.87,325
3083,14:07:04,150,197.39,170.43,2714
3084,14:07:04,150,197.39,170.43,2714
3085,14:07:04,196,139.36,172.36,346
3086,14:07:04,196,139.36,172.36,346
3087,14:07:04,160,175.46,184.63,334
3088,14:07:04,160,175.46,184.63,334
3089,14:07:05,330,316.91,194.36,327
3090,14:07:05,330,316.91,194.36,327
3091,14:07:06,181,59.74,226.13,357
3092,14:07:06,181,59.74,226.13,357
3093,14:07:06,380,109.36,234.22,107
3094,14:07:06,380,109.36,234.22,107
3095,14:07:06,370,226.36,266.78,4067
3096,14:07:06,370,226.36,266.78,4067
3097,14:07:07,390,173.81,311.11,3425
3098,14:07:07,390,173.81,311.11,3425
3099,14:07:08,35,34.8,316.22,2022
3100,14:07:08,35,34.8,316.22,2022
3101,14:07:08,341,195.79,322.16,4031
3102,14:07:08,341,195.79,322.16,4031
3103,14:07:08,390,260.73,323.78,2145
3104,14:07:08,390,260.73,323.78,2145
3105,14:07:08,284,153.74,325.04,3111
3106,14:07:08,284,153.74,325.04,3111
3107,14:07:09,179,58.91,355.52,357
3108,14:07:09,179,58.91,355.52,357
3109,14:07:10,380,161.7,32.37,5557
3110,14:07:10,380,161.7,32.37,5557
3111,14:07:10,263,123.48,50.15,321
3112,14:07:10,263,123.48,50.15,321
3113,14:07:10,55,90.34,51.14,2100
3114,14:07:10,55,90.34,51.14,2100
3115,14:07:10,270,188.13,51.29,311
3116,14:07:10,270,188.13,51.29,311
3117,14:07:10,174,130.92,65.42,6417
3118,14:07:10,174,130.92,65.42,6417
3119,14:07:10,304,190.03,66.18,533
3120,14:07:10,304,190.03,66.18,533
3121,14:07:11,91,65.05,78.62,572
3122,14:07:11,91,65.05,78.62,572
3123,14:07:12,350,289.62,96.34,326
3124,14:07:12,350,289.62,96.34,326
3125,14:07:12,260,134.48,101.3,342
3126,14:07:12,260,134.48,101.3,342
3127,14:07:12,36,32.64,106.49,2022
3128,14:07:12,36,32.64,106.49,2022
3129,14:07:12,380,109.33,111.96,107
3130,14:07:12,380,109.33,111.96,107
3131,14:07:13,350,238.14,161.87,325
3132,14:07:13,350,238.14,161.87,325
3133,14:07:14,150,197.39,170.43,2714
3134,14:07:14,150,197.39,170.43,2714
3135,14:07:14,196,139.36,172.36,346
3136,14:07:14,196,139.36,172.36,346
3137,14:07:14,160,175.46,184.63,334
3138,14:07:14,160,175.46,184.63,334
3139,14:07:15,330,316.91,194.36,327
3140,14:07:15,330,316.91,194.36,327
3141,14:07:15,181,62.63,225.9,357
3142,14:07:15,181,62.63,225.9,357
3143,14:07:15,380,107.6,238.68,107
3144,14:07:15,380,107.6,238.68,107
3145,14:07:16,370,225.77,265.49,4067
3146,14:07:16,370,225.77,265.49,4067
3147,14:07:17,390,170.75,311.67,3425
3148,14:07:17,390,170.75,311.67,3425
3149,14:07:18,35,42.96,338.84,2022
3150,14:07:18,35,42.96,338.84,2022
3151,14:07:18,341,190.19,322.99,4031
3152,14:07:18,341,190.19,322.99,4031
3153,14:07:18,390,252.49,323.99,2145
3154,14:07:18,390,252.49,323.99,2145
3155,14:07:18,284,148.18,325.1,3111
3156,14:07:18,284,148.18,325.1,3111
3157,14:07:19,179,61.76,355.34,357
3158,14:07:19,179,61.76,355.34,357
3159,14:07:19,380,164.48,31.22,5557
3160,14:07:19,380,164.48,31.22,5557
3161,14:07:20,275,136.05,52.12,321
3162,14:07:20,275,136.05,52.12,321
3163,14:07:20,55,94.13,51.39,2100
3164,14:07:20,55,94.13,51.39,2100
3165,14:07:20,270,195.22,52.16,311
3166,14:07:20,270,195.22,52.16,311
3167,14:07:20,288,178.57,66.15,533
3168,14:07:20,288,178.57,66.15,533
3169,14:07:21,170,122.25,66.3,6417
3170,14:07:21,170,122.25,66.3,6417
3171,14:07:21,85,58.81,81.5,572
3172,14:07:21,85,58.81,81.5,572
3173,14:07:22,350,293.18,96.43,326
3174,14:07:22,350,293.18,96.43,326
3175,14:07:22,266,144.22,104.98,342
3176,14:07:22,266,144.22,104.98,342
3177,14:07:22,30,30.29,99.9,2022
3178,14:07:22,30,30.29,99.9,2022
3179,14:07:22,380,107.98,111.44,107
3180,14:07:22,380,107.98,111.44,107
3181,14:07:23,136,189.88,170.48,2714
3182,14:07:23,136,189.88,170.48,2714
3183,14:07:24,201,145.21,174.79,346
3184,14:07:24,201,145.21,174.79,346
3185,14:07:24,160,176.27,184.62,334
3186,14:07:24,160,176.27,184.62,334
3187,14:07:25,330,328.14,197.11,327
3188,14:07:25,330,328.14,197.11,327
3189,14:07:25,181,64.55,225.75,357
3190,14:07:25,181,64.55,225.75,357
3191,14:07:26,380,104.55,241.96,107
3192,14:07:26,380,104.55,241.96,107
3193,14:07:26,370,225.44,264.63,4067
3194,14:07:26,370,225.44,264.63,4067
3195,14:07:27,390,168.71,310.19,3425
3196,14:07:27,390,168.71,310.19,3425
3197,14:07:28,35,50.96,348.93,2022
3198,14:07:28,35,50.96,348.93,2022
3199,14:07:28,334,180.91,322.69,4031
3200,14:07:28,334,180.91,322.69,4031
3201,14:07:28,390,245.54,324.18,2145
3202,14:07:28,390,245.54,324.18,2145
3203,14:07:28,271,139.32,324.13,3111
3204,14:07:28,271,139.32,324.13,3111
3205,14:07:29,179,63.66,355.22,357
3206,14:07:29,179,63.66,355.22,357
3207,14:07:30,380,169.31,29.68,5557
3208,14:07:30,380,169.31,29.68,5557
3209,14:07:30,277,137.81,52.97,321
3210,14:07:30,277,137.81,52.97,321
3211,14:07:30,55,94.48,51.51,2100
3212,14:07:30,55,94.48,51.51,2100
3213,14:07:30,270,197.42,52.16,311
3214,14:07:30,270,197.42,52.16,311
3215,14:07:30,170,120.32,66.55,6417
3216,14:07:30,170,120.32,66.55,6417
3217,14:07:30,279,101.09,55.68,264
3218,14:07:30,279,101.09,55.68,264
3219,14:07:30,360,265.28,65.41,5423
3220,14:07:30,360,265.28,65.41,5423
3221,14:07:30,288,173.58,66.15,533
3222,14:07:30,288,173.58,66.15,533
3223,14:07:30,84,57.5,81.23,572
3224,14:07:30,84,57.5,81.23,572
3225,14:07:30,350,295.57,96.52,326
3226,14:07:30,350,295.57,96.52,326
3227,14:07:30,268,148.01,104.04,342
3228,14:07:30,268,148.01,104.04,342
3229,14:07:30,30,31.61,104.92,2022
3230,14:07:30,30,31.61,104.92,2022
3231,14:07:30,380,107.27,111.81,107
3232,14:07:30,380,107.27,111.81,107
3233,14:07:30,360,228.84,142.14,571
3234,14:07:30,360,228.84,142.14,571
3235,14:07:30,136,184.52,171.36,2714
3236,14:07:30,136,184.52,171.36,2714
3237,14:07:31,203,147.1,175.31,346
3238,14:07:31,203,147.1,175.31,346
3239,14:07:31,160,176.75,184.64,334
3240,14:07:31,160,176.75,184.64,334
3241,14:07:32,330,336.11,199.24,327
3242,14:07:32,330,336.11,199.24,327
3243,14:07:32,196,71.53,224.19,357
3244,14:07:32,196,71.53,224.19,357
3245,14:07:33,380,103.2,244.14,107
3246,14:07:33,380,103.2,244.14,107
3247,14:07:33,370,225.28,264.16,4067
3248,14:07:33,370,225.28,264.16,4067
3249,14:07:35,390,167.63,309.5,3425
3250,14:07:35,390,167.63,309.5,3425
3251,14:07:35,35,55.88,353.18,2022
3252,14:07:35,35,55.88,353.18,2022
3253,14:07:35,334,175.74,322.85,4031
3254,14:07:35,334,175.74,322.85,4031
3255,14:07:35,390,241.27,324.29,2145
3256,14:07:35,390,241.27,324.29,2145
3257,14:07:35,271,134.33,323.69,3111
3258,14:07:35,271,134.33,323.69,3111
3259,14:07:35,179,64.71,355.17,357
3260,14:07:35,179,64.71,355.17,357
3261,14:07:36,380,171.98,29.13,5557
3262,14:07:36,380,171.98,29.13,5557
3263,14:07:37,277,141.34,53.51,321
3264,14:07:37,277,141.34,53.51,321
3265,14:07:37,55,88.24,51.64,2100
3266,14:07:37,55,88.24,51.64,2100
3267,14:07:37,270,186.04,50.88,311
3268,14:07:37,270,186.04,50.88,311
3269,14:07:37,170,118.64,66.69,6417
3270,14:07:37,170,118.64,66.69,6417
3271,14:07:37,279,102.41,55.52,264
3272,14:07:37,279,102.41,55.52,264
3273,14:07:37,360,264.09,65.31,5423
3274,14:07:37,360,264.09,65.31,5423
3275,14:07:37,288,167.96,66.15,533
3276,14:07:37,288,167.96,66.15,533
3277,14:07:37,97,67.89,75.65,572
3278,14:07:37,97,67.89,75.65,572
3279,14:07:39,350,296.87,96.58,326
3280,14:07:39,350,296.87,96.58,326
3281,14:07:39,268,150.41,104.39,342
3282,14:07:39,268,150.41,104.39,342
3283,14:07:39,30,33.14,106.89,2022
3284,14:07:39,30,33.14,106.89,2022
3285,14:07:39,380,107.38,112.31,107
3286,14:07:39,380,107.38,112.31,107
3287,14:07:40,360,228.43,142.33,571
3288,14:07:40,360,228.43,142.33,571
3289,14:07:40,136,181.37,171.97,2714
3290,14:07:40,136,181.37,171.97,2714
3291,14:07:40,184,138.43,177.38,346
3292,14:07:40,184,138.43,177.38,346
3293,14:07:41,158,172.08,185.31,334
3294,14:07:41,158,172.08,185.31,334
3295,14:07:41,330,341.23,200.57,327
3296,14:07:41,330,341.23,200.57,327
3297,14:07:42,196,80.69,222.64,357
3298,14:07:42,196,80.69,222.64,357
3299,14:07:43,380,100.65,249.12,107
3300,14:07:43,380,100.65,249.12,107
3301,14:07:43,370,224.99,263.16,4067
3302,14:07:43,370,224.99,263.16,4067
3303,14:07:44,390,165.5,307.72,3425
3304,14:07:44,390,165.5,307.72,3425
3305,14:07:45,35,66.93,359.95,2022
3306,14:07:45,35,66.93,359.95,2022
3307,14:07:45,334,163.82,323.27,4031
3308,14:07:45,334,163.82,323.27,4031
3309,14:07:45,390,231.75,324.54,2145
3310,14:07:45,390,231.75,324.54,2145
3311,14:07:45,271,122.81,322.46,3111
3312,14:07:45,271,122.81,322.46,3111
3313,14:07:46,380,178.2,28.03,5557
3314,14:07:46,380,178.2,28.03,5557
3315,14:07:47,277,149.17,54.69,321
3316,14:07:47,277,149.17,54.69,321
3317,14:07:47,55,87.33,51.93,2100
3318,14:07:47,55,87.33,51.93,2100
3319,14:07:47,270,181.7,51.19,311
3320,14:07:47,270,181.7,51.19,311
3321,14:07:47,170,115.3,66.98,6417
3322,14:07:47,170,115.3,66.98,6417
3323,14:07:47,279,105.16,55.21,264
3324,14:07:47,279,105.16,55.21,264
3325,14:07:47,360,261.5,65.11,5423
3326,14:07:47,360,261.5,65.11,5423
3327,14:07:47,288,153.3,66.14,533
3328,14:07:47,288,153.3,66.14,533
3329,14:07:48,95,70.38,75.2,572
3330,14:07:48,95,70.38,75.2,572
3331,14:07:49,268,155.36,105.04,342
3332,14:07:49,268,155.36,105.04,342
3333,14:07:49,30,35.43,108.91,2022
3334,14:07:49,30,35.43,108.91,2022
3335,14:07:50,360,227.49,142.73,571
3336,14:07:50,360,227.49,142.73,571
3337,14:07:50,136,175.21,173.34,2714
3338,14:07:50,136,175.21,173.34,2714
3339,14:07:50,189,134.35,174.61,346
3340,14:07:50,189,134.35,174.61,346
3341,14:07:51,159,171.67,185.15,334
3342,14:07:51,159,171.67,185.15,334
3343,14:07:51,330,353.32,203.48,327
3344,14:07:51,330,353.32,203.48,327
3345,14:07:52,196,88.54,221.46,357
3346,14:07:52,196,88.54,221.46,357
3347,14:07:53,380,98.8,253.97,107
3348,14:07:53,380,98.8,253.97,107
3349,14:07:54,390,163.89,305.73,3425
3350,14:07:54,390,163.89,305.73,3425
3351,14:07:55,334,151.94,323.75,4031
3352,14:07:55,334,151.94,323.75,4031
3353,14:07:55,271,111.27,320.89,3111
3354,14:07:55,271,111.27,320.89,3111
3355,14:07:56,380,184.44,27.11,5557
3356,14:07:56,380,184.44,27.11,5557
3357,14:07:57,380,159.34,33.52,5557
3358,14:07:57,380,159.34,33.52,5557
3359,14:07:57,260,120.44,51.75,321
3360,14:07:57,260,120.44,51.75,321
3361,14:07:57,277,156.59,55.8,321
3362,14:07:57,277,156.59,55.8,321
3363,14:07:57,55,88.73,51.41,2100
3364,14:07:57,55,88.73,51.41,2100
3365,14:07:57,270,185.54,51.38,311
3366,14:07:57,270,185.54,51.38,311
3367,14:07:58,176,133.59,65.98,6417
3368,14:07:58,176,133.59,65.98,6417
3369,14:07:58,310,193.41,66.7,533
3370,14:07:58,310,193.41,66.7,533
3371,14:07:58,170,112.63,67.24,6417
3372,14:07:58,170,112.63,67.24,6417
3373,14:07:58,279,107.55,54.96,264
3374,14:07:58,279,107.55,54.96,264
3375,14:07:58,360,259.26,64.93,5423
3376,14:07:58,360,259.26,64.93,5423
3377,14:07:58,288,136.29,66.12,533
3378,14:07:58,288,136.29,66.12,533
3379,14:07:58,94,68.04,76.2,572
3380,14:07:58,94,68.04,76.2,572
3381,14:07:59,256,131.19,100.58,342
3382,14:07:59,256,131.19,100.58,342
3383,14:07:59,268,159.44,105.51,342
3384,14:07:59,268,159.44,105.51,342
3385,14:07:59,39,32.58,113.29,2022
3386,14:07:59,39,32.58,113.29,2022
3387,14:08:00,360,226.69,143.08,571
3388,14:08:00,360,226.69,143.08,571
3389,14:08:00,136,170.54,174.62,2714
3390,14:08:00,136,170.54,174.62,2714
3391,14:08:00,163,199.67,169.56,2714
3392,14:08:00,163,199.67,169.56,2714
3393,14:08:00,192,137,174.34,346
3394,14:08:00,192,137,174.34,346
3395,14:08:01,159,173.28,183.63,334
3396,14:08:01,159,173.28,183.63,334
3397,14:08:01,330,313.43,194.35,327
3398,14:08:01,330,313.43,194.35,327
3399,14:08:01,330,365.75,206.18,327
3400,14:08:01,330,365.75,206.18,327
3401,14:08:02,196,96.27,220.4,357
3402,14:08:02,196,96.27,220.4,357
3403,14:08:02,380,110.3,231.73,107
3404,14:08:02,380,110.3,231.73,107
3405,14:08:03,380,97.54,259.25,107
3406,14:08:03,380,97.54,259.25,107
3407,14:08:04,390,162.59,303.41,3425
3408,14:08:04,390,162.59,303.41,3425
3409,14:08:05,344,198.2,321.41,4031
3410,14:08:05,344,198.2,321.41,4031
3411,14:08:05,286,156.11,325.08,3111
3412,14:08:05,286,156.11,325.08,3111
3413,14:08:05,334,138.87,324.37,4031
3414,14:08:05,334,138.87,324.37,4031
3415,14:08:05,271,98.57,318.65,3111
3416,14:08:05,271,98.57,318.65,3111
3417,14:08:06,380,191.35,26.22,5557
3418,14:08:06,380,191.35,26.22,5557
3419,14:08:07,380,160.52,32.79,5557
3420,14:08:07,380,160.52,32.79,5557
3421,14:08:07,263,122.47,50.62,321
3422,14:08:07,263,122.47,50.62,321
3423,14:08:07,277,164.48,56.92,321
3424,14:08:07,277,164.48,56.92,321
3425,14:08:07,55,90.05,51.17,2100
3426,14:08:07,55,90.05,51.17,2100
3427,14:08:07,270,187.64,51.62,311
3428,14:08:07,270,187.64,51.62,311
3429,14:08:07,175,131.79,65.52,6417
3430,14:08:07,175,131.79,65.52,6417
3431,14:08:07,307,191.16,66.26,533
3432,14:08:07,307,191.16,66.26,533
3433,14:08:07,170,110.13,67.49,6417
3434,14:08:07,170,110.13,67.49,6417
3435,14:08:07,279,109.94,54.71,264
3436,14:08:07,279,109.94,54.71,264
3437,14:08:07,360,257.02,64.75,5423
3438,14:08:07,360,257.02,64.75,5423
3439,14:08:07,288,115.96,66.08,533
3440,14:08:07,288,115.96,66.08,533
3441,14:08:08,92,65.59,77.45,572
3442,14:08:08,92,65.59,77.45,572
3443,14:08:09,258,133.36,99.75,342
3444,14:08:09,258,133.36,99.75,342
3445,14:08:09,350,288.4,96.24,326
3446,14:08:09,350,288.4,96.24,326
3447,14:08:09,37,32.01,106.5,2022
3448,14:08:09,37,32.01,106.5,2022
3449,14:08:09,268,163.37,105.92,342
3450,14:08:09,268,163.37,105.92,342
3451,14:08:09,380,109.83,111.05,107
3452,14:08:09,380,109.83,111.05,107
3453,14:08:10,360,225.89,143.43,571
3454,14:08:10,360,225.89,143.43,571
3455,14:08:10,136,166.95,175.82,2714
3456,14:08:10,136,166.95,175.82,2714
3457,14:08:10,156,198.16,169.89,2714
3458,14:08:10,156,198.16,169.89,2714
3459,14:08:10,194,139.22,173.24,346
3460,14:08:10,194,139.22,173.24,346
3461,14:08:11,160,175.08,184.05,334
3462,14:08:11,160,175.08,184.05,334
3463,14:08:11,330,315.79,194.76,327
3464,14:08:11,330,315.79,194.76,327
3465,14:08:11,330,379.92,208.93,327
3466,14:08:11,330,379.92,208.93,327
3467,14:08:12,196,103.85,219.45,357
3468,14:08:12,196,103.85,219.45,357
3469,14:08:12,380,109.37,234.55,107
3470,14:08:12,380,109.37,234.55,107
3471,14:08:13,380,97.01,264.9,107
3472,14:08:13,380,97.01,264.9,107
3473,14:08:14,390,161.68,300.82,3425
3474,14:08:14,390,161.68,300.82,3425
3475,14:08:15,342,195.79,322.16,4031
3476,14:08:15,342,195.79,322.16,4031
3477,14:08:15,390,261.84,323.78,2145
3478,14:08:15,390,261.84,323.78,2145
3479,14:08:15,283,153.74,325.18,3111
3480,14:08:15,283,153.74,325.18,3111
3481,14:08:15,334,124.71,325.19,4031
3482,14:08:15,334,124.71,325.19,4031
3483,14:08:15,271,84.9,315.36,3111
3484,14:08:15,271,84.9,315.36,3111
3485,14:08:16,179,59.85,355.46,357
3486,14:08:16,179,59.85,355.46,357
3487,14:08:16,380,161.71,32.59,5557
3488,14:08:16,380,161.71,32.59,5557
3489,14:08:16,380,198.91,25.39,5557
3490,14:08:16,380,198.91,25.39,5557
3491,14:08:17,263,124.51,49.68,321
3492,14:08:17,263,124.51,49.68,321
3493,14:08:17,277,172.82,58.04,321
3494,14:08:17,277,172.82,58.04,321
3495,14:08:17,55,90.63,51.12,2100
3496,14:08:17,55,90.63,51.12,2100
3497,14:08:17,270,188.96,51.75,311
3498,14:08:17,270,188.96,51.75,311
3499,14:08:17,174,130.03,65.24,6417
3500,14:08:17,174,130.03,65.24,6417
3501,14:08:17,304,188.9,66.03,533
3502,14:08:17,304,188.9,66.03,533
3503,14:08:17,170,107.77,67.74,6417
3504,14:08:17,170,107.77,67.74,6417
3505,14:08:17,279,112.32,54.48,264
3506,14:08:17,279,112.32,54.48,264
3507,14:08:17,360,254.78,64.56,5423
3508,14:08:17,360,254.78,64.56,5423
3509,14:08:17,288,92.72,66.03,533
3510,14:08:17,288,92.72,66.03,533
3511,14:08:18,91,63.95,78.97,572
3512,14:08:18,91,63.95,78.97,572
3513,14:08:19,350,290.81,96.36,326
3514,14:08:19,350,290.81,96.36,326
3515,14:08:19,260,135.57,101.61,342
3516,14:08:19,260,135.57,101.61,342
3517,14:08:19,36,31.96,105.77,2022
3518,14:08:19,36,31.96,105.77,2022
3519,14:08:19,268,167.21,106.29,342
3520,14:08:19,268,167.21,106.29,342
3521,14:08:19,380,108.89,111.58,107
3522,14:08:19,380,108.89,111.58,107
3523,14:08:20,360,225.1,143.79,571
3524,14:08:20,360,225.1,143.79,571
3525,14:08:20,136,164.73,176.8,2714
3526,14:08:20,136,164.73,176.8,2714
3527,14:08:21,150,196.63,170.68,2714
3528,14:08:21,150,196.63,170.68,2714
3529,14:08:21,196,140.28,172.49,346
3530,14:08:21,196,140.28,172.49,346
3531,14:08:21,160,176.13,184.79,334
3532,14:08:21,160,176.13,184.79,334
3533,14:08:21,330,318.04,194.3,327
3534,14:08:21,330,318.04,194.3,327
3535,14:08:22,196,111.24,218.58,357
3536,14:08:22,196,111.24,218.58,357
3537,14:08:22,181,59.73,226.13,357
3538,14:08:22,181,59.73,226.13,357
3539,14:08:22,380,109.36,234.22,107
3540,14:08:22,380,109.36,234.22,107
3541,14:08:23,380,97.16,262.07,107
3542,14:08:23,380,97.16,262.07,107
3543,14:08:23,370,226.33,266.78,4067
3544,14:08:23,370,226.33,266.78,4067
3545,14:08:24,390,162.09,302.13,3425
3546,14:08:24,390,162.09,302.13,3425
3547,14:08:25,35,34.79,316.22,2022
3548,14:08:25,35,34.79,316.22,2022
3549,14:08:25,341,195.8,322.16,4031
3550,14:08:25,341,195.8,322.16,4031
3551,14:08:25,390,260.73,323.78,2145
3552,14:08:25,390,260.73,323.78,2145
3553,14:08:25,284,153.74,325.04,3111
3554,14:08:25,284,153.74,325.04,3111
3555,14:08:25,334,131.76,324.76,4031
3556,14:08:25,334,131.76,324.76,4031
3557,14:08:25,271,91.7,317.12,3111
3558,14:08:25,271,91.7,317.12,3111
3559,14:08:26,179,58.91,355.52,357
3560,14:08:26,179,58.91,355.52,357
3561,14:08:26,380,161.7,32.37,5557
3562,14:08:26,380,161.7,32.37,5557
3563,14:08:26,380,195.12,25.8,5557
3564,14:08:26,380,195.12,25.8,5557
3565,14:08:27,263,123.48,50.15,321
3566,14:08:27,263,123.48,50.15,321
3567,14:08:27,277,168.64,57.5,321
3568,14:08:27,277,168.64,57.5,321
3569,14:08:27,55,90.29,51.14,2100
3570,14:08:27,55,90.29,51.14,2100
3571,14:08:27,270,188.15,51.64,311
3572,14:08:27,270,188.15,51.64,311
3573,14:08:27,174,130.92,65.42,6417
3574,14:08:27,174,130.92,65.42,6417
3575,14:08:27,304,190.03,66.18,533
3576,14:08:27,304,190.03,66.18,533
3577,14:08:27,170,108.95,67.62,6417
3578,14:08:27,170,108.95,67.62,6417
3579,14:08:27,279,111.13,54.59,264
3580,14:08:27,279,111.13,54.59,264
3581,14:08:27,360,255.9,64.65,5423
3582,14:08:27,360,255.9,64.65,5423
3583,14:08:28,91,64.99,78.38,572
3584,14:08:28,91,64.99,78.38,572
3585,14:08:29,350,289.62,96.34,326
3586,14:08:29,350,289.62,96.34,326
3587,14:08:29,260,134.48,101.3,342
3588,14:08:29,260,134.48,101.3,342
3589,14:08:29,36,32.59,106.81,2022
3590,14:08:29,36,32.59,106.81,2022
3591,14:08:29,268,165.3,106.11,342
3592,14:08:29,268,165.3,106.11,342
3593,14:08:29,380,109.33,111.96,107
3594,14:08:29,380,109.33,111.96,107
3595,14:08:30,360,225.49,143.6,571
3596,14:08:30,360,225.49,143.6,571
3597,14:08:31,150,197.39,170.43,2714
3598,14:08:31,150,197.39,170.43,2714
3599,14:08:31,196,139.36,172.66,346
3600,14:08:31,196,139.36,172.66,346
3601,14:08:31,160,175.53,184.75,334
3602,14:08:31,160,175.53,184.75,334
3603,14:08:31,330,316.91,194.36,327
3604,14:08:31,330,316.91,194.36,327
3605,14:08:32,196,118.39,217.78,357
3606,14:08:32,196,118.39,217.78,357
3607,14:08:32,181,59.74,226.13,357
3608,14:08:32,181,59.74,226.13,357
3609,14:08:32,380,109.36,234.22,107
3610,14:08:32,380,109.36,234.22,107
3611,14:08:33,370,226.36,266.78,4067
3612,14:08:33,370,226.36,266.78,4067
3613,14:08:35,35,34.8,316.22,2022
3614,14:08:35,35,34.8,316.22,2022
3615,14:08:35,341,195.79,322.16,4031
3616,14:08:35,341,195.79,322.16,4031
3617,14:08:35,390,260.73,323.78,2145
3618,14:08:35,390,260.73,323.78,2145
3619,14:08:35,284,153.74,325.04,3111
3620,14:08:35,284,153.74,325.04,3111
3621,14:08:36,179,58.91,355.52,357
3622,14:08:36,179,58.91,355.52,357
3623,14:08:36,380,161.7,32.37,5557
3624,14:08:36,380,161.7,32.37,5557
3625,14:08:37,263,123.48,50.15,321
3626,14:08:37,263,123.48,50.15,321
3627,14:08:37,55,90.29,51.14,2100
3628,14:08:37,55,90.29,51.14,2100
3629,14:08:37,270,188.15,51.64,311
3630,14:08:37,270,188.15,51.64,311
3631,14:08:37,174,130.92,65.42,6417
3632,14:08:37,174,130.92,65.42,6417
3633,14:08:37,304,190.03,66.18,533
3634,14:08:37,304,190.03,66.18,533
3635,14:08:38,91,64.99,78.38,572
3636,14:08:38,91,64.99,78.38,572
3637,14:08:39,350,289.62,96.34,326
3638,14:08:39,350,289.62,96.34,326
3639,14:08:39,260,134.48,101.3,342
3640,14:08:39,260,134.48,101.3,342
3641,14:08:39,36,32.58,106.8,2022
3642,14:08:39,36,32.58,106.8,2022
3643,14:08:39,380,109.33,111.96,107
3644,14:08:39,380,109.33,111.96,107
3645,14:08:40,150,197.39,170.43,2714
3646,14:08:40,150,197.39,170.43,2714
3647,14:08:40,196,139.36,172.66,346
3648,14:08:40,196,139.36,172.66,346
3649,14:08:41,160,175.53,184.75,334
3650,14:08:41,160,175.53,184.75,334
3651,14:08:42,330,316.91,194.36,327
3652,14:08:42,330,316.91,194.36,327
3653,14:08:43,181,59.74,226.13,357
3654,14:08:43,181,59.74,226.13,357
3655,14:08:43,380,109.36,234.22,107
3656,14:08:43,380,109.36,234.22,107
3657,14:08:43,370,226.36,266.78,4067
3658,14:08:43,370,226.36,266.78,4067
3659,14:08:44,390,173.81,311.11,3425
3660,14:08:44,390,173.81,311.11,3425
3661,14:08:45,35,34.8,316.22,2022
3662,14:08:45,35,34.8,316.22,2022
3663,14:08:45,341,195.79,322.16,4031
3664,14:08:45,341,195.79,322.16,4031
3665,14:08:45,390,260.73,323.78,2145
3666,14:08:45,390,260.73,323.78,2145
3667,14:08:45,284,153.74,325.04,3111
3668,14:08:45,284,153.74,325.04,3111
3669,14:08:46,179,58.91,355.52,357
3670,14:08:46,179,58.91,355.52,357
3671,14:08:47,380,161.7,32.37,5557
3672,14:08:47,380,161.7,32.37,5557
3673,14:08:47,263,123.48,50.15,321
3674,14:08:47,263,123.48,50.15,321
3675,14:08:47,55,90.29,51.14,2100
3676,14:08:47,55,90.29,51.14,2100
3677,14:08:47,270,188.15,51.64,311
3678,14:08:47,270,188.15,51.64,311
3679,14:08:47,174,130.92,65.42,6417
3680,14:08:47,174,130.92,65.42,6417
3681,14:08:47,304,190.03,66.18,533
3682,14:08:47,304,190.03,66.18,533
3683,14:08:48,91,64.99,78.38,572
3684,14:08:48,91,64.99,78.38,572
3685,14:08:49,350,289.62,96.34,326
3686,14:08:49,350,289.62,96.34,326
3687,14:08:49,260,134.48,101.3,342
3688,14:08:49,260,134.48,101.3,342
3689,14:08:49,36,32.58,106.8,2022
3690,14:08:49,36,32.58,106.8,2022
3691,14:08:49,380,109.33,111.96,107
3692,14:08:49,380,109.33,111.96,107
3693,14:08:51,150,197.39,170.43,2714
3694,14:08:51,150,197.39,170.43,2714
3695,14:08:51,196,139.36,172.66,346
3696,14:08:51,196,139.36,172.66,346
3697,14:08:51,160,175.53,184.75,334
3698,14:08:51,160,175.53,184.75,334
3699,14:08:52,330,316.91,194.36,327
3700,14:08:52,330,316.91,194.36,327
3701,14:08:52,181,62.63,225.9,357
3702,14:08:52,181,62.63,225.9,357
3703,14:08:52,380,107.6,238.68,107
3704,14:08:52,380,107.6,238.68,107
3705,14:08:53,370,225.77,265.49,4067
3706,14:08:53,370,225.77,265.49,4067
3707,14:08:54,390,170.75,311.67,3425
3708,14:08:54,390,170.75,311.67,3425
3709,14:08:55,35,42.96,338.84,2022
3710,14:08:55,35,42.96,338.84,2022
3711,14:08:55,341,190.19,322.99,4031
3712,14:08:55,341,190.19,322.99,4031
3713,14:08:55,390,252.49,323.99,2145
3714,14:08:55,390,252.49,323.99,2145
3715,14:08:55,284,148.18,325.1,3111
3716,14:08:55,284,148.18,325.1,3111
3717,14:08:56,179,61.76,355.34,357
3718,14:08:56,179,61.76,355.34,357
3719,14:08:56,380,164.48,31.22,5557
3720,14:08:56,380,164.48,31.22,5557
3721,14:08:57,275,136.05,52.12,321
3722,14:08:57,275,136.05,52.12,321
3723,14:08:57,55,94.13,51.5,2100
3724,14:08:57,55,94.13,51.5,2100
3725,14:08:57,270,195.13,52.37,311
3726,14:08:57,270,195.13,52.37,311
3727,14:08:57,288,178.57,66.15,533
3728,14:08:57,288,178.57,66.15,533
3729,14:08:58,170,122.25,66.3,6417
3730,14:08:58,170,122.25,66.3,6417
3731,14:08:58,85,59.35,80.7,572
3732,14:08:58,85,59.35,80.7,572
3733,14:08:59,350,293.18,96.43,326
3734,14:08:59,350,293.18,96.43,326
3735,14:08:59,266,144.22,104.98,342
3736,14:08:59,266,144.22,104.98,342
3737,14:08:59,30,30.23,100.85,2022
3738,14:08:59,30,30.23,100.85,2022
3739,14:08:59,380,107.98,111.44,107
3740,14:08:59,380,107.98,111.44,107
3741,14:09:00,136,189.88,170.48,2714
3742,14:09:00,136,189.88,170.48,2714
3743,14:09:01,201,145.29,174.11,346
3744,14:09:01,201,145.29,174.11,346
3745,14:09:01,160,177.5,184.88,334
3746,14:09:01,160,177.5,184.88,334
3747,14:09:02,330,328.14,197.11,327
3748,14:09:02,330,328.14,197.11,327
3749,14:09:02,181,64.55,225.75,357
3750,14:09:02,181,64.55,225.75,357
3751,14:09:03,380,104.55,241.96,107
3752,14:09:03,380,104.55,241.96,107
3753,14:09:03,370,225.44,264.63,4067
3754,14:09:03,370,225.44,264.63,4067
3755,14:09:04,390,168.71,310.19,3425
3756,14:09:04,390,168.71,310.19,3425
3757,14:09:05,35,50.96,348.93,2022
3758,14:09:05,35,50.96,348.93,2022
3759,14:09:05,334,180.91,322.69,4031
3760,14:09:05,334,180.91,322.69,4031
3761,14:09:05,390,245.54,324.18,2145
3762,14:09:05,390,245.54,324.18,2145
3763,14:09:05,271,139.32,324.13,3111
3764,14:09:05,271,139.32,324.13,3111
3765,14:09:06,179,63.66,355.22,357
3766,14:09:06,179,63.66,355.22,357
3767,14:09:07,380,169.31,29.68,5557
3768,14:09:07,380,169.31,29.68,5557
3769,14:09:07,277,137.81,52.97,321
3770,14:09:07,277,137.81,52.97,321
3771,14:09:07,55,94.53,51.54,2100
3772,14:09:07,55,94.53,51.54,2100
3773,14:09:07,270,196.81,52.31,311
3774,14:09:07,270,196.81,52.31,311
3775,14:09:07,170,120.32,66.55,6417
3776,14:09:07,170,120.32,66.55,6417
3777,14:09:07,279,101.09,55.68,264
3778,14:09:07,279,101.09,55.68,264
3779,14:09:07,360,265.28,65.41,5423
3780,14:09:07,360,265.28,65.41,5423
3781,14:09:07,288,173.58,66.15,533
3782,14:09:07,288,173.58,66.15,533
3783,14:09:07,84,57.47,81.02,572
3784,14:09:07,84,57.47,81.02,572
3785,14:09:07,350,295.57,96.52,326
3786,14:09:07,350,295.57,96.52,326
3787,14:09:07,268,148.01,104.04,342
3788,14:09:07,268,148.01,104.04,342
3789,14:09:07,30,30.47,104.29,2022
3790,14:09:07,30,30.47,104.29,2022
3791,14:09:07,380,107.27,111.81,107
3792,14:09:07,380,107.27,111.81,107
3793,14:09:07,360,228.84,142.14,571
3794,14:09:07,360,228.84,142.14,571
3795,14:09:07,136,184.52,171.36,2714
3796,14:09:07,136,184.52,171.36,2714
3797,14:09:07,350,251.03,161.33,325
3798,14:09:07,350,251.03,161.33,325
3799,14:09:08,203,147.07,174.73,346
3800,14:09:08,203,147.07,174.73,346
3801,14:09:08,160,179.01,185,334
3802,14:09:08,160,179.01,185,334
3803,14:09:08,330,336.11,199.24,327
3804,14:09:08,330,336.11,199.24,327
3805,14:09:09,196,71.53,224.19,357
3806,14:09:09,196,71.53,224.19,357
3807,14:09:10,380,103.2,244.14,107
3808,14:09:10,380,103.2,244.14,107
3809,14:09:10,370,225.28,264.16,4067
3810,14:09:10,370,225.28,264.16,4067
3811,14:09:11,390,167.63,309.5,3425
3812,14:09:11,390,167.63,309.5,3425
3813,14:09:12,35,55.88,353.18,2022
3814,14:09:12,35,55.88,353.18,2022
3815,14:09:12,334,175.74,322.85,4031
3816,14:09:12,334,175.74,322.85,4031
3817,14:09:12,390,241.27,324.29,2145
3818,14:09:12,390,241.27,324.29,2145
3819,14:09:12,271,134.33,323.69,3111
3820,14:09:12,271,134.33,323.69,3111
3821,14:09:12,179,64.71,355.17,357
3822,14:09:12,179,64.71,355.17,357
3823,14:09:13,380,171.98,29.13,5557
3824,14:09:13,380,171.98,29.13,5557
3825,14:09:14,277,141.34,53.51,321
3826,14:09:14,277,141.34,53.51,321
3827,14:09:14,55,88.38,51.55,2100
3828,14:09:14,55,88.38,51.55,2100
3829,14:09:14,270,180.09,51.23,311
3830,14:09:14,270,180.09,51.23,311
3831,14:09:14,170,118.64,66.69,6417
3832,14:09:14,170,118.64,66.69,6417
3833,14:09:14,279,102.41,55.52,264
3834,14:09:14,279,102.41,55.52,264
3835,14:09:14,360,264.09,65.31,5423
3836,14:09:14,360,264.09,65.31,5423
3837,14:09:14,288,167.96,66.15,533
3838,14:09:14,288,167.96,66.15,533
3839,14:09:14,97,66.9,76.34,572
3840,14:09:14,97,66.9,76.34,572
3841,14:09:16,350,296.87,96.58,326
3842,14:09:16,350,296.87,96.58,326
3843,14:09:16,268,150.41,104.39,342
3844,14:09:16,268,150.41,104.39,342
3845,14:09:16,30,30.66,105.9,2022
3846,14:09:16,30,30.66,105.9,2022
3847,14:09:16,380,107.38,112.31,107
3848,14:09:16,380,107.38,112.31,107
3849,14:09:17,360,228.43,142.33,571
3850,14:09:17,360,228.43,142.33,571
3851,14:09:17,136,181.37,171.97,2714
3852,14:09:17,136,181.37,171.97,2714
3853,14:09:17,350,252.39,161.69,325
3854,14:09:17,350,252.39,161.69,325
3855,14:09:17,184,138.28,177.13,346
3856,14:09:17,184,138.28,177.13,346
3857,14:09:18,158,172.82,184.98,334
3858,14:09:18,158,172.82,184.98,334
3859,14:09:18,330,341.23,200.57,327
3860,14:09:18,330,341.23,200.57,327
3861,14:09:19,196,80.69,222.64,357
3862,14:09:19,196,80.69,222.64,357
3863,14:09:20,380,100.65,249.12,107
3864,14:09:20,380,100.65,249.12,107
3865,14:09:20,370,224.99,263.16,4067
3866,14:09:20,370,224.99,263.16,4067
3867,14:09:21,390,165.5,307.72,3425
3868,14:09:21,390,165.5,307.72,3425
3869,14:09:22,35,66.93,359.95,2022
3870,14:09:22,35,66.93,359.95,2022
3871,14:09:22,334,163.82,323.27,4031
3872,14:09:22,334,163.82,323.27,4031
3873,14:09:22,390,231.75,324.54,2145
3874,14:09:22,390,231.75,324.54,2145
3875,14:09:22,271,122.81,322.46,3111
3876,14:09:22,271,122.81,322.46,3111
3877,14:09:23,380,178.2,28.03,5557
3878,14:09:23,380,178.2,28.03,5557
3879,14:09:24,277,149.17,54.69,321
3880,14:09:24,277,149.17,54.69,321
3881,14:09:24,55,87.31,51.9,2100
3882,14:09:24,55,87.31,51.9,2100
3883,14:09:24,270,182.65,51.57,311
3884,14:09:24,270,182.65,51.57,311
3885,14:09:24,170,115.3,66.98,6417
3886,14:09:24,170,115.3,66.98,6417
3887,14:09:24,279,105.16,55.21,264
3888,14:09:24,279,105.16,55.21,264
3889,14:09:24,360,261.5,65.11,5423
3890,14:09:24,360,261.5,65.11,5423
3891,14:09:24,288,153.3,66.14,533
3892,14:09:24,288,153.3,66.14,533
3893,14:09:25,95,70.66,75.83,572
3894,14:09:25,95,70.66,75.83,572
3895,14:09:26,268,155.36,105.04,342
3896,14:09:26,268,155.36,105.04,342
3897,14:09:26,30,31.53,109.94,2022
3898,14:09:26,30,31.53,109.94,2022
3899,14:09:27,360,227.49,142.73,571
3900,14:09:27,360,227.49,142.73,571
3901,14:09:27,136,175.21,173.34,2714
3902,14:09:27,136,175.21,173.34,2714
3903,14:09:27,350,255.17,162.43,325
3904,14:09:27,350,255.17,162.43,325
3905,14:09:27,350,232.1,160.57,325
3906,14:09:27,350,232.1,160.57,325
3907,14:09:27,189,134.47,175.08,346
3908,14:09:27,189,134.47,175.08,346
3909,14:09:28,159,174.67,184.72,334
3910,14:09:28,159,174.67,184.72,334
3911,14:09:28,330,353.32,203.48,327
3912,14:09:28,330,353.32,203.48,327
3913,14:09:29,196,88.54,221.46,357
3914,14:09:29,196,88.54,221.46,357
3915,14:09:30,380,98.8,253.97,107
3916,14:09:30,380,98.8,253.97,107
3917,14:09:31,390,163.89,305.73,3425
3918,14:09:31,390,163.89,305.73,3425
3919,14:09:32,334,151.94,323.75,4031
3920,14:09:32,334,151.94,323.75,4031
3921,14:09:32,271,111.27,320.89,3111
3922,14:09:32,271,111.27,320.89,3111
3923,14:09:33,380,184.44,27.11,5557
3924,14:09:33,380,184.44,27.11,5557
3925,14:09:34,380,159.34,33.52,5557
3926,14:09:34,380,159.34,33.52,5557
3927,14:09:34,260,120.44,51.75,321
3928,14:09:34,260,120.44,51.75,321
3929,14:09:34,277,156.59,55.8,321
3930,14:09:34,277,156.59,55.8,321
3931,14:09:34,55,88.67,51.39,2100
3932,14:09:34,55,88.67,51.39,2100
3933,14:09:34,270,186.71,51.61,311
3934,14:09:34,270,186.71,51.61,311
3935,14:09:35,176,133.59,65.98,6417
3936,14:09:35,176,133.59,65.98,6417
3937,14:09:35,310,193.41,66.7,533
3938,14:09:35,310,193.41,66.7,533
3939,14:09:35,170,112.63,67.24,6417
3940,14:09:35,170,112.63,67.24,6417
3941,14:09:35,279,107.55,54.96,264
3942,14:09:35,279,107.55,54.96,264
3943,14:09:35,360,259.26,64.93,5423
3944,14:09:35,360,259.26,64.93,5423
3945,14:09:35,288,136.29,66.12,533
3946,14:09:35,288,136.29,66.12,533
3947,14:09:35,94,67.5,76.66,572
3948,14:09:35,94,67.5,76.66,572
3949,14:09:36,256,131.19,100.58,342
3950,14:09:36,256,131.19,100.58,342
3951,14:09:36,268,159.44,105.51,342
3952,14:09:36,268,159.44,105.51,342
3953,14:09:36,39,34.67,116.26,2022
3954,14:09:36,39,34.67,116.26,2022
3955,14:09:37,360,226.69,143.08,571
3956,14:09:37,360,226.69,143.08,571
3957,14:09:37,136,170.54,174.62,2714
3958,14:09:37,136,170.54,174.62,2714
3959,14:09:37,350,257.62,163.06,325
3960,14:09:37,350,257.62,163.06,325
3961,14:09:37,350,234.52,161.1,325
3962,14:09:37,350,234.52,161.1,325
3963,14:09:37,163,199.67,169.56,2714
3964,14:09:37,163,199.67,169.56,2714
3965,14:09:37,192,136.98,174.59,346
3966,14:09:37,192,136.98,174.59,346
3967,14:09:38,159,174.55,184.17,334
3968,14:09:38,159,174.55,184.17,334
3969,14:09:38,330,313.43,194.35,327
3970,14:09:38,330,313.43,194.35,327
3971,14:09:38,330,365.75,206.18,327
3972,14:09:38,330,365.75,206.18,327
3973,14:09:39,196,96.27,220.4,357
3974,14:09:39,196,96.27,220.4,357
3975,14:09:39,380,110.3,231.73,107
3976,14:09:39,380,110.3,231.73,107
3977,14:09:40,380,97.54,259.25,107
3978,14:09:40,380,97.54,259.25,107
3979,14:09:41,390,162.59,303.41,3425
3980,14:09:41,390,162.59,303.41,3425
3981,14:09:42,344,198.2,321.41,4031
3982,14:09:42,344,198.2,321.41,4031
3983,14:09:42,286,156.11,325.08,3111
3984,14:09:42,286,156.11,325.08,3111
3985,14:09:42,334,138.87,324.37,4031
3986,14:09:42,334,138.87,324.37,4031
3987,14:09:42,271,98.57,318.65,3111
3988,14:09:42,271,98.57,318.65,3111
3989,14:09:43,380,191.35,26.22,5557
3990,14:09:43,380,191.35,26.22,5557
3991,14:09:44,380,160.52,32.79,5557
3992,14:09:44,380,160.52,32.79,5557
3993,14:09:44,263,122.47,50.62,321
3994,14:09:44,263,122.47,50.62,321
3995,14:09:44,277,164.48,56.92,321
3996,14:09:44,277,164.48,56.92,321
3997,14:09:44,55,90.03,51.2,2100
3998,14:09:44,55,90.03,51.2,2100
3999,14:09:44,270,187.88,51.46,311
4000,14:09:44,270,187.88,51.46,311
4001,14:09:44,175,131.79,65.52,6417
4002,14:09:44,175,131.79,65.52,6417
4003,14:09:44,307,191.16,66.26,533
4004,14:09:44,307,191.16,66.26,533
4005,14:09:44,170,110.13,67.49,6417
4006,14:09:44,170,110.13,67.49,6417
4007,14:09:44,279,109.94,54.71,264
4008,14:09:44,279,109.94,54.71,264
4009,14:09:44,360,257.02,64.75,5423
4010,14:09:44,360,257.02,64.75,5423
4011,14:09:44,288,115.96,66.08,533
4012,14:09:44,288,115.96,66.08,533
4013,14:09:45,92,65.09,77.6,572
4014,14:09:45,92,65.09,77.6,572
4015,14:09:46,258,133.36,99.75,342
4016,14:09:46,258,133.36,99.75,342
4017,14:09:46,350,288.4,96.24,326
4018,14:09:46,350,288.4,96.24,326
4019,14:09:46,37,32.51,102.29,2022
4020,14:09:46,37,32.51,102.29,2022
4021,14:09:46,268,163.37,105.92,342
4022,14:09:46,268,163.37,105.92,342
4023,14:09:46,380,109.83,111.05,107
4024,14:09:46,380,109.83,111.05,107
4025,14:09:47,360,225.89,143.43,571
4026,14:09:47,360,225.89,143.43,571
4027,14:09:47,136,166.95,175.82,2714
4028,14:09:47,136,166.95,175.82,2714
4029,14:09:47,350,260.11,163.68,325
4030,14:09:47,350,260.11,163.68,325
4031,14:09:47,350,236.93,161.62,325
4032,14:09:47,350,236.93,161.62,325
4033,14:09:47,156,198.16,169.89,2714
4034,14:09:47,156,198.16,169.89,2714
4035,14:09:47,194,139.22,173.42,346
4036,14:09:47,194,139.22,173.42,346
4037,14:09:48,160,175.27,184.38,334
4038,14:09:48,160,175.27,184.38,334
4039,14:09:48,330,315.79,194.76,327
4040,14:09:48,330,315.79,194.76,327
4041,14:09:48,330,379.92,208.93,327
4042,14:09:48,330,379.92,208.93,327
4043,14:09:49,196,103.85,219.45,357
4044,14:09:49,196,103.85,219.45,357
4045,14:09:49,380,109.37,234.55,107
4046,14:09:49,380,109.37,234.55,107
4047,14:09:50,380,97.01,264.9,107
4048,14:09:50,380,97.01,264.9,107
4049,14:09:51,390,161.68,300.82,3425
4050,14:09:51,390,161.68,300.82,3425
4051,14:09:52,342,195.79,322.16,4031
4052,14:09:52,342,195.79,322.16,4031
4053,14:09:52,390,261.84,323.78,2145
4054,14:09:52,390,261.84,323.78,2145
4055,14:09:52,283,153.74,325.18,3111
4056,14:09:52,283,153.74,325.18,3111
4057,14:09:52,334,124.71,325.19,4031
4058,14:09:52,334,124.71,325.19,4031
4059,14:09:52,271,84.9,315.36,3111
4060,14:09:52,271,84.9,315.36,3111
4061,14:09:53,179,59.85,355.46,357
4062,14:09:53,179,59.85,355.46,357
4063,14:09:53,380,161.71,32.59,5557
4064,14:09:53,380,161.71,32.59,5557
4065,14:09:53,380,198.91,25.39,5557
4066,14:09:53,380,198.91,25.39,5557
4067,14:09:54,263,124.51,49.68,321
4068,14:09:54,263,124.51,49.68,321
4069,14:09:54,277,172.82,58.04,321
4070,14:09:54,277,172.82,58.04,321
4071,14:09:54,55,90.68,51.14,2100
4072,14:09:54,55,90.68,51.14,2100
4073,14:09:54,270,188.75,51.42,311
4074,14:09:54,270,188.75,51.42,311
4075,14:09:54,174,130.03,65.24,6417
4076,14:09:54,174,130.03,65.24,6417
4077,14:09:54,304,188.9,66.03,533
4078,14:09:54,304,188.9,66.03,533
4079,14:09:54,170,107.77,67.74,6417
4080,14:09:54,170,107.77,67.74,6417
4081,14:09:54,279,112.32,54.48,264
4082,14:09:54,279,112.32,54.48,264
4083,14:09:54,360,254.78,64.56,5423
4084,14:09:54,360,254.78,64.56,5423
4085,14:09:54,288,92.72,66.03,533
4086,14:09:54,288,92.72,66.03,533
4087,14:09:55,91,64.05,78.75,572
4088,14:09:55,91,64.05,78.75,572
4089,14:09:56,350,290.81,96.36,326
4090,14:09:56,350,290.81,96.36,326
4091,14:09:56,260,135.57,101.61,342
4092,14:09:56,260,135.57,101.61,342
4093,14:09:56,36,33.48,110.87,2022
4094,14:09:56,36,33.48,110.87,2022
4095,14:09:56,268,167.21,106.29,342
4096,14:09:56,268,167.21,106.29,342
4097,14:09:56,380,108.89,111.58,107
4098,14:09:56,380,108.89,111.58,107
4099,14:09:57,360,225.1,143.79,571
4100,14:09:57,360,225.1,143.79,571
4101,14:09:57,136,164.73,176.8,2714
4102,14:09:57,136,164.73,176.8,2714
4103,14:09:57,350,262.62,164.29,325
4104,14:09:57,350,262.62,164.29,325
4105,14:09:57,350,239.36,162.12,325
4106,14:09:57,350,239.36,162.12,325
4107,14:09:57,150,196.63,170.68,2714
4108,14:09:57,150,196.63,170.68,2714
4109,14:09:57,196,140.29,172.63,346
4110,14:09:57,196,140.29,172.63,346
4111,14:09:58,160,175.99,184.89,334
4112,14:09:58,160,175.99,184.89,334
4113,14:09:58,330,318.04,194.3,327
4114,14:09:58,330,318.04,194.3,327
4115,14:09:59,196,111.24,218.58,357
4116,14:09:59,196,111.24,218.58,357
4117,14:09:59,181,59.73,226.13,357
4118,14:09:59,181,59.73,226.13,357
4119,14:09:59,380,109.36,234.22,107
4120,14:09:59,380,109.36,234.22,107
4121,14:10:00,380,97.16,262.07,107
4122,14:10:00,380,97.16,262.07,107
4123,14:10:00,370,226.33,266.78,4067
4124,14:10:00,370,226.33,266.78,4067
4125,14:10:01,390,162.09,302.13,3425
4126,14:10:01,390,162.09,302.13,3425
4127,14:10:02,35,34.79,316.22,2022
4128,14:10:02,35,34.79,316.22,2022
4129,14:10:02,341,195.8,322.16,4031
4130,14:10:02,341,195.8,322.16,4031
4131,14:10:02,390,260.73,323.78,2145
4132,14:10:02,390,260.73,323.78,2145
4133,14:10:02,284,153.74,325.04,3111
4134,14:10:02,284,153.74,325.04,3111
4135,14:10:02,334,131.76,324.76,4031
4136,14:10:02,334,131.76,324.76,4031
4137,14:10:02,271,91.7,317.12,3111
4138,14:10:02,271,91.7,317.12,3111
4139,14:10:03,179,58.91,355.52,357
4140,14:10:03,179,58.91,355.52,357
4141,14:10:03,380,161.7,32.37,5557
4142,14:10:03,380,161.7,32.37,5557
4143,14:10:03,380,195.12,25.8,5557
4144,14:10:03,380,195.12,25.8,5557
4145,14:10:04,263,123.48,50.15,321
4146,14:10:04,263,123.48,50.15,321
4147,14:10:04,277,168.64,57.5,321
4148,14:10:04,277,168.64,57.5,321
4149,14:10:04,55,90.29,51.16,2100
4150,14:10:04,55,90.29,51.16,2100
4151,14:10:04,270,188.17,51.42,311
4152,14:10:04,270,188.17,51.42,311
4153,14:10:04,174,130.92,65.42,6417
4154,14:10:04,174,130.92,65.42,6417
4155,14:10:04,304,190.03,66.18,533
4156,14:10:04,304,190.03,66.18,533
4157,14:10:04,170,108.95,67.62,6417
4158,14:10:04,170,108.95,67.62,6417
4159,14:10:04,279,111.13,54.59,264
4160,14:10:04,279,111.13,54.59,264
4161,14:10:04,360,255.9,64.65,5423
4162,14:10:04,360,255.9,64.65,5423
4163,14:10:05,91,64.99,78.32,572
4164,14:10:05,91,64.99,78.32,572
4165,14:10:06,350,289.62,96.34,326
4166,14:10:06,350,289.62,96.34,326
4167,14:10:06,260,134.48,101.3,342
4168,14:10:06,260,134.48,101.3,342
4169,14:10:06,36,32.76,106.67,2022
4170,14:10:06,36,32.76,106.67,2022
4171,14:10:06,268,165.3,106.11,342
4172,14:10:06,268,165.3,106.11,342
4173,14:10:06,380,109.33,111.96,107
4174,14:10:06,380,109.33,111.96,107
4175,14:10:06,360,225.49,143.6,571
4176,14:10:06,360,225.49,143.6,571
4177,14:10:07,350,261.37,163.98,325
4178,14:10:07,350,261.37,163.98,325
4179,14:10:07,350,238.14,161.87,325
4180,14:10:07,350,238.14,161.87,325
4181,14:10:08,150,197.39,170.43,2714
4182,14:10:08,150,197.39,170.43,2714
4183,14:10:08,196,139.38,172.81,346
4184,14:10:08,196,139.38,172.81,346
4185,14:10:08,160,175.54,184.79,334
4186,14:10:08,160,175.54,184.79,334
4187,14:10:08,330,316.91,194.36,327
4188,14:10:08,330,316.91,194.36,327
4189,14:10:09,196,118.39,217.78,357
4190,14:10:09,196,118.39,217.78,357
4191,14:10:09,181,59.74,226.13,357
4192,14:10:09,181,59.74,226.13,357
4193,14:10:09,380,109.36,234.22,107
4194,14:10:09,380,109.36,234.22,107
4195,14:10:10,370,226.36,266.78,4067
4196,14:10:10,370,226.36,266.78,4067
4197,14:10:12,35,34.8,316.22,2022
4198,14:10:12,35,34.8,316.22,2022
4199,14:10:12,341,195.79,322.16,4031
4200,14:10:12,341,195.79,322.16,4031
4201,14:10:12,390,260.73,323.78,2145
4202,14:10:12,390,260.73,323.78,2145
4203,14:10:12,284,153.74,325.04,3111
4204,14:10:12,284,153.74,325.04,3111
4205,14:10:13,179,58.91,355.52,357
4206,14:10:13,179,58.91,355.52,357
4207,14:10:13,380,161.7,32.37,5557
4208,14:10:13,380,161.7,32.37,5557
4209,14:10:14,263,123.48,50.15,321
4210,14:10:14,263,123.48,50.15,321
4211,14:10:14,55,90.29,51.16,2100
4212,14:10:14,55,90.29,51.16,2100
4213,14:10:14,270,188.17,51.42,311
4214,14:10:14,270,188.17,51.42,311
4215,14:10:14,174,130.92,65.42,6417
4216,14:10:14,174,130.92,65.42,6417
4217,14:10:14,304,190.03,66.18,533
4218,14:10:14,304,190.03,66.18,533
4219,14:10:15,91,64.99,78.32,572
4220,14:10:15,91,64.99,78.32,572
4221,14:10:16,350,289.62,96.34,326
4222,14:10:16,350,289.62,96.34,326
4223,14:10:16,260,134.48,101.3,342
4224,14:10:16,260,134.48,101.3,342
4225,14:10:16,36,32.76,106.67,2022
4226,14:10:16,36,32.76,106.67,2022
4227,14:10:16,380,109.33,111.96,107
4228,14:10:16,380,109.33,111.96,107
4229,14:10:17,350,238.14,161.87,325
4230,14:10:17,350,238.14,161.87,325
4231,14:10:17,150,197.39,170.43,2714
4232,14:10:17,150,197.39,170.43,2714
4233,14:10:17,196,139.38,172.81,346
4234,14:10:17,196,139.38,172.81,346
4235,14:10:18,160,175.54,184.79,334
4236,14:10:18,160,175.54,184.79,334
4237,14:10:19,330,316.91,194.36,327
4238,14:10:19,330,316.91,194.36,327
4239,14:10:19,181,59.74,226.13,357
4240,14:10:19,181,59.74,226.13,357
4241,14:10:19,380,109.36,234.22,107
4242,14:10:19,380,109.36,234.22,107
4243,14:10:20,370,226.36,266.78,4067
4244,14:10:20,370,226.36,266.78,4067
4245,14:10:21,390,173.81,311.11,3425
4246,14:10:21,390,173.81,311.11,3425
4247,14:10:22,35,34.8,316.22,2022
4248,14:10:22,35,34.8,316.22,2022
4249,14:10:22,341,195.79,322.16,4031
4250,14:10:22,341,195.79,322.16,4031
4251,14:10:22,390,260.73,323.78,2145
4252,14:10:22,390,260.73,323.78,2145
4253,14:10:22,284,153.74,325.04,3111
4254,14:10:22,284,153.74,325.04,3111
4255,14:10:23,179,58.91,355.52,357
4256,14:10:23,179,58.91,355.52,357
4257,14:10:24,380,161.7,32.37,5557
4258,14:10:24,380,161.7,32.37,5557
4259,14:10:24,263,123.48,50.15,321
4260,14:10:24,263,123.48,50.15,321
4261,14:10:24,55,90.29,51.16,2100
4262,14:10:24,55,90.29,51.16,2100
4263,14:10:24,270,188.17,51.42,311
4264,14:10:24,270,188.17,51.42,311
4265,14:10:24,174,130.92,65.42,6417
4266,14:10:24,174,130.92,65.42,6417
4267,14:10:24,304,190.03,66.18,533
4268,14:10:24,304,190.03,66.18,533
4269,14:10:25,91,64.99,78.32,572
4270,14:10:25,91,64.99,78.32,572
4271,14:10:26,350,289.62,96.34,326
4272,14:10:26,350,289.62,96.34,326
4273,14:10:26,260,134.48,101.3,342
4274,14:10:26,260,134.48,101.3,342
4275,14:10:26,36,32.75,106.66,2022
4276,14:10:26,36,32.75,106.66,2022
4277,14:10:26,380,109.33,111.96,107
4278,14:10:26,380,109.33,111.96,107
4279,14:10:27,350,238.14,161.87,325
4280,14:10:27,350,238.14,161.87,325
4281,14:10:27,150,197.39,170.43,2714
4282,14:10:27,150,197.39,170.43,2714
4283,14:10:27,196,139.38,172.81,346
4284,14:10:27,196,139.38,172.81,346
4285,14:10:28,160,175.54,184.79,334
4286,14:10:28,160,175.54,184.79,334
4287,14:10:29,330,316.91,194.36,327
4288,14:10:29,330,316.91,194.36,327
4289,14:10:29,181,62.63,225.9,357
4290,14:10:29,181,62.63,225.9,357
4291,14:10:29,380,107.6,238.68,107
4292,14:10:29,380,107.6,238.68,107
4293,14:10:30,370,225.77,265.49,4067
4294,14:10:30,370,225.77,265.49,4067
4295,14:10:31,390,170.75,311.67,3425
4296,14:10:31,390,170.75,311.67,3425
4297,14:10:32,35,42.96,338.84,2022
4298,14:10:32,35,42.96,338.84,2022
4299,14:10:32,341,190.19,322.99,4031
4300,14:10:32,341,190.19,322.99,4031
4301,14:10:32,390,252.49,323.99,2145
4302,14:10:32,390,252.49,323.99,2145
4303,14:10:32,284,148.18,325.1,3111
4304,14:10:32,284,148.18,325.1,3111
4305,14:10:33,179,61.76,355.34,357
4306,14:10:33,179,61.76,355.34,357
4307,14:10:33,380,164.48,31.22,5557
4308,14:10:33,380,164.48,31.22,5557
4309,14:10:34,275,136.05,52.12,321
4310,14:10:34,275,136.05,52.12,321
4311,14:10:34,55,94.11,51.5,2100
4312,14:10:34,55,94.11,51.5,2100
4313,14:10:34,270,196.6,52.27,311
4314,14:10:34,270,196.6,52.27,311
4315,14:10:34,288,178.57,66.15,533
4316,14:10:34,288,178.57,66.15,533
4317,14:10:35,170,122.25,66.3,6417
4318,14:10:35,170,122.25,66.3,6417
4319,14:10:35,85,58.98,80.62,572
4320,14:10:35,85,58.98,80.62,572
4321,14:10:36,350,293.18,96.43,326
4322,14:10:36,350,293.18,96.43,326
4323,14:10:36,266,144.22,104.98,342
4324,14:10:36,266,144.22,104.98,342
4325,14:10:36,30,29.75,96.76,2022
4326,14:10:36,30,29.75,96.76,2022
4327,14:10:36,380,107.98,111.44,107
4328,14:10:36,380,107.98,111.44,107
4329,14:10:37,136,189.88,170.48,2714
4330,14:10:37,136,189.88,170.48,2714
4331,14:10:38,201,145.15,173.89,346
4332,14:10:38,201,145.15,173.89,346
4333,14:10:38,160,176.84,185.12,334
4334,14:10:38,160,176.84,185.12,334
4335,14:10:39,330,328.14,197.11,327
4336,14:10:39,330,328.14,197.11,327
4337,14:10:39,181,64.55,225.75,357
4338,14:10:39,181,64.55,225.75,357
4339,14:10:40,380,104.55,241.96,107
4340,14:10:40,380,104.55,241.96,107
4341,14:10:40,370,225.44,264.63,4067
4342,14:10:40,370,225.44,264.63,4067
4343,14:10:41,390,168.71,310.19,3425
4344,14:10:41,390,168.71,310.19,3425
4345,14:10:42,35,50.96,348.93,2022
4346,14:10:42,35,50.96,348.93,2022
4347,14:10:42,334,180.91,322.69,4031
4348,14:10:42,334,180.91,322.69,4031
4349,14:10:42,390,245.54,324.18,2145
4350,14:10:42,390,245.54,324.18,2145
4351,14:10:42,271,139.32,324.13,3111
4352,14:10:42,271,139.32,324.13,3111
4353,14:10:43,179,63.66,355.22,357
4354,14:10:43,179,63.66,355.22,357
4355,14:10:44,380,169.31,29.68,5557
4356,14:10:44,380,169.31,29.68,5557
4357,14:10:44,277,137.81,52.97,321
4358,14:10:44,277,137.81,52.97,321
4359,14:10:44,55,94.52,51.53,2100
4360,14:10:44,55,94.52,51.53,2100
4361,14:10:44,270,197.57,52.22,311
4362,14:10:44,270,197.57,52.22,311
4363,14:10:44,170,120.32,66.55,6417
4364,14:10:44,170,120.32,66.55,6417
4365,14:10:44,279,101.09,55.68,264
4366,14:10:44,279,101.09,55.68,264
4367,14:10:44,360,265.28,65.41,5423
4368,14:10:44,360,265.28,65.41,5423
4369,14:10:44,288,173.58,66.15,533
4370,14:10:44,288,173.58,66.15,533
4371,14:10:44,84,57.45,80.73,572
4372,14:10:44,84,57.45,80.73,572
4373,14:10:44,350,295.57,96.52,326
4374,14:10:44,350,295.57,96.52,326
4375,14:10:44,268,148.01,104.04,342
4376,14:10:44,268,148.01,104.04,342
4377,14:10:44,30,32.68,107.79,2022
4378,14:10:44,30,32.68,107.79,2022
4379,14:10:44,380,107.27,111.81,107
4380,14:10:44,380,107.27,111.81,107
4381,14:10:44,360,228.84,142.14,571
4382,14:10:44,360,228.84,142.14,571
4383,14:10:44,136,184.52,171.36,2714
4384,14:10:44,136,184.52,171.36,2714
4385,14:10:45,203,147.02,174.42,346
4386,14:10:45,203,147.02,174.42,346
4387,14:10:45,160,177.63,185.38,334
4388,14:10:45,160,177.63,185.38,334
4389,14:10:45,330,336.11,199.24,327
4390,14:10:45,330,336.11,199.24,327
4391,14:10:46,196,71.53,224.19,357
4392,14:10:46,196,71.53,224.19,357
4393,14:10:47,380,103.2,244.14,107
4394,14:10:47,380,103.2,244.14,107
4395,14:10:47,370,225.28,264.16,4067
4396,14:10:47,370,225.28,264.16,4067
4397,14:10:48,390,167.63,309.5,3425
4398,14:10:48,390,167.63,309.5,3425
4399,14:10:49,35,55.88,353.18,2022
4400,14:10:49,35,55.88,353.18,2022
4401,14:10:49,334,175.74,322.85,4031
4402,14:10:49,334,175.74,322.85,4031
4403,14:10:49,390,241.27,324.29,2145
4404,14:10:49,390,241.27,324.29,2145
4405,14:10:49,271,134.33,323.69,3111
4406,14:10:49,271,134.33,323.69,3111
4407,14:10:49,179,64.71,355.17,357
4408,14:10:49,179,64.71,355.17,357
4409,14:10:50,380,171.98,29.13,5557
4410,14:10:50,380,171.98,29.13,5557
4411,14:10:51,277,141.34,53.51,321
4412,14:10:51,277,141.34,53.51,321
4413,14:10:51,55,88.37,51.54,2100
4414,14:10:51,55,88.37,51.54,2100
4415,14:10:51,270,185.49,51.23,311
4416,14:10:51,270,185.49,51.23,311
4417,14:10:51,170,118.64,66.69,6417
4418,14:10:51,170,118.64,66.69,6417
4419,14:10:51,279,102.41,55.52,264
4420,14:10:51,279,102.41,55.52,264
4421,14:10:51,360,264.09,65.31,5423
4422,14:10:51,360,264.09,65.31,5423
4423,14:10:51,288,167.96,66.15,533
4424,14:10:51,288,167.96,66.15,533
4425,14:10:51,97,67.35,76.04,572
4426,14:10:51,97,67.35,76.04,572
4427,14:10:52,350,296.87,96.58,326
4428,14:10:52,350,296.87,96.58,326
4429,14:10:53,268,150.41,104.39,342
4430,14:10:53,268,150.41,104.39,342
4431,14:10:53,30,63.05,135.79,2022
4432,14:10:53,30,63.05,135.79,2022
4433,14:10:53,380,107.38,112.31,107
4434,14:10:53,380,107.38,112.31,107
4435,14:10:53,360,228.43,142.33,571
4436,14:10:53,360,228.43,142.33,571
4437,14:10:54,136,181.37,171.97,2714
4438,14:10:54,136,181.37,171.97,2714
4439,14:10:54,184,138.3,176.9,346
4440,14:10:54,184,138.3,176.9,346
4441,14:10:55,158,172.06,185.22,334
4442,14:10:55,158,172.06,185.22,334
4443,14:10:55,330,341.23,200.57,327
4444,14:10:55,330,341.23,200.57,327
4445,14:10:56,196,80.69,222.64,357
4446,14:10:56,196,80.69,222.64,357
4447,14:10:57,380,100.65,249.12,107
4448,14:10:57,380,100.65,249.12,107
4449,14:10:57,370,224.99,263.16,4067
4450,14:10:57,370,224.99,263.16,4067
4451,14:10:58,390,165.5,307.72,3425
4452,14:10:58,390,165.5,307.72,3425
4453,14:10:59,35,66.93,359.95,2022
4454,14:10:59,35,66.93,359.95,2022
4455,14:10:59,334,163.82,323.27,4031
4456,14:10:59,334,163.82,323.27,4031
4457,14:10:59,390,231.75,324.54,2145
4458,14:10:59,390,231.75,324.54,2145
4459,14:10:59,271,122.81,322.46,3111
4460,14:10:59,271,122.81,322.46,3111
4461,14:11:00,380,178.2,28.03,5557
4462,14:11:00,380,178.2,28.03,5557
4463,14:11:01,277,149.17,54.69,321
4464,14:11:01,277,149.17,54.69,321
4465,14:11:01,55,87.31,51.89,2100
4466,14:11:01,55,87.31,51.89,2100
4467,14:11:01,270,181.94,51.67,311
4468,14:11:01,270,181.94,51.67,311
4469,14:11:01,170,115.3,66.98,6417
4470,14:11:01,170,115.3,66.98,6417
4471,14:11:01,279,105.16,55.21,264
4472,14:11:01,279,105.16,55.21,264
4473,14:11:01,360,261.5,65.11,5423
4474,14:11:01,360,261.5,65.11,5423
4475,14:11:01,288,153.3,66.14,533
4476,14:11:01,288,153.3,66.14,533
4477,14:11:02,95,70.51,75.64,572
4478,14:11:02,95,70.51,75.64,572
4479,14:11:03,268,155.36,105.04,342
4480,14:11:03,268,155.36,105.04,342
4481,14:11:03,30,191.9,152.25,2022
4482,14:11:03,30,191.9,152.25,2022
4483,14:11:03,360,227.49,142.73,571
4484,14:11:03,360,227.49,142.73,571
4485,14:11:04,136,175.21,173.34,2714
4486,14:11:04,136,175.21,173.34,2714
4487,14:11:04,189,134.45,175,346
4488,14:11:04,189,134.45,175,346
4489,14:11:05,159,175.28,184.82,334
4490,14:11:05,159,175.28,184.82,334
4491,14:11:05,330,353.32,203.48,327
4492,14:11:05,330,353.32,203.48,327
4493,14:11:06,196,88.54,221.46,357
4494,14:11:06,196,88.54,221.46,357
4495,14:11:07,380,98.8,253.97,107
4496,14:11:07,380,98.8,253.97,107
4497,14:11:08,390,163.89,305.73,3425
4498,14:11:08,390,163.89,305.73,3425
4499,14:11:09,334,151.94,323.75,4031
4500,14:11:09,334,151.94,323.75,4031
4501,14:11:09,271,111.27,320.89,3111
4502,14:11:09,271,111.27,320.89,3111
4503,14:11:10,380,184.44,27.11,5557
4504,14:11:10,380,184.44,27.11,5557
4505,14:11:11,380,159.34,33.52,5557
4506,14:11:11,380,159.34,33.52,5557
4507,14:11:11,260,120.44,51.75,321
4508,14:11:11,260,120.44,51.75,321
4509,14:11:11,277,156.59,55.8,321
4510,14:11:11,277,156.59,55.8,321
4511,14:11:11,55,88.68,51.4,2100
4512,14:11:11,55,88.68,51.4,2100
4513,14:11:11,270,185.45,51.5,311
4514,14:11:11,270,185.45,51.5,311
4515,14:11:12,176,133.59,65.98,6417
4516,14:11:12,176,133.59,65.98,6417
4517,14:11:12,310,193.41,66.7,533
4518,14:11:12,310,193.41,66.7,533
4519,14:11:12,170,112.63,67.24,6417
4520,14:11:12,170,112.63,67.24,6417
4521,14:11:12,279,107.55,54.96,264
4522,14:11:12,279,107.55,54.96,264
4523,14:11:12,360,259.26,64.93,5423
4524,14:11:12,360,259.26,64.93,5423
4525,14:11:12,288,136.29,66.12,533
4526,14:11:12,288,136.29,66.12,533
4527,14:11:12,94,67.78,76.38,572
4528,14:11:12,94,67.78,76.38,572
4529,14:11:13,256,131.19,100.58,342
4530,14:11:13,256,131.19,100.58,342
4531,14:11:13,268,159.44,105.51,342
4532,14:11:13,268,159.44,105.51,342
4533,14:11:13,360,226.69,143.08,571
4534,14:11:13,360,226.69,143.08,571
4535,14:11:14,136,170.54,174.62,2714
4536,14:11:14,136,170.54,174.62,2714
4537,14:11:14,163,199.67,169.56,2714
4538,14:11:14,163,199.67,169.56,2714
4539,14:11:14,192,136.99,174.46,346
4540,14:11:14,192,136.99,174.46,346
4541,14:11:15,159,174.94,184.78,334
4542,14:11:15,159,174.94,184.78,334
4543,14:11:15,330,313.43,194.35,327
4544,14:11:15,330,313.43,194.35,327
4545,14:11:15,330,365.75,206.18,327
4546,14:11:15,330,365.75,206.18,327
4547,14:11:16,196,96.27,220.4,357
4548,14:11:16,196,96.27,220.4,357
4549,14:11:16,380,110.3,231.73,107
4550,14:11:16,380,110.3,231.73,107
4551,14:11:17,380,97.54,259.25,107
4552,14:11:17,380,97.54,259.25,107
4553,14:11:18,390,162.59,303.41,3425
4554,14:11:18,390,162.59,303.41,3425
4555,14:11:19,344,198.2,321.41,4031
4556,14:11:19,344,198.2,321.41,4031
4557,14:11:19,286,156.11,325.08,3111
4558,14:11:19,286,156.11,325.08,3111
4559,14:11:19,334,138.87,324.37,4031
4560,14:11:19,334,138.87,324.37,4031
4561,14:11:19,271,98.57,318.65,3111
4562,14:11:19,271,98.57,318.65,3111
4563,14:11:20,380,191.35,26.22,5557
4564,14:11:20,380,191.35,26.22,5557
4565,14:11:21,380,160.52,32.79,5557
4566,14:11:21,380,160.52,32.79,5557
4567,14:11:21,263,122.47,50.62,321
4568,14:11:21,263,122.47,50.62,321
4569,14:11:21,277,164.48,56.92,321
4570,14:11:21,277,164.48,56.92,321
4571,14:11:21,55,90.04,51.21,2100
4572,14:11:21,55,90.04,51.21,2100
4573,14:11:21,270,187.99,51.67,311
4574,14:11:21,270,187.99,51.67,311
4575,14:11:21,175,131.79,65.52,6417
4576,14:11:21,175,131.79,65.52,6417
4577,14:11:21,307,191.16,66.26,533
4578,14:11:21,307,191.16,66.26,533
4579,14:11:21,170,110.13,67.49,6417
4580,14:11:21,170,110.13,67.49,6417
4581,14:11:21,279,109.94,54.71,264
4582,14:11:21,279,109.94,54.71,264
4583,14:11:21,360,257.02,64.75,5423
4584,14:11:21,360,257.02,64.75,5423
4585,14:11:21,288,115.96,66.08,533
4586,14:11:21,288,115.96,66.08,533
4587,14:11:22,92,65.25,77.37,572
4588,14:11:22,92,65.25,77.37,572
4589,14:11:22,258,133.36,99.75,342
4590,14:11:22,258,133.36,99.75,342
4591,14:11:22,350,288.4,96.24,326
4592,14:11:22,350,288.4,96.24,326
4593,14:11:23,268,163.37,105.92,342
4594,14:11:23,268,163.37,105.92,342
4595,14:11:23,380,109.83,111.05,107
4596,14:11:23,380,109.83,111.05,107
4597,14:11:24,360,225.89,143.43,571
4598,14:11:24,360,225.89,143.43,571
4599,14:11:24,136,166.95,175.82,2714
4600,14:11:24,136,166.95,175.82,2714
4601,14:11:24,156,198.16,169.89,2714
4602,14:11:24,156,198.16,169.89,2714
4603,14:11:24,194,139.23,173.22,346
4604,14:11:24,194,139.23,173.22,346
4605,14:11:25,160,175.2,184.65,334
4606,14:11:25,160,175.2,184.65,334
4607,14:11:25,330,315.79,194.76,327
4608,14:11:25,330,315.79,194.76,327
4609,14:11:25,330,379.92,208.93,327
4610,14:11:25,330,379.92,208.93,327
4611,14:11:26,196,103.85,219.45,357
4612,14:11:26,196,103.85,219.45,357
4613,14:11:26,380,109.37,234.55,107
4614,14:11:26,380,109.37,234.55,107
4615,14:11:27,380,97.01,264.9,107
4616,14:11:27,380,97.01,264.9,107
4617,14:11:28,390,161.68,300.82,3425
4618,14:11:28,390,161.68,300.82,3425
4619,14:11:29,342,195.79,322.16,4031
4620,14:11:29,342,195.79,322.16,4031
4621,14:11:29,390,261.84,323.78,2145
4622,14:11:29,390,261.84,323.78,2145
4623,14:11:29,283,153.74,325.18,3111
4624,14:11:29,283,153.74,325.18,3111
4625,14:11:29,334,124.71,325.19,4031
4626,14:11:29,334,124.71,325.19,4031
4627,14:11:29,271,84.9,315.36,3111
4628,14:11:29,271,84.9,315.36,3111
4629,14:11:30,179,59.85,355.46,357
4630,14:11:30,179,59.85,355.46,357
4631,14:11:30,380,161.71,32.59,5557
4632,14:11:30,380,161.71,32.59,5557
4633,14:11:30,380,198.91,25.39,5557
4634,14:11:30,380,198.91,25.39,5557
4635,14:11:31,263,124.51,49.68,321
4636,14:11:31,263,124.51,49.68,321
4637,14:11:31,277,172.82,58.04,321
4638,14:11:31,277,172.82,58.04,321
4639,14:11:31,55,90.66,51.15,2100
4640,14:11:31,55,90.66,51.15,2100
4641,14:11:31,270,189.01,51.54,311
4642,14:11:31,270,189.01,51.54,311
4643,14:11:31,174,130.03,65.24,6417
4644,14:11:31,174,130.03,65.24,6417
4645,14:11:31,304,188.9,66.03,533
4646,14:11:31,304,188.9,66.03,533
4647,14:11:31,170,107.77,67.74,6417
4648,14:11:31,170,107.77,67.74,6417
4649,14:11:31,279,112.32,54.48,264
4650,14:11:31,279,112.32,54.48,264
4651,14:11:31,360,254.78,64.56,5423
4652,14:11:31,360,254.78,64.56,5423
4653,14:11:31,288,92.72,66.03,533
4654,14:11:31,288,92.72,66.03,533
4655,14:11:32,91,64.7,78.22,572
4656,14:11:32,91,64.7,78.22,572
4657,14:11:33,350,290.81,96.36,326
4658,14:11:33,350,290.81,96.36,326
4659,14:11:33,260,135.57,101.61,342
4660,14:11:33,260,135.57,101.61,342
4661,14:11:33,36,32.33,106.39,2022
4662,14:11:33,36,32.33,106.39,2022
4663,14:11:33,268,167.21,106.29,342
4664,14:11:33,268,167.21,106.29,342
4665,14:11:33,380,108.89,111.58,107
4666,14:11:33,380,108.89,111.58,107
4667,14:11:34,360,225.1,143.79,571
4668,14:11:34,360,225.1,143.79,571
4669,14:11:34,136,164.73,176.8,2714
4670,14:11:34,136,164.73,176.8,2714
4671,14:11:34,150,196.63,170.68,2714
4672,14:11:34,150,196.63,170.68,2714
4673,14:11:34,196,140.29,172.41,346
4674,14:11:34,196,140.29,172.41,346
4675,14:11:35,160,175.74,184.79,334
4676,14:11:35,160,175.74,184.79,334
4677,14:11:35,330,318.04,194.3,327
4678,14:11:35,330,318.04,194.3,327
4679,14:11:36,196,111.24,218.58,357
4680,14:11:36,196,111.24,218.58,357
4681,14:11:36,181,59.73,226.13,357
4682,14:11:36,181,59.73,226.13,357
4683,14:11:36,380,109.36,234.22,107
4684,14:11:36,380,109.36,234.22,107
4685,14:11:37,380,97.16,262.07,107
4686,14:11:37,380,97.16,262.07,107
4687,14:11:37,370,226.33,266.78,4067
4688,14:11:37,370,226.33,266.78,4067
4689,14:11:38,390,162.09,302.13,3425
4690,14:11:38,390,162.09,302.13,3425
4691,14:11:39,35,34.79,316.22,2022
4692,14:11:39,35,34.79,316.22,2022
4693,14:11:39,341,195.8,322.16,4031
4694,14:11:39,341,195.8,322.16,4031
4695,14:11:39,390,260.73,323.78,2145
4696,14:11:39,390,260.73,323.78,2145
4697,14:11:39,284,153.74,325.04,3111
4698,14:11:39,284,153.74,325.04,3111
4699,14:11:39,334,131.76,324.76,4031
4700,14:11:39,334,131.76,324.76,4031
4701,14:11:39,271,91.7,317.12,3111
4702,14:11:39,271,91.7,317.12,3111
4703,14:11:40,179,58.91,355.52,357
4704,14:11:40,179,58.91,355.52,357
4705,14:11:40,380,161.7,32.37,5557
4706,14:11:40,380,161.7,32.37,5557
4707,14:11:40,380,195.12,25.8,5557
4708,14:11:40,380,195.12,25.8,5557
4709,14:11:41,263,123.48,50.15,321
4710,14:11:41,263,123.48,50.15,321
4711,14:11:41,277,168.64,57.5,321
4712,14:11:41,277,168.64,57.5,321
4713,14:11:41,55,90.29,51.16,2100
4714,14:11:41,55,90.29,51.16,2100
4715,14:11:41,270,188.15,51.53,311
4716,14:11:41,270,188.15,51.53,311
4717,14:11:41,174,130.92,65.42,6417
4718,14:11:41,174,130.92,65.42,6417
4719,14:11:41,304,190.03,66.18,533
4720,14:11:41,304,190.03,66.18,533
4721,14:11:41,170,108.95,67.62,6417
4722,14:11:41,170,108.95,67.62,6417
4723,14:11:41,279,111.13,54.59,264
4724,14:11:41,279,111.13,54.59,264
4725,14:11:41,360,255.9,64.65,5423
4726,14:11:41,360,255.9,64.65,5423
4727,14:11:42,91,65,78.13,572
4728,14:11:42,91,65,78.13,572
4729,14:11:43,350,289.62,96.34,326
4730,14:11:43,350,289.62,96.34,326
4731,14:11:43,260,134.48,101.3,342
4732,14:11:43,260,134.48,101.3,342
4733,14:11:43,36,32.56,106.4,2022
4734,14:11:43,36,32.56,106.4,2022
4735,14:11:43,268,165.3,106.11,342
4736,14:11:43,268,165.3,106.11,342
4737,14:11:43,380,109.33,111.96,107
4738,14:11:43,380,109.33,111.96,107
4739,14:11:43,360,225.49,143.6,571
4740,14:11:43,360,225.49,143.6,571
4741,14:11:45,150,197.39,170.43,2714
4742,14:11:45,150,197.39,170.43,2714
4743,14:11:45,196,139.37,172.66,346
4744,14:11:45,196,139.37,172.66,346
4745,14:11:45,160,175.49,184.79,334
4746,14:11:45,160,175.49,184.79,334
4747,14:11:45,330,316.91,194.36,327
4748,14:11:45,330,316.91,194.36,327
4749,14:11:46,196,118.39,217.78,357
4750,14:11:46,196,118.39,217.78,357
4751,14:11:46,181,59.74,226.13,357
4752,14:11:46,181,59.74,226.13,357
4753,14:11:46,380,109.36,234.22,107
4754,14:11:46,380,109.36,234.22,107
4755,14:11:47,370,226.36,266.78,4067
4756,14:11:47,370,226.36,266.78,4067
4757,14:11:49,35,34.8,316.22,2022
4758,14:11:49,35,34.8,316.22,2022
4759,14:11:49,341,195.79,322.16,4031
4760,14:11:49,341,195.79,322.16,4031
4761,14:11:49,390,260.73,323.78,2145
4762,14:11:49,390,260.73,323.78,2145
4763,14:11:49,284,153.74,325.04,3111
4764,14:11:49,284,153.74,325.04,3111
4765,14:11:50,179,58.91,355.52,357
4766,14:11:50,179,58.91,355.52,357
4767,14:11:50,380,161.7,32.37,5557
4768,14:11:50,380,161.7,32.37,5557
4769,14:11:51,263,123.48,50.15,321
4770,14:11:51,263,123.48,50.15,321
4771,14:11:51,55,90.29,51.16,2100
4772,14:11:51,55,90.29,51.16,2100
4773,14:11:51,270,188.15,51.54,311
4774,14:11:51,270,188.15,51.54,311
4775,14:11:51,174,130.92,65.42,6417
4776,14:11:51,174,130.92,65.42,6417
4777,14:11:51,304,190.03,66.18,533
4778,14:11:51,304,190.03,66.18,533
4779,14:11:52,91,64.99,78.14,572
4780,14:11:52,91,64.99,78.14,572
4781,14:11:53,350,289.62,96.34,326
4782,14:11:53,350,289.62,96.34,326
4783,14:11:53,260,134.48,101.3,342
4784,14:11:53,260,134.48,101.3,342
4785,14:11:53,36,32.56,106.4,2022
4786,14:11:53,36,32.56,106.4,2022
4787,14:11:53,380,109.33,111.96,107
4788,14:11:53,380,109.33,111.96,107
4789,14:11:54,150,197.39,170.43,2714
4790,14:11:54,150,197.39,170.43,2714
4791,14:11:54,196,139.37,172.66,346
4792,14:11:54,196,139.37,172.66,346
4793,14:11:55,160,175.49,184.79,334
4794,14:11:55,160,175.49,184.79,334
4795,14:11:55,330,316.91,194.36,327
4796,14:11:55,330,316.91,194.36,327
4797,14:11:56,181,59.74,226.13,357
4798,14:11:56,181,59.74,226.13,357
4799,14:11:56,380,109.36,234.22,107
4800,14:11:56,380,109.36,234.22,107
4801,14:11:57,370,226.36,266.78,4067
4802,14:11:57,370,226.36,266.78,4067
4803,14:11:58,390,173.81,311.11,3425
4804,14:11:58,390,173.81,311.11,3425
4805,14:11:59,35,34.8,316.22,2022
4806,14:11:59,35,34.8,316.22,2022
4807,14:11:59,341,195.79,322.16,4031
4808,14:11:59,341,195.79,322.16,4031
4809,14:11:59,390,260.73,323.78,2145
4810,14:11:59,390,260.73,323.78,2145
4811,14:11:59,284,153.74,325.04,3111
4812,14:11:59,284,153.74,325.04,3111
4813,14:12:00,179,58.91,355.52,357
4814,14:12:00,179,58.91,355.52,357
4815,14:12:01,380,161.7,32.37,5557
4816,14:12:01,380,161.7,32.37,5557
4817,14:12:01,263,123.48,50.15,321
4818,14:12:01,263,123.48,50.15,321
4819,14:12:01,55,90.29,51.16,2100
4820,14:12:01,55,90.29,51.16,2100
4821,14:12:01,270,188.15,51.54,311
4822,14:12:01,270,188.15,51.54,311
4823,14:12:01,174,130.92,65.42,6417
4824,14:12:01,174,130.92,65.42,6417
4825,14:12:01,304,190.03,66.18,533
4826,14:12:01,304,190.03,66.18,533
4827,14:12:02,91,64.99,78.14,572
4828,14:12:02,91,64.99,78.14,572
4829,14:12:02,350,289.62,96.34,326
4830,14:12:02,350,289.62,96.34,326
4831,14:12:03,260,134.48,101.3,342
4832,14:12:03,260,134.48,101.3,342
4833,14:12:03,36,32.56,106.4,2022
4834,14:12:03,36,32.56,106.4,2022
4835,14:12:03,380,109.33,111.96,107
4836,14:12:03,380,109.33,111.96,107
4837,14:12:04,150,197.39,170.43,2714
4838,14:12:04,150,197.39,170.43,2714
4839,14:12:04,196,139.37,172.66,346
4840,14:12:04,196,139.37,172.66,346
4841,14:12:05,160,175.49,184.79,334
4842,14:12:05,160,175.49,184.79,334
4843,14:12:05,330,316.91,194.36,327
4844,14:12:05,330,316.91,194.36,327
4845,14:12:06,181,62.63,225.9,357
4846,14:12:06,181,62.63,225.9,357
4847,14:12:06,380,107.6,238.68,107
4848,14:12:06,380,107.6,238.68,107
4849,14:12:07,370,225.77,265.49,4067
4850,14:12:07,370,225.77,265.49,4067
4851,14:12:08,390,170.75,311.67,3425
4852,14:12:08,390,170.75,311.67,3425
4853,14:12:09,35,42.96,338.84,2022
4854,14:12:09,35,42.96,338.84,2022
4855,14:12:09,341,190.19,322.99,4031
4856,14:12:09,341,190.19,322.99,4031
4857,14:12:09,390,252.49,323.99,2145
4858,14:12:09,390,252.49,323.99,2145
4859,14:12:09,284,148.18,325.1,3111
4860,14:12:09,284,148.18,325.1,3111
4861,14:12:10,179,61.76,355.34,357
4862,14:12:10,179,61.76,355.34,357
4863,14:12:10,380,164.48,31.22,5557
4864,14:12:10,380,164.48,31.22,5557
4865,14:12:11,275,136.05,52.12,321
4866,14:12:11,275,136.05,52.12,321
4867,14:12:11,55,94.13,51.53,2100
4868,14:12:11,55,94.13,51.53,2100
4869,14:12:11,270,195.29,52.37,311
4870,14:12:11,270,195.29,52.37,311
4871,14:12:11,288,178.57,66.15,533
4872,14:12:11,288,178.57,66.15,533
4873,14:12:12,170,122.25,66.3,6417
4874,14:12:12,170,122.25,66.3,6417
4875,14:12:12,85,58.42,80.95,572
4876,14:12:12,85,58.42,80.95,572
4877,14:12:13,350,293.18,96.43,326
4878,14:12:13,350,293.18,96.43,326
4879,14:12:13,266,144.22,104.98,342
4880,14:12:13,266,144.22,104.98,342
4881,14:12:13,30,30.5,101.23,2022
4882,14:12:13,30,30.5,101.23,2022
4883,14:12:13,380,107.98,111.44,107
4884,14:12:13,380,107.98,111.44,107
4885,14:12:14,136,189.88,170.48,2714
4886,14:12:14,136,189.88,170.48,2714
4887,14:12:14,201,145.29,173.74,346
4888,14:12:14,201,145.29,173.74,346
4889,14:12:15,160,176.09,184.79,334
4890,14:12:15,160,176.09,184.79,334
4891,14:12:15,330,328.14,197.11,327
4892,14:12:15,330,328.14,197.11,327
4893,14:12:16,181,64.55,225.75,357
4894,14:12:16,181,64.55,225.75,357
4895,14:12:17,380,104.55,241.96,107
4896,14:12:17,380,104.55,241.96,107
4897,14:12:17,370,225.44,264.63,4067
4898,14:12:17,370,225.44,264.63,4067
4899,14:12:18,390,168.71,310.19,3425
4900,14:12:18,390,168.71,310.19,3425
4901,14:12:19,35,50.96,348.93,2022
4902,14:12:19,35,50.96,348.93,2022
4903,14:12:19,334,180.91,322.69,4031
4904,14:12:19,334,180.91,322.69,4031
4905,14:12:19,390,245.54,324.18,2145
4906,14:12:19,390,245.54,324.18,2145
4907,14:12:19,271,139.32,324.13,3111
4908,14:12:19,271,139.32,324.13,3111
4909,14:12:20,179,63.66,355.22,357
4910,14:12:20,179,63.66,355.22,357
4911,14:12:21,380,169.31,29.68,5557
4912,14:12:21,380,169.31,29.68,5557
4913,14:12:21,277,137.81,52.97,321
4914,14:12:21,277,137.81,52.97,321
4915,14:12:21,55,94.51,51.53,2100
4916,14:12:21,55,94.51,51.53,2100
4917,14:12:21,270,197.5,52.26,311
4918,14:12:21,270,197.5,52.26,311
4919,14:12:21,170,120.32,66.55,6417
4920,14:12:21,170,120.32,66.55,6417
4921,14:12:21,279,101.09,55.68,264
4922,14:12:21,279,101.09,55.68,264
4923,14:12:21,360,265.28,65.41,5423
4924,14:12:21,360,265.28,65.41,5423
4925,14:12:21,288,173.58,66.15,533
4926,14:12:21,288,173.58,66.15,533
4927,14:12:21,84,57.53,80.8,572
4928,14:12:21,84,57.53,80.8,572
4929,14:12:21,350,295.57,96.52,326
4930,14:12:21,350,295.57,96.52,326
4931,14:12:21,268,148.01,104.04,342
4932,14:12:21,268,148.01,104.04,342
4933,14:12:21,30,30.01,102.68,2022
4934,14:12:21,30,30.01,102.68,2022
4935,14:12:21,380,107.27,111.81,107
4936,14:12:21,380,107.27,111.81,107
4937,14:12:21,360,228.84,142.14,571
4938,14:12:21,360,228.84,142.14,571
4939,14:12:21,136,184.52,171.36,2714
4940,14:12:21,136,184.52,171.36,2714
4941,14:12:21,350,251.03,161.33,325
4942,14:12:21,350,251.03,161.33,325
4943,14:12:21,203,147.06,174.39,346
4944,14:12:21,203,147.06,174.39,346
4945,14:12:22,160,176.27,184.8,334
4946,14:12:22,160,176.27,184.8,334
4947,14:12:22,330,336.11,199.24,327
4948,14:12:22,330,336.11,199.24,327
4949,14:12:23,196,71.53,224.19,357
4950,14:12:23,196,71.53,224.19,357
4951,14:12:23,380,103.2,244.14,107
4952,14:12:23,380,103.2,244.14,107
4953,14:12:24,370,225.28,264.16,4067
4954,14:12:24,370,225.28,264.16,4067
4955,14:12:25,390,167.63,309.5,3425
4956,14:12:25,390,167.63,309.5,3425
4957,14:12:26,35,55.88,353.18,2022
4958,14:12:26,35,55.88,353.18,2022
4959,14:12:26,334,175.74,322.85,4031
4960,14:12:26,334,175.74,322.85,4031
4961,14:12:26,390,241.27,324.29,2145
4962,14:12:26,390,241.27,324.29,2145
4963,14:12:26,271,134.33,323.69,3111
4964,14:12:26,271,134.33,323.69,3111
4965,14:12:26,179,64.71,355.17,357
4966,14:12:26,179,64.71,355.17,357
4967,14:12:27,380,171.98,29.13,5557
4968,14:12:27,380,171.98,29.13,5557
4969,14:12:28,277,141.34,53.51,321
4970,14:12:28,277,141.34,53.51,321
4971,14:12:28,55,88.31,51.52,2100
4972,14:12:28,55,88.31,51.52,2100
4973,14:12:28,270,186.37,51.21,311
4974,14:12:28,270,186.37,51.21,311
4975,14:12:28,170,118.64,66.69,6417
4976,14:12:28,170,118.64,66.69,6417
4977,14:12:28,279,102.41,55.52,264
4978,14:12:28,279,102.41,55.52,264
4979,14:12:28,360,264.09,65.31,5423
4980,14:12:28,360,264.09,65.31,5423
4981,14:12:28,288,167.96,66.15,533
4982,14:12:28,288,167.96,66.15,533
4983,14:12:28,97,68.95,75.34,572
4984,14:12:28,97,68.95,75.34,572
4985,14:12:29,350,296.87,96.58,326
4986,14:12:29,350,296.87,96.58,326
4987,14:12:30,268,150.41,104.39,342
4988,14:12:30,268,150.41,104.39,342
4989,14:12:30,30,29.61,102.24,2022
4990,14:12:30,30,29.61,102.24,2022
4991,14:12:30,380,107.38,112.31,107
4992,14:12:30,380,107.38,112.31,107
4993,14:12:30,360,228.43,142.33,571
4994,14:12:30,360,228.43,142.33,571
4995,14:12:31,136,181.37,171.97,2714
4996,14:12:31,136,181.37,171.97,2714
4997,14:12:31,350,252.39,161.69,325
4998,14:12:31,350,252.39,161.69,325
4999,14:12:31,184,138.23,177.09,346
5000,14:12:31,184,138.23,177.09,346
5001,14:12:32,158,173.61,185.06,334
5002,14:12:32,158,173.61,185.06,334
5003,14:12:32,330,341.23,200.57,327
5004,14:12:32,330,341.23,200.57,327
5005,14:12:33,196,80.69,222.64,357
5006,14:12:33,196,80.69,222.64,357
5007,14:12:34,380,100.65,249.12,107
5008,14:12:34,380,100.65,249.12,107
5009,14:12:34,370,224.99,263.16,4067
5010,14:12:34,370,224.99,263.16,4067
5011,14:12:35,390,165.5,307.72,3425
5012,14:12:35,390,165.5,307.72,3425
5013,14:12:36,35,66.93,359.95,2022
5014,14:12:36,35,66.93,359.95,2022
5015,14:12:36,334,163.82,323.27,4031
5016,14:12:36,334,163.82,323.27,4031
5017,14:12:36,390,231.75,324.54,2145
5018,14:12:36,390,231.75,324.54,2145
5019,14:12:36,271,122.81,322.46,3111
5020,14:12:36,271,122.81,322.46,3111
5021,14:12:37,380,178.2,28.03,5557
5022,14:12:37,380,178.2,28.03,5557
5023,14:12:38,277,149.17,54.69,321
5024,14:12:38,277,149.17,54.69,321
5025,14:12:38,55,87.33,51.88,2100
5026,14:12:38,55,87.33,51.88,2100
5027,14:12:38,270,181.58,51.54,311
5028,14:12:38,270,181.58,51.54,311
5029,14:12:38,170,115.3,66.98,6417
5030,14:12:38,170,115.3,66.98,6417
5031,14:12:38,279,105.16,55.21,264
5032,14:12:38,279,105.16,55.21,264
5033,14:12:38,360,261.5,65.11,5423
5034,14:12:38,360,261.5,65.11,5423
5035,14:12:38,288,153.3,66.14,533
5036,14:12:38,288,153.3,66.14,533
5037,14:12:39,95,70.07,75.65,572
5038,14:12:39,95,70.07,75.65,572
5039,14:12:40,268,155.36,105.04,342
5040,14:12:40,268,155.36,105.04,342
5041,14:12:40,30,28.77,101.29,2022
5042,14:12:40,30,28.77,101.29,2022
5043,14:12:40,360,227.49,142.73,571
5044,14:12:40,360,227.49,142.73,571
5045,14:12:41,136,175.21,173.34,2714
5046,14:12:41,136,175.21,173.34,2714
5047,14:12:41,350,255.17,162.43,325
5048,14:12:41,350,255.17,162.43,325
5049,14:12:41,350,232.1,160.57,325
5050,14:12:41,350,232.1,160.57,325
5051,14:12:41,189,134.52,175.22,346
5052,14:12:41,189,134.52,175.22,346
5053,14:12:42,159,172.37,184.85,334
5054,14:12:42,159,172.37,184.85,334
5055,14:12:42,330,353.32,203.48,327
5056,14:12:42,330,353.32,203.48,327
5057,14:12:43,196,88.54,221.46,357
5058,14:12:43,196,88.54,221.46,357
5059,14:12:44,380,98.8,253.97,107
5060,14:12:44,380,98.8,253.97,107
5061,14:12:45,390,163.89,305.73,3425
5062,14:12:45,390,163.89,305.73,3425
5063,14:12:46,334,151.94,323.75,4031
5064,14:12:46,334,151.94,323.75,4031
5065,14:12:46,271,111.27,320.89,3111
5066,14:12:46,271,111.27,320.89,3111
5067,14:12:47,380,184.44,27.11,5557
5068,14:12:47,380,184.44,27.11,5557
5069,14:12:48,380,159.34,33.52,5557
5070,14:12:48,380,159.34,33.52,5557
5071,14:12:48,260,120.44,51.75,321
5072,14:12:48,260,120.44,51.75,321
5073,14:12:48,277,156.59,55.8,321
5074,14:12:48,277,156.59,55.8,321
5075,14:12:48,55,88.71,51.4,2100
5076,14:12:48,55,88.71,51.4,2100
5077,14:12:48,270,185.59,51.58,311
5078,14:12:48,270,185.59,51.58,311
5079,14:12:48,176,133.59,65.98,6417
5080,14:12:48,176,133.59,65.98,6417
5081,14:12:48,310,193.41,66.7,533
5082,14:12:48,310,193.41,66.7,533
5083,14:12:48,170,112.63,67.24,6417
5084,14:12:48,170,112.63,67.24,6417
5085,14:12:48,279,107.55,54.96,264
5086,14:12:48,279,107.55,54.96,264
5087,14:12:48,360,259.26,64.93,5423
5088,14:12:48,360,259.26,64.93,5423
5089,14:12:48,288,136.29,66.12,533
5090,14:12:48,288,136.29,66.12,533
5091,14:12:49,94,65.07,78.17,572
5092,14:12:49,94,65.07,78.17,572
5093,14:12:50,256,131.19,100.58,342
5094,14:12:50,256,131.19,100.58,342
5095,14:12:50,268,159.44,105.51,342
5096,14:12:50,268,159.44,105.51,342
5097,14:12:50,39,34.31,115.12,2022
5098,14:12:50,39,34.31,115.12,2022
5099,14:12:50,360,226.69,143.08,571
5100,14:12:50,360,226.69,143.08,571
5101,14:12:51,136,170.54,174.62,2714
5102,14:12:51,136,170.54,174.62,2714
5103,14:12:51,350,257.62,163.06,325
5104,14:12:51,350,257.62,163.06,325
5105,14:12:51,350,234.52,161.1,325
5106,14:12:51,350,234.52,161.1,325
5107,14:12:51,163,199.67,169.56,2714
5108,14:12:51,163,199.67,169.56,2714
5109,14:12:51,192,136.97,174.59,346
5110,14:12:51,192,136.97,174.59,346
5111,14:12:52,159,175.28,183.75,334
5112,14:12:52,159,175.28,183.75,334
5113,14:12:52,330,313.43,194.35,327
5114,14:12:52,330,313.43,194.35,327
5115,14:12:52,330,365.75,206.18,327
5116,14:12:52,330,365.75,206.18,327
5117,14:12:53,196,96.27,220.4,357
5118,14:12:53,196,96.27,220.4,357
5119,14:12:53,380,110.3,231.73,107
5120,14:12:53,380,110.3,231.73,107
5121,14:12:54,380,97.54,259.25,107
5122,14:12:54,380,97.54,259.25,107
5123,14:12:55,390,162.59,303.41,3425
5124,14:12:55,390,162.59,303.41,3425
5125,14:12:56,344,198.2,321.41,4031
5126,14:12:56,344,198.2,321.41,4031
5127,14:12:56,286,156.11,325.08,3111
5128,14:12:56,286,156.11,325.08,3111
5129,14:12:56,334,138.87,324.37,4031
5130,14:12:56,334,138.87,324.37,4031
5131,14:12:56,271,98.57,318.65,3111
5132,14:12:56,271,98.57,318.65,3111
5133,14:12:57,380,191.35,26.22,5557
5134,14:12:57,380,191.35,26.22,5557
5135,14:12:58,380,160.52,32.79,5557
5136,14:12:58,380,160.52,32.79,5557
5137,14:12:58,263,122.47,50.62,321
5138,14:12:58,263,122.47,50.62,321
5139,14:12:58,277,164.48,56.92,321
5140,14:12:58,277,164.48,56.92,321
5141,14:12:58,55,90.08,51.23,2100
5142,14:12:58,55,90.08,51.23,2100
5143,14:12:58,270,188.03,51.58,311
5144,14:12:58,270,188.03,51.58,311
5145,14:12:58,175,131.79,65.52,6417
5146,14:12:58,175,131.79,65.52,6417
5147,14:12:58,307,191.16,66.26,533
5148,14:12:58,307,191.16,66.26,533
5149,14:12:58,170,110.13,67.49,6417
5150,14:12:58,170,110.13,67.49,6417
5151,14:12:58,279,109.94,54.71,264
5152,14:12:58,279,109.94,54.71,264
5153,14:12:58,360,257.02,64.75,5423
5154,14:12:58,360,257.02,64.75,5423
5155,14:12:58,288,115.96,66.08,533
5156,14:12:58,288,115.96,66.08,533
5157,14:12:59,92,65.18,78.32,572
5158,14:12:59,92,65.18,78.32,572
5159,14:12:59,258,133.36,99.75,342
5160,14:12:59,258,133.36,99.75,342
5161,14:12:59,350,288.4,96.24,326
5162,14:12:59,350,288.4,96.24,326
5163,14:13:00,37,33.19,108.4,2022
5164,14:13:00,37,33.19,108.4,2022
5165,14:13:00,268,163.37,105.92,342
5166,14:13:00,268,163.37,105.92,342
5167,14:13:00,380,109.83,111.05,107
5168,14:13:00,380,109.83,111.05,107
5169,14:13:01,360,225.89,143.43,571
5170,14:13:01,360,225.89,143.43,571
5171,14:13:01,136,166.95,175.82,2714
5172,14:13:01,136,166.95,175.82,2714
5173,14:13:01,350,260.11,163.68,325
5174,14:13:01,350,260.11,163.68,325
5175,14:13:01,350,236.93,161.62,325
5176,14:13:01,350,236.93,161.62,325
5177,14:13:01,156,198.16,169.89,2714
5178,14:13:01,156,198.16,169.89,2714
5179,14:13:01,194,139.22,173.35,346
5180,14:13:01,194,139.22,173.35,346
5181,14:13:02,160,175.59,184.2,334
5182,14:13:02,160,175.59,184.2,334
5183,14:13:02,330,315.79,194.76,327
5184,14:13:02,330,315.79,194.76,327
5185,14:13:02,330,379.92,208.93,327
5186,14:13:02,330,379.92,208.93,327
5187,14:13:03,196,103.85,219.45,357
5188,14:13:03,196,103.85,219.45,357
5189,14:13:03,380,109.37,234.55,107
5190,14:13:03,380,109.37,234.55,107
5191,14:13:04,380,97.01,264.9,107
5192,14:13:04,380,97.01,264.9,107
5193,14:13:05,390,161.68,300.82,3425
5194,14:13:05,390,161.68,300.82,3425
5195,14:13:06,342,195.79,322.16,4031
5196,14:13:06,342,195.79,322.16,4031
5197,14:13:06,390,261.84,323.78,2145
5198,14:13:06,390,261.84,323.78,2145
5199,14:13:06,283,153.74,325.18,3111
5200,14:13:06,283,153.74,325.18,3111
5201,14:13:06,334,124.71,325.19,4031
5202,14:13:06,334,124.71,325.19,4031
5203,14:13:06,271,84.9,315.36,3111
5204,14:13:06,271,84.9,315.36,3111
5205,14:13:07,179,59.85,355.46,357
5206,14:13:07,179,59.85,355.46,357
5207,14:13:07,380,161.71,32.59,5557
5208,14:13:07,380,161.71,32.59,5557
5209,14:13:07,380,198.91,25.39,5557
5210,14:13:07,380,198.91,25.39,5557
5211,14:13:08,263,124.51,49.68,321
5212,14:13:08,263,124.51,49.68,321
5213,14:13:08,277,172.82,58.04,321
5214,14:13:08,277,172.82,58.04,321
5215,14:13:08,55,90.85,51.14,2100
5216,14:13:08,55,90.85,51.14,2100
5217,14:13:08,270,188.79,51.57,311
5218,14:13:08,270,188.79,51.57,311
5219,14:13:08,174,130.03,65.24,6417
5220,14:13:08,174,130.03,65.24,6417
5221,14:13:08,304,188.9,66.03,533
5222,14:13:08,304,188.9,66.03,533
5223,14:13:08,170,107.77,67.74,6417
5224,14:13:08,170,107.77,67.74,6417
5225,14:13:08,279,112.32,54.48,264
5226,14:13:08,279,112.32,54.48,264
5227,14:13:08,360,254.78,64.56,5423
5228,14:13:08,360,254.78,64.56,5423
5229,14:13:08,288,92.72,66.03,533
5230,14:13:08,288,92.72,66.03,533
5231,14:13:09,91,64.48,79.27,572
5232,14:13:09,91,64.48,79.27,572
5233,14:13:10,350,290.81,96.36,326
5234,14:13:10,350,290.81,96.36,326
5235,14:13:10,260,135.57,101.61,342
5236,14:13:10,260,135.57,101.61,342
5237,14:13:10,36,32.35,104.96,2022
5238,14:13:10,36,32.35,104.96,2022
5239,14:13:10,268,167.21,106.29,342
5240,14:13:10,268,167.21,106.29,342
5241,14:13:10,380,108.89,111.58,107
5242,14:13:10,380,108.89,111.58,107
5243,14:13:11,360,225.1,143.79,571
5244,14:13:11,360,225.1,143.79,571
5245,14:13:11,136,164.73,176.8,2714
5246,14:13:11,136,164.73,176.8,2714
5247,14:13:11,350,262.62,164.29,325
5248,14:13:11,350,262.62,164.29,325
5249,14:13:11,350,239.36,162.12,325
5250,14:13:11,350,239.36,162.12,325
5251,14:13:11,150,196.63,170.68,2714
5252,14:13:11,150,196.63,170.68,2714
5253,14:13:11,196,140.31,172.53,346
5254,14:13:11,196,140.31,172.53,346
5255,14:13:12,160,176.09,184.87,334
5256,14:13:12,160,176.09,184.87,334
5257,14:13:12,330,318.04,194.3,327
5258,14:13:12,330,318.04,194.3,327
5259,14:13:13,196,111.24,218.58,357
5260,14:13:13,196,111.24,218.58,357
5261,14:13:13,181,59.73,226.13,357
5262,14:13:13,181,59.73,226.13,357
5263,14:13:13,380,109.36,234.22,107
5264,14:13:13,380,109.36,234.22,107
5265,14:13:14,380,97.16,262.07,107
5266,14:13:14,380,97.16,262.07,107
5267,14:13:14,370,226.33,266.78,4067
5268,14:13:14,370,226.33,266.78,4067
5269,14:13:15,390,162.09,302.13,3425
5270,14:13:15,390,162.09,302.13,3425
5271,14:13:16,35,34.79,316.22,2022
5272,14:13:16,35,34.79,316.22,2022
5273,14:13:16,341,195.8,322.16,4031
5274,14:13:16,341,195.8,322.16,4031
5275,14:13:16,390,260.73,323.78,2145
5276,14:13:16,390,260.73,323.78,2145
5277,14:13:16,284,153.74,325.04,3111
5278,14:13:16,284,153.74,325.04,3111
5279,14:13:16,334,131.76,324.76,4031
5280,14:13:16,334,131.76,324.76,4031
5281,14:13:16,271,91.7,317.12,3111
5282,14:13:16,271,91.7,317.12,3111
5283,14:13:17,179,58.91,355.52,357
5284,14:13:17,179,58.91,355.52,357
5285,14:13:17,380,161.7,32.37,5557
5286,14:13:17,380,161.7,32.37,5557
5287,14:13:17,380,195.12,25.8,5557
5288,14:13:17,380,195.12,25.8,5557
5289,14:13:18,263,123.48,50.15,321
5290,14:13:18,263,123.48,50.15,321
5291,14:13:18,277,168.64,57.5,321
5292,14:13:18,277,168.64,57.5,321
5293,14:13:18,55,90.33,51.16,2100
5294,14:13:18,55,90.33,51.16,2100
5295,14:13:18,270,188.14,51.55,311
5296,14:13:18,270,188.14,51.55,311
5297,14:13:18,174,130.92,65.42,6417
5298,14:13:18,174,130.92,65.42,6417
5299,14:13:18,304,190.03,66.18,533
5300,14:13:18,304,190.03,66.18,533
5301,14:13:18,170,108.95,67.62,6417
5302,14:13:18,170,108.95,67.62,6417
5303,14:13:18,279,111.13,54.59,264
5304,14:13:18,279,111.13,54.59,264
5305,14:13:18,360,255.9,64.65,5423
5306,14:13:18,360,255.9,64.65,5423
5307,14:13:19,91,65.04,78.78,572
5308,14:13:19,91,65.04,78.78,572
5309,14:13:20,350,289.62,96.34,326
5310,14:13:20,350,289.62,96.34,326
5311,14:13:20,260,134.48,101.3,342
5312,14:13:20,260,134.48,101.3,342
5313,14:13:20,36,32.64,106.49,2022
5314,14:13:20,36,32.64,106.49,2022
5315,14:13:20,268,165.3,106.11,342
5316,14:13:20,268,165.3,106.11,342
5317,14:13:20,380,109.33,111.96,107
5318,14:13:20,380,109.33,111.96,107
5319,14:13:20,360,225.49,143.6,571
5320,14:13:20,360,225.49,143.6,571
5321,14:13:21,350,261.37,163.98,325
5322,14:13:21,350,261.37,163.98,325
5323,14:13:21,350,238.14,161.87,325
5324,14:13:21,350,238.14,161.87,325
5325,14:13:22,150,197.39,170.43,2714
5326,14:13:22,150,197.39,170.43,2714
5327,14:13:22,196,139.38,172.77,346
5328,14:13:22,196,139.38,172.77,346
5329,14:13:22,160,175.59,184.74,334
5330,14:13:22,160,175.59,184.74,334
5331,14:13:22,330,316.91,194.36,327
5332,14:13:22,330,316.91,194.36,327
5333,14:13:23,196,118.39,217.78,357
5334,14:13:23,196,118.39,217.78,357
5335,14:13:23,181,59.74,226.13,357
5336,14:13:23,181,59.74,226.13,357
5337,14:13:23,380,109.36,234.22,107
5338,14:13:23,380,109.36,234.22,107
5339,14:13:24,370,226.36,266.78,4067
5340,14:13:24,370,226.36,266.78,4067
5341,14:13:26,35,34.8,316.22,2022
5342,14:13:26,35,34.8,316.22,2022
5343,14:13:26,341,195.79,322.16,4031
5344,14:13:26,341,195.79,322.16,4031
5345,14:13:26,390,260.73,323.78,2145
5346,14:13:26,390,260.73,323.78,2145
5347,14:13:26,284,153.74,325.04,3111
5348,14:13:26,284,153.74,325.04,3111
5349,14:13:27,179,58.91,355.52,357
5350,14:13:27,179,58.91,355.52,357
5351,14:13:27,380,161.7,32.37,5557
5352,14:13:27,380,161.7,32.37,5557
5353,14:13:28,263,123.48,50.15,321
5354,14:13:28,263,123.48,50.15,321
5355,14:13:28,55,90.33,51.16,2100
5356,14:13:28,55,90.33,51.16,2100
5357,14:13:28,270,188.14,51.55,311
5358,14:13:28,270,188.14,51.55,311
5359,14:13:28,174,130.92,65.42,6417
5360,14:13:28,174,130.92,65.42,6417
5361,14:13:28,304,190.03,66.18,533
5362,14:13:28,304,190.03,66.18,533
5363,14:13:29,91,65.04,78.78,572
5364,14:13:29,91,65.04,78.78,572
5365,14:13:29,350,289.62,96.34,326
5366,14:13:29,350,289.62,96.34,326
5367,14:13:30,260,134.48,101.3,342
5368,14:13:30,260,134.48,101.3,342
5369,14:13:30,36,32.64,106.49,2022
5370,14:13:30,36,32.64,106.49,2022
5371,14:13:30,380,109.33,111.96,107
5372,14:13:30,380,109.33,111.96,107
5373,14:13:31,350,238.14,161.87,325
5374,14:13:31,350,238.14,161.87,325
5375,14:13:31,150,197.39,170.43,2714
5376,14:13:31,150,197.39,170.43,2714
5377,14:13:31,196,139.38,172.77,346
5378,14:13:31,196,139.38,172.77,346
5379,14:13:32,160,175.59,184.74,334
5380,14:13:32,160,175.59,184.74,334
5381,14:13:32,330,316.91,194.36,327
5382,14:13:32,330,316.91,194.36,327
5383,14:13:33,181,59.74,226.13,357
5384,14:13:33,181,59.74,226.13,357
5385,14:13:33,380,109.36,234.22,107
5386,14:13:33,380,109.36,234.22,107
5387,14:13:34,370,226.36,266.78,4067
5388,14:13:34,370,226.36,266.78,4067
5389,14:13:35,390,173.81,311.11,3425
5390,14:13:35,390,173.81,311.11,3425
5391,14:13:36,35,34.8,316.22,2022
5392,14:13:36,35,34.8,316.22,2022
5393,14:13:36,341,195.79,322.16,4031
5394,14:13:36,341,195.79,322.16,4031
5395,14:13:36,390,260.73,323.78,2145
5396,14:13:36,390,260.73,323.78,2145
5397,14:13:36,284,153.74,325.04,3111
5398,14:13:36,284,153.74,325.04,3111
5399,14:13:36,179,58.91,355.52,357
5400,14:13:36,179,58.91,355.52,357
5401,14:13:37,380,161.7,32.37,5557
5402,14:13:37,380,161.7,32.37,5557
5403,14:13:38,263,123.48,50.15,321
5404,14:13:38,263,123.48,50.15,321
5405,14:13:38,55,90.33,51.16,2100
5406,14:13:38,55,90.33,51.16,2100
5407,14:13:38,270,188.14,51.55,311
5408,14:13:38,270,188.14,51.55,311
5409,14:13:38,174,130.92,65.42,6417
5410,14:13:38,174,130.92,65.42,6417
5411,14:13:38,304,190.03,66.18,533
5412,14:13:38,304,190.03,66.18,533
5413,14:13:39,91,65.04,78.78,572
5414,14:13:39,91,65.04,78.78,572
5415,14:13:39,350,289.62,96.34,326
5416,14:13:39,350,289.62,96.34,326
5417,14:13:40,260,134.48,101.3,342
5418,14:13:40,260,134.48,101.3,342
5419,14:13:40,36,32.64,106.49,2022
5420,14:13:40,36,32.64,106.49,2022
5421,14:13:40,380,109.33,111.96,107
5422,14:13:40,380,109.33,111.96,107
5423,14:13:41,350,238.14,161.87,325
5424,14:13:41,350,238.14,161.87,325
5425,14:13:41,150,197.39,170.43,2714
5426,14:13:41,150,197.39,170.43,2714
5427,14:13:41,196,139.38,172.77,346
5428,14:13:41,196,139.38,172.77,346
5429,14:13:42,160,175.59,184.74,334
5430,14:13:42,160,175.59,184.74,334
5431,14:13:42,330,316.91,194.36,327
5432,14:13:42,330,316.91,194.36,327
5433,14:13:43,181,62.63,225.9,357
5434,14:13:43,181,62.63,225.9,357
5435,14:13:43,380,107.6,238.68,107
5436,14:13:43,380,107.6,238.68,107
5437,14:13:44,370,225.77,265.49,4067
5438,14:13:44,370,225.77,265.49,4067
5439,14:13:45,390,170.75,311.67,3425
5440,14:13:45,390,170.75,311.67,3425
5441,14:13:46,35,42.96,338.84,2022
5442,14:13:46,35,42.96,338.84,2022
5443,14:13:46,341,190.19,322.99,4031
5444,14:13:46,341,190.19,322.99,4031
5445,14:13:46,390,252.49,323.99,2145
5446,14:13:46,390,252.49,323.99,2145
5447,14:13:46,284,148.18,325.1,3111
5448,14:13:46,284,148.18,325.1,3111
5449,14:13:46,179,61.76,355.34,357
5450,14:13:46,179,61.76,355.34,357
5451,14:13:47,380,164.48,31.22,5557
5452,14:13:47,380,164.48,31.22,5557
5453,14:13:48,275,136.05,52.12,321
5454,14:13:48,275,136.05,52.12,321
5455,14:13:48,55,93.95,51.42,2100
5456,14:13:48,55,93.95,51.42,2100
5457,14:13:48,270,195.4,52.16,311
5458,14:13:48,270,195.4,52.16,311
5459,14:13:48,288,178.57,66.15,533
5460,14:13:48,288,178.57,66.15,533
5461,14:13:49,170,122.25,66.3,6417
5462,14:13:49,170,122.25,66.3,6417
5463,14:13:49,85,58.83,81.3,572
5464,14:13:49,85,58.83,81.3,572
5465,14:13:50,350,293.18,96.43,326
5466,14:13:50,350,293.18,96.43,326
5467,14:13:50,266,144.22,104.98,342
5468,14:13:50,266,144.22,104.98,342
5469,14:13:50,30,30.29,99.9,2022
5470,14:13:50,30,30.29,99.9,2022
5471,14:13:50,380,107.98,111.44,107
5472,14:13:50,380,107.98,111.44,107
5473,14:13:51,136,189.88,170.48,2714
5474,14:13:51,136,189.88,170.48,2714
5475,14:13:51,201,145.26,173.71,346
5476,14:13:51,201,145.26,173.71,346
5477,14:13:52,160,177.1,185.16,334
5478,14:13:52,160,177.1,185.16,334
5479,14:13:52,330,328.14,197.11,327
5480,14:13:52,330,328.14,197.11,327
5481,14:13:53,181,64.55,225.75,357
5482,14:13:53,181,64.55,225.75,357
5483,14:13:54,380,104.55,241.96,107
5484,14:13:54,380,104.55,241.96,107
5485,14:13:54,370,225.44,264.63,4067
5486,14:13:54,370,225.44,264.63,4067
5487,14:13:55,390,168.71,310.19,3425
5488,14:13:55,390,168.71,310.19,3425
5489,14:13:56,35,50.96,348.93,2022
5490,14:13:56,35,50.96,348.93,2022
5491,14:13:56,334,180.91,322.69,4031
5492,14:13:56,334,180.91,322.69,4031
5493,14:13:56,390,245.54,324.18,2145
5494,14:13:56,390,245.54,324.18,2145
5495,14:13:56,271,139.32,324.13,3111
5496,14:13:56,271,139.32,324.13,3111
5497,14:13:57,179,63.66,355.22,357
5498,14:13:57,179,63.66,355.22,357
5499,14:13:58,380,169.31,29.68,5557
5500,14:13:58,380,169.31,29.68,5557
5501,14:13:58,277,137.81,52.97,321
5502,14:13:58,277,137.81,52.97,321
5503,14:13:58,55,94.55,51.51,2100
5504,14:13:58,55,94.55,51.51,2100
5505,14:13:58,270,197.05,52.2,311
5506,14:13:58,270,197.05,52.2,311
5507,14:13:58,170,120.32,66.55,6417
5508,14:13:58,170,120.32,66.55,6417
5509,14:13:58,279,101.09,55.68,264
5510,14:13:58,279,101.09,55.68,264
5511,14:13:58,360,265.28,65.41,5423
5512,14:13:58,360,265.28,65.41,5423
5513,14:13:58,288,173.58,66.15,533
5514,14:13:58,288,173.58,66.15,533
5515,14:13:58,84,57.46,80.78,572
5516,14:13:58,84,57.46,80.78,572
5517,14:13:58,350,295.57,96.52,326
5518,14:13:58,350,295.57,96.52,326
5519,14:13:58,268,148.01,104.04,342
5520,14:13:58,268,148.01,104.04,342
5521,14:13:58,30,31.61,104.92,2022
5522,14:13:58,30,31.61,104.92,2022
5523,14:13:58,380,107.27,111.81,107
5524,14:13:58,380,107.27,111.81,107
5525,14:13:58,360,228.84,142.14,571
5526,14:13:58,360,228.84,142.14,571
5527,14:13:58,136,184.52,171.36,2714
5528,14:13:58,136,184.52,171.36,2714
5529,14:13:58,203,147.05,174.31,346
5530,14:13:58,203,147.05,174.31,346
5531,14:13:59,160,178.12,185.47,334
5532,14:13:59,160,178.12,185.47,334
5533,14:13:59,330,336.11,199.24,327
5534,14:13:59,330,336.11,199.24,327
5535,14:14:00,196,71.53,224.19,357
5536,14:14:00,196,71.53,224.19,357
5537,14:14:00,380,103.2,244.14,107
5538,14:14:00,380,103.2,244.14,107
5539,14:14:01,370,225.28,264.16,4067
5540,14:14:01,370,225.28,264.16,4067
5541,14:14:02,390,167.63,309.5,3425
5542,14:14:02,390,167.63,309.5,3425
5543,14:14:03,35,55.88,353.18,2022
5544,14:14:03,35,55.88,353.18,2022
5545,14:14:03,334,175.74,322.85,4031
5546,14:14:03,334,175.74,322.85,4031
5547,14:14:03,390,241.27,324.29,2145
5548,14:14:03,390,241.27,324.29,2145
5549,14:14:03,271,134.33,323.69,3111
5550,14:14:03,271,134.33,323.69,3111
5551,14:14:03,179,64.71,355.17,357
5552,14:14:03,179,64.71,355.17,357
5553,14:14:04,380,171.98,29.13,5557
5554,14:14:04,380,171.98,29.13,5557
5555,14:14:05,277,141.34,53.51,321
5556,14:14:05,277,141.34,53.51,321
5557,14:14:05,55,88.61,51.58,2100
5558,14:14:05,55,88.61,51.58,2100
5559,14:14:05,270,183.42,51.32,311
5560,14:14:05,270,183.42,51.32,311
5561,14:14:05,170,118.64,66.69,6417
5562,14:14:05,170,118.64,66.69,6417
5563,14:14:05,279,102.41,55.52,264
5564,14:14:05,279,102.41,55.52,264
5565,14:14:05,360,264.09,65.31,5423
5566,14:14:05,360,264.09,65.31,5423
5567,14:14:05,288,167.96,66.15,533
5568,14:14:05,288,167.96,66.15,533
5569,14:14:05,97,67.77,75.15,572
5570,14:14:05,97,67.77,75.15,572
5571,14:14:06,350,296.87,96.58,326
5572,14:14:06,350,296.87,96.58,326
5573,14:14:07,268,150.41,104.39,342
5574,14:14:07,268,150.41,104.39,342
5575,14:14:07,30,33.14,106.89,2022
5576,14:14:07,30,33.14,106.89,2022
5577,14:14:07,380,107.38,112.31,107
5578,14:14:07,380,107.38,112.31,107
5579,14:14:07,360,228.43,142.33,571
5580,14:14:07,360,228.43,142.33,571
5581,14:14:08,136,181.37,171.97,2714
5582,14:14:08,136,181.37,171.97,2714
5583,14:14:08,184,138.24,177.04,346
5584,14:14:08,184,138.24,177.04,346
5585,14:14:09,158,172,184.92,334
5586,14:14:09,158,172,184.92,334
5587,14:14:09,330,341.23,200.57,327
5588,14:14:09,330,341.23,200.57,327
5589,14:14:10,196,80.69,222.64,357
5590,14:14:10,196,80.69,222.64,357
5591,14:14:11,380,100.65,249.12,107
5592,14:14:11,380,100.65,249.12,107
5593,14:14:11,370,224.99,263.16,4067
5594,14:14:11,370,224.99,263.16,4067
5595,14:14:12,390,165.5,307.72,3425
5596,14:14:12,390,165.5,307.72,3425
5597,14:14:13,35,66.93,359.95,2022
5598,14:14:13,35,66.93,359.95,2022
5599,14:14:13,334,163.82,323.27,4031
5600,14:14:13,334,163.82,323.27,4031
5601,14:14:13,390,231.75,324.54,2145
5602,14:14:13,390,231.75,324.54,2145
5603,14:14:13,271,122.81,322.46,3111
5604,14:14:13,271,122.81,322.46,3111
5605,14:14:14,380,178.2,28.03,5557
5606,14:14:14,380,178.2,28.03,5557
5607,14:14:15,277,149.17,54.69,321
5608,14:14:15,277,149.17,54.69,321
5609,14:14:15,55,87.28,51.9,2100
5610,14:14:15,55,87.28,51.9,2100
5611,14:14:15,270,182.53,51.89,311
5612,14:14:15,270,182.53,51.89,311
5613,14:14:15,170,115.3,66.98,6417
5614,14:14:15,170,115.3,66.98,6417
5615,14:14:15,279,105.16,55.21,264
5616,14:14:15,279,105.16,55.21,264
5617,14:14:15,360,261.5,65.11,5423
5618,14:14:15,360,261.5,65.11,5423
5619,14:14:15,288,153.3,66.14,533
5620,14:14:15,288,153.3,66.14,533
5621,14:14:16,95,70.42,75.05,572
5622,14:14:16,95,70.42,75.05,572
5623,14:14:17,268,155.36,105.04,342
5624,14:14:17,268,155.36,105.04,342
5625,14:14:17,30,35.43,108.91,2022
5626,14:14:17,30,35.43,108.91,2022
5627,14:14:17,360,227.49,142.73,571
5628,14:14:17,360,227.49,142.73,571
5629,14:14:18,136,175.21,173.34,2714
5630,14:14:18,136,175.21,173.34,2714
5631,14:14:18,189,134.53,175.26,346
5632,14:14:18,189,134.53,175.26,346
5633,14:14:19,159,171.07,184.6,334
5634,14:14:19,159,171.07,184.6,334
5635,14:14:19,330,353.32,203.48,327
5636,14:14:19,330,353.32,203.48,327
5637,14:14:20,196,88.54,221.46,357
5638,14:14:20,196,88.54,221.46,357
5639,14:14:21,380,98.8,253.97,107
5640,14:14:21,380,98.8,253.97,107
5641,14:14:22,390,163.89,305.73,3425
5642,14:14:22,390,163.89,305.73,3425
5643,14:14:22,334,151.94,323.75,4031
5644,14:14:22,334,151.94,323.75,4031
5645,14:14:22,271,111.27,320.89,3111
5646,14:14:22,271,111.27,320.89,3111
5647,14:14:24,380,184.44,27.11,5557
5648,14:14:24,380,184.44,27.11,5557
5649,14:14:25,380,159.34,33.52,5557
5650,14:14:25,380,159.34,33.52,5557
5651,14:14:25,260,120.44,51.75,321
5652,14:14:25,260,120.44,51.75,321
5653,14:14:25,277,156.59,55.8,321
5654,14:14:25,277,156.59,55.8,321
5655,14:14:25,55,88.59,51.39,2100
5656,14:14:25,55,88.59,51.39,2100
5657,14:14:25,270,185.85,51.68,311
5658,14:14:25,270,185.85,51.68,311
5659,14:14:25,176,133.59,65.98,6417
5660,14:14:25,176,133.59,65.98,6417
5661,14:14:25,310,193.41,66.7,533
5662,14:14:25,310,193.41,66.7,533
5663,14:14:25,170,112.63,67.24,6417
5664,14:14:25,170,112.63,67.24,6417
5665,14:14:25,279,107.55,54.96,264
5666,14:14:25,279,107.55,54.96,264
5667,14:14:25,360,259.26,64.93,5423
5668,14:14:25,360,259.26,64.93,5423
5669,14:14:25,288,136.29,66.12,533
5670,14:14:25,288,136.29,66.12,533
5671,14:14:26,94,68,76.18,572
5672,14:14:26,94,68,76.18,572
5673,14:14:27,256,131.19,100.58,342
5674,14:14:27,256,131.19,100.58,342
5675,14:14:27,268,159.44,105.51,342
5676,14:14:27,268,159.44,105.51,342
5677,14:14:27,39,32.58,113.29,2022
5678,14:14:27,39,32.58,113.29,2022
5679,14:14:27,360,226.69,143.08,571
5680,14:14:27,360,226.69,143.08,571
5681,14:14:28,136,170.54,174.62,2714
5682,14:14:28,136,170.54,174.62,2714
5683,14:14:28,163,199.67,169.56,2714
5684,14:14:28,163,199.67,169.56,2714
5685,14:14:28,192,136.98,174.6,346
5686,14:14:28,192,136.98,174.6,346
5687,14:14:29,159,174.13,183.11,334
5688,14:14:29,159,174.13,183.11,334
5689,14:14:29,330,313.43,194.35,327
5690,14:14:29,330,313.43,194.35,327
5691,14:14:29,330,365.75,206.18,327
5692,14:14:29,330,365.75,206.18,327
5693,14:14:30,196,96.27,220.4,357
5694,14:14:30,196,96.27,220.4,357
5695,14:14:30,380,110.3,231.73,107
5696,14:14:30,380,110.3,231.73,107
5697,14:14:31,380,97.54,259.25,107
5698,14:14:31,380,97.54,259.25,107
5699,14:14:32,390,162.59,303.41,3425
5700,14:14:32,390,162.59,303.41,3425
5701,14:14:33,344,198.2,321.41,4031
5702,14:14:33,344,198.2,321.41,4031
5703,14:14:33,286,156.11,325.08,3111
5704,14:14:33,286,156.11,325.08,3111
5705,14:14:33,334,138.87,324.37,4031
5706,14:14:33,334,138.87,324.37,4031
5707,14:14:33,271,98.57,318.65,3111
5708,14:14:33,271,98.57,318.65,3111
5709,14:14:34,380,191.35,26.22,5557
5710,14:14:34,380,191.35,26.22,5557
5711,14:14:35,380,160.52,32.79,5557
5712,14:14:35,380,160.52,32.79,5557
5713,14:14:35,263,122.47,50.62,321
5714,14:14:35,263,122.47,50.62,321
5715,14:14:35,277,164.48,56.92,321
5716,14:14:35,277,164.48,56.92,321
5717,14:14:35,55,89.96,51.16,2100
5718,14:14:35,55,89.96,51.16,2100
5719,14:14:35,270,187.56,51.58,311
5720,14:14:35,270,187.56,51.58,311
5721,14:14:35,175,131.79,65.52,6417
5722,14:14:35,175,131.79,65.52,6417
5723,14:14:35,307,191.16,66.26,533
5724,14:14:35,307,191.16,66.26,533
5725,14:14:35,170,110.13,67.49,6417
5726,14:14:35,170,110.13,67.49,6417
5727,14:14:35,279,109.94,54.71,264
5728,14:14:35,279,109.94,54.71,264
5729,14:14:35,360,257.02,64.75,5423
5730,14:14:35,360,257.02,64.75,5423
5731,14:14:35,288,115.96,66.08,533
5732,14:14:35,288,115.96,66.08,533
5733,14:14:36,92,65.52,77.45,572
5734,14:14:36,92,65.52,77.45,572
5735,14:14:36,258,133.36,99.75,342
5736,14:14:36,258,133.36,99.75,342
5737,14:14:36,350,288.4,96.24,326
5738,14:14:36,350,288.4,96.24,326
5739,14:14:37,37,32.01,106.5,2022
5740,14:14:37,37,32.01,106.5,2022
5741,14:14:37,268,163.37,105.92,342
5742,14:14:37,268,163.37,105.92,342
5743,14:14:37,380,109.83,111.05,107
5744,14:14:37,380,109.83,111.05,107
5745,14:14:37,360,225.89,143.43,571
5746,14:14:37,360,225.89,143.43,571
5747,14:14:38,136,166.95,175.82,2714
5748,14:14:38,136,166.95,175.82,2714
5749,14:14:38,156,198.16,169.89,2714
5750,14:14:38,156,198.16,169.89,2714
5751,14:14:38,194,139.23,173.33,346
5752,14:14:38,194,139.23,173.33,346
5753,14:14:39,160,175.15,184.27,334
5754,14:14:39,160,175.15,184.27,334
5755,14:14:39,330,315.79,194.76,327
5756,14:14:39,330,315.79,194.76,327
5757,14:14:39,330,379.92,208.93,327
5758,14:14:39,330,379.92,208.93,327
5759,14:14:40,196,103.85,219.45,357
5760,14:14:40,196,103.85,219.45,357
5761,14:14:40,380,109.37,234.55,107
5762,14:14:40,380,109.37,234.55,107
5763,14:14:41,380,97.01,264.9,107
5764,14:14:41,380,97.01,264.9,107
5765,14:14:42,390,161.68,300.82,3425
5766,14:14:42,390,161.68,300.82,3425
5767,14:14:43,342,195.79,322.16,4031
5768,14:14:43,342,195.79,322.16,4031
5769,14:14:43,390,261.84,323.78,2145
5770,14:14:43,390,261.84,323.78,2145
5771,14:14:43,283,153.74,325.18,3111
5772,14:14:43,283,153.74,325.18,3111
5773,14:14:43,334,124.71,325.19,4031
5774,14:14:43,334,124.71,325.19,4031
5775,14:14:43,271,84.9,315.36,3111
5776,14:14:43,271,84.9,315.36,3111
5777,14:14:44,179,59.85,355.46,357
5778,14:14:44,179,59.85,355.46,357
5779,14:14:44,380,161.71,32.59,5557
5780,14:14:44,380,161.71,32.59,5557
5781,14:14:44,380,198.91,25.39,5557
5782,14:14:44,380,198.91,25.39,5557
5783,14:14:45,263,124.51,49.68,321
5784,14:14:45,263,124.51,49.68,321
5785,14:14:45,277,172.82,58.04,321
5786,14:14:45,277,172.82,58.04,321
5787,14:14:45,55,90.92,51.03,2100
5788,14:14:45,55,90.92,51.03,2100
5789,14:14:45,270,188.75,51.52,311
5790,14:14:45,270,188.75,51.52,311
5791,14:14:45,174,130.03,65.24,6417
5792,14:14:45,174,130.03,65.24,6417
5793,14:14:45,304,188.9,66.03,533
5794,14:14:45,304,188.9,66.03,533
5795,14:14:45,170,107.77,67.74,6417
5796,14:14:45,170,107.77,67.74,6417
5797,14:14:45,279,112.32,54.48,264
5798,14:14:45,279,112.32,54.48,264
5799,14:14:45,360,254.78,64.56,5423
5800,14:14:45,360,254.78,64.56,5423
5801,14:14:45,288,92.72,66.03,533
5802,14:14:45,288,92.72,66.03,533
5803,14:14:46,91,63.94,79.04,572
5804,14:14:46,91,63.94,79.04,572
5805,14:14:46,350,290.81,96.36,326
5806,14:14:46,350,290.81,96.36,326
5807,14:14:47,260,135.57,101.61,342
5808,14:14:47,260,135.57,101.61,342
5809,14:14:47,36,31.96,105.77,2022
5810,14:14:47,36,31.96,105.77,2022
5811,14:14:47,268,167.21,106.29,342
5812,14:14:47,268,167.21,106.29,342
5813,14:14:47,380,108.89,111.58,107
5814,14:14:47,380,108.89,111.58,107
5815,14:14:48,360,225.1,143.79,571
5816,14:14:48,360,225.1,143.79,571
5817,14:14:48,136,164.73,176.8,2714
5818,14:14:48,136,164.73,176.8,2714
5819,14:14:48,150,196.63,170.68,2714
5820,14:14:48,150,196.63,170.68,2714
5821,14:14:48,196,140.3,172.51,346
5822,14:14:48,196,140.3,172.51,346
5823,14:14:49,160,176.08,184.89,334
5824,14:14:49,160,176.08,184.89,334
5825,14:14:49,330,318.04,194.3,327
5826,14:14:49,330,318.04,194.3,327
5827,14:14:50,196,111.24,218.58,357
5828,14:14:50,196,111.24,218.58,357
5829,14:14:50,181,59.73,226.13,357
5830,14:14:50,181,59.73,226.13,357
5831,14:14:50,380,109.36,234.22,107
5832,14:14:50,380,109.36,234.22,107
5833,14:14:51,380,97.16,262.07,107
5834,14:14:51,380,97.16,262.07,107
5835,14:14:51,370,226.33,266.78,4067
5836,14:14:51,370,226.33,266.78,4067
5837,14:14:52,390,162.09,302.13,3425
5838,14:14:52,390,162.09,302.13,3425
5839,14:14:53,35,34.79,316.22,2022
5840,14:14:53,35,34.79,316.22,2022
5841,14:14:53,341,195.8,322.16,4031
5842,14:14:53,341,195.8,322.16,4031
5843,14:14:53,390,260.73,323.78,2145
5844,14:14:53,390,260.73,323.78,2145
5845,14:14:53,284,153.74,325.04,3111
5846,14:14:53,284,153.74,325.04,3111
5847,14:14:53,334,131.76,324.76,4031
5848,14:14:53,334,131.76,324.76,4031
5849,14:14:53,271,91.7,317.12,3111
5850,14:14:53,271,91.7,317.12,3111
5851,14:14:53,179,58.91,355.52,357
5852,14:14:53,179,58.91,355.52,357
5853,14:14:54,380,161.7,32.37,5557
5854,14:14:54,380,161.7,32.37,5557
5855,14:14:54,380,195.12,25.8,5557
5856,14:14:54,380,195.12,25.8,5557
5857,14:14:55,263,123.48,50.15,321
5858,14:14:55,263,123.48,50.15,321
5859,14:14:55,277,168.64,57.5,321
5860,14:14:55,277,168.64,57.5,321
5861,14:14:55,55,90.33,51.1,2100
5862,14:14:55,55,90.33,51.1,2100
5863,14:14:55,270,188.11,51.51,311
5864,14:14:55,270,188.11,51.51,311
5865,14:14:55,174,130.92,65.42,6417
5866,14:14:55,174,130.92,65.42,6417
5867,14:14:55,304,190.03,66.18,533
5868,14:14:55,304,190.03,66.18,533
5869,14:14:55,170,108.95,67.62,6417
5870,14:14:55,170,108.95,67.62,6417
5871,14:14:55,279,111.13,54.59,264
5872,14:14:55,279,111.13,54.59,264
5873,14:14:55,360,255.9,64.65,5423
5874,14:14:55,360,255.9,64.65,5423
5875,14:14:56,91,64.99,78.43,572
5876,14:14:56,91,64.99,78.43,572
5877,14:14:57,350,289.62,96.34,326
5878,14:14:57,350,289.62,96.34,326
5879,14:14:57,260,134.48,101.3,342
5880,14:14:57,260,134.48,101.3,342
5881,14:14:57,36,32.59,106.81,2022
5882,14:14:57,36,32.59,106.81,2022
5883,14:14:57,268,165.3,106.11,342
5884,14:14:57,268,165.3,106.11,342
5885,14:14:57,380,109.33,111.96,107
5886,14:14:57,380,109.33,111.96,107
5887,14:14:57,360,225.49,143.6,571
5888,14:14:57,360,225.49,143.6,571
5889,14:14:58,150,197.39,170.43,2714
5890,14:14:58,150,197.39,170.43,2714
5891,14:14:58,196,139.38,172.76,346
5892,14:14:58,196,139.38,172.76,346
5893,14:14:59,160,175.53,184.82,334
5894,14:14:59,160,175.53,184.82,334
5895,14:14:59,330,316.91,194.36,327
5896,14:14:59,330,316.91,194.36,327
5897,14:15:00,196,118.39,217.78,357
5898,14:15:00,196,118.39,217.78,357
5899,14:15:00,181,59.74,226.13,357
5900,14:15:00,181,59.74,226.13,357
5901,14:15:00,380,109.36,234.22,107
5902,14:15:00,380,109.36,234.22,107
5903,14:15:01,370,226.36,266.78,4067
5904,14:15:01,370,226.36,266.78,4067
5905,14:15:03,35,34.8,316.22,2022
5906,14:15:03,35,34.8,316.22,2022
5907,14:15:03,341,195.79,322.16,4031
5908,14:15:03,341,195.79,322.16,4031
5909,14:15:03,390,260.73,323.78,2145
5910,14:15:03,390,260.73,323.78,2145
5911,14:15:03,284,153.74,325.04,3111
5912,14:15:03,284,153.74,325.04,3111
5913,14:15:03,179,58.91,355.52,357
5914,14:15:03,179,58.91,355.52,357
5915,14:15:04,380,161.7,32.37,5557
5916,14:15:04,380,161.7,32.37,5557
5917,14:15:05,263,123.48,50.15,321
5918,14:15:05,263,123.48,50.15,321
5919,14:15:05,55,90.33,51.1,2100
5920,14:15:05,55,90.33,51.1,2100
5921,14:15:05,270,188.11,51.51,311
5922,14:15:05,270,188.11,51.51,311
5923,14:15:05,174,130.92,65.42,6417
5924,14:15:05,174,130.92,65.42,6417
5925,14:15:05,304,190.03,66.18,533
5926,14:15:05,304,190.03,66.18,533
5927,14:15:06,91,64.99,78.42,572
5928,14:15:06,91,64.99,78.42,572
5929,14:15:06,350,289.62,96.34,326
5930,14:15:06,350,289.62,96.34,326
5931,14:15:07,260,134.48,101.3,342
5932,14:15:07,260,134.48,101.3,342
5933,14:15:07,36,32.58,106.8,2022
5934,14:15:07,36,32.58,106.8,2022
5935,14:15:07,380,109.33,111.96,107
5936,14:15:07,380,109.33,111.96,107
5937,14:15:08,150,197.39,170.43,2714
5938,14:15:08,150,197.39,170.43,2714
5939,14:15:08,196,139.38,172.76,346
5940,14:15:08,196,139.38,172.76,346
5941,14:15:09,160,175.53,184.82,334
5942,14:15:09,160,175.53,184.82,334
5943,14:15:09,330,316.91,194.36,327
5944,14:15:09,330,316.91,194.36,327
5945,14:15:10,181,59.74,226.13,357
5946,14:15:10,181,59.74,226.13,357
5947,14:15:10,380,109.36,234.22,107
5948,14:15:10,380,109.36,234.22,107
5949,14:15:11,370,226.36,266.78,4067
5950,14:15:11,370,226.36,266.78,4067
5951,14:15:12,390,173.81,311.11,3425
5952,14:15:12,390,173.81,311.11,3425
5953,14:15:13,35,34.8,316.22,2022
5954,14:15:13,35,34.8,316.22,2022
5955,14:15:13,341,195.79,322.16,4031
5956,14:15:13,341,195.79,322.16,4031
5957,14:15:13,390,260.73,323.78,2145
5958,14:15:13,390,260.73,323.78,2145
5959,14:15:13,284,153.74,325.04,3111
5960,14:15:13,284,153.74,325.04,3111
5961,14:15:13,179,58.91,355.52,357
5962,14:15:13,179,58.91,355.52,357
5963,14:15:14,380,161.7,32.37,5557
5964,14:15:14,380,161.7,32.37,5557
5965,14:15:15,263,123.48,50.15,321
5966,14:15:15,263,123.48,50.15,321
5967,14:15:15,55,90.33,51.1,2100
5968,14:15:15,55,90.33,51.1,2100
5969,14:15:15,270,188.11,51.51,311
5970,14:15:15,270,188.11,51.51,311
5971,14:15:15,174,130.92,65.42,6417
5972,14:15:15,174,130.92,65.42,6417
5973,14:15:15,304,190.03,66.18,533
5974,14:15:15,304,190.03,66.18,533
5975,14:15:16,91,64.99,78.42,572
5976,14:15:16,91,64.99,78.42,572
5977,14:15:16,350,289.62,96.34,326
5978,14:15:16,350,289.62,96.34,326
5979,14:15:17,260,134.48,101.3,342
5980,14:15:17,260,134.48,101.3,342
5981,14:15:17,36,32.58,106.8,2022
5982,14:15:17,36,32.58,106.8,2022
5983,14:15:17,380,109.33,111.96,107
5984,14:15:17,380,109.33,111.96,107
5985,14:15:18,150,197.39,170.43,2714
5986,14:15:18,150,197.39,170.43,2714
5987,14:15:18,196,139.38,172.76,346
5988,14:15:18,196,139.38,172.76,346
5989,14:15:19,160,175.53,184.82,334
5990,14:15:19,160,175.53,184.82,334
5991,14:15:19,330,316.91,194.36,327
5992,14:15:19,330,316.91,194.36,327
5993,14:15:20,181,62.63,225.9,357
5994,14:15:20,181,62.63,225.9,357
5995,14:15:20,380,107.6,238.68,107
5996,14:15:20,380,107.6,238.68,107
5997,14:15:21,370,225.77,265.49,4067
5998,14:15:21,370,225.77,265.49,4067
5999,14:15:22,390,170.75,311.67,3425
6000,14:15:22,390,170.75,311.67,3425
6001,14:15:23,35,42.96,338.84,2022
6002,14:15:23,35,42.96,338.84,2022
6003,14:15:23,341,190.19,322.99,4031
6004,14:15:23,341,190.19,322.99,4031
6005,14:15:23,390,252.49,323.99,2145
6006,14:15:23,390,252.49,323.99,2145
6007,14:15:23,284,148.18,325.1,3111
6008,14:15:23,284,148.18,325.1,3111
6009,14:15:23,179,61.76,355.34,357
6010,14:15:23,179,61.76,355.34,357
6011,14:15:24,380,164.48,31.22,5557
6012,14:15:24,380,164.48,31.22,5557
6013,14:15:25,275,136.05,52.12,321
6014,14:15:25,275,136.05,52.12,321
6015,14:15:25,55,94.14,51.27,2100
6016,14:15:25,55,94.14,51.27,2100
6017,14:15:25,270,195.39,52.25,311
6018,14:15:25,270,195.39,52.25,311
6019,14:15:25,288,178.57,66.15,533
6020,14:15:25,288,178.57,66.15,533
6021,14:15:26,170,122.25,66.3,6417
6022,14:15:26,170,122.25,66.3,6417
6023,14:15:26,85,59.31,80.67,572
6024,14:15:26,85,59.31,80.67,572
6025,14:15:27,350,293.18,96.43,326
6026,14:15:27,350,293.18,96.43,326
6027,14:15:27,266,144.22,104.98,342
6028,14:15:27,266,144.22,104.98,342
6029,14:15:27,30,30.23,100.85,2022
6030,14:15:27,30,30.23,100.85,2022
6031,14:15:27,380,107.98,111.44,107
6032,14:15:27,380,107.98,111.44,107
6033,14:15:28,136,189.88,170.48,2714
6034,14:15:28,136,189.88,170.48,2714
6035,14:15:28,201,145.27,173.63,346
6036,14:15:28,201,145.27,173.63,346
6037,14:15:29,160,177.31,185.05,334
6038,14:15:29,160,177.31,185.05,334
6039,14:15:29,330,328.14,197.11,327
6040,14:15:29,330,328.14,197.11,327
6041,14:15:30,181,64.55,225.75,357
6042,14:15:30,181,64.55,225.75,357
6043,14:15:31,380,104.55,241.96,107
6044,14:15:31,380,104.55,241.96,107
6045,14:15:31,370,225.44,264.63,4067
6046,14:15:31,370,225.44,264.63,4067
6047,14:15:32,390,168.71,310.19,3425
6048,14:15:32,390,168.71,310.19,3425
6049,14:15:32,35,50.96,348.93,2022
6050,14:15:32,35,50.96,348.93,2022
6051,14:15:32,334,180.91,322.69,4031
6052,14:15:32,334,180.91,322.69,4031
6053,14:15:32,390,245.54,324.18,2145
6054,14:15:32,390,245.54,324.18,2145
6055,14:15:32,271,139.32,324.13,3111
6056,14:15:32,271,139.32,324.13,3111
6057,14:15:33,179,63.66,355.22,357
6058,14:15:33,179,63.66,355.22,357
6059,14:15:35,380,169.31,29.68,5557
6060,14:15:35,380,169.31,29.68,5557
6061,14:15:35,277,137.81,52.97,321
6062,14:15:35,277,137.81,52.97,321
6063,14:15:35,55,94.48,51.53,2100
6064,14:15:35,55,94.48,51.53,2100
6065,14:15:35,270,197.26,52.33,311
6066,14:15:35,270,197.26,52.33,311
6067,14:15:35,170,120.32,66.55,6417
6068,14:15:35,170,120.32,66.55,6417
6069,14:15:35,279,101.09,55.68,264
6070,14:15:35,279,101.09,55.68,264
6071,14:15:35,360,265.28,65.41,5423
6072,14:15:35,360,265.28,65.41,5423
6073,14:15:35,288,173.58,66.15,533
6074,14:15:35,288,173.58,66.15,533
6075,14:15:35,84,57.47,80.94,572
6076,14:15:35,84,57.47,80.94,572
6077,14:15:35,350,295.57,96.52,326
6078,14:15:35,350,295.57,96.52,326
6079,14:15:35,268,148.01,104.04,342
6080,14:15:35,268,148.01,104.04,342
6081,14:15:35,30,30.47,104.29,2022
6082,14:15:35,30,30.47,104.29,2022
6083,14:15:35,380,107.27,111.81,107
6084,14:15:35,380,107.27,111.81,107
6085,14:15:35,360,228.84,142.14,571
6086,14:15:35,360,228.84,142.14,571
6087,14:15:35,136,184.52,171.36,2714
6088,14:15:35,136,184.52,171.36,2714
6089,14:15:35,350,251.03,161.33,325
6090,14:15:35,350,251.03,161.33,325
6091,14:15:35,203,147.06,174.25,346
6092,14:15:35,203,147.06,174.25,346
6093,14:15:36,160,178.65,185.23,334
6094,14:15:36,160,178.65,185.23,334
6095,14:15:36,330,336.11,199.24,327
6096,14:15:36,330,336.11,199.24,327
6097,14:15:37,196,71.53,224.19,357
6098,14:15:37,196,71.53,224.19,357
6099,14:15:37,380,103.2,244.14,107
6100,14:15:37,380,103.2,244.14,107
6101,14:15:38,370,225.28,264.16,4067
6102,14:15:38,370,225.28,264.16,4067
6103,14:15:39,390,167.63,309.5,3425
6104,14:15:39,390,167.63,309.5,3425
6105,14:15:40,35,55.88,353.18,2022
6106,14:15:40,35,55.88,353.18,2022
6107,14:15:40,334,175.74,322.85,4031
6108,14:15:40,334,175.74,322.85,4031
6109,14:15:40,390,241.27,324.29,2145
6110,14:15:40,390,241.27,324.29,2145
6111,14:15:40,271,134.33,323.69,3111
6112,14:15:40,271,134.33,323.69,3111
6113,14:15:40,179,64.71,355.17,357
6114,14:15:40,179,64.71,355.17,357
6115,14:15:41,380,171.98,29.13,5557
6116,14:15:41,380,171.98,29.13,5557
6117,14:15:42,277,141.34,53.51,321
6118,14:15:42,277,141.34,53.51,321
6119,14:15:42,55,88.21,51.79,2100
6120,14:15:42,55,88.21,51.79,2100
6121,14:15:42,270,184.89,51.45,311
6122,14:15:42,270,184.89,51.45,311
6123,14:15:42,170,118.64,66.69,6417
6124,14:15:42,170,118.64,66.69,6417
6125,14:15:42,279,102.41,55.52,264
6126,14:15:42,279,102.41,55.52,264
6127,14:15:42,360,264.09,65.31,5423
6128,14:15:42,360,264.09,65.31,5423
6129,14:15:42,288,167.96,66.15,533
6130,14:15:42,288,167.96,66.15,533
6131,14:15:42,97,66.95,76.22,572
6132,14:15:42,97,66.95,76.22,572
6133,14:15:43,350,296.87,96.58,326
6134,14:15:43,350,296.87,96.58,326
6135,14:15:44,268,150.41,104.39,342
6136,14:15:44,268,150.41,104.39,342
6137,14:15:44,30,30.66,105.9,2022
6138,14:15:44,30,30.66,105.9,2022
6139,14:15:44,380,107.38,112.31,107
6140,14:15:44,380,107.38,112.31,107
6141,14:15:44,360,228.43,142.33,571
6142,14:15:44,360,228.43,142.33,571
6143,14:15:45,136,181.37,171.97,2714
6144,14:15:45,136,181.37,171.97,2714
6145,14:15:45,350,252.39,161.69,325
6146,14:15:45,350,252.39,161.69,325
6147,14:15:45,184,138.23,177.04,346
6148,14:15:45,184,138.23,177.04,346
6149,14:15:46,158,172.58,184.68,334
6150,14:15:46,158,172.58,184.68,334
6151,14:15:46,330,341.23,200.57,327
6152,14:15:46,330,341.23,200.57,327
6153,14:15:47,196,80.69,222.64,357
6154,14:15:47,196,80.69,222.64,357
6155,14:15:47,380,100.65,249.12,107
6156,14:15:47,380,100.65,249.12,107
6157,14:15:48,370,224.99,263.16,4067
6158,14:15:48,370,224.99,263.16,4067
6159,14:15:49,390,165.5,307.72,3425
6160,14:15:49,390,165.5,307.72,3425
6161,14:15:49,35,66.93,359.95,2022
6162,14:15:49,35,66.93,359.95,2022
6163,14:15:49,334,163.82,323.27,4031
6164,14:15:49,334,163.82,323.27,4031
6165,14:15:49,390,231.75,324.54,2145
6166,14:15:49,390,231.75,324.54,2145
6167,14:15:49,271,122.81,322.46,3111
6168,14:15:49,271,122.81,322.46,3111
6169,14:15:51,380,178.2,28.03,5557
6170,14:15:51,380,178.2,28.03,5557
6171,14:15:52,277,149.17,54.69,321
6172,14:15:52,277,149.17,54.69,321
6173,14:15:52,55,87.33,52.04,2100
6174,14:15:52,55,87.33,52.04,2100
6175,14:15:52,270,181.99,51.67,311
6176,14:15:52,270,181.99,51.67,311
6177,14:15:52,170,115.3,66.98,6417
6178,14:15:52,170,115.3,66.98,6417
6179,14:15:52,279,105.16,55.21,264
6180,14:15:52,279,105.16,55.21,264
6181,14:15:52,360,261.5,65.11,5423
6182,14:15:52,360,261.5,65.11,5423
6183,14:15:52,288,153.3,66.14,533
6184,14:15:52,288,153.3,66.14,533
6185,14:15:53,95,70.64,75.75,572
6186,14:15:53,95,70.64,75.75,572
6187,14:15:54,268,155.36,105.04,342
6188,14:15:54,268,155.36,105.04,342
6189,14:15:54,30,31.53,109.94,2022
6190,14:15:54,30,31.53,109.94,2022
6191,14:15:54,360,227.49,142.73,571
6192,14:15:54,360,227.49,142.73,571
6193,14:15:55,136,175.21,173.34,2714
6194,14:15:55,136,175.21,173.34,2714
6195,14:15:55,350,255.17,162.43,325
6196,14:15:55,350,255.17,162.43,325
6197,14:15:55,350,232.1,160.57,325
6198,14:15:55,350,232.1,160.57,325
6199,14:15:55,189,134.54,175.29,346
6200,14:15:55,189,134.54,175.29,346
6201,14:15:56,159,171.55,184.32,334
6202,14:15:56,159,171.55,184.32,334
6203,14:15:56,330,353.32,203.48,327
6204,14:15:56,330,353.32,203.48,327
6205,14:15:57,196,88.54,221.46,357
6206,14:15:57,196,88.54,221.46,357
6207,14:15:58,380,98.8,253.97,107
6208,14:15:58,380,98.8,253.97,107
6209,14:15:59,390,163.89,305.73,3425
6210,14:15:59,390,163.89,305.73,3425
6211,14:15:59,334,151.94,323.75,4031
6212,14:15:59,334,151.94,323.75,4031
6213,14:15:59,271,111.27,320.89,3111
6214,14:15:59,271,111.27,320.89,3111
6215,14:16:01,380,184.44,27.11,5557
6216,14:16:01,380,184.44,27.11,5557
6217,14:16:02,380,159.34,33.52,5557
6218,14:16:02,380,159.34,33.52,5557
6219,14:16:02,260,120.44,51.75,321
6220,14:16:02,260,120.44,51.75,321
6221,14:16:02,277,156.59,55.8,321
6222,14:16:02,277,156.59,55.8,321
6223,14:16:02,55,88.74,51.39,2100
6224,14:16:02,55,88.74,51.39,2100
6225,14:16:02,270,184.91,51.31,311
6226,14:16:02,270,184.91,51.31,311
6227,14:16:02,176,133.59,65.98,6417
6228,14:16:02,176,133.59,65.98,6417
6229,14:16:02,310,193.41,66.7,533
6230,14:16:02,310,193.41,66.7,533
6231,14:16:02,170,112.63,67.24,6417
6232,14:16:02,170,112.63,67.24,6417
6233,14:16:02,279,107.55,54.96,264
6234,14:16:02,279,107.55,54.96,264
6235,14:16:02,360,259.26,64.93,5423
6236,14:16:02,360,259.26,64.93,5423
6237,14:16:02,288,136.29,66.12,533
6238,14:16:02,288,136.29,66.12,533
6239,14:16:03,94,67.52,76.6,572
6240,14:16:03,94,67.52,76.6,572
6241,14:16:04,256,131.19,100.58,342
6242,14:16:04,256,131.19,100.58,342
6243,14:16:04,268,159.44,105.51,342
6244,14:16:04,268,159.44,105.51,342
6245,14:16:04,39,34.67,116.26,2022
6246,14:16:04,39,34.67,116.26,2022
6247,14:16:04,360,226.69,143.08,571
6248,14:16:04,360,226.69,143.08,571
6249,14:16:05,136,170.54,174.62,2714
6250,14:16:05,136,170.54,174.62,2714
6251,14:16:05,350,257.62,163.06,325
6252,14:16:05,350,257.62,163.06,325
6253,14:16:05,350,234.52,161.1,325
6254,14:16:05,350,234.52,161.1,325
6255,14:16:05,163,199.67,169.56,2714
6256,14:16:05,163,199.67,169.56,2714
6257,14:16:05,192,136.98,174.6,346
6258,14:16:05,192,136.98,174.6,346
6259,14:16:06,159,174.44,184.48,334
6260,14:16:06,159,174.44,184.48,334
6261,14:16:06,330,313.43,194.35,327
6262,14:16:06,330,313.43,194.35,327
6263,14:16:06,330,365.75,206.18,327
6264,14:16:06,330,365.75,206.18,327
6265,14:16:07,196,96.27,220.4,357
6266,14:16:07,196,96.27,220.4,357
6267,14:16:07,380,110.3,231.73,107
6268,14:16:07,380,110.3,231.73,107
6269,14:16:07,380,97.54,259.25,107
6270,14:16:07,380,97.54,259.25,107
6271,14:16:09,390,162.59,303.41,3425
6272,14:16:09,390,162.59,303.41,3425
6273,14:16:09,344,198.2,321.41,4031
6274,14:16:09,344,198.2,321.41,4031
6275,14:16:09,286,156.11,325.08,3111
6276,14:16:09,286,156.11,325.08,3111
6277,14:16:09,334,138.87,324.37,4031
6278,14:16:09,334,138.87,324.37,4031
6279,14:16:09,271,98.57,318.65,3111
6280,14:16:09,271,98.57,318.65,3111
6281,14:16:11,380,191.35,26.22,5557
6282,14:16:11,380,191.35,26.22,5557
6283,14:16:12,380,160.52,32.79,5557
6284,14:16:12,380,160.52,32.79,5557
6285,14:16:12,263,122.47,50.62,321
6286,14:16:12,263,122.47,50.62,321
6287,14:16:12,277,164.48,56.92,321
6288,14:16:12,277,164.48,56.92,321
6289,14:16:12,55,90.07,51.07,2100
6290,14:16:12,55,90.07,51.07,2100
6291,14:16:12,270,188.01,51.66,311
6292,14:16:12,270,188.01,51.66,311
6293,14:16:12,175,131.79,65.52,6417
6294,14:16:12,175,131.79,65.52,6417
6295,14:16:12,307,191.16,66.26,533
6296,14:16:12,307,191.16,66.26,533
6297,14:16:12,170,110.13,67.49,6417
6298,14:16:12,170,110.13,67.49,6417
6299,14:16:12,279,109.94,54.71,264
6300,14:16:12,279,109.94,54.71,264
6301,14:16:12,360,257.02,64.75,5423
6302,14:16:12,360,257.02,64.75,5423
6303,14:16:12,288,115.96,66.08,533
6304,14:16:12,288,115.96,66.08,533
6305,14:16:12,92,65.1,77.57,572
6306,14:16:12,92,65.1,77.57,572
6307,14:16:13,258,133.36,99.75,342
6308,14:16:13,258,133.36,99.75,342
6309,14:16:13,350,288.4,96.24,326
6310,14:16:13,350,288.4,96.24,326
6311,14:16:14,37,32.51,102.29,2022
6312,14:16:14,37,32.51,102.29,2022
6313,14:16:14,268,163.37,105.92,342
6314,14:16:14,268,163.37,105.92,342
6315,14:16:14,380,109.83,111.05,107
6316,14:16:14,380,109.83,111.05,107
6317,14:16:14,360,225.89,143.43,571
6318,14:16:14,360,225.89,143.43,571
6319,14:16:15,136,166.95,175.82,2714
6320,14:16:15,136,166.95,175.82,2714
6321,14:16:15,350,260.11,163.68,325
6322,14:16:15,350,260.11,163.68,325
6323,14:16:15,350,236.93,161.62,325
6324,14:16:15,350,236.93,161.62,325
6325,14:16:15,156,198.16,169.89,2714
6326,14:16:15,156,198.16,169.89,2714
6327,14:16:15,194,139.23,173.33,346
6328,14:16:15,194,139.23,173.33,346
6329,14:16:16,160,175.62,184.83,334
6330,14:16:16,160,175.62,184.83,334
6331,14:16:16,330,315.79,194.76,327
6332,14:16:16,330,315.79,194.76,327
6333,14:16:16,330,379.92,208.93,327
6334,14:16:16,330,379.92,208.93,327
6335,14:16:17,196,103.85,219.45,357
6336,14:16:17,196,103.85,219.45,357
6337,14:16:17,380,109.37,234.55,107
6338,14:16:17,380,109.37,234.55,107
6339,14:16:17,380,97.01,264.9,107
6340,14:16:17,380,97.01,264.9,107
6341,14:16:19,390,161.68,300.82,3425
6342,14:16:19,390,161.68,300.82,3425
6343,14:16:20,342,195.79,322.16,4031
6344,14:16:20,342,195.79,322.16,4031
6345,14:16:20,390,261.84,323.78,2145
6346,14:16:20,390,261.84,323.78,2145
6347,14:16:20,283,153.74,325.18,3111
6348,14:16:20,283,153.74,325.18,3111
6349,14:16:20,334,124.71,325.19,4031
6350,14:16:20,334,124.71,325.19,4031
6351,14:16:20,271,84.9,315.36,3111
6352,14:16:20,271,84.9,315.36,3111
6353,14:16:21,179,59.85,355.46,357
6354,14:16:21,179,59.85,355.46,357
6355,14:16:21,380,161.71,32.59,5557
6356,14:16:21,380,161.71,32.59,5557
6357,14:16:21,380,198.91,25.39,5557
6358,14:16:21,380,198.91,25.39,5557
6359,14:16:22,263,124.51,49.68,321
6360,14:16:22,263,124.51,49.68,321
6361,14:16:22,277,172.82,58.04,321
6362,14:16:22,277,172.82,58.04,321
6363,14:16:22,55,90.62,51.07,2100
6364,14:16:22,55,90.62,51.07,2100
6365,14:16:22,270,189.45,51.66,311
6366,14:16:22,270,189.45,51.66,311
6367,14:16:22,174,130.03,65.24,6417
6368,14:16:22,174,130.03,65.24,6417
6369,14:16:22,304,188.9,66.03,533
6370,14:16:22,304,188.9,66.03,533
6371,14:16:22,170,107.77,67.74,6417
6372,14:16:22,170,107.77,67.74,6417
6373,14:16:22,279,112.32,54.48,264
6374,14:16:22,279,112.32,54.48,264
6375,14:16:22,360,254.78,64.56,5423
6376,14:16:22,360,254.78,64.56,5423
6377,14:16:22,288,92.72,66.03,533
6378,14:16:22,288,92.72,66.03,533
6379,14:16:23,91,64.04,78.74,572
6380,14:16:23,91,64.04,78.74,572
6381,14:16:23,350,290.81,96.36,326
6382,14:16:23,350,290.81,96.36,326
6383,14:16:24,260,135.57,101.61,342
6384,14:16:24,260,135.57,101.61,342
6385,14:16:24,36,33.48,110.87,2022
6386,14:16:24,36,33.48,110.87,2022
6387,14:16:24,268,167.21,106.29,342
6388,14:16:24,268,167.21,106.29,342
6389,14:16:24,380,108.89,111.58,107
6390,14:16:24,380,108.89,111.58,107
6391,14:16:24,360,225.1,143.79,571
6392,14:16:24,360,225.1,143.79,571
6393,14:16:25,136,164.73,176.8,2714
6394,14:16:25,136,164.73,176.8,2714
6395,14:16:25,350,262.62,164.29,325
6396,14:16:25,350,262.62,164.29,325
6397,14:16:25,350,239.36,162.12,325
6398,14:16:25,350,239.36,162.12,325
6399,14:16:25,150,196.63,170.68,2714
6400,14:16:25,150,196.63,170.68,2714
6401,14:16:25,196,140.3,172.5,346
6402,14:16:25,196,140.3,172.5,346
6403,14:16:26,160,176,184.94,334
6404,14:16:26,160,176,184.94,334
6405,14:16:26,330,318.04,194.3,327
6406,14:16:26,330,318.04,194.3,327
6407,14:16:27,196,111.24,218.58,357
6408,14:16:27,196,111.24,218.58,357
6409,14:16:27,181,59.73,226.13,357
6410,14:16:27,181,59.73,226.13,357
6411,14:16:27,380,109.36,234.22,107
6412,14:16:27,380,109.36,234.22,107
6413,14:16:28,380,97.16,262.07,107
6414,14:16:28,380,97.16,262.07,107
6415,14:16:28,370,226.33,266.78,4067
6416,14:16:28,370,226.33,266.78,4067
6417,14:16:29,390,162.09,302.13,3425
6418,14:16:29,390,162.09,302.13,3425
6419,14:16:30,35,34.79,316.22,2022
6420,14:16:30,35,34.79,316.22,2022
6421,14:16:30,341,195.8,322.16,4031
6422,14:16:30,341,195.8,322.16,4031
6423,14:16:30,390,260.73,323.78,2145
6424,14:16:30,390,260.73,323.78,2145
6425,14:16:30,284,153.74,325.04,3111
6426,14:16:30,284,153.74,325.04,3111
6427,14:16:30,334,131.76,324.76,4031
6428,14:16:30,334,131.76,324.76,4031
6429,14:16:30,271,91.7,317.12,3111
6430,14:16:30,271,91.7,317.12,3111
6431,14:16:30,179,58.91,355.52,357
6432,14:16:30,179,58.91,355.52,357
6433,14:16:31,380,161.7,32.37,5557
6434,14:16:31,380,161.7,32.37,5557
6435,14:16:31,380,195.12,25.8,5557
6436,14:16:31,380,195.12,25.8,5557
6437,14:16:32,263,123.48,50.15,321
6438,14:16:32,263,123.48,50.15,321
6439,14:16:32,277,168.64,57.5,321
6440,14:16:32,277,168.64,57.5,321
6441,14:16:32,55,90.3,51.08,2100
6442,14:16:32,55,90.3,51.08,2100
6443,14:16:32,270,188.3,51.53,311
6444,14:16:32,270,188.3,51.53,311
6445,14:16:32,174,130.92,65.42,6417
6446,14:16:32,174,130.92,65.42,6417
6447,14:16:32,304,190.03,66.18,533
6448,14:16:32,304,190.03,66.18,533
6449,14:16:32,170,108.95,67.62,6417
6450,14:16:32,170,108.95,67.62,6417
6451,14:16:32,279,111.13,54.59,264
6452,14:16:32,279,111.13,54.59,264
6453,14:16:32,360,255.9,64.65,5423
6454,14:16:32,360,255.9,64.65,5423
6455,14:16:33,91,64.98,78.31,572
6456,14:16:33,91,64.98,78.31,572
6457,14:16:33,350,289.62,96.34,326
6458,14:16:33,350,289.62,96.34,326
6459,14:16:34,260,134.48,101.3,342
6460,14:16:34,260,134.48,101.3,342
6461,14:16:34,36,32.76,106.67,2022
6462,14:16:34,36,32.76,106.67,2022
6463,14:16:34,268,165.3,106.11,342
6464,14:16:34,268,165.3,106.11,342
6465,14:16:34,380,109.33,111.96,107
6466,14:16:34,380,109.33,111.96,107
6467,14:16:34,360,225.49,143.6,571
6468,14:16:34,360,225.49,143.6,571
6469,14:16:35,350,261.37,163.98,325
6470,14:16:35,350,261.37,163.98,325
6471,14:16:35,350,238.14,161.87,325
6472,14:16:35,350,238.14,161.87,325
6473,14:16:35,150,197.39,170.43,2714
6474,14:16:35,150,197.39,170.43,2714
6475,14:16:35,196,139.38,172.76,346
6476,14:16:35,196,139.38,172.76,346
6477,14:16:36,160,175.59,184.84,334
6478,14:16:36,160,175.59,184.84,334
6479,14:16:36,330,316.91,194.36,327
6480,14:16:36,330,316.91,194.36,327
6481,14:16:37,196,118.39,217.78,357
6482,14:16:37,196,118.39,217.78,357
6483,14:16:37,181,59.74,226.13,357
6484,14:16:37,181,59.74,226.13,357
6485,14:16:37,380,109.36,234.22,107
6486,14:16:37,380,109.36,234.22,107
6487,14:16:38,370,226.36,266.78,4067
6488,14:16:38,370,226.36,266.78,4067
6489,14:16:40,35,34.8,316.22,2022
6490,14:16:40,35,34.8,316.22,2022
6491,14:16:40,341,195.79,322.16,4031
6492,14:16:40,341,195.79,322.16,4031
6493,14:16:40,390,260.73,323.78,2145
6494,14:16:40,390,260.73,323.78,2145
6495,14:16:40,284,153.74,325.04,3111
6496,14:16:40,284,153.74,325.04,3111
6497,14:16:40,179,58.91,355.52,357
6498,14:16:40,179,58.91,355.52,357
6499,14:16:41,380,161.7,32.37,5557
6500,14:16:41,380,161.7,32.37,5557
6501,14:16:42,263,123.48,50.15,321
6502,14:16:42,263,123.48,50.15,321
6503,14:16:42,55,90.3,51.08,2100
6504,14:16:42,55,90.3,51.08,2100
6505,14:16:42,270,188.3,51.53,311
6506,14:16:42,270,188.3,51.53,311
6507,14:16:42,174,130.92,65.42,6417
6508,14:16:42,174,130.92,65.42,6417
6509,14:16:42,304,190.03,66.18,533
6510,14:16:42,304,190.03,66.18,533
6511,14:16:43,91,64.98,78.31,572
6512,14:16:43,91,64.98,78.31,572
6513,14:16:43,350,289.62,96.34,326
6514,14:16:43,350,289.62,96.34,326
6515,14:16:44,260,134.48,101.3,342
6516,14:16:44,260,134.48,101.3,342
6517,14:16:44,36,32.76,106.67,2022
6518,14:16:44,36,32.76,106.67,2022
6519,14:16:44,380,109.33,111.96,107
6520,14:16:44,380,109.33,111.96,107
6521,14:16:45,350,238.14,161.87,325
6522,14:16:45,350,238.14,161.87,325
6523,14:16:45,150,197.39,170.43,2714
6524,14:16:45,150,197.39,170.43,2714
6525,14:16:45,196,139.38,172.76,346
6526,14:16:45,196,139.38,172.76,346
6527,14:16:46,160,175.59,184.84,334
6528,14:16:46,160,175.59,184.84,334
6529,14:16:46,330,316.91,194.36,327
6530,14:16:46,330,316.91,194.36,327
6531,14:16:47,181,59.74,226.13,357
6532,14:16:47,181,59.74,226.13,357
6533,14:16:47,380,109.36,234.22,107
6534,14:16:47,380,109.36,234.22,107
6535,14:16:48,370,226.36,266.78,4067
6536,14:16:48,370,226.36,266.78,4067
6537,14:16:49,390,173.81,311.11,3425
6538,14:16:49,390,173.81,311.11,3425
6539,14:16:50,35,34.8,316.22,2022
6540,14:16:50,35,34.8,316.22,2022
6541,14:16:50,341,195.79,322.16,4031
6542,14:16:50,341,195.79,322.16,4031
6543,14:16:50,390,260.73,323.78,2145
6544,14:16:50,390,260.73,323.78,2145
6545,14:16:50,284,153.74,325.04,3111
6546,14:16:50,284,153.74,325.04,3111
6547,14:16:50,179,58.91,355.52,357
6548,14:16:50,179,58.91,355.52,357
6549,14:16:51,380,161.7,32.37,5557
6550,14:16:51,380,161.7,32.37,5557
6551,14:16:52,263,123.48,50.15,321
6552,14:16:52,263,123.48,50.15,321
6553,14:16:52,55,90.3,51.08,2100
6554,14:16:52,55,90.3,51.08,2100
6555,14:16:52,270,188.3,51.53,311
6556,14:16:52,270,188.3,51.53,311
6557,14:16:52,174,130.92,65.42,6417
6558,14:16:52,174,130.92,65.42,6417
6559,14:16:52,304,190.03,66.18,533
6560,14:16:52,304,190.03,66.18,533
6561,14:16:53,91,64.98,78.31,572
6562,14:16:53,91,64.98,78.31,572
6563,14:16:53,350,289.62,96.34,326
6564,14:16:53,350,289.62,96.34,326
6565,14:16:54,260,134.48,101.3,342
6566,14:16:54,260,134.48,101.3,342
6567,14:16:54,36,32.75,106.66,2022
6568,14:16:54,36,32.75,106.66,2022
6569,14:16:54,380,109.33,111.96,107
6570,14:16:54,380,109.33,111.96,107
6571,14:16:55,350,238.14,161.87,325
6572,14:16:55,350,238.14,161.87,325
6573,14:16:55,150,197.39,170.43,2714
6574,14:16:55,150,197.39,170.43,2714
6575,14:16:55,196,139.38,172.76,346
6576,14:16:55,196,139.38,172.76,346
6577,14:16:56,160,175.59,184.84,334
6578,14:16:56,160,175.59,184.84,334
6579,14:16:56,330,316.91,194.36,327
6580,14:16:56,330,316.91,194.36,327
6581,14:16:57,181,62.63,225.9,357
6582,14:16:57,181,62.63,225.9,357
6583,14:16:57,380,107.6,238.68,107
6584,14:16:57,380,107.6,238.68,107
6585,14:16:58,370,225.77,265.49,4067
6586,14:16:58,370,225.77,265.49,4067
6587,14:16:59,390,170.75,311.67,3425
6588,14:16:59,390,170.75,311.67,3425
6589,14:17:00,35,42.96,338.84,2022
6590,14:17:00,35,42.96,338.84,2022
6591,14:17:00,341,190.19,322.99,4031
6592,14:17:00,341,190.19,322.99,4031
6593,14:17:00,390,252.49,323.99,2145
6594,14:17:00,390,252.49,323.99,2145
6595,14:17:00,284,148.18,325.1,3111
6596,14:17:00,284,148.18,325.1,3111
6597,14:17:00,179,61.76,355.34,357
6598,14:17:00,179,61.76,355.34,357
6599,14:17:01,380,164.48,31.22,5557
6600,14:17:01,380,164.48,31.22,5557
6601,14:17:02,275,136.05,52.12,321
6602,14:17:02,275,136.05,52.12,321
6603,14:17:02,55,94.22,51.44,2100
6604,14:17:02,55,94.22,51.44,2100
6605,14:17:02,270,195.23,52.54,311
6606,14:17:02,270,195.23,52.54,311
6607,14:17:02,288,178.57,66.15,533
6608,14:17:02,288,178.57,66.15,533
6609,14:17:03,170,122.25,66.3,6417
6610,14:17:03,170,122.25,66.3,6417
6611,14:17:03,85,59.01,80.61,572
6612,14:17:03,85,59.01,80.61,572
6613,14:17:03,350,293.18,96.43,326
6614,14:17:03,350,293.18,96.43,326
6615,14:17:04,266,144.22,104.98,342
6616,14:17:04,266,144.22,104.98,342
6617,14:17:04,30,29.75,96.76,2022
6618,14:17:04,30,29.75,96.76,2022
6619,14:17:04,380,107.98,111.44,107
6620,14:17:04,380,107.98,111.44,107
6621,14:17:05,136,189.88,170.48,2714
6622,14:17:05,136,189.88,170.48,2714
6623,14:17:05,201,145.26,173.61,346
6624,14:17:05,201,145.26,173.61,346
6625,14:17:06,160,176.68,185.11,334
6626,14:17:06,160,176.68,185.11,334
6627,14:17:06,330,328.14,197.11,327
6628,14:17:06,330,328.14,197.11,327
6629,14:17:07,181,64.55,225.75,357
6630,14:17:07,181,64.55,225.75,357
6631,14:17:07,380,104.55,241.96,107
6632,14:17:07,380,104.55,241.96,107
6633,14:17:08,370,225.44,264.63,4067
6634,14:17:08,370,225.44,264.63,4067
6635,14:17:09,390,168.71,310.19,3425
6636,14:17:09,390,168.71,310.19,3425
6637,14:17:09,35,50.96,348.93,2022
6638,14:17:09,35,50.96,348.93,2022
6639,14:17:09,334,180.91,322.69,4031
6640,14:17:09,334,180.91,322.69,4031
6641,14:17:09,390,245.54,324.18,2145
6642,14:17:09,390,245.54,324.18,2145
6643,14:17:09,271,139.32,324.13,3111
6644,14:17:09,271,139.32,324.13,3111
6645,14:17:10,179,63.66,355.22,357
6646,14:17:10,179,63.66,355.22,357
6647,14:17:12,380,169.31,29.68,5557
6648,14:17:12,380,169.31,29.68,5557
6649,14:17:12,277,137.81,52.97,321
6650,14:17:12,277,137.81,52.97,321
6651,14:17:12,55,94.48,51.57,2100
6652,14:17:12,55,94.48,51.57,2100
6653,14:17:12,270,197.28,52.37,311
6654,14:17:12,270,197.28,52.37,311
6655,14:17:12,170,120.32,66.55,6417
6656,14:17:12,170,120.32,66.55,6417
6657,14:17:12,279,101.09,55.68,264
6658,14:17:12,279,101.09,55.68,264
6659,14:17:12,360,265.28,65.41,5423
6660,14:17:12,360,265.28,65.41,5423
6661,14:17:12,288,173.58,66.15,533
6662,14:17:12,288,173.58,66.15,533
6663,14:17:12,84,57.45,80.75,572
6664,14:17:12,84,57.45,80.75,572
6665,14:17:12,350,295.57,96.52,326
6666,14:17:12,350,295.57,96.52,326
6667,14:17:12,268,148.01,104.04,342
6668,14:17:12,268,148.01,104.04,342
6669,14:17:12,30,32.68,107.79,2022
6670,14:17:12,30,32.68,107.79,2022
6671,14:17:12,380,107.27,111.81,107
6672,14:17:12,380,107.27,111.81,107
6673,14:17:12,360,228.84,142.14,571
6674,14:17:12,360,228.84,142.14,571
6675,14:17:12,136,184.52,171.36,2714
6676,14:17:12,136,184.52,171.36,2714
6677,14:17:12,203,147.05,174.22,346
6678,14:17:12,203,147.05,174.22,346
6679,14:17:13,160,177.24,185.24,334
6680,14:17:13,160,177.24,185.24,334
6681,14:17:13,330,336.11,199.24,327
6682,14:17:13,330,336.11,199.24,327
6683,14:17:14,196,71.53,224.19,357
6684,14:17:14,196,71.53,224.19,357
6685,14:17:14,380,103.2,244.14,107
6686,14:17:14,380,103.2,244.14,107
6687,14:17:15,370,225.28,264.16,4067
6688,14:17:15,370,225.28,264.16,4067
6689,14:17:16,390,167.63,309.5,3425
6690,14:17:16,390,167.63,309.5,3425
6691,14:17:17,35,55.88,353.18,2022
6692,14:17:17,35,55.88,353.18,2022
6693,14:17:17,334,175.74,322.85,4031
6694,14:17:17,334,175.74,322.85,4031
6695,14:17:17,390,241.27,324.29,2145
6696,14:17:17,390,241.27,324.29,2145
6697,14:17:17,271,134.33,323.69,3111
6698,14:17:17,271,134.33,323.69,3111
6699,14:17:17,179,64.71,355.17,357
6700,14:17:17,179,64.71,355.17,357
6701,14:17:18,380,171.98,29.13,5557
6702,14:17:18,380,171.98,29.13,5557
6703,14:17:19,277,141.34,53.51,321
6704,14:17:19,277,141.34,53.51,321
6705,14:17:19,55,88.13,51.69,2100
6706,14:17:19,55,88.13,51.69,2100
6707,14:17:19,270,186.22,51.12,311
6708,14:17:19,270,186.22,51.12,311
6709,14:17:19,170,118.64,66.69,6417
6710,14:17:19,170,118.64,66.69,6417
6711,14:17:19,279,102.41,55.52,264
6712,14:17:19,279,102.41,55.52,264
6713,14:17:19,360,264.09,65.31,5423
6714,14:17:19,360,264.09,65.31,5423
6715,14:17:19,288,167.96,66.15,533
6716,14:17:19,288,167.96,66.15,533
6717,14:17:19,97,67.32,76.07,572
6718,14:17:19,97,67.32,76.07,572
6719,14:17:20,350,296.87,96.58,326
6720,14:17:20,350,296.87,96.58,326
6721,14:17:21,268,150.41,104.39,342
6722,14:17:21,268,150.41,104.39,342
6723,14:17:21,30,63.05,135.79,2022
6724,14:17:21,30,63.05,135.79,2022
6725,14:17:21,380,107.38,112.31,107
6726,14:17:21,380,107.38,112.31,107
6727,14:17:21,360,228.43,142.33,571
6728,14:17:21,360,228.43,142.33,571
6729,14:17:22,136,181.37,171.97,2714
6730,14:17:22,136,181.37,171.97,2714
6731,14:17:22,184,138.23,177.04,346
6732,14:17:22,184,138.23,177.04,346
6733,14:17:23,158,171.82,183.79,334
6734,14:17:23,158,171.82,183.79,334
6735,14:17:23,330,341.23,200.57,327
6736,14:17:23,330,341.23,200.57,327
6737,14:17:24,196,80.69,222.64,357
6738,14:17:24,196,80.69,222.64,357
6739,14:17:24,380,100.65,249.12,107
6740,14:17:24,380,100.65,249.12,107
6741,14:17:25,370,224.99,263.16,4067
6742,14:17:25,370,224.99,263.16,4067
6743,14:17:26,390,165.5,307.72,3425
6744,14:17:26,390,165.5,307.72,3425
6745,14:17:26,35,66.93,359.95,2022
6746,14:17:26,35,66.93,359.95,2022
6747,14:17:26,334,163.82,323.27,4031
6748,14:17:26,334,163.82,323.27,4031
6749,14:17:26,390,231.75,324.54,2145
6750,14:17:26,390,231.75,324.54,2145
6751,14:17:26,271,122.81,322.46,3111
6752,14:17:26,271,122.81,322.46,3111
6753,14:17:28,380,178.2,28.03,5557
6754,14:17:28,380,178.2,28.03,5557
6755,14:17:29,277,149.17,54.69,321
6756,14:17:29,277,149.17,54.69,321
6757,14:17:29,55,87.36,51.99,2100
6758,14:17:29,55,87.36,51.99,2100
6759,14:17:29,270,182.01,51.44,311
6760,14:17:29,270,182.01,51.44,311
6761,14:17:29,170,115.3,66.98,6417
6762,14:17:29,170,115.3,66.98,6417
6763,14:17:29,279,105.16,55.21,264
6764,14:17:29,279,105.16,55.21,264
6765,14:17:29,360,261.5,65.11,5423
6766,14:17:29,360,261.5,65.11,5423
6767,14:17:29,288,153.3,66.14,533
6768,14:17:29,288,153.3,66.14,533
6769,14:17:30,95,70.52,75.66,572
6770,14:17:30,95,70.52,75.66,572
6771,14:17:31,268,155.36,105.04,342
6772,14:17:31,268,155.36,105.04,342
6773,14:17:31,30,191.9,152.25,2022
6774,14:17:31,30,191.9,152.25,2022
6775,14:17:31,360,227.49,142.73,571
6776,14:17:31,360,227.49,142.73,571
6777,14:17:32,136,175.21,173.34,2714
6778,14:17:32,136,175.21,173.34,2714
6779,14:17:32,189,134.54,175.3,346
6780,14:17:32,189,134.54,175.3,346
6781,14:17:33,159,171.77,183.89,334
6782,14:17:33,159,171.77,183.89,334
6783,14:17:33,330,353.32,203.48,327
6784,14:17:33,330,353.32,203.48,327
6785,14:17:34,196,88.54,221.46,357
6786,14:17:34,196,88.54,221.46,357
6787,14:17:34,380,98.8,253.97,107
6788,14:17:34,380,98.8,253.97,107
6789,14:17:36,390,163.89,305.73,3425
6790,14:17:36,390,163.89,305.73,3425
6791,14:17:36,334,151.94,323.75,4031
6792,14:17:36,334,151.94,323.75,4031
6793,14:17:36,271,111.27,320.89,3111
6794,14:17:36,271,111.27,320.89,3111
6795,14:17:38,380,184.44,27.11,5557
6796,14:17:38,380,184.44,27.11,5557
6797,14:17:39,380,159.34,33.52,5557
6798,14:17:39,380,159.34,33.52,5557
6799,14:17:39,260,120.44,51.75,321
6800,14:17:39,260,120.44,51.75,321
6801,14:17:39,277,156.59,55.8,321
6802,14:17:39,277,156.59,55.8,321
6803,14:17:39,55,88.8,51.39,2100
6804,14:17:39,55,88.8,51.39,2100
6805,14:17:39,270,185.82,51.5,311
6806,14:17:39,270,185.82,51.5,311
6807,14:17:39,176,133.59,65.98,6417
6808,14:17:39,176,133.59,65.98,6417
6809,14:17:39,310,193.41,66.7,533
6810,14:17:39,310,193.41,66.7,533
6811,14:17:39,170,112.63,67.24,6417
6812,14:17:39,170,112.63,67.24,6417
6813,14:17:39,279,107.55,54.96,264
6814,14:17:39,279,107.55,54.96,264
6815,14:17:39,360,259.26,64.93,5423
6816,14:17:39,360,259.26,64.93,5423
6817,14:17:39,288,136.29,66.12,533
6818,14:17:39,288,136.29,66.12,533
6819,14:17:40,94,67.76,76.39,572
6820,14:17:40,94,67.76,76.39,572
6821,14:17:41,256,131.19,100.58,342
6822,14:17:41,256,131.19,100.58,342
6823,14:17:41,268,159.44,105.51,342
6824,14:17:41,268,159.44,105.51,342
6825,14:17:41,360,226.69,143.08,571
6826,14:17:41,360,226.69,143.08,571
6827,14:17:42,136,170.54,174.62,2714
6828,14:17:42,136,170.54,174.62,2714
6829,14:17:42,163,199.67,169.56,2714
6830,14:17:42,163,199.67,169.56,2714
6831,14:17:42,192,136.98,174.6,346
6832,14:17:42,192,136.98,174.6,346
6833,14:17:43,159,173.05,183.39,334
6834,14:17:43,159,173.05,183.39,334
6835,14:17:43,330,313.43,194.35,327
6836,14:17:43,330,313.43,194.35,327
6837,14:17:43,330,365.75,206.18,327
6838,14:17:43,330,365.75,206.18,327
6839,14:17:44,196,96.27,220.4,357
6840,14:17:44,196,96.27,220.4,357
6841,14:17:44,380,110.3,231.73,107
6842,14:17:44,380,110.3,231.73,107
6843,14:17:44,380,97.54,259.25,107
6844,14:17:44,380,97.54,259.25,107
6845,14:17:46,390,162.59,303.41,3425
6846,14:17:46,390,162.59,303.41,3425
6847,14:17:46,344,198.2,321.41,4031
6848,14:17:46,344,198.2,321.41,4031
6849,14:17:46,286,156.11,325.08,3111
6850,14:17:46,286,156.11,325.08,3111
6851,14:17:46,334,138.87,324.37,4031
6852,14:17:46,334,138.87,324.37,4031
6853,14:17:46,271,98.57,318.65,3111
6854,14:17:46,271,98.57,318.65,3111
6855,14:17:48,380,191.35,26.22,5557
6856,14:17:48,380,191.35,26.22,5557
6857,14:17:49,380,160.52,32.79,5557
6858,14:17:49,380,160.52,32.79,5557
6859,14:17:49,263,122.47,50.62,321
6860,14:17:49,263,122.47,50.62,321
6861,14:17:49,277,164.48,56.92,321
6862,14:17:49,277,164.48,56.92,321
6863,14:17:49,55,90.1,51.13,2100
6864,14:17:49,55,90.1,51.13,2100
6865,14:17:49,270,187.78,51.36,311
6866,14:17:49,270,187.78,51.36,311
6867,14:17:49,175,131.79,65.52,6417
6868,14:17:49,175,131.79,65.52,6417
6869,14:17:49,307,191.16,66.26,533
6870,14:17:49,307,191.16,66.26,533
6871,14:17:49,170,110.13,67.49,6417
6872,14:17:49,170,110.13,67.49,6417
6873,14:17:49,279,109.94,54.71,264
6874,14:17:49,279,109.94,54.71,264
6875,14:17:49,360,257.02,64.75,5423
6876,14:17:49,360,257.02,64.75,5423
6877,14:17:49,288,115.96,66.08,533
6878,14:17:49,288,115.96,66.08,533
6879,14:17:49,92,65.24,77.38,572
6880,14:17:49,92,65.24,77.38,572
6881,14:17:50,258,133.36,99.75,342
6882,14:17:50,258,133.36,99.75,342
6883,14:17:50,350,288.4,96.24,326
6884,14:17:50,350,288.4,96.24,326
6885,14:17:51,268,163.37,105.92,342
6886,14:17:51,268,163.37,105.92,342
6887,14:17:51,380,109.83,111.05,107
6888,14:17:51,380,109.83,111.05,107
6889,14:17:51,360,225.89,143.43,571
6890,14:17:51,360,225.89,143.43,571
6891,14:17:52,136,166.95,175.82,2714
6892,14:17:52,136,166.95,175.82,2714
6893,14:17:52,156,198.16,169.89,2714
6894,14:17:52,156,198.16,169.89,2714
6895,14:17:52,194,139.23,173.32,346
6896,14:17:52,194,139.23,173.32,346
6897,14:17:53,160,174.97,184.11,334
6898,14:17:53,160,174.97,184.11,334
6899,14:17:53,330,315.79,194.76,327
6900,14:17:53,330,315.79,194.76,327
6901,14:17:53,330,379.92,208.93,327
6902,14:17:53,330,379.92,208.93,327
6903,14:17:54,196,103.85,219.45,357
6904,14:17:54,196,103.85,219.45,357
6905,14:17:54,380,109.37,234.55,107
6906,14:17:54,380,109.37,234.55,107
6907,14:17:54,380,97.01,264.9,107
6908,14:17:54,380,97.01,264.9,107
6909,14:17:56,390,161.68,300.82,3425
6910,14:17:56,390,161.68,300.82,3425
6911,14:17:57,342,195.79,322.16,4031
6912,14:17:57,342,195.79,322.16,4031
6913,14:17:57,390,261.84,323.78,2145
6914,14:17:57,390,261.84,323.78,2145
6915,14:17:57,283,153.74,325.18,3111
6916,14:17:57,283,153.74,325.18,3111
6917,14:17:57,334,124.71,325.19,4031
6918,14:17:57,334,124.71,325.19,4031
6919,14:17:57,271,84.9,315.36,3111
6920,14:17:57,271,84.9,315.36,3111
6921,14:17:57,179,59.85,355.46,357
6922,14:17:57,179,59.85,355.46,357
6923,14:17:58,380,161.71,32.59,5557
6924,14:17:58,380,161.71,32.59,5557
6925,14:17:58,380,198.91,25.39,5557
6926,14:17:58,380,198.91,25.39,5557
6927,14:17:59,263,124.51,49.68,321
6928,14:17:59,263,124.51,49.68,321
6929,14:17:59,277,172.82,58.04,321
6930,14:17:59,277,172.82,58.04,321
6931,14:17:59,55,90.59,51.11,2100
6932,14:17:59,55,90.59,51.11,2100
6933,14:17:59,270,188.89,51.13,311
6934,14:17:59,270,188.89,51.13,311
6935,14:17:59,174,130.03,65.24,6417
6936,14:17:59,174,130.03,65.24,6417
6937,14:17:59,304,188.9,66.03,533
6938,14:17:59,304,188.9,66.03,533
6939,14:17:59,170,107.77,67.74,6417
6940,14:17:59,170,107.77,67.74,6417
6941,14:17:59,279,112.32,54.48,264
6942,14:17:59,279,112.32,54.48,264
6943,14:17:59,360,254.78,64.56,5423
6944,14:17:59,360,254.78,64.56,5423
6945,14:17:59,288,92.72,66.03,533
6946,14:17:59,288,92.72,66.03,533
6947,14:18:00,91,64.51,78.31,572
6948,14:18:00,91,64.51,78.31,572
6949,14:18:00,350,290.81,96.36,326
6950,14:18:00,350,290.81,96.36,326
6951,14:18:01,260,135.57,101.61,342
6952,14:18:01,260,135.57,101.61,342
6953,14:18:01,36,32.33,106.39,2022
6954,14:18:01,36,32.33,106.39,2022
6955,14:18:01,268,167.21,106.29,342
6956,14:18:01,268,167.21,106.29,342
6957,14:18:01,380,108.89,111.58,107
6958,14:18:01,380,108.89,111.58,107
6959,14:18:01,360,225.1,143.79,571
6960,14:18:01,360,225.1,143.79,571
6961,14:18:02,136,164.73,176.8,2714
6962,14:18:02,136,164.73,176.8,2714
6963,14:18:02,150,196.63,170.68,2714
6964,14:18:02,150,196.63,170.68,2714
6965,14:18:02,196,140.3,172.49,346
6966,14:18:02,196,140.3,172.49,346
6967,14:18:03,160,176.08,184.85,334
6968,14:18:03,160,176.08,184.85,334
6969,14:18:03,330,318.04,194.3,327
6970,14:18:03,330,318.04,194.3,327
6971,14:18:04,196,111.24,218.58,357
6972,14:18:04,196,111.24,218.58,357
6973,14:18:04,181,59.73,226.13,357
6974,14:18:04,181,59.73,226.13,357
6975,14:18:04,380,109.36,234.22,107
6976,14:18:04,380,109.36,234.22,107
6977,14:18:04,380,97.16,262.07,107
6978,14:18:04,380,97.16,262.07,107
6979,14:18:05,370,226.33,266.78,4067
6980,14:18:05,370,226.33,266.78,4067
6981,14:18:06,390,162.09,302.13,3425
6982,14:18:06,390,162.09,302.13,3425
6983,14:18:07,35,34.79,316.22,2022
6984,14:18:07,35,34.79,316.22,2022
6985,14:18:07,341,195.8,322.16,4031
6986,14:18:07,341,195.8,322.16,4031
6987,14:18:07,390,260.73,323.78,2145
6988,14:18:07,390,260.73,323.78,2145
6989,14:18:07,284,153.74,325.04,3111
6990,14:18:07,284,153.74,325.04,3111
6991,14:18:07,334,131.76,324.76,4031
6992,14:18:07,334,131.76,324.76,4031
6993,14:18:07,271,91.7,317.12,3111
6994,14:18:07,271,91.7,317.12,3111
6995,14:18:07,179,58.91,355.52,357
6996,14:18:07,179,58.91,355.52,357
6997,14:18:08,380,161.7,32.37,5557
6998,14:18:08,380,161.7,32.37,5557
6999,14:18:08,380,195.12,25.8,5557
7000,14:18:08,380,195.12,25.8,5557
7001,14:18:09,263,123.48,50.15,321
7002,14:18:09,263,123.48,50.15,321
7003,14:18:09,277,168.64,57.5,321
7004,14:18:09,277,168.64,57.5,321
7005,14:18:09,55,90.29,51.12,2100
7006,14:18:09,55,90.29,51.12,2100
7007,14:18:09,270,188.17,51.26,311
7008,14:18:09,270,188.17,51.26,311
7009,14:18:09,174,130.92,65.42,6417
7010,14:18:09,174,130.92,65.42,6417
7011,14:18:09,304,190.03,66.18,533
7012,14:18:09,304,190.03,66.18,533
7013,14:18:09,170,108.95,67.62,6417
7014,14:18:09,170,108.95,67.62,6417
7015,14:18:09,279,111.13,54.59,264
7016,14:18:09,279,111.13,54.59,264
7017,14:18:09,360,255.9,64.65,5423
7018,14:18:09,360,255.9,64.65,5423
7019,14:18:10,91,64.98,78.16,572
7020,14:18:10,91,64.98,78.16,572
7021,14:18:10,350,289.62,96.34,326
7022,14:18:10,350,289.62,96.34,326
7023,14:18:11,260,134.48,101.3,342
7024,14:18:11,260,134.48,101.3,342
7025,14:18:11,36,32.56,106.4,2022
7026,14:18:11,36,32.56,106.4,2022
7027,14:18:11,268,165.3,106.11,342
7028,14:18:11,268,165.3,106.11,342
7029,14:18:11,380,109.33,111.96,107
7030,14:18:11,380,109.33,111.96,107
7031,14:18:11,360,225.49,143.6,571
7032,14:18:11,360,225.49,143.6,571
7033,14:18:12,150,197.39,170.43,2714
7034,14:18:12,150,197.39,170.43,2714
7035,14:18:12,196,139.38,172.75,346
7036,14:18:12,196,139.38,172.75,346
7037,14:18:13,160,175.5,184.77,334
7038,14:18:13,160,175.5,184.77,334
7039,14:18:13,330,316.91,194.36,327
7040,14:18:13,330,316.91,194.36,327
7041,14:18:14,196,118.39,217.78,357
7042,14:18:14,196,118.39,217.78,357
7043,14:18:14,181,59.74,226.13,357
7044,14:18:14,181,59.74,226.13,357
7045,14:18:14,380,109.36,234.22,107
7046,14:18:14,380,109.36,234.22,107
7047,14:18:15,370,226.36,266.78,4067
7048,14:18:15,370,226.36,266.78,4067
7049,14:18:17,35,34.8,316.22,2022
7050,14:18:17,35,34.8,316.22,2022
7051,14:18:17,341,195.79,322.16,4031
7052,14:18:17,341,195.79,322.16,4031
7053,14:18:17,390,260.73,323.78,2145
7054,14:18:17,390,260.73,323.78,2145
7055,14:18:17,284,153.74,325.04,3111
7056,14:18:17,284,153.74,325.04,3111
7057,14:18:17,179,58.91,355.52,357
7058,14:18:17,179,58.91,355.52,357
7059,14:18:18,380,161.7,32.37,5557
7060,14:18:18,380,161.7,32.37,5557
7061,14:18:19,263,123.48,50.15,321
7062,14:18:19,263,123.48,50.15,321
7063,14:18:19,55,90.29,51.12,2100
7064,14:18:19,55,90.29,51.12,2100
7065,14:18:19,270,188.17,51.26,311
7066,14:18:19,270,188.17,51.26,311
7067,14:18:19,174,130.92,65.42,6417
7068,14:18:19,174,130.92,65.42,6417
7069,14:18:19,304,190.03,66.18,533
7070,14:18:19,304,190.03,66.18,533
7071,14:18:20,91,64.97,78.17,572
7072,14:18:20,91,64.97,78.17,572
7073,14:18:20,350,289.62,96.34,326
7074,14:18:20,350,289.62,96.34,326
7075,14:18:21,260,134.48,101.3,342
7076,14:18:21,260,134.48,101.3,342
7077,14:18:21,36,32.56,106.4,2022
7078,14:18:21,36,32.56,106.4,2022
7079,14:18:21,380,109.33,111.96,107
7080,14:18:21,380,109.33,111.96,107
7081,14:18:22,150,197.39,170.43,2714
7082,14:18:22,150,197.39,170.43,2714
7083,14:18:22,196,139.38,172.75,346
7084,14:18:22,196,139.38,172.75,346
7085,14:18:23,160,175.5,184.77,334
7086,14:18:23,160,175.5,184.77,334
7087,14:18:23,330,316.91,194.36,327
7088,14:18:23,330,316.91,194.36,327
7089,14:18:24,181,59.74,226.13,357
7090,14:18:24,181,59.74,226.13,357
7091,14:18:24,380,109.36,234.22,107
7092,14:18:24,380,109.36,234.22,107
7093,14:18:25,370,226.36,266.78,4067
7094,14:18:25,370,226.36,266.78,4067
7095,14:18:26,390,173.81,311.11,3425
7096,14:18:26,390,173.81,311.11,3425
7097,14:18:26,35,34.8,316.22,2022
7098,14:18:26,35,34.8,316.22,2022
7099,14:18:26,341,195.79,322.16,4031
7100,14:18:26,341,195.79,322.16,4031
7101,14:18:26,390,260.73,323.78,2145
7102,14:18:26,390,260.73,323.78,2145
7103,14:18:26,284,153.74,325.04,3111
7104,14:18:26,284,153.74,325.04,3111
7105,14:18:27,179,58.91,355.52,357
7106,14:18:27,179,58.91,355.52,357
7107,14:18:28,380,161.7,32.37,5557
7108,14:18:28,380,161.7,32.37,5557
7109,14:18:29,263,123.48,50.15,321
7110,14:18:29,263,123.48,50.15,321
7111,14:18:29,55,90.29,51.12,2100
7112,14:18:29,55,90.29,51.12,2100
7113,14:18:29,270,188.17,51.26,311
7114,14:18:29,270,188.17,51.26,311
7115,14:18:29,174,130.92,65.42,6417
7116,14:18:29,174,130.92,65.42,6417
7117,14:18:29,304,190.03,66.18,533
7118,14:18:29,304,190.03,66.18,533
7119,14:18:30,91,64.97,78.18,572
7120,14:18:30,91,64.97,78.18,572
7121,14:18:30,350,289.62,96.34,326
7122,14:18:30,350,289.62,96.34,326
7123,14:18:31,260,134.48,101.3,342
7124,14:18:31,260,134.48,101.3,342
7125,14:18:31,36,32.56,106.4,2022
7126,14:18:31,36,32.56,106.4,2022
7127,14:18:31,380,109.33,111.96,107
7128,14:18:31,380,109.33,111.96,107
7129,14:18:32,150,197.39,170.43,2714
7130,14:18:32,150,197.39,170.43,2714
7131,14:18:32,196,139.38,172.75,346
7132,14:18:32,196,139.38,172.75,346
7133,14:18:33,160,175.5,184.77,334
7134,14:18:33,160,175.5,184.77,334
7135,14:18:33,330,316.91,194.36,327
7136,14:18:33,330,316.91,194.36,327
7137,14:18:34,181,62.63,225.9,357
7138,14:18:34,181,62.63,225.9,357
7139,14:18:34,380,107.6,238.68,107
7140,14:18:34,380,107.6,238.68,107
7141,14:18:35,370,225.77,265.49,4067
7142,14:18:35,370,225.77,265.49,4067
7143,14:18:36,390,170.75,311.67,3425
7144,14:18:36,390,170.75,311.67,3425
7145,14:18:37,35,42.96,338.84,2022
7146,14:18:37,35,42.96,338.84,2022
7147,14:18:37,341,190.19,322.99,4031
7148,14:18:37,341,190.19,322.99,4031
7149,14:18:37,390,252.49,323.99,2145
7150,14:18:37,390,252.49,323.99,2145
7151,14:18:37,284,148.18,325.1,3111
7152,14:18:37,284,148.18,325.1,3111
7153,14:18:37,179,61.76,355.34,357
7154,14:18:37,179,61.76,355.34,357
7155,14:18:38,380,164.48,31.22,5557
7156,14:18:38,380,164.48,31.22,5557
7157,14:18:39,275,136.05,52.12,321
7158,14:18:39,275,136.05,52.12,321
7159,14:18:39,55,94.14,51.53,2100
7160,14:18:39,55,94.14,51.53,2100
7161,14:18:39,270,194.66,52.34,311
7162,14:18:39,270,194.66,52.34,311
7163,14:18:39,288,178.57,66.15,533
7164,14:18:39,288,178.57,66.15,533
7165,14:18:39,170,122.25,66.3,6417
7166,14:18:39,170,122.25,66.3,6417
7167,14:18:40,85,58.84,80.72,572
7168,14:18:40,85,58.84,80.72,572
7169,14:18:40,350,293.18,96.43,326
7170,14:18:40,350,293.18,96.43,326
7171,14:18:41,266,144.22,104.98,342
7172,14:18:41,266,144.22,104.98,342
7173,14:18:41,30,30.5,101.23,2022
7174,14:18:41,30,30.5,101.23,2022
7175,14:18:41,380,107.98,111.44,107
7176,14:18:41,380,107.98,111.44,107
7177,14:18:42,136,189.88,170.48,2714
7178,14:18:42,136,189.88,170.48,2714
7179,14:18:42,201,145.26,173.59,346
7180,14:18:42,201,145.26,173.59,346
7181,14:18:43,160,177.41,185.05,334
7182,14:18:43,160,177.41,185.05,334
7183,14:18:43,330,328.14,197.11,327
7184,14:18:43,330,328.14,197.11,327
7185,14:18:44,181,64.55,225.75,357
7186,14:18:44,181,64.55,225.75,357
7187,14:18:44,380,104.55,241.96,107
7188,14:18:44,380,104.55,241.96,107
7189,14:18:45,370,225.44,264.63,4067
7190,14:18:45,370,225.44,264.63,4067
7191,14:18:46,390,168.71,310.19,3425
7192,14:18:46,390,168.71,310.19,3425
7193,14:18:46,35,50.96,348.93,2022
7194,14:18:46,35,50.96,348.93,2022
7195,14:18:46,334,180.91,322.69,4031
7196,14:18:46,334,180.91,322.69,4031
7197,14:18:46,390,245.54,324.18,2145
7198,14:18:46,390,245.54,324.18,2145
7199,14:18:46,271,139.32,324.13,3111
7200,14:18:46,271,139.32,324.13,3111
7201,14:18:47,179,63.66,355.22,357
7202,14:18:47,179,63.66,355.22,357
7203,14:18:49,380,169.31,29.68,5557
7204,14:18:49,380,169.31,29.68,5557
7205,14:18:49,277,137.81,52.97,321
7206,14:18:49,277,137.81,52.97,321
7207,14:18:49,55,94.53,51.56,2100
7208,14:18:49,55,94.53,51.56,2100
7209,14:18:49,270,196.92,52.24,311
7210,14:18:49,270,196.92,52.24,311
7211,14:18:49,170,120.32,66.55,6417
7212,14:18:49,170,120.32,66.55,6417
7213,14:18:49,279,101.09,55.68,264
7214,14:18:49,279,101.09,55.68,264
7215,14:18:49,360,265.28,65.41,5423
7216,14:18:49,360,265.28,65.41,5423
7217,14:18:49,288,173.58,66.15,533
7218,14:18:49,288,173.58,66.15,533
7219,14:18:49,84,57.68,80.69,572
7220,14:18:49,84,57.68,80.69,572
7221,14:18:49,350,295.57,96.52,326
7222,14:18:49,350,295.57,96.52,326
7223,14:18:49,268,148.01,104.04,342
7224,14:18:49,268,148.01,104.04,342
7225,14:18:49,30,30.01,102.68,2022
7226,14:18:49,30,30.01,102.68,2022
7227,14:18:49,380,107.27,111.81,107
7228,14:18:49,380,107.27,111.81,107
7229,14:18:49,360,228.84,142.14,571
7230,14:18:49,360,228.84,142.14,571
7231,14:18:49,136,184.52,171.36,2714
7232,14:18:49,136,184.52,171.36,2714
7233,14:18:49,350,251.03,161.33,325
7234,14:18:49,350,251.03,161.33,325
7235,14:18:49,203,147.05,174.21,346
7236,14:18:49,203,147.05,174.21,346
7237,14:18:50,160,178.9,185.27,334
7238,14:18:50,160,178.9,185.27,334
7239,14:18:50,330,336.11,199.24,327
7240,14:18:50,330,336.11,199.24,327
7241,14:18:51,196,71.53,224.19,357
7242,14:18:51,196,71.53,224.19,357
7243,14:18:51,380,103.2,244.14,107
7244,14:18:51,380,103.2,244.14,107
7245,14:18:52,370,225.28,264.16,4067
7246,14:18:52,370,225.28,264.16,4067
7247,14:18:53,390,167.63,309.5,3425
7248,14:18:53,390,167.63,309.5,3425
7249,14:18:54,35,55.88,353.18,2022
7250,14:18:54,35,55.88,353.18,2022
7251,14:18:54,334,175.74,322.85,4031
7252,14:18:54,334,175.74,322.85,4031
7253,14:18:54,390,241.27,324.29,2145
7254,14:18:54,390,241.27,324.29,2145
7255,14:18:54,271,134.33,323.69,3111
7256,14:18:54,271,134.33,323.69,3111
7257,14:18:54,179,64.71,355.17,357
7258,14:18:54,179,64.71,355.17,357
7259,14:18:55,380,171.98,29.13,5557
7260,14:18:55,380,171.98,29.13,5557
7261,14:18:56,277,141.34,53.51,321
7262,14:18:56,277,141.34,53.51,321
7263,14:18:56,55,88.35,51.57,2100
7264,14:18:56,55,88.35,51.57,2100
7265,14:18:56,270,185.04,50.9,311
7266,14:18:56,270,185.04,50.9,311
7267,14:18:56,170,118.64,66.69,6417
7268,14:18:56,170,118.64,66.69,6417
7269,14:18:56,279,102.41,55.52,264
7270,14:18:56,279,102.41,55.52,264
7271,14:18:56,360,264.09,65.31,5423
7272,14:18:56,360,264.09,65.31,5423
7273,14:18:56,288,167.96,66.15,533
7274,14:18:56,288,167.96,66.15,533
7275,14:18:56,97,69.31,75.16,572
7276,14:18:56,97,69.31,75.16,572
7277,14:18:57,350,296.87,96.58,326
7278,14:18:57,350,296.87,96.58,326
7279,14:18:58,268,150.41,104.39,342
7280,14:18:58,268,150.41,104.39,342
7281,14:18:58,30,29.61,102.24,2022
7282,14:18:58,30,29.61,102.24,2022
7283,14:18:58,380,107.38,112.31,107
7284,14:18:58,380,107.38,112.31,107
7285,14:18:58,360,228.43,142.33,571
7286,14:18:58,360,228.43,142.33,571
7287,14:18:59,136,181.37,171.97,2714
7288,14:18:59,136,181.37,171.97,2714
7289,14:18:59,350,252.39,161.69,325
7290,14:18:59,350,252.39,161.69,325
7291,14:18:59,184,138.23,177.04,346
7292,14:18:59,184,138.23,177.04,346
7293,14:19:00,158,172.88,184.61,334
7294,14:19:00,158,172.88,184.61,334
7295,14:19:00,330,341.23,200.57,327
7296,14:19:00,330,341.23,200.57,327
7297,14:19:01,196,80.69,222.64,357
7298,14:19:01,196,80.69,222.64,357
7299,14:19:01,380,100.65,249.12,107
7300,14:19:01,380,100.65,249.12,107
7301,14:19:02,370,224.99,263.16,4067
7302,14:19:02,370,224.99,263.16,4067
7303,14:19:03,390,165.5,307.72,3425
7304,14:19:03,390,165.5,307.72,3425
7305,14:19:03,35,66.93,359.95,2022
7306,14:19:03,35,66.93,359.95,2022
7307,14:19:03,334,163.82,323.27,4031
7308,14:19:03,334,163.82,323.27,4031
7309,14:19:03,390,231.75,324.54,2145
7310,14:19:03,390,231.75,324.54,2145
7311,14:19:03,271,122.81,322.46,3111
7312,14:19:03,271,122.81,322.46,3111
7313,14:19:05,380,178.2,28.03,5557
7314,14:19:05,380,178.2,28.03,5557
7315,14:19:06,277,149.17,54.69,321
7316,14:19:06,277,149.17,54.69,321
7317,14:19:06,55,87.32,51.92,2100
7318,14:19:06,55,87.32,51.92,2100
7319,14:19:06,270,182.43,51.35,311
7320,14:19:06,270,182.43,51.35,311
7321,14:19:06,170,115.3,66.98,6417
7322,14:19:06,170,115.3,66.98,6417
7323,14:19:06,279,105.16,55.21,264
7324,14:19:06,279,105.16,55.21,264
7325,14:19:06,360,261.5,65.11,5423
7326,14:19:06,360,261.5,65.11,5423
7327,14:19:06,288,153.3,66.14,533
7328,14:19:06,288,153.3,66.14,533
7329,14:19:06,95,69.67,75.71,572
7330,14:19:06,95,69.67,75.71,572
7331,14:19:08,268,155.36,105.04,342
7332,14:19:08,268,155.36,105.04,342
7333,14:19:08,30,28.77,101.29,2022
7334,14:19:08,30,28.77,101.29,2022
7335,14:19:08,360,227.49,142.73,571
7336,14:19:08,360,227.49,142.73,571
7337,14:19:09,136,175.21,173.34,2714
7338,14:19:09,136,175.21,173.34,2714
7339,14:19:09,350,255.17,162.43,325
7340,14:19:09,350,255.17,162.43,325
7341,14:19:09,350,232.1,160.57,325
7342,14:19:09,350,232.1,160.57,325
7343,14:19:09,189,134.54,175.31,346
7344,14:19:09,189,134.54,175.31,346
7345,14:19:10,159,172.39,184.43,334
7346,14:19:10,159,172.39,184.43,334
7347,14:19:10,330,353.32,203.48,327
7348,14:19:10,330,353.32,203.48,327
7349,14:19:11,196,88.54,221.46,357
7350,14:19:11,196,88.54,221.46,357
7351,14:19:11,380,98.8,253.97,107
7352,14:19:11,380,98.8,253.97,107
7353,14:19:13,390,163.89,305.73,3425
7354,14:19:13,390,163.89,305.73,3425
7355,14:19:13,334,151.94,323.75,4031
7356,14:19:13,334,151.94,323.75,4031
7357,14:19:13,271,111.27,320.89,3111
7358,14:19:13,271,111.27,320.89,3111
7359,14:19:15,380,184.44,27.11,5557
7360,14:19:15,380,184.44,27.11,5557
7361,14:19:15,380,159.34,33.52,5557
7362,14:19:15,380,159.34,33.52,5557
7363,14:19:16,260,120.44,51.75,321
7364,14:19:16,260,120.44,51.75,321
7365,14:19:16,277,156.59,55.8,321
7366,14:19:16,277,156.59,55.8,321
7367,14:19:16,55,88.69,51.39,2100
7368,14:19:16,55,88.69,51.39,2100
7369,14:19:16,270,185.81,51.73,311
7370,14:19:16,270,185.81,51.73,311
7371,14:19:16,176,133.59,65.98,6417
7372,14:19:16,176,133.59,65.98,6417
7373,14:19:16,310,193.41,66.7,533
7374,14:19:16,310,193.41,66.7,533
7375,14:19:16,170,112.63,67.24,6417
7376,14:19:16,170,112.63,67.24,6417
7377,14:19:16,279,107.55,54.96,264
7378,14:19:16,279,107.55,54.96,264
7379,14:19:16,360,259.26,64.93,5423
7380,14:19:16,360,259.26,64.93,5423
7381,14:19:16,288,136.29,66.12,533
7382,14:19:16,288,136.29,66.12,533
7383,14:19:16,95,43.82,198.4,572
7384,14:19:16,95,43.82,198.4,572
7385,14:19:18,256,131.19,100.58,342
7386,14:19:18,256,131.19,100.58,342
7387,14:19:18,268,159.44,105.51,342
7388,14:19:18,268,159.44,105.51,342
7389,14:19:18,39,34.31,115.12,2022
7390,14:19:18,39,34.31,115.12,2022
7391,14:19:18,360,226.69,143.08,571
7392,14:19:18,360,226.69,143.08,571
7393,14:19:19,136,170.54,174.62,2714
7394,14:19:19,136,170.54,174.62,2714
7395,14:19:19,350,257.62,163.06,325
7396,14:19:19,350,257.62,163.06,325
7397,14:19:19,350,234.52,161.1,325
7398,14:19:19,350,234.52,161.1,325
7399,14:19:19,163,199.67,169.56,2714
7400,14:19:19,163,199.67,169.56,2714
7401,14:19:19,192,136.98,174.6,346
7402,14:19:19,192,136.98,174.6,346
7403,14:19:20,159,175.62,183.19,334
7404,14:19:20,159,175.62,183.19,334
7405,14:19:20,330,313.43,194.35,327
7406,14:19:20,330,313.43,194.35,327
7407,14:19:20,330,365.75,206.18,327
7408,14:19:20,330,365.75,206.18,327
7409,14:19:21,196,96.27,220.4,357
7410,14:19:21,196,96.27,220.4,357
7411,14:19:21,380,110.3,231.73,107
7412,14:19:21,380,110.3,231.73,107
7413,14:19:21,380,97.54,259.25,107
7414,14:19:21,380,97.54,259.25,107
7415,14:19:23,390,162.59,303.41,3425
7416,14:19:23,390,162.59,303.41,3425
7417,14:19:23,344,198.2,321.41,4031
7418,14:19:23,344,198.2,321.41,4031
7419,14:19:23,286,156.11,325.08,3111
7420,14:19:23,286,156.11,325.08,3111
7421,14:19:23,334,138.87,324.37,4031
7422,14:19:23,334,138.87,324.37,4031
7423,14:19:23,271,98.57,318.65,3111
7424,14:19:23,271,98.57,318.65,3111
7425,14:19:25,380,191.35,26.22,5557
7426,14:19:25,380,191.35,26.22,5557
7427,14:19:26,380,160.52,32.79,5557
7428,14:19:26,380,160.52,32.79,5557
7429,14:19:26,263,122.47,50.62,321
7430,14:19:26,263,122.47,50.62,321
7431,14:19:26,277,164.48,56.92,321
7432,14:19:26,277,164.48,56.92,321
7433,14:19:26,55,90.04,51.19,2100
7434,14:19:26,55,90.04,51.19,2100
7435,14:19:26,270,187.52,51.7,311
7436,14:19:26,270,187.52,51.7,311
7437,14:19:26,175,131.79,65.52,6417
7438,14:19:26,175,131.79,65.52,6417
7439,14:19:26,307,191.16,66.26,533
7440,14:19:26,307,191.16,66.26,533
7441,14:19:26,170,110.13,67.49,6417
7442,14:19:26,170,110.13,67.49,6417
7443,14:19:26,279,109.94,54.71,264
7444,14:19:26,279,109.94,54.71,264
7445,14:19:26,360,257.02,64.75,5423
7446,14:19:26,360,257.02,64.75,5423
7447,14:19:26,288,115.96,66.08,533
7448,14:19:26,288,115.96,66.08,533
7449,14:19:26,95,212.88,227.39,572
7450,14:19:26,95,212.88,227.39,572
7451,14:19:27,258,133.36,99.75,342
7452,14:19:27,258,133.36,99.75,342
7453,14:19:27,350,288.4,96.24,326
7454,14:19:27,350,288.4,96.24,326
7455,14:19:28,37,33.19,108.4,2022
7456,14:19:28,37,33.19,108.4,2022
7457,14:19:28,268,163.37,105.92,342
7458,14:19:28,268,163.37,105.92,342
7459,14:19:28,380,109.83,111.05,107
7460,14:19:28,380,109.83,111.05,107
7461,14:19:28,360,225.89,143.43,571
7462,14:19:28,360,225.89,143.43,571
7463,14:19:29,136,166.95,175.82,2714
7464,14:19:29,136,166.95,175.82,2714
7465,14:19:29,350,260.11,163.68,325
7466,14:19:29,350,260.11,163.68,325
7467,14:19:29,350,236.93,161.62,325
7468,14:19:29,350,236.93,161.62,325
7469,14:19:29,156,198.16,169.89,2714
7470,14:19:29,156,198.16,169.89,2714
7471,14:19:29,194,139.23,173.32,346
7472,14:19:29,194,139.23,173.32,346
7473,14:19:30,160,175.59,184.42,334
7474,14:19:30,160,175.59,184.42,334
7475,14:19:30,330,315.79,194.76,327
7476,14:19:30,330,315.79,194.76,327
7477,14:19:30,330,379.92,208.93,327
7478,14:19:30,330,379.92,208.93,327
7479,14:19:31,196,103.85,219.45,357
7480,14:19:31,196,103.85,219.45,357
7481,14:19:31,380,109.37,234.55,107
7482,14:19:31,380,109.37,234.55,107
7483,14:19:31,380,97.01,264.9,107
7484,14:19:31,380,97.01,264.9,107
7485,14:19:33,390,161.68,300.82,3425
7486,14:19:33,390,161.68,300.82,3425
7487,14:19:34,342,195.79,322.16,4031
7488,14:19:34,342,195.79,322.16,4031
7489,14:19:34,390,261.84,323.78,2145
7490,14:19:34,390,261.84,323.78,2145
7491,14:19:34,283,153.74,325.18,3111
7492,14:19:34,283,153.74,325.18,3111
7493,14:19:34,334,124.71,325.19,4031
7494,14:19:34,334,124.71,325.19,4031
7495,14:19:34,271,84.9,315.36,3111
7496,14:19:34,271,84.9,315.36,3111
7497,14:19:34,179,59.85,355.46,357
7498,14:19:34,179,59.85,355.46,357
7499,14:19:35,380,161.71,32.59,5557
7500,14:19:35,380,161.71,32.59,5557
7501,14:19:35,380,198.91,25.39,5557
7502,14:19:35,380,198.91,25.39,5557
7503,14:19:36,263,124.51,49.68,321
7504,14:19:36,263,124.51,49.68,321
7505,14:19:36,277,172.82,58.04,321
7506,14:19:36,277,172.82,58.04,321
7507,14:19:36,55,90.68,51.14,2100
7508,14:19:36,55,90.68,51.14,2100
7509,14:19:36,270,188.83,51.5,311
7510,14:19:36,270,188.83,51.5,311
7511,14:19:36,174,130.03,65.24,6417
7512,14:19:36,174,130.03,65.24,6417
7513,14:19:36,304,188.9,66.03,533
7514,14:19:36,304,188.9,66.03,533
7515,14:19:36,170,107.77,67.74,6417
7516,14:19:36,170,107.77,67.74,6417
7517,14:19:36,279,112.32,54.48,264
7518,14:19:36,279,112.32,54.48,264
7519,14:19:36,360,254.78,64.56,5423
7520,14:19:36,360,254.78,64.56,5423
7521,14:19:36,288,92.72,66.03,533
7522,14:19:36,288,92.72,66.03,533
7523,14:19:37,91,64.55,79.39,572
7524,14:19:37,91,64.55,79.39,572
7525,14:19:37,350,290.81,96.36,326
7526,14:19:37,350,290.81,96.36,326
7527,14:19:38,260,135.57,101.61,342
7528,14:19:38,260,135.57,101.61,342
7529,14:19:38,36,32.35,104.96,2022
7530,14:19:38,36,32.35,104.96,2022
7531,14:19:38,268,167.21,106.29,342
7532,14:19:38,268,167.21,106.29,342
7533,14:19:38,380,108.89,111.58,107
7534,14:19:38,380,108.89,111.58,107
7535,14:19:38,360,225.1,143.79,571
7536,14:19:38,360,225.1,143.79,571
7537,14:19:39,136,164.73,176.8,2714
7538,14:19:39,136,164.73,176.8,2714
7539,14:19:39,350,262.62,164.29,325
7540,14:19:39,350,262.62,164.29,325
7541,14:19:39,350,239.36,162.12,325
7542,14:19:39,350,239.36,162.12,325
7543,14:19:39,150,196.63,170.68,2714
7544,14:19:39,150,196.63,170.68,2714
7545,14:19:39,196,140.3,172.49,346
7546,14:19:39,196,140.3,172.49,346
7547,14:19:40,160,176.02,184.97,334
7548,14:19:40,160,176.02,184.97,334
7549,14:19:40,330,318.04,194.3,327
7550,14:19:40,330,318.04,194.3,327
7551,14:19:41,196,111.24,218.58,357
7552,14:19:41,196,111.24,218.58,357
7553,14:19:41,181,59.73,226.13,357
7554,14:19:41,181,59.73,226.13,357
7555,14:19:41,380,109.36,234.22,107
7556,14:19:41,380,109.36,234.22,107
7557,14:19:41,380,97.16,262.07,107
7558,14:19:41,380,97.16,262.07,107
7559,14:19:42,370,226.33,266.78,4067
7560,14:19:42,370,226.33,266.78,4067
7561,14:19:43,390,162.09,302.13,3425
7562,14:19:43,390,162.09,302.13,3425
7563,14:19:44,35,34.79,316.22,2022
7564,14:19:44,35,34.79,316.22,2022
7565,14:19:44,341,195.8,322.16,4031
7566,14:19:44,341,195.8,322.16,4031
7567,14:19:44,390,260.73,323.78,2145
7568,14:19:44,390,260.73,323.78,2145
7569,14:19:44,284,153.74,325.04,3111
7570,14:19:44,284,153.74,325.04,3111
7571,14:19:44,334,131.76,324.76,4031
7572,14:19:44,334,131.76,324.76,4031
7573,14:19:44,271,91.7,317.12,3111
7574,14:19:44,271,91.7,317.12,3111
7575,14:19:44,179,58.91,355.52,357
7576,14:19:44,179,58.91,355.52,357
7577,14:19:45,380,161.7,32.37,5557
7578,14:19:45,380,161.7,32.37,5557
7579,14:19:45,380,195.12,25.8,5557
7580,14:19:45,380,195.12,25.8,5557
7581,14:19:46,263,123.48,50.15,321
7582,14:19:46,263,123.48,50.15,321
7583,14:19:46,277,168.64,57.5,321
7584,14:19:46,277,168.64,57.5,321
7585,14:19:46,55,90.29,51.15,2100
7586,14:19:46,55,90.29,51.15,2100
7587,14:19:46,270,188.1,51.54,311
7588,14:19:46,270,188.1,51.54,311
7589,14:19:46,174,130.92,65.42,6417
7590,14:19:46,174,130.92,65.42,6417
7591,14:19:46,304,190.03,66.18,533
7592,14:19:46,304,190.03,66.18,533
7593,14:19:46,170,108.95,67.62,6417
7594,14:19:46,170,108.95,67.62,6417
7595,14:19:46,279,111.13,54.59,264
7596,14:19:46,279,111.13,54.59,264
7597,14:19:46,360,255.9,64.65,5423
7598,14:19:46,360,255.9,64.65,5423
7599,14:19:47,91,65.15,78.77,572
7600,14:19:47,91,65.15,78.77,572
7601,14:19:47,350,289.62,96.34,326
7602,14:19:47,350,289.62,96.34,326
7603,14:19:48,260,134.48,101.3,342
7604,14:19:48,260,134.48,101.3,342
7605,14:19:48,36,32.64,106.49,2022
7606,14:19:48,36,32.64,106.49,2022
7607,14:19:48,268,165.3,106.11,342
7608,14:19:48,268,165.3,106.11,342
7609,14:19:48,380,109.33,111.96,107
7610,14:19:48,380,109.33,111.96,107
7611,14:19:48,360,225.49,143.6,571
7612,14:19:48,360,225.49,143.6,571
7613,14:19:49,350,261.37,163.98,325
7614,14:19:49,350,261.37,163.98,325
7615,14:19:49,350,238.14,161.87,325
7616,14:19:49,350,238.14,161.87,325
7617,14:19:49,150,197.39,170.43,2714
7618,14:19:49,150,197.39,170.43,2714
7619,14:19:49,196,139.38,172.74,346
7620,14:19:49,196,139.38,172.74,346
7621,14:19:50,160,175.58,184.83,334
7622,14:19:50,160,175.58,184.83,334
7623,14:19:50,330,316.91,194.36,327
7624,14:19:50,330,316.91,194.36,327
7625,14:19:51,196,118.39,217.78,357
7626,14:19:51,196,118.39,217.78,357
7627,14:19:51,181,59.74,226.13,357
7628,14:19:51,181,59.74,226.13,357
7629,14:19:51,380,109.36,234.22,107
7630,14:19:51,380,109.36,234.22,107
7631,14:19:52,370,226.36,266.78,4067
7632,14:19:52,370,226.36,266.78,4067
7633,14:19:54,35,34.8,316.22,2022
7634,14:19:54,35,34.8,316.22,2022
7635,14:19:54,341,195.79,322.16,4031
7636,14:19:54,341,195.79,322.16,4031
7637,14:19:54,390,260.73,323.78,2145
7638,14:19:54,390,260.73,323.78,2145
7639,14:19:54,284,153.74,325.04,3111
7640,14:19:54,284,153.74,325.04,3111
7641,14:19:54,179,58.91,355.52,357
7642,14:19:54,179,58.91,355.52,357
7643,14:19:55,380,161.7,32.37,5557
7644,14:19:55,380,161.7,32.37,5557
7645,14:19:56,263,123.48,50.15,321
7646,14:19:56,263,123.48,50.15,321
7647,14:19:56,55,90.29,51.15,2100
7648,14:19:56,55,90.29,51.15,2100
7649,14:19:56,270,188.1,51.54,311
7650,14:19:56,270,188.1,51.54,311
7651,14:19:56,174,130.92,65.42,6417
7652,14:19:56,174,130.92,65.42,6417
7653,14:19:56,304,190.03,66.18,533
7654,14:19:56,304,190.03,66.18,533
7655,14:19:57,91,65.15,78.77,572
7656,14:19:57,91,65.15,78.77,572
7657,14:19:57,350,289.62,96.34,326
7658,14:19:57,350,289.62,96.34,326
7659,14:19:57,260,134.48,101.3,342
7660,14:19:57,260,134.48,101.3,342
7661,14:19:57,36,32.64,106.49,2022
7662,14:19:57,36,32.64,106.49,2022
7663,14:19:58,380,109.33,111.96,107
7664,14:19:58,380,109.33,111.96,107
7665,14:19:59,350,238.14,161.87,325
7666,14:19:59,350,238.14,161.87,325
7667,14:19:59,150,197.39,170.43,2714
7668,14:19:59,150,197.39,170.43,2714
7669,14:19:59,196,139.38,172.75,346
7670,14:19:59,196,139.38,172.75,346
7671,14:20:00,160,175.58,184.83,334
7672,14:20:00,160,175.58,184.83,334
7673,14:20:00,330,316.91,194.36,327
7674,14:20:00,330,316.91,194.36,327
7675,14:20:01,181,59.74,226.13,357
7676,14:20:01,181,59.74,226.13,357
7677,14:20:01,380,109.36,234.22,107
7678,14:20:01,380,109.36,234.22,107
7679,14:20:02,370,226.36,266.78,4067
7680,14:20:02,370,226.36,266.78,4067
7681,14:20:03,390,173.81,311.11,3425
7682,14:20:03,390,173.81,311.11,3425
7683,14:20:03,35,34.8,316.22,2022
7684,14:20:03,35,34.8,316.22,2022
7685,14:20:03,341,195.79,322.16,4031
7686,14:20:03,341,195.79,322.16,4031
7687,14:20:03,390,260.73,323.78,2145
7688,14:20:03,390,260.73,323.78,2145
7689,14:20:03,284,153.74,325.04,3111
7690,14:20:03,284,153.74,325.04,3111
7691,14:20:04,179,58.91,355.52,357
7692,14:20:04,179,58.91,355.52,357
7693,14:20:05,380,161.7,32.37,5557
7694,14:20:05,380,161.7,32.37,5557
7695,14:20:06,263,123.48,50.15,321
7696,14:20:06,263,123.48,50.15,321
7697,14:20:06,55,90.29,51.15,2100
7698,14:20:06,55,90.29,51.15,2100
7699,14:20:06,270,188.1,51.54,311
7700,14:20:06,270,188.1,51.54,311
7701,14:20:06,174,130.92,65.42,6417
7702,14:20:06,174,130.92,65.42,6417
7703,14:20:06,304,190.03,66.18,533
7704,14:20:06,304,190.03,66.18,533
7705,14:20:07,91,65.15,78.77,572
7706,14:20:07,91,65.15,78.77,572
7707,14:20:07,350,289.62,96.34,326
7708,14:20:07,350,289.62,96.34,326
7709,14:20:07,260,134.48,101.3,342
7710,14:20:07,260,134.48,101.3,342
7711,14:20:07,36,32.64,106.49,2022
7712,14:20:07,36,32.64,106.49,2022
7713,14:20:08,380,109.33,111.96,107
7714,14:20:08,380,109.33,111.96,107
7715,14:20:09,350,238.14,161.87,325
7716,14:20:09,350,238.14,161.87,325
7717,14:20:09,150,197.39,170.43,2714
7718,14:20:09,150,197.39,170.43,2714
7719,14:20:09,196,139.38,172.75,346
7720,14:20:09,196,139.38,172.75,346
7721,14:20:10,160,175.58,184.83,334
7722,14:20:10,160,175.58,184.83,334
7723,14:20:10,330,316.91,194.36,327
7724,14:20:10,330,316.91,194.36,327
7725,14:20:11,181,62.63,225.9,357
7726,14:20:11,181,62.63,225.9,357
7727,14:20:11,380,107.6,238.68,107
7728,14:20:11,380,107.6,238.68,107
7729,14:20:12,370,225.77,265.49,4067
7730,14:20:12,370,225.77,265.49,4067
7731,14:20:13,390,170.75,311.67,3425
7732,14:20:13,390,170.75,311.67,3425
7733,14:20:13,35,42.96,338.84,2022
7734,14:20:13,35,42.96,338.84,2022
7735,14:20:13,341,190.19,322.99,4031
7736,14:20:13,341,190.19,322.99,4031
7737,14:20:13,390,252.49,323.99,2145
7738,14:20:13,390,252.49,323.99,2145
7739,14:20:13,284,148.18,325.1,3111
7740,14:20:13,284,148.18,325.1,3111
7741,14:20:14,179,61.76,355.34,357
7742,14:20:14,179,61.76,355.34,357
7743,14:20:15,380,164.48,31.22,5557
7744,14:20:15,380,164.48,31.22,5557
7745,14:20:16,275,136.05,52.12,321
7746,14:20:16,275,136.05,52.12,321
7747,14:20:16,55,94.11,51.49,2100
7748,14:20:16,55,94.11,51.49,2100
7749,14:20:16,270,195.37,52.59,311
7750,14:20:16,270,195.37,52.59,311
7751,14:20:16,288,178.57,66.15,533
7752,14:20:16,288,178.57,66.15,533
7753,14:20:16,170,122.25,66.3,6417
7754,14:20:16,170,122.25,66.3,6417
7755,14:20:17,85,58.34,81.59,572
7756,14:20:17,85,58.34,81.59,572
7757,14:20:17,350,293.18,96.43,326
7758,14:20:17,350,293.18,96.43,326
7759,14:20:18,266,144.22,104.98,342
7760,14:20:18,266,144.22,104.98,342
7761,14:20:18,30,30.29,99.9,2022
7762,14:20:18,30,30.29,99.9,2022
7763,14:20:18,380,107.98,111.44,107
7764,14:20:18,380,107.98,111.44,107
7765,14:20:19,136,189.88,170.48,2714
7766,14:20:19,136,189.88,170.48,2714
7767,14:20:19,201,145.26,173.59,346
7768,14:20:19,201,145.26,173.59,346
7769,14:20:20,160,176.84,185.25,334
7770,14:20:20,160,176.84,185.25,334
7771,14:20:20,330,328.14,197.11,327
7772,14:20:20,330,328.14,197.11,327
7773,14:20:21,181,64.55,225.75,357
7774,14:20:21,181,64.55,225.75,357
7775,14:20:21,380,104.55,241.96,107
7776,14:20:21,380,104.55,241.96,107
7777,14:20:22,370,225.44,264.63,4067
7778,14:20:22,370,225.44,264.63,4067
7779,14:20:23,390,168.71,310.19,3425
7780,14:20:23,390,168.71,310.19,3425
7781,14:20:23,35,50.96,348.93,2022
7782,14:20:23,35,50.96,348.93,2022
7783,14:20:23,334,180.91,322.69,4031
7784,14:20:23,334,180.91,322.69,4031
7785,14:20:23,390,245.54,324.18,2145
7786,14:20:23,390,245.54,324.18,2145
7787,14:20:23,271,139.32,324.13,3111
7788,14:20:23,271,139.32,324.13,3111
7789,14:20:24,179,63.66,355.22,357
7790,14:20:24,179,63.66,355.22,357
7791,14:20:26,380,169.31,29.68,5557
7792,14:20:26,380,169.31,29.68,5557
7793,14:20:26,277,137.81,52.97,321
7794,14:20:26,277,137.81,52.97,321
7795,14:20:26,55,94.52,51.53,2100
7796,14:20:26,55,94.52,51.53,2100
7797,14:20:26,270,197.42,52.32,311
7798,14:20:26,270,197.42,52.32,311
7799,14:20:26,170,120.32,66.55,6417
7800,14:20:26,170,120.32,66.55,6417
7801,14:20:26,279,101.09,55.68,264
7802,14:20:26,279,101.09,55.68,264
7803,14:20:26,360,265.28,65.41,5423
7804,14:20:26,360,265.28,65.41,5423
7805,14:20:26,288,173.58,66.15,533
7806,14:20:26,288,173.58,66.15,533
7807,14:20:26,84,58.06,79.9,572
7808,14:20:26,84,58.06,79.9,572
7809,14:20:26,350,295.57,96.52,326
7810,14:20:26,350,295.57,96.52,326
7811,14:20:26,268,148.01,104.04,342
7812,14:20:26,268,148.01,104.04,342
7813,14:20:26,30,31.61,104.92,2022
7814,14:20:26,30,31.61,104.92,2022
7815,14:20:26,380,107.27,111.81,107
7816,14:20:26,380,107.27,111.81,107
7817,14:20:26,360,228.84,142.14,571
7818,14:20:26,360,228.84,142.14,571
7819,14:20:26,136,184.52,171.36,2714
7820,14:20:26,136,184.52,171.36,2714
7821,14:20:26,203,147.05,174.2,346
7822,14:20:26,203,147.05,174.2,346
7823,14:20:27,160,177.61,185.54,334
7824,14:20:27,160,177.61,185.54,334
7825,14:20:27,330,336.11,199.24,327
7826,14:20:27,330,336.11,199.24,327
7827,14:20:28,196,71.53,224.19,357
7828,14:20:28,196,71.53,224.19,357
7829,14:20:28,380,103.2,244.14,107
7830,14:20:28,380,103.2,244.14,107
7831,14:20:29,370,225.28,264.16,4067
7832,14:20:29,370,225.28,264.16,4067
7833,14:20:30,390,167.63,309.5,3425
7834,14:20:30,390,167.63,309.5,3425
7835,14:20:31,35,55.88,353.18,2022
7836,14:20:31,35,55.88,353.18,2022
7837,14:20:31,334,175.74,322.85,4031
7838,14:20:31,334,175.74,322.85,4031
7839,14:20:31,390,241.27,324.29,2145
7840,14:20:31,390,241.27,324.29,2145
7841,14:20:31,271,134.33,323.69,3111
7842,14:20:31,271,134.33,323.69,3111
7843,14:20:31,179,64.71,355.17,357
7844,14:20:31,179,64.71,355.17,357
7845,14:20:32,380,171.98,29.13,5557
7846,14:20:32,380,171.98,29.13,5557
7847,14:20:33,277,141.34,53.51,321
7848,14:20:33,277,141.34,53.51,321
7849,14:20:33,55,88.38,51.55,2100
7850,14:20:33,55,88.38,51.55,2100
7851,14:20:33,270,186,50.92,311
7852,14:20:33,270,186,50.92,311
7853,14:20:33,170,118.64,66.69,6417
7854,14:20:33,170,118.64,66.69,6417
7855,14:20:33,279,102.41,55.52,264
7856,14:20:33,279,102.41,55.52,264
7857,14:20:33,360,264.09,65.31,5423
7858,14:20:33,360,264.09,65.31,5423
7859,14:20:33,288,167.96,66.15,533
7860,14:20:33,288,167.96,66.15,533
7861,14:20:33,97,71.12,73.27,572
7862,14:20:33,97,71.12,73.27,572
7863,14:20:34,350,296.87,96.58,326
7864,14:20:34,350,296.87,96.58,326
7865,14:20:34,268,150.41,104.39,342
7866,14:20:34,268,150.41,104.39,342
7867,14:20:34,30,33.14,106.89,2022
7868,14:20:34,30,33.14,106.89,2022
7869,14:20:35,380,107.38,112.31,107
7870,14:20:35,380,107.38,112.31,107
7871,14:20:35,360,228.43,142.33,571
7872,14:20:35,360,228.43,142.33,571
7873,14:20:36,136,181.37,171.97,2714
7874,14:20:36,136,181.37,171.97,2714
7875,14:20:36,184,138.23,177.04,346
7876,14:20:36,184,138.23,177.04,346
7877,14:20:37,158,171.84,184.48,334
7878,14:20:37,158,171.84,184.48,334
7879,14:20:37,330,341.23,200.57,327
7880,14:20:37,330,341.23,200.57,327
7881,14:20:38,196,80.69,222.64,357
7882,14:20:38,196,80.69,222.64,357
7883,14:20:38,380,100.65,249.12,107
7884,14:20:38,380,100.65,249.12,107
7885,14:20:39,370,224.99,263.16,4067
7886,14:20:39,370,224.99,263.16,4067
7887,14:20:40,390,165.5,307.72,3425
7888,14:20:40,390,165.5,307.72,3425
7889,14:20:40,35,66.93,359.95,2022
7890,14:20:40,35,66.93,359.95,2022
7891,14:20:40,334,163.82,323.27,4031
7892,14:20:40,334,163.82,323.27,4031
7893,14:20:40,390,231.75,324.54,2145
7894,14:20:40,390,231.75,324.54,2145
7895,14:20:40,271,122.81,322.46,3111
7896,14:20:40,271,122.81,322.46,3111
7897,14:20:42,380,178.2,28.03,5557
7898,14:20:42,380,178.2,28.03,5557
7899,14:20:43,277,149.17,54.69,321
7900,14:20:43,277,149.17,54.69,321
7901,14:20:43,55,87.31,51.89,2100
7902,14:20:43,55,87.31,51.89,2100
7903,14:20:43,270,182.08,51.41,311
7904,14:20:43,270,182.08,51.41,311
7905,14:20:43,170,115.3,66.98,6417
7906,14:20:43,170,115.3,66.98,6417
7907,14:20:43,279,105.16,55.21,264
7908,14:20:43,279,105.16,55.21,264
7909,14:20:43,360,261.5,65.11,5423
7910,14:20:43,360,261.5,65.11,5423
7911,14:20:43,288,153.3,66.14,533
7912,14:20:43,288,153.3,66.14,533
7913,14:20:43,95,65.61,77.3,572
7914,14:20:43,95,65.61,77.3,572
7915,14:20:45,268,155.36,105.04,342
7916,14:20:45,268,155.36,105.04,342
7917,14:20:45,30,35.43,108.91,2022
7918,14:20:45,30,35.43,108.91,2022
7919,14:20:45,360,227.49,142.73,571
7920,14:20:45,360,227.49,142.73,571
7921,14:20:46,136,175.21,173.34,2714
7922,14:20:46,136,175.21,173.34,2714
7923,14:20:46,189,134.54,175.31,346
7924,14:20:46,189,134.54,175.31,346
7925,14:20:47,159,175.07,185,334
7926,14:20:47,159,175.07,185,334
7927,14:20:47,330,353.32,203.48,327
7928,14:20:47,330,353.32,203.48,327
7929,14:20:48,196,88.54,221.46,357
7930,14:20:48,196,88.54,221.46,357
7931,14:20:48,380,98.8,253.97,107
7932,14:20:48,380,98.8,253.97,107
7933,14:20:50,390,163.89,305.73,3425
7934,14:20:50,390,163.89,305.73,3425
7935,14:20:50,334,151.94,323.75,4031
7936,14:20:50,334,151.94,323.75,4031
7937,14:20:50,271,111.27,320.89,3111
7938,14:20:50,271,111.27,320.89,3111
7939,14:20:52,380,184.44,27.11,5557
7940,14:20:52,380,184.44,27.11,5557
7941,14:20:52,380,159.34,33.52,5557
7942,14:20:52,380,159.34,33.52,5557
7943,14:20:53,260,120.44,51.75,321
7944,14:20:53,260,120.44,51.75,321
7945,14:20:53,277,156.59,55.8,321
7946,14:20:53,277,156.59,55.8,321
7947,14:20:53,55,88.67,51.39,2100
7948,14:20:53,55,88.67,51.39,2100
7949,14:20:53,270,185.32,51.37,311
7950,14:20:53,270,185.32,51.37,311
7951,14:20:53,176,133.59,65.98,6417
7952,14:20:53,176,133.59,65.98,6417
7953,14:20:53,310,193.41,66.7,533
7954,14:20:53,310,193.41,66.7,533
7955,14:20:53,170,112.63,67.24,6417
7956,14:20:53,170,112.63,67.24,6417
7957,14:20:53,279,107.55,54.96,264
7958,14:20:53,279,107.55,54.96,264
7959,14:20:53,360,259.26,64.93,5423
7960,14:20:53,360,259.26,64.93,5423
7961,14:20:53,288,136.29,66.12,533
7962,14:20:53,288,136.29,66.12,533
7963,14:20:53,94,67.36,78.3,572
7964,14:20:53,94,67.36,78.3,572
7965,14:20:54,256,131.19,100.58,342
7966,14:20:54,256,131.19,100.58,342
7967,14:20:54,268,159.44,105.51,342
7968,14:20:54,268,159.44,105.51,342
7969,14:20:55,39,32.58,113.29,2022
7970,14:20:55,39,32.58,113.29,2022
7971,14:20:55,360,226.69,143.08,571
7972,14:20:55,360,226.69,143.08,571
7973,14:20:56,136,170.54,174.62,2714
7974,14:20:56,136,170.54,174.62,2714
7975,14:20:56,163,199.67,169.56,2714
7976,14:20:56,163,199.67,169.56,2714
7977,14:20:56,192,136.98,174.6,346
7978,14:20:56,192,136.98,174.6,346
7979,14:20:57,159,175.33,184.9,334
7980,14:20:57,159,175.33,184.9,334
7981,14:20:57,330,313.43,194.35,327
7982,14:20:57,330,313.43,194.35,327
7983,14:20:57,330,365.75,206.18,327
7984,14:20:57,330,365.75,206.18,327
7985,14:20:58,196,96.27,220.4,357
7986,14:20:58,196,96.27,220.4,357
7987,14:20:58,380,110.3,231.73,107
7988,14:20:58,380,110.3,231.73,107
7989,14:20:58,380,97.54,259.25,107
7990,14:20:58,380,97.54,259.25,107
7991,14:21:00,390,162.59,303.41,3425
7992,14:21:00,390,162.59,303.41,3425
7993,14:21:00,344,198.2,321.41,4031
7994,14:21:00,344,198.2,321.41,4031
7995,14:21:00,286,156.11,325.08,3111
7996,14:21:00,286,156.11,325.08,3111
7997,14:21:00,334,138.87,324.37,4031
7998,14:21:00,334,138.87,324.37,4031
7999,14:21:00,271,98.57,318.65,3111
8000,14:21:00,271,98.57,318.65,3111
8001,14:21:02,380,191.35,26.22,5557
8002,14:21:02,380,191.35,26.22,5557
8003,14:21:02,380,160.52,32.79,5557
8004,14:21:02,380,160.52,32.79,5557
8005,14:21:03,263,122.47,50.62,321
8006,14:21:03,263,122.47,50.62,321
8007,14:21:03,277,164.48,56.92,321
8008,14:21:03,277,164.48,56.92,321
8009,14:21:03,55,90.04,51.2,2100
8010,14:21:03,55,90.04,51.2,2100
8011,14:21:03,270,186.95,51.49,311
8012,14:21:03,270,186.95,51.49,311
8013,14:21:03,175,131.79,65.52,6417
8014,14:21:03,175,131.79,65.52,6417
8015,14:21:03,307,191.16,66.26,533
8016,14:21:03,307,191.16,66.26,533
8017,14:21:03,170,110.13,67.49,6417
8018,14:21:03,170,110.13,67.49,6417
8019,14:21:03,279,109.94,54.71,264
8020,14:21:03,279,109.94,54.71,264
8021,14:21:03,360,257.02,64.75,5423
8022,14:21:03,360,257.02,64.75,5423
8023,14:21:03,288,115.96,66.08,533
8024,14:21:03,288,115.96,66.08,533
8025,14:21:03,92,66.45,77.68,572
8026,14:21:03,92,66.45,77.68,572
8027,14:21:04,258,133.36,99.75,342
8028,14:21:04,258,133.36,99.75,342
8029,14:21:04,350,288.4,96.24,326
8030,14:21:04,350,288.4,96.24,326
8031,14:21:04,37,32.01,106.5,2022
8032,14:21:04,37,32.01,106.5,2022
8033,14:21:04,268,163.37,105.92,342
8034,14:21:04,268,163.37,105.92,342
8035,14:21:05,380,109.83,111.05,107
8036,14:21:05,380,109.83,111.05,107
8037,14:21:05,360,225.89,143.43,571
8038,14:21:05,360,225.89,143.43,571
8039,14:21:06,136,166.95,175.82,2714
8040,14:21:06,136,166.95,175.82,2714
8041,14:21:06,156,198.16,169.89,2714
8042,14:21:06,156,198.16,169.89,2714
8043,14:21:06,194,139.23,173.32,346
8044,14:21:06,194,139.23,173.32,346
8045,14:21:07,160,174.48,184.38,334
8046,14:21:07,160,174.48,184.38,334
8047,14:21:07,330,315.79,194.76,327
8048,14:21:07,330,315.79,194.76,327
8049,14:21:07,330,379.92,208.93,327
8050,14:21:07,330,379.92,208.93,327
8051,14:21:08,196,103.85,219.45,357
8052,14:21:08,196,103.85,219.45,357
8053,14:21:08,380,109.37,234.55,107
8054,14:21:08,380,109.37,234.55,107
8055,14:21:08,380,97.01,264.9,107
8056,14:21:08,380,97.01,264.9,107
8057,14:21:10,390,161.68,300.82,3425
8058,14:21:10,390,161.68,300.82,3425
8059,14:21:11,342,195.79,322.16,4031
8060,14:21:11,342,195.79,322.16,4031
8061,14:21:11,390,261.84,323.78,2145
8062,14:21:11,390,261.84,323.78,2145
8063,14:21:11,283,153.74,325.18,3111
8064,14:21:11,283,153.74,325.18,3111
8065,14:21:11,334,124.71,325.19,4031
8066,14:21:11,334,124.71,325.19,4031
8067,14:21:11,271,84.9,315.36,3111
8068,14:21:11,271,84.9,315.36,3111
8069,14:21:11,179,59.85,355.46,357
8070,14:21:11,179,59.85,355.46,357
8071,14:21:12,380,161.71,32.59,5557
8072,14:21:12,380,161.71,32.59,5557
8073,14:21:12,380,198.91,25.39,5557
8074,14:21:12,380,198.91,25.39,5557
8075,14:21:13,263,124.51,49.68,321
8076,14:21:13,263,124.51,49.68,321
8077,14:21:13,277,172.82,58.04,321
8078,14:21:13,277,172.82,58.04,321
8079,14:21:13,55,90.68,51.15,2100
8080,14:21:13,55,90.68,51.15,2100
8081,14:21:13,270,188.68,51.74,311
8082,14:21:13,270,188.68,51.74,311
8083,14:21:13,174,130.03,65.24,6417
8084,14:21:13,174,130.03,65.24,6417
8085,14:21:13,304,188.9,66.03,533
8086,14:21:13,304,188.9,66.03,533
8087,14:21:13,170,107.77,67.74,6417
8088,14:21:13,170,107.77,67.74,6417
8089,14:21:13,279,112.32,54.48,264
8090,14:21:13,279,112.32,54.48,264
8091,14:21:13,360,254.78,64.56,5423
8092,14:21:13,360,254.78,64.56,5423
8093,14:21:13,288,92.72,66.03,533
8094,14:21:13,288,92.72,66.03,533
8095,14:21:14,91,64.19,79.95,572
8096,14:21:14,91,64.19,79.95,572
8097,14:21:14,350,290.81,96.36,326
8098,14:21:14,350,290.81,96.36,326
8099,14:21:15,260,135.57,101.61,342
8100,14:21:15,260,135.57,101.61,342
8101,14:21:15,36,31.96,105.77,2022
8102,14:21:15,36,31.96,105.77,2022
8103,14:21:15,268,167.21,106.29,342
8104,14:21:15,268,167.21,106.29,342
8105,14:21:15,380,108.89,111.58,107
8106,14:21:15,380,108.89,111.58,107
8107,14:21:15,360,225.1,143.79,571
8108,14:21:15,360,225.1,143.79,571
8109,14:21:16,136,164.73,176.8,2714
8110,14:21:16,136,164.73,176.8,2714
8111,14:21:16,150,196.63,170.68,2714
8112,14:21:16,150,196.63,170.68,2714
8113,14:21:16,196,140.3,172.49,346
8114,14:21:16,196,140.3,172.49,346
8115,14:21:17,160,175.56,184.6,334
8116,14:21:17,160,175.56,184.6,334
8117,14:21:17,330,318.04,194.3,327
8118,14:21:17,330,318.04,194.3,327
8119,14:21:18,196,111.24,218.58,357
8120,14:21:18,196,111.24,218.58,357
8121,14:21:18,181,59.73,226.13,357
8122,14:21:18,181,59.73,226.13,357
8123,14:21:18,380,109.36,234.22,107
8124,14:21:18,380,109.36,234.22,107
8125,14:21:18,380,97.16,262.07,107
8126,14:21:18,380,97.16,262.07,107
8127,14:21:19,370,226.33,266.78,4067
8128,14:21:19,370,226.33,266.78,4067
8129,14:21:20,390,162.09,302.13,3425
8130,14:21:20,390,162.09,302.13,3425
8131,14:21:20,35,34.79,316.22,2022
8132,14:21:20,35,34.79,316.22,2022
8133,14:21:20,341,195.8,322.16,4031
8134,14:21:20,341,195.8,322.16,4031
8135,14:21:20,390,260.73,323.78,2145
8136,14:21:20,390,260.73,323.78,2145
8137,14:21:20,284,153.74,325.04,3111
8138,14:21:20,284,153.74,325.04,3111
8139,14:21:20,334,131.76,324.76,4031
8140,14:21:20,334,131.76,324.76,4031
8141,14:21:20,271,91.7,317.12,3111
8142,14:21:20,271,91.7,317.12,3111
8143,14:21:21,179,58.91,355.52,357
8144,14:21:21,179,58.91,355.52,357
8145,14:21:22,380,161.7,32.37,5557
8146,14:21:22,380,161.7,32.37,5557
8147,14:21:22,380,195.12,25.8,5557
8148,14:21:22,380,195.12,25.8,5557
8149,14:21:23,263,123.48,50.15,321
8150,14:21:23,263,123.48,50.15,321
8151,14:21:23,277,168.64,57.5,321
8152,14:21:23,277,168.64,57.5,321
8153,14:21:23,55,90.29,51.16,2100
8154,14:21:23,55,90.29,51.16,2100
8155,14:21:23,270,187.94,51.63,311
8156,14:21:23,270,187.94,51.63,311
8157,14:21:23,174,130.92,65.42,6417
8158,14:21:23,174,130.92,65.42,6417
8159,14:21:23,304,190.03,66.18,533
8160,14:21:23,304,190.03,66.18,533
8161,14:21:23,170,108.95,67.62,6417
8162,14:21:23,170,108.95,67.62,6417
8163,14:21:23,279,111.13,54.59,264
8164,14:21:23,279,111.13,54.59,264
8165,14:21:23,360,255.9,64.65,5423
8166,14:21:23,360,255.9,64.65,5423
8167,14:21:24,91,65.2,78.88,572
8168,14:21:24,91,65.2,78.88,572
8169,14:21:24,350,289.62,96.34,326
8170,14:21:24,350,289.62,96.34,326
8171,14:21:25,260,134.48,101.3,342
8172,14:21:25,260,134.48,101.3,342
8173,14:21:25,36,32.59,106.81,2022
8174,14:21:25,36,32.59,106.81,2022
8175,14:21:25,268,165.3,106.11,342
8176,14:21:25,268,165.3,106.11,342
8177,14:21:25,380,109.33,111.96,107
8178,14:21:25,380,109.33,111.96,107
8179,14:21:25,360,225.49,143.6,571
8180,14:21:25,360,225.49,143.6,571
8181,14:21:26,150,197.39,170.43,2714
8182,14:21:26,150,197.39,170.43,2714
8183,14:21:26,196,139.38,172.74,346
8184,14:21:26,196,139.38,172.74,346
8185,14:21:27,160,175.33,184.58,334
8186,14:21:27,160,175.33,184.58,334
8187,14:21:27,330,316.91,194.36,327
8188,14:21:27,330,316.91,194.36,327
8189,14:21:28,196,118.39,217.78,357
8190,14:21:28,196,118.39,217.78,357
8191,14:21:28,181,59.74,226.13,357
8192,14:21:28,181,59.74,226.13,357
8193,14:21:28,380,109.36,234.22,107
8194,14:21:28,380,109.36,234.22,107
8195,14:21:29,370,226.36,266.78,4067
8196,14:21:29,370,226.36,266.78,4067
8197,14:21:31,35,34.8,316.22,2022
8198,14:21:31,35,34.8,316.22,2022
8199,14:21:31,341,195.79,322.16,4031
8200,14:21:31,341,195.79,322.16,4031
8201,14:21:31,390,260.73,323.78,2145
8202,14:21:31,390,260.73,323.78,2145
8203,14:21:31,284,153.74,325.04,3111
8204,14:21:31,284,153.74,325.04,3111
8205,14:21:31,179,58.91,355.52,357
8206,14:21:31,179,58.91,355.52,357
8207,14:21:32,380,161.7,32.37,5557
8208,14:21:32,380,161.7,32.37,5557
8209,14:21:33,263,123.48,50.15,321
8210,14:21:33,263,123.48,50.15,321
8211,14:21:33,55,90.29,51.16,2100
8212,14:21:33,55,90.29,51.16,2100
8213,14:21:33,270,187.94,51.63,311
8214,14:21:33,270,187.94,51.63,311
8215,14:21:33,174,130.92,65.42,6417
8216,14:21:33,174,130.92,65.42,6417
8217,14:21:33,304,190.03,66.18,533
8218,14:21:33,304,190.03,66.18,533
8219,14:21:34,91,65.2,78.88,572
8220,14:21:34,91,65.2,78.88,572
8221,14:21:34,350,289.62,96.34,326
8222,14:21:34,350,289.62,96.34,326
8223,14:21:34,260,134.48,101.3,342
8224,14:21:34,260,134.48,101.3,342
8225,14:21:34,36,32.58,106.8,2022
8226,14:21:34,36,32.58,106.8,2022
8227,14:21:35,380,109.33,111.96,107
8228,14:21:35,380,109.33,111.96,107
8229,14:21:36,150,197.39,170.43,2714
8230,14:21:36,150,197.39,170.43,2714
8231,14:21:36,196,139.38,172.74,346
8232,14:21:36,196,139.38,172.74,346
8233,14:21:37,160,175.33,184.58,334
8234,14:21:37,160,175.33,184.58,334
8235,14:21:37,330,316.91,194.36,327
8236,14:21:37,330,316.91,194.36,327
8237,14:21:38,181,59.74,226.13,357
8238,14:21:38,181,59.74,226.13,357
8239,14:21:38,380,109.36,234.22,107
8240,14:21:38,380,109.36,234.22,107
8241,14:21:39,370,226.36,266.78,4067
8242,14:21:39,370,226.36,266.78,4067
8243,14:21:40,390,173.81,311.11,3425
8244,14:21:40,390,173.81,311.11,3425
8245,14:21:40,35,34.8,316.22,2022
8246,14:21:40,35,34.8,316.22,2022
8247,14:21:40,341,195.79,322.16,4031
8248,14:21:40,341,195.79,322.16,4031
8249,14:21:40,390,260.73,323.78,2145
8250,14:21:40,390,260.73,323.78,2145
8251,14:21:40,284,153.74,325.04,3111
8252,14:21:40,284,153.74,325.04,3111
8253,14:21:41,179,58.91,355.52,357
8254,14:21:41,179,58.91,355.52,357
8255,14:21:42,380,161.7,32.37,5557
8256,14:21:42,380,161.7,32.37,5557
8257,14:21:43,263,123.48,50.15,321
8258,14:21:43,263,123.48,50.15,321
8259,14:21:43,55,90.29,51.16,2100
8260,14:21:43,55,90.29,51.16,2100
8261,14:21:43,270,187.94,51.63,311
8262,14:21:43,270,187.94,51.63,311
8263,14:21:43,174,130.92,65.42,6417
8264,14:21:43,174,130.92,65.42,6417
8265,14:21:43,304,190.03,66.18,533
8266,14:21:43,304,190.03,66.18,533
8267,14:21:44,91,65.2,78.88,572
8268,14:21:44,91,65.2,78.88,572
8269,14:21:44,350,289.62,96.34,326
8270,14:21:44,350,289.62,96.34,326
8271,14:21:44,260,134.48,101.3,342
8272,14:21:44,260,134.48,101.3,342
8273,14:21:44,36,32.58,106.8,2022
8274,14:21:44,36,32.58,106.8,2022
8275,14:21:45,380,109.33,111.96,107
8276,14:21:45,380,109.33,111.96,107
8277,14:21:46,150,197.39,170.43,2714
8278,14:21:46,150,197.39,170.43,2714
8279,14:21:46,196,139.38,172.74,346
8280,14:21:46,196,139.38,172.74,346
8281,14:21:47,160,175.33,184.58,334
8282,14:21:47,160,175.33,184.58,334
8283,14:21:47,330,316.91,194.36,327
8284,14:21:47,330,316.91,194.36,327
8285,14:21:48,181,62.63,225.9,357
8286,14:21:48,181,62.63,225.9,357
8287,14:21:48,380,107.6,238.68,107
8288,14:21:48,380,107.6,238.68,107
8289,14:21:49,370,225.77,265.49,4067
8290,14:21:49,370,225.77,265.49,4067
8291,14:21:50,390,170.75,311.67,3425
8292,14:21:50,390,170.75,311.67,3425
8293,14:21:50,35,42.96,338.84,2022
8294,14:21:50,35,42.96,338.84,2022
8295,14:21:50,341,190.19,322.99,4031
8296,14:21:50,341,190.19,322.99,4031
8297,14:21:50,390,252.49,323.99,2145
8298,14:21:50,390,252.49,323.99,2145
8299,14:21:50,284,148.18,325.1,3111
8300,14:21:50,284,148.18,325.1,3111
8301,14:21:51,179,61.76,355.34,357
8302,14:21:51,179,61.76,355.34,357
8303,14:21:52,380,164.48,31.22,5557
8304,14:21:52,380,164.48,31.22,5557
8305,14:21:53,275,136.05,52.12,321
8306,14:21:53,275,136.05,52.12,321
8307,14:21:53,55,94.11,51.51,2100
8308,14:21:53,55,94.11,51.51,2100
8309,14:21:53,270,193.57,52.95,311
8310,14:21:53,270,193.57,52.95,311
8311,14:21:53,288,178.57,66.15,533
8312,14:21:53,288,178.57,66.15,533
8313,14:21:53,170,122.25,66.3,6417
8314,14:21:53,170,122.25,66.3,6417
8315,14:21:54,85,57.64,81.09,572
8316,14:21:54,85,57.64,81.09,572
8317,14:21:54,350,293.18,96.43,326
8318,14:21:54,350,293.18,96.43,326
8319,14:21:54,266,144.22,104.98,342
8320,14:21:54,266,144.22,104.98,342
8321,14:21:54,30,30.23,100.85,2022
8322,14:21:54,30,30.23,100.85,2022
8323,14:21:55,380,107.98,111.44,107
8324,14:21:55,380,107.98,111.44,107
8325,14:21:56,136,189.88,170.48,2714
8326,14:21:56,136,189.88,170.48,2714
8327,14:21:56,201,145.26,173.58,346
8328,14:21:56,201,145.26,173.58,346
8329,14:21:57,160,173.6,182.69,334
8330,14:21:57,160,173.6,182.69,334
8331,14:21:57,330,328.14,197.11,327
8332,14:21:57,330,328.14,197.11,327
8333,14:21:58,181,64.55,225.75,357
8334,14:21:58,181,64.55,225.75,357
8335,14:21:58,380,104.55,241.96,107
8336,14:21:58,380,104.55,241.96,107
8337,14:21:59,370,225.44,264.63,4067
8338,14:21:59,370,225.44,264.63,4067
8339,14:22:00,390,168.71,310.19,3425
8340,14:22:00,390,168.71,310.19,3425
8341,14:22:00,35,50.96,348.93,2022
8342,14:22:00,35,50.96,348.93,2022
8343,14:22:00,334,180.91,322.69,4031
8344,14:22:00,334,180.91,322.69,4031
8345,14:22:00,390,245.54,324.18,2145
8346,14:22:00,390,245.54,324.18,2145
8347,14:22:00,271,139.32,324.13,3111
8348,14:22:00,271,139.32,324.13,3111
8349,14:22:01,179,63.66,355.22,357
8350,14:22:01,179,63.66,355.22,357
8351,14:22:03,380,169.31,29.68,5557
8352,14:22:03,380,169.31,29.68,5557
8353,14:22:03,277,137.81,52.97,321
8354,14:22:03,277,137.81,52.97,321
8355,14:22:03,55,94.52,51.53,2100
8356,14:22:03,55,94.52,51.53,2100
8357,14:22:03,270,196.6,53.13,311
8358,14:22:03,270,196.6,53.13,311
8359,14:22:03,170,120.32,66.55,6417
8360,14:22:03,170,120.32,66.55,6417
8361,14:22:03,279,101.09,55.68,264
8362,14:22:03,279,101.09,55.68,264
8363,14:22:03,360,265.28,65.41,5423
8364,14:22:03,360,265.28,65.41,5423
8365,14:22:03,288,173.58,66.15,533
8366,14:22:03,288,173.58,66.15,533
8367,14:22:03,84,57.6,79.53,572
8368,14:22:03,84,57.6,79.53,572
8369,14:22:03,350,295.57,96.52,326
8370,14:22:03,350,295.57,96.52,326
8371,14:22:03,268,148.01,104.04,342
8372,14:22:03,268,148.01,104.04,342
8373,14:22:03,30,30.47,104.29,2022
8374,14:22:03,30,30.47,104.29,2022
8375,14:22:03,380,107.27,111.81,107
8376,14:22:03,380,107.27,111.81,107
8377,14:22:03,360,228.84,142.14,571
8378,14:22:03,360,228.84,142.14,571
8379,14:22:03,136,184.52,171.36,2714
8380,14:22:03,136,184.52,171.36,2714
8381,14:22:03,350,251.03,161.33,325
8382,14:22:03,350,251.03,161.33,325
8383,14:22:03,203,147.05,174.2,346
8384,14:22:03,203,147.05,174.2,346
8385,14:22:04,160,171.05,180.16,334
8386,14:22:04,160,171.05,180.16,334
8387,14:22:04,330,336.11,199.24,327
8388,14:22:04,330,336.11,199.24,327
8389,14:22:05,196,71.53,224.19,357
8390,14:22:05,196,71.53,224.19,357
8391,14:22:05,380,103.2,244.14,107
8392,14:22:05,380,103.2,244.14,107
8393,14:22:06,370,225.28,264.16,4067
8394,14:22:06,370,225.28,264.16,4067
8395,14:22:07,390,167.63,309.5,3425
8396,14:22:07,390,167.63,309.5,3425
8397,14:22:07,35,55.88,353.18,2022
8398,14:22:07,35,55.88,353.18,2022
8399,14:22:07,334,175.74,322.85,4031
8400,14:22:07,334,175.74,322.85,4031
8401,14:22:07,390,241.27,324.29,2145
8402,14:22:07,390,241.27,324.29,2145
8403,14:22:07,271,134.33,323.69,3111
8404,14:22:07,271,134.33,323.69,3111
8405,14:22:08,179,64.71,355.17,357
8406,14:22:08,179,64.71,355.17,357
8407,14:22:09,380,171.98,29.13,5557
8408,14:22:09,380,171.98,29.13,5557
8409,14:22:10,277,141.34,53.51,321
8410,14:22:10,277,141.34,53.51,321
8411,14:22:10,55,88.35,51.53,2100
8412,14:22:10,55,88.35,51.53,2100
8413,14:22:10,270,186.66,52.73,311
8414,14:22:10,270,186.66,52.73,311
8415,14:22:10,170,118.64,66.69,6417
8416,14:22:10,170,118.64,66.69,6417
8417,14:22:10,279,102.41,55.52,264
8418,14:22:10,279,102.41,55.52,264
8419,14:22:10,360,264.09,65.31,5423
8420,14:22:10,360,264.09,65.31,5423
8421,14:22:10,288,167.96,66.15,533
8422,14:22:10,288,167.96,66.15,533
8423,14:22:10,97,70.68,72.52,572
8424,14:22:10,97,70.68,72.52,572
8425,14:22:11,350,296.87,96.58,326
8426,14:22:11,350,296.87,96.58,326
8427,14:22:11,268,150.41,104.39,342
8428,14:22:11,268,150.41,104.39,342
8429,14:22:11,30,30.66,105.9,2022
8430,14:22:11,30,30.66,105.9,2022
8431,14:22:12,380,107.38,112.31,107
8432,14:22:12,380,107.38,112.31,107
8433,14:22:12,360,228.43,142.33,571
8434,14:22:12,360,228.43,142.33,571
8435,14:22:13,136,181.37,171.97,2714
8436,14:22:13,136,181.37,171.97,2714
8437,14:22:13,350,252.39,161.69,325
8438,14:22:13,350,252.39,161.69,325
8439,14:22:13,184,138.23,177.04,346
8440,14:22:13,184,138.23,177.04,346
8441,14:22:14,158,172.82,185.23,334
8442,14:22:14,158,172.82,185.23,334
8443,14:22:14,330,341.23,200.57,327
8444,14:22:14,330,341.23,200.57,327
8445,14:22:15,196,80.69,222.64,357
8446,14:22:15,196,80.69,222.64,357
8447,14:22:15,380,100.65,249.12,107
8448,14:22:15,380,100.65,249.12,107
8449,14:22:16,370,224.99,263.16,4067
8450,14:22:16,370,224.99,263.16,4067
8451,14:22:17,390,165.5,307.72,3425
8452,14:22:17,390,165.5,307.72,3425
8453,14:22:17,35,66.93,359.95,2022
8454,14:22:17,35,66.93,359.95,2022
8455,14:22:17,334,163.82,323.27,4031
8456,14:22:17,334,163.82,323.27,4031
8457,14:22:17,390,231.75,324.54,2145
8458,14:22:17,390,231.75,324.54,2145
8459,14:22:17,271,122.81,322.46,3111
8460,14:22:17,271,122.81,322.46,3111
8461,14:22:19,380,178.2,28.03,5557
8462,14:22:19,380,178.2,28.03,5557
8463,14:22:20,277,149.17,54.69,321
8464,14:22:20,277,149.17,54.69,321
8465,14:22:20,55,87.32,51.88,2100
8466,14:22:20,55,87.32,51.88,2100
8467,14:22:20,270,181.48,52.87,311
8468,14:22:20,270,181.48,52.87,311
8469,14:22:20,170,115.3,66.98,6417
8470,14:22:20,170,115.3,66.98,6417
8471,14:22:20,279,105.16,55.21,264
8472,14:22:20,279,105.16,55.21,264
8473,14:22:20,360,261.5,65.11,5423
8474,14:22:20,360,261.5,65.11,5423
8475,14:22:20,288,153.3,66.14,533
8476,14:22:20,288,153.3,66.14,533
8477,14:22:20,95,63.57,78.77,572
8478,14:22:20,95,63.57,78.77,572
8479,14:22:21,268,155.36,105.04,342
8480,14:22:21,268,155.36,105.04,342
8481,14:22:21,30,31.53,109.94,2022
8482,14:22:21,30,31.53,109.94,2022
8483,14:22:22,360,227.49,142.73,571
8484,14:22:22,360,227.49,142.73,571
8485,14:22:23,136,175.21,173.34,2714
8486,14:22:23,136,175.21,173.34,2714
8487,14:22:23,350,255.17,162.43,325
8488,14:22:23,350,255.17,162.43,325
8489,14:22:23,350,232.1,160.57,325
8490,14:22:23,350,232.1,160.57,325
8491,14:22:23,189,134.54,175.31,346
8492,14:22:23,189,134.54,175.31,346
8493,14:22:24,159,173.83,185.87,334
8494,14:22:24,159,173.83,185.87,334
8495,14:22:24,330,353.32,203.48,327
8496,14:22:24,330,353.32,203.48,327
8497,14:22:25,196,88.54,221.46,357
8498,14:22:25,196,88.54,221.46,357
8499,14:22:25,380,98.8,253.97,107
8500,14:22:25,380,98.8,253.97,107
8501,14:22:27,390,163.89,305.73,3425
8502,14:22:27,390,163.89,305.73,3425
8503,14:22:27,334,151.94,323.75,4031
8504,14:22:27,334,151.94,323.75,4031
8505,14:22:27,271,111.27,320.89,3111
8506,14:22:27,271,111.27,320.89,3111
8507,14:22:29,380,184.44,27.11,5557
8508,14:22:29,380,184.44,27.11,5557
8509,14:22:29,380,159.34,33.52,5557
8510,14:22:29,380,159.34,33.52,5557
8511,14:22:30,260,120.44,51.75,321
8512,14:22:30,260,120.44,51.75,321
8513,14:22:30,277,156.59,55.8,321
8514,14:22:30,277,156.59,55.8,321
8515,14:22:30,55,88.69,51.4,2100
8516,14:22:30,55,88.69,51.4,2100
8517,14:22:30,270,185.4,52.14,311
8518,14:22:30,270,185.4,52.14,311
8519,14:22:30,176,133.59,65.98,6417
8520,14:22:30,176,133.59,65.98,6417
8521,14:22:30,310,193.41,66.7,533
8522,14:22:30,310,193.41,66.7,533
8523,14:22:30,170,112.63,67.24,6417
8524,14:22:30,170,112.63,67.24,6417
8525,14:22:30,279,107.55,54.96,264
8526,14:22:30,279,107.55,54.96,264
8527,14:22:30,360,259.26,64.93,5423
8528,14:22:30,360,259.26,64.93,5423
8529,14:22:30,288,136.29,66.12,533
8530,14:22:30,288,136.29,66.12,533
8531,14:22:30,94,67.2,77.88,572
8532,14:22:30,94,67.2,77.88,572
8533,14:22:31,256,131.19,100.58,342
8534,14:22:31,256,131.19,100.58,342
8535,14:22:31,268,159.44,105.51,342
8536,14:22:31,268,159.44,105.51,342
8537,14:22:32,39,34.67,116.26,2022
8538,14:22:32,39,34.67,116.26,2022
8539,14:22:32,360,226.69,143.08,571
8540,14:22:32,360,226.69,143.08,571
8541,14:22:33,136,170.54,174.62,2714
8542,14:22:33,136,170.54,174.62,2714
8543,14:22:33,350,257.62,163.06,325
8544,14:22:33,350,257.62,163.06,325
8545,14:22:33,350,234.52,161.1,325
8546,14:22:33,350,234.52,161.1,325
8547,14:22:33,163,199.67,169.56,2714
8548,14:22:33,163,199.67,169.56,2714
8549,14:22:33,192,136.98,174.6,346
8550,14:22:33,192,136.98,174.6,346
8551,14:22:34,159,174.36,184.22,334
8552,14:22:34,159,174.36,184.22,334
8553,14:22:34,330,313.43,194.35,327
8554,14:22:34,330,313.43,194.35,327
8555,14:22:34,330,365.75,206.18,327
8556,14:22:34,330,365.75,206.18,327
8557,14:22:35,196,96.27,220.4,357
8558,14:22:35,196,96.27,220.4,357
8559,14:22:35,380,110.3,231.73,107
8560,14:22:35,380,110.3,231.73,107
8561,14:22:35,380,97.54,259.25,107
8562,14:22:35,380,97.54,259.25,107
8563,14:22:37,390,162.59,303.41,3425
8564,14:22:37,390,162.59,303.41,3425
8565,14:22:37,344,198.2,321.41,4031
8566,14:22:37,344,198.2,321.41,4031
8567,14:22:37,286,156.11,325.08,3111
8568,14:22:37,286,156.11,325.08,3111
8569,14:22:37,334,138.87,324.37,4031
8570,14:22:37,334,138.87,324.37,4031
8571,14:22:37,271,98.57,318.65,3111
8572,14:22:37,271,98.57,318.65,3111
8573,14:22:39,380,191.35,26.22,5557
8574,14:22:39,380,191.35,26.22,5557
8575,14:22:39,380,160.52,32.79,5557
8576,14:22:39,380,160.52,32.79,5557
8577,14:22:40,263,122.47,50.62,321
8578,14:22:40,263,122.47,50.62,321
8579,14:22:40,277,164.48,56.92,321
8580,14:22:40,277,164.48,56.92,321
8581,14:22:40,55,90.05,51.22,2100
8582,14:22:40,55,90.05,51.22,2100
8583,14:22:40,270,188.14,51.63,311
8584,14:22:40,270,188.14,51.63,311
8585,14:22:40,175,131.79,65.52,6417
8586,14:22:40,175,131.79,65.52,6417
8587,14:22:40,307,191.16,66.26,533
8588,14:22:40,307,191.16,66.26,533
8589,14:22:40,170,110.13,67.49,6417
8590,14:22:40,170,110.13,67.49,6417
8591,14:22:40,279,109.94,54.71,264
8592,14:22:40,279,109.94,54.71,264
8593,14:22:40,360,257.02,64.75,5423
8594,14:22:40,360,257.02,64.75,5423
8595,14:22:40,288,115.96,66.08,533
8596,14:22:40,288,115.96,66.08,533
8597,14:22:40,92,65.64,78.5,572
8598,14:22:40,92,65.64,78.5,572
8599,14:22:41,258,133.36,99.75,342
8600,14:22:41,258,133.36,99.75,342
8601,14:22:41,350,288.4,96.24,326
8602,14:22:41,350,288.4,96.24,326
8603,14:22:41,37,32.51,102.29,2022
8604,14:22:41,37,32.51,102.29,2022
8605,14:22:41,268,163.37,105.92,342
8606,14:22:41,268,163.37,105.92,342
8607,14:22:42,380,109.83,111.05,107
8608,14:22:42,380,109.83,111.05,107
8609,14:22:42,360,225.89,143.43,571
8610,14:22:42,360,225.89,143.43,571
8611,14:22:43,136,166.95,175.82,2714
8612,14:22:43,136,166.95,175.82,2714
8613,14:22:43,350,260.11,163.68,325
8614,14:22:43,350,260.11,163.68,325
8615,14:22:43,350,236.93,161.62,325
8616,14:22:43,350,236.93,161.62,325
8617,14:22:43,156,198.16,169.89,2714
8618,14:22:43,156,198.16,169.89,2714
8619,14:22:43,194,139.23,173.32,346
8620,14:22:43,194,139.23,173.32,346
8621,14:22:44,160,174.99,184.48,334
8622,14:22:44,160,174.99,184.48,334
8623,14:22:44,330,315.79,194.76,327
8624,14:22:44,330,315.79,194.76,327
8625,14:22:44,330,379.92,208.93,327
8626,14:22:44,330,379.92,208.93,327
8627,14:22:45,196,103.85,219.45,357
8628,14:22:45,196,103.85,219.45,357
8629,14:22:45,380,109.37,234.55,107
8630,14:22:45,380,109.37,234.55,107
8631,14:22:45,380,97.01,264.9,107
8632,14:22:45,380,97.01,264.9,107
8633,14:22:47,390,161.68,300.82,3425
8634,14:22:47,390,161.68,300.82,3425
8635,14:22:48,342,195.79,322.16,4031
8636,14:22:48,342,195.79,322.16,4031
8637,14:22:48,390,261.84,323.78,2145
8638,14:22:48,390,261.84,323.78,2145
8639,14:22:48,283,153.74,325.18,3111
8640,14:22:48,283,153.74,325.18,3111
8641,14:22:48,334,124.71,325.19,4031
8642,14:22:48,334,124.71,325.19,4031
8643,14:22:48,271,84.9,315.36,3111
8644,14:22:48,271,84.9,315.36,3111
8645,14:22:48,179,59.85,355.46,357
8646,14:22:48,179,59.85,355.46,357
8647,14:22:49,380,161.71,32.59,5557
8648,14:22:49,380,161.71,32.59,5557
8649,14:22:49,380,198.91,25.39,5557
8650,14:22:49,380,198.91,25.39,5557
8651,14:22:50,263,124.51,49.68,321
8652,14:22:50,263,124.51,49.68,321
8653,14:22:50,277,172.82,58.04,321
8654,14:22:50,277,172.82,58.04,321
8655,14:22:50,55,90.66,51.16,2100
8656,14:22:50,55,90.66,51.16,2100
8657,14:22:50,270,189.2,51.38,311
8658,14:22:50,270,189.2,51.38,311
8659,14:22:50,174,130.03,65.24,6417
8660,14:22:50,174,130.03,65.24,6417
8661,14:22:50,304,188.9,66.03,533
8662,14:22:50,304,188.9,66.03,533
8663,14:22:50,170,107.77,67.74,6417
8664,14:22:50,170,107.77,67.74,6417
8665,14:22:50,279,112.32,54.48,264
8666,14:22:50,279,112.32,54.48,264
8667,14:22:50,360,254.78,64.56,5423
8668,14:22:50,360,254.78,64.56,5423
8669,14:22:50,288,92.72,66.03,533
8670,14:22:50,288,92.72,66.03,533
8671,14:22:51,91,64.43,79.57,572
8672,14:22:51,91,64.43,79.57,572
8673,14:22:51,350,290.81,96.36,326
8674,14:22:51,350,290.81,96.36,326
8675,14:22:52,260,135.57,101.61,342
8676,14:22:52,260,135.57,101.61,342
8677,14:22:52,36,33.48,110.87,2022
8678,14:22:52,36,33.48,110.87,2022
8679,14:22:52,268,167.21,106.29,342
8680,14:22:52,268,167.21,106.29,342
8681,14:22:52,380,108.89,111.58,107
8682,14:22:52,380,108.89,111.58,107
8683,14:22:52,360,225.1,143.79,571
8684,14:22:52,360,225.1,143.79,571
8685,14:22:53,136,164.73,176.8,2714
8686,14:22:53,136,164.73,176.8,2714
8687,14:22:53,350,262.62,164.29,325
8688,14:22:53,350,262.62,164.29,325
8689,14:22:53,350,239.36,162.12,325
8690,14:22:53,350,239.36,162.12,325
8691,14:22:53,150,196.63,170.68,2714
8692,14:22:53,150,196.63,170.68,2714
8693,14:22:53,196,140.3,172.48,346
8694,14:22:53,196,140.3,172.48,346
8695,14:22:54,160,175.85,184.91,334
8696,14:22:54,160,175.85,184.91,334
8697,14:22:54,330,318.04,194.3,327
8698,14:22:54,330,318.04,194.3,327
8699,14:22:55,196,111.24,218.58,357
8700,14:22:55,196,111.24,218.58,357
8701,14:22:55,181,59.73,226.13,357
8702,14:22:55,181,59.73,226.13,357
8703,14:22:55,380,109.36,234.22,107
8704,14:22:55,380,109.36,234.22,107
8705,14:22:55,380,97.16,262.07,107
8706,14:22:55,380,97.16,262.07,107
8707,14:22:56,370,226.33,266.78,4067
8708,14:22:56,370,226.33,266.78,4067
8709,14:22:57,390,162.09,302.13,3425
8710,14:22:57,390,162.09,302.13,3425
8711,14:22:57,35,34.79,316.22,2022
8712,14:22:57,35,34.79,316.22,2022
8713,14:22:57,341,195.8,322.16,4031
8714,14:22:57,341,195.8,322.16,4031
8715,14:22:57,390,260.73,323.78,2145
8716,14:22:57,390,260.73,323.78,2145
8717,14:22:57,284,153.74,325.04,3111
8718,14:22:57,284,153.74,325.04,3111
8719,14:22:57,334,131.76,324.76,4031
8720,14:22:57,334,131.76,324.76,4031
8721,14:22:57,271,91.7,317.12,3111
8722,14:22:57,271,91.7,317.12,3111
8723,14:22:58,179,58.91,355.52,357
8724,14:22:58,179,58.91,355.52,357
8725,14:22:59,380,161.7,32.37,5557
8726,14:22:59,380,161.7,32.37,5557
8727,14:22:59,380,195.12,25.8,5557
8728,14:22:59,380,195.12,25.8,5557
8729,14:23:00,263,123.48,50.15,321
8730,14:23:00,263,123.48,50.15,321
8731,14:23:00,277,168.64,57.5,321
8732,14:23:00,277,168.64,57.5,321
8733,14:23:00,55,90.29,51.17,2100
8734,14:23:00,55,90.29,51.17,2100
8735,14:23:00,270,188.21,51.5,311
8736,14:23:00,270,188.21,51.5,311
8737,14:23:00,174,130.92,65.42,6417
8738,14:23:00,174,130.92,65.42,6417
8739,14:23:00,304,190.03,66.18,533
8740,14:23:00,304,190.03,66.18,533
8741,14:23:00,170,108.95,67.62,6417
8742,14:23:00,170,108.95,67.62,6417
8743,14:23:00,279,111.13,54.59,264
8744,14:23:00,279,111.13,54.59,264
8745,14:23:00,360,255.9,64.65,5423
8746,14:23:00,360,255.9,64.65,5423
8747,14:23:01,91,65.13,78.85,572
8748,14:23:01,91,65.13,78.85,572
8749,14:23:01,350,289.62,96.34,326
8750,14:23:01,350,289.62,96.34,326
8751,14:23:01,260,134.48,101.3,342
8752,14:23:01,260,134.48,101.3,342
8753,14:23:01,36,32.76,106.67,2022
8754,14:23:01,36,32.76,106.67,2022
8755,14:23:01,268,165.3,106.11,342
8756,14:23:01,268,165.3,106.11,342
8757,14:23:02,380,109.33,111.96,107
8758,14:23:02,380,109.33,111.96,107
8759,14:23:02,360,225.49,143.6,571
8760,14:23:02,360,225.49,143.6,571
8761,14:23:03,350,261.37,163.98,325
8762,14:23:03,350,261.37,163.98,325
8763,14:23:03,350,238.14,161.87,325
8764,14:23:03,350,238.14,161.87,325
8765,14:23:03,150,197.39,170.43,2714
8766,14:23:03,150,197.39,170.43,2714
8767,14:23:03,196,139.38,172.74,346
8768,14:23:03,196,139.38,172.74,346
8769,14:23:04,160,175.47,184.84,334
8770,14:23:04,160,175.47,184.84,334
8771,14:23:04,330,316.91,194.36,327
8772,14:23:04,330,316.91,194.36,327
8773,14:23:05,196,118.39,217.78,357
8774,14:23:05,196,118.39,217.78,357
8775,14:23:05,181,59.74,226.13,357
8776,14:23:05,181,59.74,226.13,357
8777,14:23:05,380,109.36,234.22,107
8778,14:23:05,380,109.36,234.22,107
8779,14:23:06,370,226.36,266.78,4067
8780,14:23:06,370,226.36,266.78,4067
8781,14:23:08,35,34.8,316.22,2022
8782,14:23:08,35,34.8,316.22,2022
8783,14:23:08,341,195.79,322.16,4031
8784,14:23:08,341,195.79,322.16,4031
8785,14:23:08,390,260.73,323.78,2145
8786,14:23:08,390,260.73,323.78,2145
8787,14:23:08,284,153.74,325.04,3111
8788,14:23:08,284,153.74,325.04,3111
8789,14:23:08,179,58.91,355.52,357
8790,14:23:08,179,58.91,355.52,357
8791,14:23:09,380,161.7,32.37,5557
8792,14:23:09,380,161.7,32.37,5557
8793,14:23:10,263,123.48,50.15,321
8794,14:23:10,263,123.48,50.15,321
8795,14:23:10,55,90.29,51.17,2100
8796,14:23:10,55,90.29,51.17,2100
8797,14:23:10,270,188.21,51.5,311
8798,14:23:10,270,188.21,51.5,311
8799,14:23:10,174,130.92,65.42,6417
8800,14:23:10,174,130.92,65.42,6417
8801,14:23:10,304,190.03,66.18,533
8802,14:23:10,304,190.03,66.18,533
8803,14:23:11,91,65.13,78.85,572
8804,14:23:11,91,65.13,78.85,572
8805,14:23:11,350,289.62,96.34,326
8806,14:23:11,350,289.62,96.34,326
8807,14:23:11,260,134.48,101.3,342
8808,14:23:11,260,134.48,101.3,342
8809,14:23:11,36,32.76,106.67,2022
8810,14:23:11,36,32.76,106.67,2022
8811,14:23:12,380,109.33,111.96,107
8812,14:23:12,380,109.33,111.96,107
8813,14:23:13,350,238.14,161.87,325
8814,14:23:13,350,238.14,161.87,325
8815,14:23:13,150,197.39,170.43,2714
8816,14:23:13,150,197.39,170.43,2714
8817,14:23:13,196,139.38,172.74,346
8818,14:23:13,196,139.38,172.74,346
8819,14:23:14,160,175.47,184.84,334
8820,14:23:14,160,175.47,184.84,334
8821,14:23:14,330,316.91,194.36,327
8822,14:23:14,330,316.91,194.36,327
8823,14:23:15,181,59.74,226.13,357
8824,14:23:15,181,59.74,226.13,357
8825,14:23:15,380,109.36,234.22,107
8826,14:23:15,380,109.36,234.22,107
8827,14:23:16,370,226.36,266.78,4067
8828,14:23:16,370,226.36,266.78,4067
8829,14:23:17,390,173.81,311.11,3425
8830,14:23:17,390,173.81,311.11,3425
8831,14:23:17,35,34.8,316.22,2022
8832,14:23:17,35,34.8,316.22,2022
8833,14:23:17,341,195.79,322.16,4031
8834,14:23:17,341,195.79,322.16,4031
8835,14:23:17,390,260.73,323.78,2145
8836,14:23:17,390,260.73,323.78,2145
8837,14:23:17,284,153.74,325.04,3111
8838,14:23:17,284,153.74,325.04,3111
8839,14:23:18,179,58.91,355.52,357
8840,14:23:18,179,58.91,355.52,357
8841,14:23:19,380,161.7,32.37,5557
8842,14:23:19,380,161.7,32.37,5557
8843,14:23:20,263,123.48,50.15,321
8844,14:23:20,263,123.48,50.15,321
8845,14:23:20,55,90.29,51.17,2100
8846,14:23:20,55,90.29,51.17,2100
8847,14:23:20,270,188.21,51.5,311
8848,14:23:20,270,188.21,51.5,311
8849,14:23:20,174,130.92,65.42,6417
8850,14:23:20,174,130.92,65.42,6417
8851,14:23:20,304,190.03,66.18,533
8852,14:23:20,304,190.03,66.18,533
8853,14:23:21,91,65.13,78.85,572
8854,14:23:21,91,65.13,78.85,572
8855,14:23:21,350,289.62,96.34,326
8856,14:23:21,350,289.62,96.34,326
8857,14:23:21,260,134.48,101.3,342
8858,14:23:21,260,134.48,101.3,342
8859,14:23:21,36,32.75,106.66,2022
8860,14:23:21,36,32.75,106.66,2022
8861,14:23:22,380,109.33,111.96,107
8862,14:23:22,380,109.33,111.96,107
8863,14:23:23,350,238.14,161.87,325
8864,14:23:23,350,238.14,161.87,325
8865,14:23:23,150,197.39,170.43,2714
8866,14:23:23,150,197.39,170.43,2714
8867,14:23:23,196,139.38,172.74,346
8868,14:23:23,196,139.38,172.74,346
8869,14:23:24,160,175.47,184.84,334
8870,14:23:24,160,175.47,184.84,334
8871,14:23:24,330,316.91,194.36,327
8872,14:23:24,330,316.91,194.36,327
8873,14:23:25,181,62.63,225.9,357
8874,14:23:25,181,62.63,225.9,357
8875,14:23:25,380,107.6,238.68,107
8876,14:23:25,380,107.6,238.68,107
8877,14:23:26,370,225.77,265.49,4067
8878,14:23:26,370,225.77,265.49,4067
8879,14:23:27,390,170.75,311.67,3425
8880,14:23:27,390,170.75,311.67,3425
8881,14:23:27,35,42.96,338.84,2022
8882,14:23:27,35,42.96,338.84,2022
8883,14:23:27,341,190.19,322.99,4031
8884,14:23:27,341,190.19,322.99,4031
8885,14:23:27,390,252.49,323.99,2145
8886,14:23:27,390,252.49,323.99,2145
8887,14:23:27,284,148.18,325.1,3111
8888,14:23:27,284,148.18,325.1,3111
8889,14:23:28,179,61.76,355.34,357
8890,14:23:28,179,61.76,355.34,357
8891,14:23:29,380,164.48,31.22,5557
8892,14:23:29,380,164.48,31.22,5557
8893,14:23:30,275,136.05,52.12,321
8894,14:23:30,275,136.05,52.12,321
8895,14:23:30,55,94.14,51.53,2100
8896,14:23:30,55,94.14,51.53,2100
8897,14:23:30,270,195.7,51.44,311
8898,14:23:30,270,195.7,51.44,311
8899,14:23:30,288,178.57,66.15,533
8900,14:23:30,288,178.57,66.15,533
8901,14:23:30,170,122.25,66.3,6417
8902,14:23:30,170,122.25,66.3,6417
8903,14:23:31,85,58.65,81.86,572
8904,14:23:31,85,58.65,81.86,572
8905,14:23:31,350,293.18,96.43,326
8906,14:23:31,350,293.18,96.43,326
8907,14:23:31,266,144.22,104.98,342
8908,14:23:31,266,144.22,104.98,342
8909,14:23:31,30,29.75,96.76,2022
8910,14:23:31,30,29.75,96.76,2022
8911,14:23:32,380,107.98,111.44,107
8912,14:23:32,380,107.98,111.44,107
8913,14:23:33,136,189.88,170.48,2714
8914,14:23:33,136,189.88,170.48,2714
8915,14:23:33,201,145.26,173.58,346
8916,14:23:33,201,145.26,173.58,346
8917,14:23:34,160,176.61,184.98,334
8918,14:23:34,160,176.61,184.98,334
8919,14:23:34,330,328.14,197.11,327
8920,14:23:34,330,328.14,197.11,327
8921,14:23:35,181,64.55,225.75,357
8922,14:23:35,181,64.55,225.75,357
8923,14:23:35,380,104.55,241.96,107
8924,14:23:35,380,104.55,241.96,107
8925,14:23:36,370,225.44,264.63,4067
8926,14:23:36,370,225.44,264.63,4067
8927,14:23:37,390,168.71,310.19,3425
8928,14:23:37,390,168.71,310.19,3425
8929,14:23:37,35,50.96,348.93,2022
8930,14:23:37,35,50.96,348.93,2022
8931,14:23:37,334,180.91,322.69,4031
8932,14:23:37,334,180.91,322.69,4031
8933,14:23:37,390,245.54,324.18,2145
8934,14:23:37,390,245.54,324.18,2145
8935,14:23:37,271,139.32,324.13,3111
8936,14:23:37,271,139.32,324.13,3111
8937,14:23:38,179,63.66,355.22,357
8938,14:23:38,179,63.66,355.22,357
